NAME	GS<br> follow link to MSigDB	GS DETAILS	SIZE	ES	NES	NOM p-val	FDR q-val	FWER p-val	RANK AT MAX	LEADING EDGE	
HALLMARK_E2F_TARGETS%MSIGDBHALLMARK%HALLMARK_E2F_TARGETS	HALLMARK_E2F_TARGETS%MSIGDBHALLMARK%HALLMARK_E2F_TARGETS	Details ...	159	-0.71789205	-2.9591107	0.0	0.0	0.0	2057	tags=68%, list=15%, signal=79%	
HALLMARK_G2M_CHECKPOINT%MSIGDBHALLMARK%HALLMARK_G2M_CHECKPOINT	HALLMARK_G2M_CHECKPOINT%MSIGDBHALLMARK%HALLMARK_G2M_CHECKPOINT	Details ...	136	-0.67922556	-2.7331421	0.0	0.0	0.0	2011	tags=62%, list=15%, signal=72%	
NUCLEAR CHROMOSOME SEGREGATION%GOBP%GO:0098813	NUCLEAR CHROMOSOME SEGREGATION%GOBP%GO:0098813	Details ...	165	-0.62047374	-2.591207	0.0	0.0	0.0	1720	tags=47%, list=13%, signal=53%	
MITOTIC SISTER CHROMATID SEGREGATION%GOBP%GO:0000070	MITOTIC SISTER CHROMATID SEGREGATION%GOBP%GO:0000070	Details ...	125	-0.6404043	-2.5519152	0.0	0.0	0.0	1720	tags=49%, list=13%, signal=55%	
RETINOBLASTOMA GENE IN CANCER%WIKIPATHWAYS_20260211%WP2446%HOMO SAPIENS	RETINOBLASTOMA GENE IN CANCER%WIKIPATHWAYS_20260211%WP2446%HOMO SAPIENS	Details ...	69	-0.6968842	-2.550181	0.0	0.0	0.0	2057	tags=58%, list=15%, signal=68%	
SISTER CHROMATID SEGREGATION%GOBP%GO:0000819	SISTER CHROMATID SEGREGATION%GOBP%GO:0000819	Details ...	129	-0.6325959	-2.5369093	0.0	0.0	0.0	1720	tags=49%, list=13%, signal=55%	
MITOTIC PROMETAPHASE%REACTOME DATABASE ID RELEASE 95%68877	MITOTIC PROMETAPHASE%REACTOME DATABASE ID RELEASE 95%68877	Details ...	175	-0.60451096	-2.520821	0.0	0.0	0.0	1720	tags=44%, list=13%, signal=50%	
MITOTIC NUCLEAR DIVISION%GOBP%GO:0140014	MITOTIC NUCLEAR DIVISION%GOBP%GO:0140014	Details ...	143	-0.6063268	-2.4808867	0.0	0.0	0.0	2185	tags=49%, list=16%, signal=58%	
DNA REPLICATION%GOBP%GO:0006260	DNA REPLICATION%GOBP%GO:0006260	Details ...	186	-0.5823518	-2.4643257	0.0	0.0	0.0	1933	tags=45%, list=14%, signal=51%	
DNA-TEMPLATED DNA REPLICATION%GOBP%GO:0006261	DNA-TEMPLATED DNA REPLICATION%GOBP%GO:0006261	Details ...	125	-0.62115586	-2.45719	0.0	0.0	0.0	1933	tags=49%, list=14%, signal=56%	
DNA STRAND ELONGATION%REACTOME DATABASE ID RELEASE 95%69190	DNA STRAND ELONGATION%REACTOME DATABASE ID RELEASE 95%69190	Details ...	32	-0.7714661	-2.4454093	0.0	0.0	0.0	2278	tags=78%, list=17%, signal=94%	
MICROTUBULE CYTOSKELETON ORGANIZATION INVOLVED IN MITOSIS%GOBP%GO:1902850	MICROTUBULE CYTOSKELETON ORGANIZATION INVOLVED IN MITOSIS%GOBP%GO:1902850	Details ...	114	-0.6015439	-2.3707433	0.0	0.0	0.0	2146	tags=48%, list=16%, signal=57%	
FOXM1 TRANSCRIPTION FACTOR NETWORK%PATHWAY INTERACTION DATABASE NCI-NATURE CURATED DATA%FOXM1 TRANSCRIPTION FACTOR NETWORK	FOXM1 TRANSCRIPTION FACTOR NETWORK%PATHWAY INTERACTION DATABASE NCI-NATURE CURATED DATA%FOXM1 TRANSCRIPTION FACTOR NETWORK	Details ...	38	-0.7153665	-2.3479004	0.0	0.0	0.0	2146	tags=61%, list=16%, signal=72%	
DNA REPLICATION%WIKIPATHWAYS_20260211%WP466%HOMO SAPIENS	DNA REPLICATION%WIKIPATHWAYS_20260211%WP466%HOMO SAPIENS	Details ...	32	-0.75242275	-2.3321707	0.0	0.0	0.0	2278	tags=72%, list=17%, signal=86%	
NEGATIVE REGULATION OF SISTER CHROMATID SEGREGATION%GOBP%GO:0033046	NEGATIVE REGULATION OF SISTER CHROMATID SEGREGATION%GOBP%GO:0033046	Details ...	27	-0.75220376	-2.2853518	0.0	0.0	0.0	1428	tags=48%, list=11%, signal=54%	
MITOTIC SPINDLE ORGANIZATION%GOBP%GO:0007052	MITOTIC SPINDLE ORGANIZATION%GOBP%GO:0007052	Details ...	85	-0.6123675	-2.2804701	0.0	0.0	0.0	2146	tags=52%, list=16%, signal=61%	
PID_FOXM1_PATHWAY%MSIGDB_C2%PID_FOXM1_PATHWAY	PID_FOXM1_PATHWAY%MSIGDB_C2%PID_FOXM1_PATHWAY	Details ...	35	-0.7169915	-2.273069	0.0	0.0	0.0	2146	tags=60%, list=16%, signal=71%	
MITOTIC SPINDLE ASSEMBLY%GOBP%GO:0090307	MITOTIC SPINDLE ASSEMBLY%GOBP%GO:0090307	Details ...	44	-0.6882444	-2.2728596	0.0	0.0	0.0	2146	tags=52%, list=16%, signal=62%	
NEGATIVE REGULATION OF MITOTIC SISTER CHROMATID SEGREGATION%GOBP%GO:0033048	NEGATIVE REGULATION OF MITOTIC SISTER CHROMATID SEGREGATION%GOBP%GO:0033048	Details ...	27	-0.75220376	-2.2694683	0.0	0.0	0.0	1428	tags=48%, list=11%, signal=54%	
AURKA ACTIVATION BY TPX2%REACTOME%R-HSA-8854518.4	AURKA ACTIVATION BY TPX2%REACTOME%R-HSA-8854518.4	Details ...	67	-0.6284938	-2.2683296	0.0	0.0	0.0	2426	tags=55%, list=18%, signal=67%	
DNA-TEMPLATED DNA REPLICATION MAINTENANCE OF FIDELITY%GOBP%GO:0045005	DNA-TEMPLATED DNA REPLICATION MAINTENANCE OF FIDELITY%GOBP%GO:0045005		61	-0.6333792	-2.2536385	0.0	2.0548654E-5	5.0E-4	1877	tags=48%, list=14%, signal=55%	
RESOLUTION OF SISTER CHROMATID COHESION%REACTOME%R-HSA-2500257.7	RESOLUTION OF SISTER CHROMATID COHESION%REACTOME%R-HSA-2500257.7		99	-0.5872858	-2.2506397	0.0	3.9123224E-5	0.001	1720	tags=45%, list=13%, signal=52%	
CENTROSOME MATURATION%REACTOME DATABASE ID RELEASE 95%380287	CENTROSOME MATURATION%REACTOME DATABASE ID RELEASE 95%380287		76	-0.60489714	-2.2503436	0.0	3.7422215E-5	0.001	2426	tags=49%, list=18%, signal=59%	
NEGATIVE REGULATION OF MITOTIC METAPHASE/ANAPHASE TRANSITION%GOBP%GO:0045841	NEGATIVE REGULATION OF MITOTIC METAPHASE/ANAPHASE TRANSITION%GOBP%GO:0045841		27	-0.75220376	-2.2502012	0.0	3.586296E-5	0.001	1428	tags=48%, list=11%, signal=54%	
REGULATION OF NUCLEAR DIVISION%GOBP%GO:0051783	REGULATION OF NUCLEAR DIVISION%GOBP%GO:0051783		107	-0.57445526	-2.2492728	0.0	3.4428434E-5	0.001	1720	tags=39%, list=13%, signal=45%	
NEGATIVE REGULATION OF CHROMOSOME SEPARATION%GOBP%GO:1905819	NEGATIVE REGULATION OF CHROMOSOME SEPARATION%GOBP%GO:1905819		28	-0.73713875	-2.2467396	0.0	3.3104265E-5	0.001	1428	tags=46%, list=11%, signal=52%	
NEGATIVE REGULATION OF CHROMOSOME SEGREGATION%GOBP%GO:0051985	NEGATIVE REGULATION OF CHROMOSOME SEGREGATION%GOBP%GO:0051985		28	-0.73713875	-2.2458563	0.0	3.1878182E-5	0.001	1428	tags=46%, list=11%, signal=52%	
NEGATIVE REGULATION OF METAPHASE/ANAPHASE TRANSITION OF CELL CYCLE%GOBP%GO:1902100	NEGATIVE REGULATION OF METAPHASE/ANAPHASE TRANSITION OF CELL CYCLE%GOBP%GO:1902100		28	-0.73713875	-2.245666	0.0	3.0739677E-5	0.001	1428	tags=46%, list=11%, signal=52%	
NEGATIVE REGULATION OF MITOTIC SISTER CHROMATID SEPARATION%GOBP%GO:2000816	NEGATIVE REGULATION OF MITOTIC SISTER CHROMATID SEPARATION%GOBP%GO:2000816		27	-0.75220376	-2.243874	0.0	2.9679686E-5	0.001	1428	tags=48%, list=11%, signal=54%	
REGULATION OF MITOTIC NUCLEAR DIVISION%GOBP%GO:0007088	REGULATION OF MITOTIC NUCLEAR DIVISION%GOBP%GO:0007088		101	-0.57957673	-2.2406058	0.0	2.8690363E-5	0.001	1720	tags=41%, list=13%, signal=46%	
PID_E2F_PATHWAY%MSIGDB_C2%PID_E2F_PATHWAY	PID_E2F_PATHWAY%MSIGDB_C2%PID_E2F_PATHWAY		55	-0.63787556	-2.235591	0.0	4.1664778E-5	0.0015	2069	tags=44%, list=15%, signal=51%	
CENTRIOLE ASSEMBLY%GOBP%GO:0098534	CENTRIOLE ASSEMBLY%GOBP%GO:0098534		28	-0.733237	-2.2330234	0.0	4.0362753E-5	0.0015	3104	tags=79%, list=23%, signal=102%	
RECRUITMENT OF NUMA TO MITOTIC CENTROSOMES%REACTOME DATABASE ID RELEASE 95%380320	RECRUITMENT OF NUMA TO MITOTIC CENTROSOMES%REACTOME DATABASE ID RELEASE 95%380320		75	-0.6077895	-2.229094	0.0	5.216415E-5	0.002	2426	tags=49%, list=18%, signal=60%	
RECRUITMENT OF MITOTIC CENTROSOME PROTEINS AND COMPLEXES%REACTOME DATABASE ID RELEASE 95%380270	RECRUITMENT OF MITOTIC CENTROSOME PROTEINS AND COMPLEXES%REACTOME DATABASE ID RELEASE 95%380270		76	-0.60489714	-2.223623	0.0	5.0629907E-5	0.002	2426	tags=49%, list=18%, signal=59%	
INTERSTRAND CROSS-LINK REPAIR%GOBP%GO:0036297	INTERSTRAND CROSS-LINK REPAIR%GOBP%GO:0036297		37	-0.68882143	-2.2223566	0.0	4.9183338E-5	0.002	1397	tags=49%, list=10%, signal=54%	
MITOTIC SPINDLE CHECKPOINT SIGNALING%GOBP%GO:0071174	MITOTIC SPINDLE CHECKPOINT SIGNALING%GOBP%GO:0071174		26	-0.73670167	-2.222248	0.0	4.7817135E-5	0.002	1428	tags=46%, list=11%, signal=52%	
POSITIVE REGULATION OF CELL CYCLE PROCESS%GOBP%GO:0090068	POSITIVE REGULATION OF CELL CYCLE PROCESS%GOBP%GO:0090068		178	-0.52856606	-2.2210386	0.0	4.652478E-5	0.002	2590	tags=45%, list=19%, signal=55%	
SPINDLE ASSEMBLY CHECKPOINT SIGNALING%GOBP%GO:0071173	SPINDLE ASSEMBLY CHECKPOINT SIGNALING%GOBP%GO:0071173		26	-0.73670167	-2.2203135	0.0	4.5300447E-5	0.002	1428	tags=46%, list=11%, signal=52%	
SPINDLE ORGANIZATION%GOBP%GO:0007051	SPINDLE ORGANIZATION%GOBP%GO:0007051		139	-0.543052	-2.207318	0.0	6.60303E-5	0.003	2157	tags=45%, list=16%, signal=53%	
POSITIVE REGULATION OF NUCLEAR DIVISION%GOBP%GO:0051785	POSITIVE REGULATION OF NUCLEAR DIVISION%GOBP%GO:0051785		35	-0.6915845	-2.2050955	0.0	7.4968084E-5	0.0035	1656	tags=43%, list=12%, signal=49%	
DNA RECOMBINATION%GOBP%GO:0006310	DNA RECOMBINATION%GOBP%GO:0006310		171	-0.52861786	-2.19969	0.0	9.3989605E-5	0.0045	2057	tags=41%, list=15%, signal=48%	
POSITIVE REGULATION OF MITOTIC NUCLEAR DIVISION%GOBP%GO:0045840	POSITIVE REGULATION OF MITOTIC NUCLEAR DIVISION%GOBP%GO:0045840		31	-0.7096456	-2.198398	0.0	9.1751754E-5	0.0045	1656	tags=45%, list=12%, signal=51%	
MITOTIC SPINDLE ASSEMBLY CHECKPOINT SIGNALING%GOBP%GO:0007094	MITOTIC SPINDLE ASSEMBLY CHECKPOINT SIGNALING%GOBP%GO:0007094		26	-0.73670167	-2.1875887	0.0	9.9638855E-5	0.005	1428	tags=46%, list=11%, signal=52%	
REPLICATION FORK PROCESSING%GOBP%GO:0031297	REPLICATION FORK PROCESSING%GOBP%GO:0031297		54	-0.6217447	-2.1851943	0.0	9.737434E-5	0.005	1877	tags=48%, list=14%, signal=56%	
RESOLUTION OF D-LOOP STRUCTURES THROUGH HOLLIDAY JUNCTION INTERMEDIATES%REACTOME%R-HSA-5693568.6	RESOLUTION OF D-LOOP STRUCTURES THROUGH HOLLIDAY JUNCTION INTERMEDIATES%REACTOME%R-HSA-5693568.6		31	-0.70452654	-2.1819186	0.0	1.0491945E-4	0.0055	1198	tags=55%, list=9%, signal=60%	
METAPHASE CHROMOSOME ALIGNMENT%GOBP%GO:0051310	METAPHASE CHROMOSOME ALIGNMENT%GOBP%GO:0051310		76	-0.58806133	-2.1815646	0.0	1.02638594E-4	0.0055	1665	tags=43%, list=12%, signal=49%	
LOSS OF NLP FROM MITOTIC CENTROSOMES%REACTOME DATABASE ID RELEASE 95%380259	LOSS OF NLP FROM MITOTIC CENTROSOMES%REACTOME DATABASE ID RELEASE 95%380259		64	-0.60895884	-2.1795633	0.0	1.095114E-4	0.006	2426	tags=53%, list=18%, signal=64%	
E2F TRANSCRIPTION FACTOR NETWORK%PATHWAY INTERACTION DATABASE NCI-NATURE CURATED DATA%E2F TRANSCRIPTION FACTOR NETWORK	E2F TRANSCRIPTION FACTOR NETWORK%PATHWAY INTERACTION DATABASE NCI-NATURE CURATED DATA%E2F TRANSCRIPTION FACTOR NETWORK		69	-0.594708	-2.1770725	0.0	1.1621021E-4	0.0065	1866	tags=39%, list=14%, signal=45%	
LOSS OF PROTEINS REQUIRED FOR INTERPHASE MICROTUBULE ORGANIZATION FROM THE CENTROSOME%REACTOME DATABASE ID RELEASE 95%380284	LOSS OF PROTEINS REQUIRED FOR INTERPHASE MICROTUBULE ORGANIZATION FROM THE CENTROSOME%REACTOME DATABASE ID RELEASE 95%380284		64	-0.60895884	-2.1737447	0.0	1.2259123E-4	0.007	2426	tags=53%, list=18%, signal=64%	
LAGGING STRAND SYNTHESIS%REACTOME%R-HSA-69186.4	LAGGING STRAND SYNTHESIS%REACTOME%R-HSA-69186.4		20	-0.7746851	-2.1678417	0.0	1.547666E-4	0.009	2278	tags=75%, list=17%, signal=90%	
CELL CYCLE DNA REPLICATION%GOBP%GO:0044786	CELL CYCLE DNA REPLICATION%GOBP%GO:0044786		21	-0.7703951	-2.1672363	0.0	1.5173198E-4	0.009	1877	tags=62%, list=14%, signal=72%	
NUCLEAR DNA REPLICATION%GOBP%GO:0033260	NUCLEAR DNA REPLICATION%GOBP%GO:0033260		20	-0.77830756	-2.166604	0.0	1.5691301E-4	0.0095	1877	tags=65%, list=14%, signal=75%	
ACTIVATION OF THE PRE-REPLICATIVE COMPLEX%REACTOME%R-HSA-68962.6	ACTIVATION OF THE PRE-REPLICATIVE COMPLEX%REACTOME%R-HSA-68962.6		32	-0.6891905	-2.1658418	0.0	1.539524E-4	0.0095	1442	tags=59%, list=11%, signal=66%	
SPINDLE CHECKPOINT SIGNALING%GOBP%GO:0031577	SPINDLE CHECKPOINT SIGNALING%GOBP%GO:0031577		27	-0.7203422	-2.1652734	0.0	1.5110141E-4	0.0095	1428	tags=44%, list=11%, signal=50%	
DNA IR DAMAGE AND CELLULAR RESPONSE VIA ATR%WIKIPATHWAYS_20260211%WP4016%HOMO SAPIENS	DNA IR DAMAGE AND CELLULAR RESPONSE VIA ATR%WIKIPATHWAYS_20260211%WP4016%HOMO SAPIENS		67	-0.60312414	-2.1645837	0.0	1.4835411E-4	0.0095	2146	tags=49%, list=16%, signal=58%	
ACTIVATION OF ATR IN RESPONSE TO REPLICATION STRESS%REACTOME DATABASE ID RELEASE 95%176187	ACTIVATION OF ATR IN RESPONSE TO REPLICATION STRESS%REACTOME DATABASE ID RELEASE 95%176187		37	-0.66244364	-2.1640382	0.0	1.532655E-4	0.01	2278	tags=65%, list=17%, signal=78%	
CENTRIOLE REPLICATION%GOBP%GO:0007099	CENTRIOLE REPLICATION%GOBP%GO:0007099		22	-0.7561554	-2.1626053	0.0	1.5795733E-4	0.0105	2723	tags=77%, list=20%, signal=97%	
MITOTIC CELL CYCLE CHECKPOINT SIGNALING%GOBP%GO:0007093	MITOTIC CELL CYCLE CHECKPOINT SIGNALING%GOBP%GO:0007093		99	-0.55389255	-2.1561165	0.0	1.7010012E-4	0.0115	2146	tags=42%, list=16%, signal=50%	
RHO GTPASES ACTIVATE FORMINS%REACTOME DATABASE ID RELEASE 95%5663220	RHO GTPASES ACTIVATE FORMINS%REACTOME DATABASE ID RELEASE 95%5663220		111	-0.5466228	-2.1451755	0.0	1.8914044E-4	0.013	1805	tags=40%, list=13%, signal=45%	
AMPLIFICATION OF SIGNAL FROM THE KINETOCHORES%REACTOME%R-HSA-141424.4	AMPLIFICATION OF SIGNAL FROM THE KINETOCHORES%REACTOME%R-HSA-141424.4		87	-0.5644409	-2.1429172	0.0	2.074952E-4	0.0145	1720	tags=43%, list=13%, signal=48%	
CHROMOSOME LOCALIZATION%GOBP%GO:0050000	CHROMOSOME LOCALIZATION%GOBP%GO:0050000		84	-0.5776388	-2.1425388	0.0	2.0409365E-4	0.0145	1665	tags=42%, list=12%, signal=47%	
MISMATCH REPAIR%GOBP%GO:0006298	MISMATCH REPAIR%GOBP%GO:0006298		26	-0.7183452	-2.1395984	0.0	2.0080182E-4	0.0145	2057	tags=50%, list=15%, signal=59%	
DNA REPLICATION INITIATION%GOBP%GO:0006270	DNA REPLICATION INITIATION%GOBP%GO:0006270		25	-0.7222413	-2.1369495	0.0	2.1123998E-4	0.0155	1328	tags=56%, list=10%, signal=62%	
HOMOLOGOUS RECOMBINATION%GOBP%GO:0035825	HOMOLOGOUS RECOMBINATION%GOBP%GO:0035825		50	-0.6216829	-2.1346605	0.0	2.216202E-4	0.0165	1885	tags=50%, list=14%, signal=58%	
RESOLUTION OF D-LOOP STRUCTURES%REACTOME%R-HSA-5693537.3	RESOLUTION OF D-LOOP STRUCTURES%REACTOME%R-HSA-5693537.3		32	-0.6848993	-2.1334605	0.0	2.3160093E-4	0.0175	1198	tags=53%, list=9%, signal=58%	
CELL CYCLE CHECKPOINT SIGNALING%GOBP%GO:0000075	CELL CYCLE CHECKPOINT SIGNALING%GOBP%GO:0000075		131	-0.52872586	-2.1323752	0.0	2.3470675E-4	0.018	2359	tags=43%, list=17%, signal=51%	
SPINDLE ASSEMBLY%GOBP%GO:0051225	SPINDLE ASSEMBLY%GOBP%GO:0051225		84	-0.57250494	-2.1243103	0.0	2.568824E-4	0.02	2157	tags=45%, list=16%, signal=53%	
EML4 AND NUDC IN MITOTIC SPINDLE FORMATION%REACTOME DATABASE ID RELEASE 95%9648025	EML4 AND NUDC IN MITOTIC SPINDLE FORMATION%REACTOME DATABASE ID RELEASE 95%9648025		91	-0.5577297	-2.1231978	0.0	2.531047E-4	0.02	1720	tags=41%, list=13%, signal=46%	
AMPLIFICATION OF SIGNAL FROM UNATTACHED KINETOCHORES VIA A MAD2 INHIBITORY SIGNAL%REACTOME%R-HSA-141444.4	AMPLIFICATION OF SIGNAL FROM UNATTACHED KINETOCHORES VIA A MAD2 INHIBITORY SIGNAL%REACTOME%R-HSA-141444.4		87	-0.5644409	-2.1224213	0.0	2.556634E-4	0.0205	1720	tags=43%, list=13%, signal=48%	
PLK1 SIGNALING EVENTS%PATHWAY INTERACTION DATABASE NCI-NATURE CURATED DATA%PLK1 SIGNALING EVENTS	PLK1 SIGNALING EVENTS%PATHWAY INTERACTION DATABASE NCI-NATURE CURATED DATA%PLK1 SIGNALING EVENTS		45	-0.63398916	-2.1123037	0.0	3.1942266E-4	0.0255	1785	tags=53%, list=13%, signal=61%	
REGULATION OF PLK1 ACTIVITY AT G2 M TRANSITION%REACTOME DATABASE ID RELEASE 95%2565942	REGULATION OF PLK1 ACTIVITY AT G2 M TRANSITION%REACTOME DATABASE ID RELEASE 95%2565942		81	-0.55543464	-2.109134	0.0	3.2087223E-4	0.026	2451	tags=49%, list=18%, signal=60%	
CENTROSOME DUPLICATION%GOBP%GO:0051298	CENTROSOME DUPLICATION%GOBP%GO:0051298		39	-0.65120304	-2.1020539	0.0	3.881961E-4	0.0315	2424	tags=59%, list=18%, signal=72%	
NUCLEOSOME ASSEMBLY%REACTOME DATABASE ID RELEASE 95%774815	NUCLEOSOME ASSEMBLY%REACTOME DATABASE ID RELEASE 95%774815		25	-0.70980585	-2.1018717	0.0	3.8287832E-4	0.0315	2105	tags=64%, list=16%, signal=76%	
G1 S-SPECIFIC TRANSCRIPTION%REACTOME%R-HSA-69205.5	G1 S-SPECIFIC TRANSCRIPTION%REACTOME%R-HSA-69205.5		28	-0.6925152	-2.0973055	0.0	4.1854932E-4	0.0345	2069	tags=46%, list=15%, signal=55%	
CHROMOSOME MAINTENANCE%REACTOME DATABASE ID RELEASE 95%73886	CHROMOSOME MAINTENANCE%REACTOME DATABASE ID RELEASE 95%73886		87	-0.55256486	-2.0946133	0.0	4.3575038E-4	0.0365	2105	tags=52%, list=16%, signal=61%	
TELOMERE C-STRAND (LAGGING STRAND) SYNTHESIS%REACTOME DATABASE ID RELEASE 95%174417	TELOMERE C-STRAND (LAGGING STRAND) SYNTHESIS%REACTOME DATABASE ID RELEASE 95%174417		32	-0.66546756	-2.0944319	0.0	4.3001684E-4	0.0365	2278	tags=63%, list=17%, signal=75%	
DEPOSITION OF NEW CENPA-CONTAINING NUCLEOSOMES AT THE CENTROMERE%REACTOME DATABASE ID RELEASE 95%606279	DEPOSITION OF NEW CENPA-CONTAINING NUCLEOSOMES AT THE CENTROMERE%REACTOME DATABASE ID RELEASE 95%606279		25	-0.70980585	-2.093583	0.0	4.3009172E-4	0.037	2105	tags=64%, list=16%, signal=76%	
POLO-LIKE KINASE MEDIATED EVENTS%REACTOME%R-HSA-156711.4	POLO-LIKE KINASE MEDIATED EVENTS%REACTOME%R-HSA-156711.4		16	-0.7822019	-2.0837178	0.0	5.0759286E-4	0.0445	2011	tags=56%, list=15%, signal=66%	
RECOMBINATIONAL REPAIR%GOBP%GO:0000725	RECOMBINATIONAL REPAIR%GOBP%GO:0000725		115	-0.5214281	-2.081155	0.0	5.394108E-4	0.047	2136	tags=40%, list=16%, signal=47%	
DOUBLE-STRAND BREAK REPAIR VIA HOMOLOGOUS RECOMBINATION%GOBP%GO:0000724	DOUBLE-STRAND BREAK REPAIR VIA HOMOLOGOUS RECOMBINATION%GOBP%GO:0000724		111	-0.5258773	-2.0804949	0.0	5.3820875E-4	0.0475	2136	tags=41%, list=16%, signal=48%	
POSITIVE REGULATION OF CYTOKINESIS%GOBP%GO:0032467	POSITIVE REGULATION OF CYTOKINESIS%GOBP%GO:0032467		34	-0.6592556	-2.0733142	0.0	6.0080516E-4	0.0535	2484	tags=47%, list=18%, signal=58%	
REGULATION OF MITOTIC SISTER CHROMATID SEPARATION%GOBP%GO:0010965	REGULATION OF MITOTIC SISTER CHROMATID SEPARATION%GOBP%GO:0010965		62	-0.57993287	-2.0692885	9.587728E-4	6.565916E-4	0.059	1720	tags=40%, list=13%, signal=46%	
DNA REPLICATION CHECKPOINT SIGNALING%GOBP%GO:0000076	DNA REPLICATION CHECKPOINT SIGNALING%GOBP%GO:0000076		25	-0.6917042	-2.061701	0.0	7.469068E-4	0.0685	1933	tags=64%, list=14%, signal=75%	
HDR THROUGH HOMOLOGOUS RECOMBINATION (HRR)%REACTOME DATABASE ID RELEASE 95%5685942	HDR THROUGH HOMOLOGOUS RECOMBINATION (HRR)%REACTOME DATABASE ID RELEASE 95%5685942		65	-0.5760114	-2.061646	0.0	7.38015E-4	0.0685	2312	tags=54%, list=17%, signal=65%	
POSITIVE REGULATION OF CELL DIVISION%GOBP%GO:0051781	POSITIVE REGULATION OF CELL DIVISION%GOBP%GO:0051781		39	-0.6302765	-2.0614288	0.0	7.343385E-4	0.069	2484	tags=41%, list=18%, signal=50%	
NEGATIVE REGULATION OF CHROMOSOME ORGANIZATION%GOBP%GO:2001251	NEGATIVE REGULATION OF CHROMOSOME ORGANIZATION%GOBP%GO:2001251		66	-0.57037574	-2.0566862	0.0	7.907335E-4	0.0755	1675	tags=39%, list=12%, signal=45%	
PROCESSIVE SYNTHESIS ON THE LAGGING STRAND%REACTOME%R-HSA-69183.4	PROCESSIVE SYNTHESIS ON THE LAGGING STRAND%REACTOME%R-HSA-69183.4		15	-0.79840606	-2.0487652	0.0	9.546763E-4	0.0915	2057	tags=73%, list=15%, signal=86%	
MEIOTIC CELL CYCLE PROCESS%GOBP%GO:1903046	MEIOTIC CELL CYCLE PROCESS%GOBP%GO:1903046		93	-0.53762865	-2.046829	0.0	9.77928E-4	0.0935	1953	tags=42%, list=14%, signal=49%	
DISEASES OF DNA REPAIR%REACTOME DATABASE ID RELEASE 95%9675135	DISEASES OF DNA REPAIR%REACTOME DATABASE ID RELEASE 95%9675135		48	-0.5995108	-2.0435736	0.0	0.0010105972	0.0975	2312	tags=56%, list=17%, signal=68%	
PID_PLK1_PATHWAY%MSIGDB_C2%PID_PLK1_PATHWAY	PID_PLK1_PATHWAY%MSIGDB_C2%PID_PLK1_PATHWAY		33	-0.6514722	-2.0364108	0.0	0.0011135082	0.1085	1785	tags=55%, list=13%, signal=63%	
ATTACHMENT OF SPINDLE MICROTUBULES TO KINETOCHORE%GOBP%GO:0008608	ATTACHMENT OF SPINDLE MICROTUBULES TO KINETOCHORE%GOBP%GO:0008608		29	-0.6632281	-2.0346758	0.0	0.0011440107	0.113	1929	tags=52%, list=14%, signal=60%	
ANCHORING OF THE BASAL BODY TO THE PLASMA MEMBRANE%REACTOME%R-HSA-5620912.4	ANCHORING OF THE BASAL BODY TO THE PLASMA MEMBRANE%REACTOME%R-HSA-5620912.4		91	-0.52727485	-2.0278325	0.0	0.0012583467	0.124	2451	tags=43%, list=18%, signal=52%	
DNA INTEGRITY CHECKPOINT SIGNALING%GOBP%GO:0031570	DNA INTEGRITY CHECKPOINT SIGNALING%GOBP%GO:0031570		92	-0.53396356	-2.026528	0.0	0.0012680043	0.126	2312	tags=46%, list=17%, signal=55%	
MITOTIC SPINDLE CHECKPOINT%REACTOME%R-HSA-69618.4	MITOTIC SPINDLE CHECKPOINT%REACTOME%R-HSA-69618.4		104	-0.5199317	-2.024654	0.0	0.0012818293	0.129	1790	tags=38%, list=13%, signal=43%	
FANCONI ANEMIA%WIKIPATHWAYS_20260211%WP5465%HOMO SAPIENS	FANCONI ANEMIA%WIKIPATHWAYS_20260211%WP5465%HOMO SAPIENS		38	-0.62240607	-2.0184362	0.0	0.0014350078	0.1455	1428	tags=50%, list=11%, signal=56%	
REGULATION OF CHROMOSOME SEPARATION%GOBP%GO:1905818	REGULATION OF CHROMOSOME SEPARATION%GOBP%GO:1905818		67	-0.5603307	-2.0168588	0.0	0.0014379413	0.1475	1720	tags=37%, list=13%, signal=43%	
FANCONI ANEMIA PATHWAY%REACTOME DATABASE ID RELEASE 95%6783310	FANCONI ANEMIA PATHWAY%REACTOME DATABASE ID RELEASE 95%6783310		35	-0.6379083	-2.0128322	0.0	0.0015118455	0.1565	1397	tags=43%, list=10%, signal=48%	
MITOTIC DNA INTEGRITY CHECKPOINT SIGNALING%GOBP%GO:0044774	MITOTIC DNA INTEGRITY CHECKPOINT SIGNALING%GOBP%GO:0044774		60	-0.56672984	-2.00735	0.0	0.0016459883	0.1715	2146	tags=47%, list=16%, signal=55%	
HOMOLOGY DIRECTED REPAIR%REACTOME%R-HSA-5693538.4	HOMOLOGY DIRECTED REPAIR%REACTOME%R-HSA-5693538.4		98	-0.52238256	-2.0071747	0.0	0.0016337163	0.172	2057	tags=43%, list=15%, signal=50%	
REGULATION OF MITOTIC SISTER CHROMATID SEGREGATION%GOBP%GO:0033047	REGULATION OF MITOTIC SISTER CHROMATID SEGREGATION%GOBP%GO:0033047		57	-0.5700703	-2.0065963	0.0	0.0016258487	0.173	1720	tags=42%, list=13%, signal=48%	
RECIPROCAL HOMOLOGOUS RECOMBINATION%GOBP%GO:0140527	RECIPROCAL HOMOLOGOUS RECOMBINATION%GOBP%GO:0140527		41	-0.60925066	-2.0030448	0.0	0.001758912	0.185	1445	tags=41%, list=11%, signal=46%	
POSITIVE REGULATION OF G2/M TRANSITION OF MITOTIC CELL CYCLE%GOBP%GO:0010971	POSITIVE REGULATION OF G2/M TRANSITION OF MITOTIC CELL CYCLE%GOBP%GO:0010971		20	-0.72364867	-2.0013409	0.0	0.0017924804	0.1905	1316	tags=60%, list=10%, signal=66%	
RECIPROCAL MEIOTIC RECOMBINATION%GOBP%GO:0007131	RECIPROCAL MEIOTIC RECOMBINATION%GOBP%GO:0007131		41	-0.60925066	-2.0007944	0.0	0.0018086801	0.193	1445	tags=41%, list=11%, signal=46%	
MEIOTIC NUCLEAR DIVISION%GOBP%GO:0140013	MEIOTIC NUCLEAR DIVISION%GOBP%GO:0140013		78	-0.53194267	-1.9990187	0.0	0.0018282422	0.1975	1946	tags=41%, list=14%, signal=48%	
POSITIVE REGULATION OF CHROMOSOME SEPARATION%GOBP%GO:1905820	POSITIVE REGULATION OF CHROMOSOME SEPARATION%GOBP%GO:1905820		23	-0.68072015	-1.9956431	0.0	0.00192192	0.208	1720	tags=48%, list=13%, signal=55%	
POSITIVE REGULATION OF MITOTIC CELL CYCLE PHASE TRANSITION%GOBP%GO:1901992	POSITIVE REGULATION OF MITOTIC CELL CYCLE PHASE TRANSITION%GOBP%GO:1901992		64	-0.5574024	-1.9932952	0.0	0.0019527171	0.2125	2576	tags=53%, list=19%, signal=65%	
DOUBLE-STRAND BREAK REPAIR%GOBP%GO:0006302	DOUBLE-STRAND BREAK REPAIR%GOBP%GO:0006302		189	-0.47565326	-1.991665	0.0	0.001998741	0.2185	2447	tags=41%, list=18%, signal=49%	
NEGATIVE REGULATION OF CELL CYCLE PHASE TRANSITION%GOBP%GO:1901988	NEGATIVE REGULATION OF CELL CYCLE PHASE TRANSITION%GOBP%GO:1901988		173	-0.4743338	-1.9890777	0.0	0.002067852	0.2285	2359	tags=39%, list=17%, signal=47%	
DNA DOUBLE-STRAND BREAK REPAIR%REACTOME%R-HSA-5693532.5	DNA DOUBLE-STRAND BREAK REPAIR%REACTOME%R-HSA-5693532.5		128	-0.4925401	-1.9889413	0.0	0.002048881	0.2285	2332	tags=41%, list=17%, signal=50%	
DEFECTIVE HDR THROUGH HOMOLOGOUS RECOMBINATION REPAIR (HRR) DUE TO PALB2 LOSS OF BRCA2 RAD51 RAD51C BINDING FUNCTION%REACTOME%R-HSA-9704646.4	DEFECTIVE HDR THROUGH HOMOLOGOUS RECOMBINATION REPAIR (HRR) DUE TO PALB2 LOSS OF BRCA2 RAD51 RAD51C BINDING FUNCTION%REACTOME%R-HSA-9704646.4		23	-0.67041194	-1.9863296	0.0	0.0021550814	0.24	1198	tags=52%, list=9%, signal=57%	
REGULATION OF SISTER CHROMATID SEGREGATION%GOBP%GO:0033045	REGULATION OF SISTER CHROMATID SEGREGATION%GOBP%GO:0033045		102	-0.5136512	-1.9861047	0.0	0.002143483	0.241	1720	tags=36%, list=13%, signal=41%	
PID_HNF3A_PATHWAY%MSIGDB_C2%PID_HNF3A_PATHWAY	PID_HNF3A_PATHWAY%MSIGDB_C2%PID_HNF3A_PATHWAY		21	-0.7101672	-1.9840453	0.0	0.0022360345	0.2505	167	tags=29%, list=1%, signal=29%	
EXTENSION OF TELOMERES%REACTOME%R-HSA-180786.4	EXTENSION OF TELOMERES%REACTOME%R-HSA-180786.4		49	-0.5854252	-1.9787692	0.0	0.002426181	0.269	2057	tags=55%, list=15%, signal=65%	
SUMOYLATION%REACTOME DATABASE ID RELEASE 95%2990846	SUMOYLATION%REACTOME DATABASE ID RELEASE 95%2990846		152	-0.48067617	-1.974197	0.0	0.002654003	0.293	2535	tags=39%, list=19%, signal=47%	
REGULATION OF ATTACHMENT OF SPINDLE MICROTUBULES TO KINETOCHORE%GOBP%GO:0051988	REGULATION OF ATTACHMENT OF SPINDLE MICROTUBULES TO KINETOCHORE%GOBP%GO:0051988		22	-0.681458	-1.9659579	0.0	0.0030576414	0.333	2320	tags=64%, list=17%, signal=77%	
REGULATION OF CENTRIOLE REPLICATION%GOBP%GO:0046599	REGULATION OF CENTRIOLE REPLICATION%GOBP%GO:0046599		24	-0.6785839	-1.9638177	0.0	0.0031652427	0.347	2424	tags=63%, list=18%, signal=76%	
MEIOTIC CELL CYCLE%GOBP%GO:0051321	MEIOTIC CELL CYCLE%GOBP%GO:0051321		124	-0.4981135	-1.9632158	0.0	0.0031565335	0.349	1953	tags=37%, list=14%, signal=43%	
CENTROSOME CYCLE%GOBP%GO:0007098	CENTROSOME CYCLE%GOBP%GO:0007098		86	-0.513072	-1.9630907	0.0	0.003129783	0.349	2424	tags=44%, list=18%, signal=54%	
MITOTIC DNA DAMAGE CHECKPOINT SIGNALING%GOBP%GO:0044773	MITOTIC DNA DAMAGE CHECKPOINT SIGNALING%GOBP%GO:0044773		56	-0.5590267	-1.9566146	0.0	0.00354398	0.389	2146	tags=46%, list=16%, signal=55%	
SUMO E3 LIGASES SUMOYLATE TARGET PROTEINS%REACTOME DATABASE ID RELEASE 95%3108232	SUMO E3 LIGASES SUMOYLATE TARGET PROTEINS%REACTOME DATABASE ID RELEASE 95%3108232		146	-0.48127797	-1.9562641	0.0	0.0035393795	0.391	2535	tags=39%, list=19%, signal=48%	
REGULATION OF MITOTIC METAPHASE/ANAPHASE TRANSITION%GOBP%GO:0030071	REGULATION OF MITOTIC METAPHASE/ANAPHASE TRANSITION%GOBP%GO:0030071		90	-0.5169711	-1.9537399	0.0	0.003660322	0.4055	1720	tags=37%, list=13%, signal=42%	
REGULATION OF CELL CYCLE G2/M PHASE TRANSITION%GOBP%GO:1902749	REGULATION OF CELL CYCLE G2/M PHASE TRANSITION%GOBP%GO:1902749		86	-0.5110945	-1.9533488	0.0	0.0036515878	0.4075	1619	tags=40%, list=12%, signal=45%	
REGULATION OF METAPHASE/ANAPHASE TRANSITION OF CELL CYCLE%GOBP%GO:1902099	REGULATION OF METAPHASE/ANAPHASE TRANSITION OF CELL CYCLE%GOBP%GO:1902099		91	-0.5130782	-1.9516848	0.0	0.003709336	0.4145	1720	tags=36%, list=13%, signal=41%	
MEIOSIS I CELL CYCLE PROCESS%GOBP%GO:0061982	MEIOSIS I CELL CYCLE PROCESS%GOBP%GO:0061982		64	-0.54099065	-1.9515545	0.0	0.0036863547	0.415	1953	tags=39%, list=14%, signal=45%	
PID_AURORA_A_PATHWAY%MSIGDB_C2%PID_AURORA_A_PATHWAY	PID_AURORA_A_PATHWAY%MSIGDB_C2%PID_AURORA_A_PATHWAY		24	-0.6672028	-1.9469792	0.0	0.0038665507	0.434	1212	tags=50%, list=9%, signal=55%	
POSITIVE REGULATION OF MITOTIC SISTER CHROMATID SEPARATION%GOBP%GO:1901970	POSITIVE REGULATION OF MITOTIC SISTER CHROMATID SEPARATION%GOBP%GO:1901970		21	-0.6857901	-1.9455265	0.0	0.0039210604	0.4395	1720	tags=52%, list=13%, signal=60%	
IMPAIRED BRCA2 BINDING TO PALB2%REACTOME DATABASE ID RELEASE 95%9709603	IMPAIRED BRCA2 BINDING TO PALB2%REACTOME DATABASE ID RELEASE 95%9709603		23	-0.67041194	-1.9449639	0.0010266941	0.003923974	0.4425	1198	tags=52%, list=9%, signal=57%	
REGULATION OF DNA REPLICATION%GOBP%GO:0006275	REGULATION OF DNA REPLICATION%GOBP%GO:0006275		103	-0.50096726	-1.9448524	0.0	0.0038967587	0.443	1877	tags=39%, list=14%, signal=45%	
CELL CYCLE%WIKIPATHWAYS_20260211%WP179%HOMO SAPIENS	CELL CYCLE%WIKIPATHWAYS_20260211%WP179%HOMO SAPIENS		90	-0.50782174	-1.9422086	0.0	0.0040363213	0.457	2151	tags=40%, list=16%, signal=47%	
DNA REPAIR PATHWAYS FULL NETWORK%WIKIPATHWAYS_20260211%WP4946%HOMO SAPIENS	DNA REPAIR PATHWAYS FULL NETWORK%WIKIPATHWAYS_20260211%WP4946%HOMO SAPIENS		91	-0.5101805	-1.9421364	0.0	0.004011931	0.4575	2057	tags=42%, list=15%, signal=49%	
MICROTUBULE ORGANIZING CENTER ORGANIZATION%GOBP%GO:0031023	MICROTUBULE ORGANIZING CENTER ORGANIZATION%GOBP%GO:0031023		99	-0.50034064	-1.9412873	0.0	0.004043596	0.462	2424	tags=40%, list=18%, signal=49%	
GASTRIC CANCER NETWORK 1%WIKIPATHWAYS_20260211%WP2361%HOMO SAPIENS	GASTRIC CANCER NETWORK 1%WIKIPATHWAYS_20260211%WP2361%HOMO SAPIENS		18	-0.72308123	-1.9385825	9.950249E-4	0.004195573	0.479	1458	tags=61%, list=11%, signal=68%	
SISTER CHROMATID COHESION%GOBP%GO:0007062	SISTER CHROMATID COHESION%GOBP%GO:0007062		36	-0.6083245	-1.9378443	0.0	0.0041931965	0.482	2717	tags=50%, list=20%, signal=62%	
HDR THROUGH HOMOLOGOUS RECOMBINATION (HRR) OR SINGLE STRAND ANNEALING (SSA)%REACTOME%R-HSA-5693567.4	HDR THROUGH HOMOLOGOUS RECOMBINATION (HRR) OR SINGLE STRAND ANNEALING (SSA)%REACTOME%R-HSA-5693567.4		92	-0.5124432	-1.9353184	0.0	0.0043542315	0.496	2057	tags=42%, list=15%, signal=50%	
REGULATION OF G2/M TRANSITION OF MITOTIC CELL CYCLE%GOBP%GO:0010389	REGULATION OF G2/M TRANSITION OF MITOTIC CELL CYCLE%GOBP%GO:0010389		79	-0.5154327	-1.934301	0.0	0.004398841	0.5035	1619	tags=39%, list=12%, signal=44%	
DEFECTIVE HDR THROUGH HOMOLOGOUS RECOMBINATION REPAIR (HRR) DUE TO PALB2 LOSS OF BRCA1 BINDING FUNCTION%REACTOME%R-HSA-9704331.4	DEFECTIVE HDR THROUGH HOMOLOGOUS RECOMBINATION REPAIR (HRR) DUE TO PALB2 LOSS OF BRCA1 BINDING FUNCTION%REACTOME%R-HSA-9704331.4		23	-0.67041194	-1.9330331	0.0	0.0044675185	0.5125	1198	tags=52%, list=9%, signal=57%	
DEFECTIVE HOMOLOGOUS RECOMBINATION REPAIR (HRR) DUE TO BRCA1 LOSS OF FUNCTION%REACTOME%R-HSA-9701192.4	DEFECTIVE HOMOLOGOUS RECOMBINATION REPAIR (HRR) DUE TO BRCA1 LOSS OF FUNCTION%REACTOME%R-HSA-9701192.4		23	-0.67041194	-1.9314609	0.0	0.004544555	0.521	1198	tags=52%, list=9%, signal=57%	
PID_FANCONI_PATHWAY%MSIGDB_C2%PID_FANCONI_PATHWAY	PID_FANCONI_PATHWAY%MSIGDB_C2%PID_FANCONI_PATHWAY		39	-0.58597404	-1.9308473	0.0	0.0045491573	0.524	2278	tags=54%, list=17%, signal=65%	
KINETOCHORE ORGANIZATION%GOBP%GO:0051383	KINETOCHORE ORGANIZATION%GOBP%GO:0051383		19	-0.6887659	-1.9269125	0.0	0.0048074005	0.545	2359	tags=74%, list=17%, signal=89%	
DEFECTIVE HOMOLOGOUS RECOMBINATION REPAIR (HRR) DUE TO PALB2 LOSS OF FUNCTION%REACTOME DATABASE ID RELEASE 95%9701193	DEFECTIVE HOMOLOGOUS RECOMBINATION REPAIR (HRR) DUE TO PALB2 LOSS OF FUNCTION%REACTOME DATABASE ID RELEASE 95%9701193		23	-0.67041194	-1.920232	9.624639E-4	0.005255517	0.5795	1198	tags=52%, list=9%, signal=57%	
DNA STRAND ELONGATION INVOLVED IN DNA REPLICATION%GOBP%GO:0006271	DNA STRAND ELONGATION INVOLVED IN DNA REPLICATION%GOBP%GO:0006271		15	-0.7342603	-1.9199622	0.0	0.00523645	0.581	2278	tags=73%, list=17%, signal=88%	
CELL CYCLE G2/M PHASE TRANSITION%GOBP%GO:0044839	CELL CYCLE G2/M PHASE TRANSITION%GOBP%GO:0044839		44	-0.5736236	-1.9189981	0.0019175456	0.0052599246	0.584	1914	tags=50%, list=14%, signal=58%	
FANCONI ANEMIA PATHWAY%PATHWAY INTERACTION DATABASE NCI-NATURE CURATED DATA%FANCONI ANEMIA PATHWAY	FANCONI ANEMIA PATHWAY%PATHWAY INTERACTION DATABASE NCI-NATURE CURATED DATA%FANCONI ANEMIA PATHWAY		44	-0.5719006	-1.9178059	9.5147477E-4	0.0053462284	0.5905	2053	tags=50%, list=15%, signal=59%	
POSITIVE REGULATION OF MITOTIC CELL CYCLE%GOBP%GO:0045931	POSITIVE REGULATION OF MITOTIC CELL CYCLE%GOBP%GO:0045931		88	-0.5037651	-1.9154636	0.0	0.005509014	0.6075	3094	tags=52%, list=23%, signal=67%	
MMR%REACTOME%R-HSA-5358508.3	MMR%REACTOME%R-HSA-5358508.3		15	-0.7273402	-1.9142569	0.0	0.0055544046	0.613	2057	tags=60%, list=15%, signal=71%	
DEFECTIVE HOMOLOGOUS RECOMBINATION REPAIR (HRR) DUE TO BRCA2 LOSS OF FUNCTION%REACTOME DATABASE ID RELEASE 95%9701190	DEFECTIVE HOMOLOGOUS RECOMBINATION REPAIR (HRR) DUE TO BRCA2 LOSS OF FUNCTION%REACTOME DATABASE ID RELEASE 95%9701190		39	-0.5843375	-1.9125351	0.0019305019	0.0057049035	0.624	2312	tags=56%, list=17%, signal=68%	
POSITIVE REGULATION OF CELL CYCLE G2/M PHASE TRANSITION%GOBP%GO:1902751	POSITIVE REGULATION OF CELL CYCLE G2/M PHASE TRANSITION%GOBP%GO:1902751		23	-0.6573068	-1.9119841	0.0	0.0056982795	0.6255	1316	tags=57%, list=10%, signal=63%	
POSITIVE REGULATION OF CELL CYCLE PHASE TRANSITION%GOBP%GO:1901989	POSITIVE REGULATION OF CELL CYCLE PHASE TRANSITION%GOBP%GO:1901989		78	-0.5144792	-1.908823	0.0	0.0059355893	0.6405	2786	tags=53%, list=21%, signal=66%	
REGULATION OF CHROMOSOME SEGREGATION%GOBP%GO:0051983	REGULATION OF CHROMOSOME SEGREGATION%GOBP%GO:0051983		117	-0.48162335	-1.9069328	0.0	0.0060284277	0.647	2602	tags=42%, list=19%, signal=51%	
PRESYNAPTIC PHASE OF HOMOLOGOUS DNA PAIRING AND STRAND EXCHANGE%REACTOME%R-HSA-5693616.6	PRESYNAPTIC PHASE OF HOMOLOGOUS DNA PAIRING AND STRAND EXCHANGE%REACTOME%R-HSA-5693616.6		38	-0.5904788	-1.9058318	9.2250924E-4	0.0060973717	0.6515	2312	tags=58%, list=17%, signal=70%	
G2/M TRANSITION OF MITOTIC CELL CYCLE%GOBP%GO:0000086	G2/M TRANSITION OF MITOTIC CELL CYCLE%GOBP%GO:0000086		40	-0.5724026	-1.9019822	0.0010090817	0.006387222	0.6725	2146	tags=52%, list=16%, signal=62%	
NUCLEOSOME DISASSEMBLY%GOBP%GO:0006337	NUCLEOSOME DISASSEMBLY%GOBP%GO:0006337		18	-0.6966531	-1.9009454	0.0	0.0064271116	0.676	2674	tags=61%, list=20%, signal=76%	
MEIOSIS I%GOBP%GO:0007127	MEIOSIS I%GOBP%GO:0007127		60	-0.53904146	-1.8991979	0.0	0.006590287	0.686	1946	tags=38%, list=14%, signal=45%	
MITOTIC G2-G2 M PHASES%REACTOME%R-HSA-453274.4	MITOTIC G2-G2 M PHASES%REACTOME%R-HSA-453274.4		169	-0.4515973	-1.8982167	0.0	0.0066285715	0.6925	1923	tags=34%, list=14%, signal=39%	
MITOTIC METAPHASE CHROMOSOME ALIGNMENT%GOBP%GO:0007080	MITOTIC METAPHASE CHROMOSOME ALIGNMENT%GOBP%GO:0007080		56	-0.5438034	-1.8957424	0.0	0.0068603405	0.705	1986	tags=45%, list=15%, signal=52%	
HOMOLOGOUS DNA PAIRING AND STRAND EXCHANGE%REACTOME DATABASE ID RELEASE 95%5693579	HOMOLOGOUS DNA PAIRING AND STRAND EXCHANGE%REACTOME DATABASE ID RELEASE 95%5693579		41	-0.57986426	-1.8918567	0.0	0.0072462126	0.7225	2312	tags=56%, list=17%, signal=67%	
CYCLIN A B1 B2 ASSOCIATED EVENTS DURING G2 M TRANSITION%REACTOME%R-HSA-69273.10	CYCLIN A B1 B2 ASSOCIATED EVENTS DURING G2 M TRANSITION%REACTOME%R-HSA-69273.10		30	-0.6110636	-1.891075	0.0	0.00727412	0.726	2011	tags=60%, list=15%, signal=70%	
RESOLUTION OF D-LOOP STRUCTURES THROUGH SYNTHESIS-DEPENDENT STRAND ANNEALING (SDSA)%REACTOME%R-HSA-5693554.3	RESOLUTION OF D-LOOP STRUCTURES THROUGH SYNTHESIS-DEPENDENT STRAND ANNEALING (SDSA)%REACTOME%R-HSA-5693554.3		25	-0.6355334	-1.8897524	0.0028328612	0.0073373355	0.735	1593	tags=52%, list=12%, signal=59%	
DISEASES OF DNA DOUBLE-STRAND BREAK REPAIR%REACTOME%R-HSA-9675136.4	DISEASES OF DNA DOUBLE-STRAND BREAK REPAIR%REACTOME%R-HSA-9675136.4		39	-0.5843375	-1.8892401	0.0	0.0073369816	0.737	2312	tags=56%, list=17%, signal=68%	
G2 M TRANSITION%REACTOME%R-HSA-69275.7	G2 M TRANSITION%REACTOME%R-HSA-69275.7		167	-0.45416328	-1.8890805	0.0	0.007304525	0.7375	1923	tags=34%, list=14%, signal=39%	
MITOTIC SISTER CHROMATID COHESION%GOBP%GO:0007064	MITOTIC SISTER CHROMATID COHESION%GOBP%GO:0007064		19	-0.6810909	-1.8825936	0.0020325202	0.008042077	0.779	2276	tags=53%, list=17%, signal=63%	
REGULATION OF MEIOTIC CELL CYCLE%GOBP%GO:0051445	REGULATION OF MEIOTIC CELL CYCLE%GOBP%GO:0051445		39	-0.57720375	-1.8790238	9.6899224E-4	0.0083853165	0.7965	1316	tags=31%, list=10%, signal=34%	
PID_AURORA_B_PATHWAY%MSIGDB_C2%PID_AURORA_B_PATHWAY	PID_AURORA_B_PATHWAY%MSIGDB_C2%PID_AURORA_B_PATHWAY		21	-0.6613428	-1.8767387	0.0019249278	0.008602801	0.8075	1720	tags=57%, list=13%, signal=65%	
ASSEMBLY OF COLLAGEN FIBRILS AND OTHER MULTIMERIC STRUCTURES%REACTOME%R-HSA-2022090.5	ASSEMBLY OF COLLAGEN FIBRILS AND OTHER MULTIMERIC STRUCTURES%REACTOME%R-HSA-2022090.5		45	-0.55328715	-1.8696749	9.380863E-4	0.009366786	0.835	2796	tags=47%, list=21%, signal=59%	
NEGATIVE REGULATION OF NUCLEAR DIVISION%GOBP%GO:0051784	NEGATIVE REGULATION OF NUCLEAR DIVISION%GOBP%GO:0051784		36	-0.5805406	-1.8686756	0.0019588638	0.00943497	0.838	1428	tags=39%, list=11%, signal=43%	
PID_ECADHERIN_KERATINOCYTE_PATHWAY%MSIGDB_C2%PID_ECADHERIN_KERATINOCYTE_PATHWAY	PID_ECADHERIN_KERATINOCYTE_PATHWAY%MSIGDB_C2%PID_ECADHERIN_KERATINOCYTE_PATHWAY		16	-0.69843787	-1.8681712	0.0	0.009442884	0.8415	515	tags=31%, list=4%, signal=32%	
MEIOSIS%REACTOME%R-HSA-1500620.4	MEIOSIS%REACTOME%R-HSA-1500620.4		44	-0.5601602	-1.8680966	0.0	0.009391516	0.842	2057	tags=48%, list=15%, signal=56%	
KINETOCHORE ASSEMBLY%GOBP%GO:0051382	KINETOCHORE ASSEMBLY%GOBP%GO:0051382		17	-0.6964118	-1.8640379	0.001984127	0.0098193055	0.8575	2105	tags=71%, list=16%, signal=84%	
IMPAIRED BRCA2 BINDING TO RAD51%REACTOME DATABASE ID RELEASE 95%9709570	IMPAIRED BRCA2 BINDING TO RAD51%REACTOME DATABASE ID RELEASE 95%9709570		33	-0.59484416	-1.8635186	0.0	0.009829841	0.8605	2312	tags=61%, list=17%, signal=73%	
PROTEIN-DNA COMPLEX DISASSEMBLY%GOBP%GO:0032986	PROTEIN-DNA COMPLEX DISASSEMBLY%GOBP%GO:0032986		20	-0.6658727	-1.8625442	0.0019455253	0.009913781	0.8645	2674	tags=55%, list=20%, signal=68%	
REGULATION OF CENTROSOME CYCLE%GOBP%GO:0046605	REGULATION OF CENTROSOME CYCLE%GOBP%GO:0046605		52	-0.5380029	-1.859703	0.0	0.010253739	0.88	2050	tags=44%, list=15%, signal=52%	
E2F MEDIATED REGULATION OF DNA REPLICATION%REACTOME%R-HSA-113510.5	E2F MEDIATED REGULATION OF DNA REPLICATION%REACTOME%R-HSA-113510.5		22	-0.6510459	-1.859354	0.0019175456	0.010246551	0.8805	1637	tags=45%, list=12%, signal=52%	
CHROMOSOME CONDENSATION%GOBP%GO:0030261	CHROMOSOME CONDENSATION%GOBP%GO:0030261		20	-0.6549775	-1.8592746	9.852217E-4	0.010194727	0.8805	2691	tags=65%, list=20%, signal=81%	
SPINDLE LOCALIZATION%GOBP%GO:0051653	SPINDLE LOCALIZATION%GOBP%GO:0051653		48	-0.5405142	-1.8531849	0.0	0.0109420065	0.899	1986	tags=38%, list=15%, signal=44%	
TELOMERE MAINTENANCE%GOBP%GO:0000723	TELOMERE MAINTENANCE%GOBP%GO:0000723		70	-0.5013728	-1.8519616	0.0	0.011083841	0.9035	2136	tags=41%, list=16%, signal=49%	
NCAM1 INTERACTIONS%REACTOME%R-HSA-419037.4	NCAM1 INTERACTIONS%REACTOME%R-HSA-419037.4		25	-0.6253828	-1.8488288	0.0019212295	0.011477978	0.913	620	tags=32%, list=5%, signal=33%	
E-CADHERIN SIGNALING IN KERATINOCYTES%PATHWAY INTERACTION DATABASE NCI-NATURE CURATED DATA%E-CADHERIN SIGNALING IN KERATINOCYTES	E-CADHERIN SIGNALING IN KERATINOCYTES%PATHWAY INTERACTION DATABASE NCI-NATURE CURATED DATA%E-CADHERIN SIGNALING IN KERATINOCYTES		19	-0.6732549	-1.847222	0.002946955	0.011607009	0.917	515	tags=26%, list=4%, signal=27%	
FOXA1 TRANSCRIPTION FACTOR NETWORK%PATHWAY INTERACTION DATABASE NCI-NATURE CURATED DATA%FOXA1 TRANSCRIPTION FACTOR NETWORK	FOXA1 TRANSCRIPTION FACTOR NETWORK%PATHWAY INTERACTION DATABASE NCI-NATURE CURATED DATA%FOXA1 TRANSCRIPTION FACTOR NETWORK		26	-0.62344766	-1.8449967	9.478673E-4	0.011822014	0.922	167	tags=27%, list=1%, signal=27%	
NUCLEOSOME ASSEMBLY%GOBP%GO:0006334	NUCLEOSOME ASSEMBLY%GOBP%GO:0006334		37	-0.56973803	-1.8447387	9.451796E-4	0.011789823	0.9225	1657	tags=35%, list=12%, signal=40%	
HOMOLOGOUS CHROMOSOME SEGREGATION%GOBP%GO:0045143	HOMOLOGOUS CHROMOSOME SEGREGATION%GOBP%GO:0045143		21	-0.646036	-1.8409246	0.0020682523	0.01236034	0.934	3062	tags=57%, list=23%, signal=74%	
HEPARAN SULFATE HEPARIN (HS-GAG) METABOLISM%REACTOME%R-HSA-1638091.4	HEPARAN SULFATE HEPARIN (HS-GAG) METABOLISM%REACTOME%R-HSA-1638091.4		29	-0.60403544	-1.8408816	9.832842E-4	0.012299145	0.934	1911	tags=34%, list=14%, signal=40%	
HALLMARK_MITOTIC_SPINDLE%MSIGDBHALLMARK%HALLMARK_MITOTIC_SPINDLE	HALLMARK_MITOTIC_SPINDLE%MSIGDBHALLMARK%HALLMARK_MITOTIC_SPINDLE		151	-0.44952834	-1.839368	0.0	0.012460793	0.9365	2424	tags=40%, list=18%, signal=49%	
REGULATION OF DNA-TEMPLATED DNA REPLICATION%GOBP%GO:0090329	REGULATION OF DNA-TEMPLATED DNA REPLICATION%GOBP%GO:0090329		40	-0.5611021	-1.8385122	0.0	0.012508347	0.939	1861	tags=48%, list=14%, signal=55%	
MICROTUBULE POLYMERIZATION OR DEPOLYMERIZATION%GOBP%GO:0031109	MICROTUBULE POLYMERIZATION OR DEPOLYMERIZATION%GOBP%GO:0031109		51	-0.5400316	-1.8377101	0.0	0.012564154	0.94	2085	tags=33%, list=15%, signal=39%	
DNA DAMAGE CHECKPOINT SIGNALING%GOBP%GO:0000077	DNA DAMAGE CHECKPOINT SIGNALING%GOBP%GO:0000077		80	-0.48967785	-1.8336198	0.0	0.0131705655	0.9495	2146	tags=40%, list=16%, signal=47%	
POLYMERASE SWITCHING ON THE C-STRAND OF THE TELOMERE%REACTOME DATABASE ID RELEASE 95%174411	POLYMERASE SWITCHING ON THE C-STRAND OF THE TELOMERE%REACTOME DATABASE ID RELEASE 95%174411		24	-0.6351004	-1.8310069	0.002946955	0.013569211	0.955	2278	tags=63%, list=17%, signal=75%	
AURORA A SIGNALING%PATHWAY INTERACTION DATABASE NCI-NATURE CURATED DATA%AURORA A SIGNALING	AURORA A SIGNALING%PATHWAY INTERACTION DATABASE NCI-NATURE CURATED DATA%AURORA A SIGNALING		31	-0.5897716	-1.8273089	0.0028763183	0.014125337	0.958	1212	tags=42%, list=9%, signal=46%	
REGULATION OF SISTER CHROMATID COHESION%GOBP%GO:0007063	REGULATION OF SISTER CHROMATID COHESION%GOBP%GO:0007063		16	-0.6807256	-1.8260648	0.001002004	0.01432745	0.9615	3100	tags=69%, list=23%, signal=89%	
G1 TO S CELL CYCLE CONTROL%WIKIPATHWAYS_20260211%WP45%HOMO SAPIENS	G1 TO S CELL CYCLE CONTROL%WIKIPATHWAYS_20260211%WP45%HOMO SAPIENS		52	-0.526705	-1.8226875	9.6899224E-4	0.014875017	0.9675	2057	tags=38%, list=15%, signal=45%	
MICROTUBULE POLYMERIZATION%GOBP%GO:0046785	MICROTUBULE POLYMERIZATION%GOBP%GO:0046785		39	-0.5458817	-1.8158728	9.3196647E-4	0.016049244	0.974	890	tags=26%, list=7%, signal=27%	
NUCLEOSOME ORGANIZATION%GOBP%GO:0034728	NUCLEOSOME ORGANIZATION%GOBP%GO:0034728		55	-0.5213009	-1.8131888	0.0	0.016443683	0.9765	1657	tags=31%, list=12%, signal=35%	
NEGATIVE REGULATION OF MITOTIC CELL CYCLE PHASE TRANSITION%GOBP%GO:1901991	NEGATIVE REGULATION OF MITOTIC CELL CYCLE PHASE TRANSITION%GOBP%GO:1901991		124	-0.45494935	-1.8124714	0.0	0.01646594	0.977	2087	tags=36%, list=15%, signal=43%	
PROTEIN LOCALIZATION TO CHROMOSOME, CENTROMERIC REGION%GOBP%GO:0071459	PROTEIN LOCALIZATION TO CHROMOSOME, CENTROMERIC REGION%GOBP%GO:0071459		16	-0.6841345	-1.8103384	0.0019665684	0.016819911	0.978	2320	tags=63%, list=17%, signal=75%	
POSITIVE REGULATION OF SYNAPSE ASSEMBLY%GOBP%GO:0051965	POSITIVE REGULATION OF SYNAPSE ASSEMBLY%GOBP%GO:0051965		23	-0.6216546	-1.8083185	0.003842459	0.017121304	0.9785	2878	tags=61%, list=21%, signal=77%	
NEGATIVE REGULATION OF MITOTIC NUCLEAR DIVISION%GOBP%GO:0045839	NEGATIVE REGULATION OF MITOTIC NUCLEAR DIVISION%GOBP%GO:0045839		33	-0.57545197	-1.8077033	9.5328887E-4	0.017159127	0.979	1428	tags=39%, list=11%, signal=44%	
CELL CYCLE PHASE TRANSITION%GOBP%GO:0044770	CELL CYCLE PHASE TRANSITION%GOBP%GO:0044770		118	-0.45131978	-1.8056928	0.0	0.017484039	0.98	2185	tags=39%, list=16%, signal=46%	
ESTABLISHMENT OF SPINDLE LOCALIZATION%GOBP%GO:0051293	ESTABLISHMENT OF SPINDLE LOCALIZATION%GOBP%GO:0051293		47	-0.5305957	-1.7986941	9.3896716E-4	0.018878017	0.9865	1986	tags=36%, list=15%, signal=42%	
TELOMERE ORGANIZATION%GOBP%GO:0032200	TELOMERE ORGANIZATION%GOBP%GO:0032200		71	-0.48668098	-1.7955043	9.328358E-4	0.019515792	0.9895	2136	tags=41%, list=16%, signal=48%	
HS-GAG BIOSYNTHESIS%REACTOME DATABASE ID RELEASE 95%2022928	HS-GAG BIOSYNTHESIS%REACTOME DATABASE ID RELEASE 95%2022928		23	-0.61899817	-1.7948567	9.67118E-4	0.019569019	0.9895	1911	tags=39%, list=14%, signal=45%	
POSITIVE REGULATION OF CHROMOSOME SEGREGATION%GOBP%GO:0051984	POSITIVE REGULATION OF CHROMOSOME SEGREGATION%GOBP%GO:0051984		21	-0.6236639	-1.792155	0.002979146	0.020136196	0.9915	3280	tags=76%, list=24%, signal=100%	
COLUMNAR/CUBOIDAL EPITHELIAL CELL DIFFERENTIATION%GOBP%GO:0002065	COLUMNAR/CUBOIDAL EPITHELIAL CELL DIFFERENTIATION%GOBP%GO:0002065		25	-0.60820854	-1.7908901	0.0048590866	0.020350143	0.9925	1797	tags=36%, list=13%, signal=41%	
PYRIMIDINE NUCLEOTIDE BIOSYNTHETIC PROCESS%GOBP%GO:0006221	PYRIMIDINE NUCLEOTIDE BIOSYNTHETIC PROCESS%GOBP%GO:0006221		20	-0.6412597	-1.7891524	0.0019455253	0.020700663	0.9935	1572	tags=40%, list=12%, signal=45%	
MICROTUBULE NUCLEATION%GOBP%GO:0007020	MICROTUBULE NUCLEATION%GOBP%GO:0007020		31	-0.5798819	-1.786876	0.0028625955	0.021154307	0.9945	752	tags=29%, list=6%, signal=31%	
HDR THROUGH SINGLE STRAND ANNEALING (SSA)%REACTOME%R-HSA-5685938.3	HDR THROUGH SINGLE STRAND ANNEALING (SSA)%REACTOME%R-HSA-5685938.3		36	-0.5589098	-1.7867391	0.0029498525	0.021096922	0.9945	2437	tags=56%, list=18%, signal=68%	
ATTACHMENT OF MITOTIC SPINDLE MICROTUBULES TO KINETOCHORE%GOBP%GO:0051315	ATTACHMENT OF MITOTIC SPINDLE MICROTUBULES TO KINETOCHORE%GOBP%GO:0051315		17	-0.6578499	-1.7843853	0.003125	0.021558326	0.9945	2359	tags=65%, list=17%, signal=78%	
CHROMOSOME ORGANIZATION INVOLVED IN MEIOTIC CELL CYCLE%GOBP%GO:0070192	CHROMOSOME ORGANIZATION INVOLVED IN MEIOTIC CELL CYCLE%GOBP%GO:0070192		23	-0.6127689	-1.7824167	9.380863E-4	0.021980334	0.9945	2858	tags=57%, list=21%, signal=72%	
PCNA-DEPENDENT LONG PATCH BASE EXCISION REPAIR%REACTOME DATABASE ID RELEASE 95%5651801	PCNA-DEPENDENT LONG PATCH BASE EXCISION REPAIR%REACTOME DATABASE ID RELEASE 95%5651801		21	-0.6275066	-1.77615	0.007866274	0.023406832	0.996	2278	tags=62%, list=17%, signal=74%	
DISEASES OF PROGRAMMED CELL DEATH%REACTOME%R-HSA-9645723.8	DISEASES OF PROGRAMMED CELL DEATH%REACTOME%R-HSA-9645723.8		40	-0.538892	-1.7715833	0.0	0.024540342	0.9975	1597	tags=38%, list=12%, signal=42%	
SUMOYLATION OF DNA REPLICATION PROTEINS%REACTOME DATABASE ID RELEASE 95%4615885	SUMOYLATION OF DNA REPLICATION PROTEINS%REACTOME DATABASE ID RELEASE 95%4615885		42	-0.5371522	-1.7664655	9.910803E-4	0.025932547	0.998	2161	tags=43%, list=16%, signal=51%	
RESOLUTION OF AP SITES VIA THE MULTIPLE-NUCLEOTIDE PATCH REPLACEMENT PATHWAY%REACTOME DATABASE ID RELEASE 95%110373	RESOLUTION OF AP SITES VIA THE MULTIPLE-NUCLEOTIDE PATCH REPLACEMENT PATHWAY%REACTOME DATABASE ID RELEASE 95%110373		24	-0.60721797	-1.7654198	0.0049067712	0.026083505	0.9985	2278	tags=54%, list=17%, signal=65%	
NEGATIVE REGULATION OF MITOTIC CELL CYCLE%GOBP%GO:0045930	NEGATIVE REGULATION OF MITOTIC CELL CYCLE%GOBP%GO:0045930		159	-0.42737213	-1.763427	0.0	0.02648779	0.999	2192	tags=35%, list=16%, signal=41%	
DNA STRAND ELONGATION%GOBP%GO:0022616	DNA STRAND ELONGATION%GOBP%GO:0022616		19	-0.6310071	-1.756662	0.004816956	0.028468853	1.0	2278	tags=68%, list=17%, signal=82%	
SIGNAL TRANSDUCTION IN RESPONSE TO DNA DAMAGE%GOBP%GO:0042770	SIGNAL TRANSDUCTION IN RESPONSE TO DNA DAMAGE%GOBP%GO:0042770		120	-0.44314596	-1.7545148	0.0	0.029050991	1.0	2146	tags=33%, list=16%, signal=39%	
PID_ATR_PATHWAY%MSIGDB_C2%PID_ATR_PATHWAY	PID_ATR_PATHWAY%MSIGDB_C2%PID_ATR_PATHWAY		31	-0.5663509	-1.7508935	0.0049309665	0.03032119	1.0	2278	tags=61%, list=17%, signal=74%	
BIOCARTA_ATRBRCA_PATHWAY%MSIGDB_C2%BIOCARTA_ATRBRCA_PATHWAY	BIOCARTA_ATRBRCA_PATHWAY%MSIGDB_C2%BIOCARTA_ATRBRCA_PATHWAY		20	-0.618116	-1.7502077	0.0029498525	0.030428067	1.0	2146	tags=65%, list=16%, signal=77%	
MITOTIC CELL CYCLE PHASE TRANSITION%GOBP%GO:0044772	MITOTIC CELL CYCLE PHASE TRANSITION%GOBP%GO:0044772		107	-0.44580472	-1.7492009	0.0	0.030655084	1.0	2185	tags=39%, list=16%, signal=46%	
PROTEIN LOCALIZATION TO CHROMOSOME%GOBP%GO:0034502	PROTEIN LOCALIZATION TO CHROMOSOME%GOBP%GO:0034502		68	-0.47680068	-1.7488979	0.0	0.030617004	1.0	2320	tags=44%, list=17%, signal=53%	
COHESIN COMPLEX CORNELIA DE LANGE SYNDROME%WIKIPATHWAYS_20260211%WP5117%HOMO SAPIENS	COHESIN COMPLEX CORNELIA DE LANGE SYNDROME%WIKIPATHWAYS_20260211%WP5117%HOMO SAPIENS		27	-0.57812816	-1.7460663	0.0019607844	0.03137099	1.0	2276	tags=48%, list=17%, signal=58%	
MEIOTIC RECOMBINATION%REACTOME DATABASE ID RELEASE 95%912446	MEIOTIC RECOMBINATION%REACTOME DATABASE ID RELEASE 95%912446		22	-0.5959993	-1.7397523	0.0020120724	0.033433963	1.0	2057	tags=50%, list=15%, signal=59%	
REGULATION OF CYTOKINESIS%GOBP%GO:0032465	REGULATION OF CYTOKINESIS%GOBP%GO:0032465		80	-0.46506655	-1.7361405	0.0	0.03457104	1.0	2281	tags=36%, list=17%, signal=43%	
BARD1 SIGNALING EVENTS%PATHWAY INTERACTION DATABASE NCI-NATURE CURATED DATA%BARD1 SIGNALING EVENTS	BARD1 SIGNALING EVENTS%PATHWAY INTERACTION DATABASE NCI-NATURE CURATED DATA%BARD1 SIGNALING EVENTS		27	-0.57638276	-1.7335441	0.0058651026	0.0353637	1.0	1877	tags=48%, list=14%, signal=56%	
DNA SYNTHESIS INVOLVED IN DNA REPLICATION%GOBP%GO:0090592	DNA SYNTHESIS INVOLVED IN DNA REPLICATION%GOBP%GO:0090592		25	-0.58060795	-1.7266684	0.004789272	0.03787857	1.0	1927	tags=44%, list=14%, signal=51%	
KINESINS%REACTOME%R-HSA-983189.5	KINESINS%REACTOME%R-HSA-983189.5		39	-0.52343786	-1.7236086	0.0040816325	0.03901206	1.0	2386	tags=46%, list=18%, signal=56%	
NUCLEAR ENVELOPE BREAKDOWN%REACTOME%R-HSA-2980766.4	NUCLEAR ENVELOPE BREAKDOWN%REACTOME%R-HSA-2980766.4		44	-0.51346046	-1.7228351	0.0019436346	0.03914752	1.0	2161	tags=41%, list=16%, signal=49%	
GNAQ P R183Q DRIVES CAPILLARY MALFORMATION%WIKIPATHWAYS_20260211%WP5501%HOMO SAPIENS	GNAQ P R183Q DRIVES CAPILLARY MALFORMATION%WIKIPATHWAYS_20260211%WP5501%HOMO SAPIENS		19	-0.6284394	-1.7224668	0.0048875855	0.03912285	1.0	2513	tags=42%, list=19%, signal=52%	
IN UTERO EMBRYONIC DEVELOPMENT%GOBP%GO:0001701	IN UTERO EMBRYONIC DEVELOPMENT%GOBP%GO:0001701		38	-0.5328188	-1.7202102	9.699321E-4	0.039941475	1.0	2128	tags=32%, list=16%, signal=37%	
PROCESSIVE SYNTHESIS ON THE C-STRAND OF THE TELOMERE%REACTOME DATABASE ID RELEASE 95%174414	PROCESSIVE SYNTHESIS ON THE C-STRAND OF THE TELOMERE%REACTOME DATABASE ID RELEASE 95%174414		19	-0.6207387	-1.7199742	0.008832188	0.03986613	1.0	2057	tags=53%, list=15%, signal=62%	
GASTRIC CANCER NETWORK 2%WIKIPATHWAYS_20260211%WP2363%HOMO SAPIENS	GASTRIC CANCER NETWORK 2%WIKIPATHWAYS_20260211%WP2363%HOMO SAPIENS		24	-0.5877024	-1.7179415	0.0068292683	0.040620584	1.0	2742	tags=58%, list=20%, signal=73%	
ACETYLCHOLINE RECEPTOR SIGNALING PATHWAY%GOBP%GO:0095500	ACETYLCHOLINE RECEPTOR SIGNALING PATHWAY%GOBP%GO:0095500		23	-0.5944404	-1.7167089	0.0058881254	0.040995773	1.0	3168	tags=57%, list=23%, signal=74%	
NCAM SIGNALING FOR NEURITE OUT-GROWTH%REACTOME DATABASE ID RELEASE 95%375165	NCAM SIGNALING FOR NEURITE OUT-GROWTH%REACTOME DATABASE ID RELEASE 95%375165		40	-0.5166106	-1.7147586	0.0038647342	0.04166403	1.0	620	tags=23%, list=5%, signal=24%	
HOMOLOGOUS CHROMOSOME PAIRING AT MEIOSIS%GOBP%GO:0007129	HOMOLOGOUS CHROMOSOME PAIRING AT MEIOSIS%GOBP%GO:0007129		17	-0.64632773	-1.7141979	0.0028985508	0.04172215	1.0	2858	tags=53%, list=21%, signal=67%	
REGULATION OF DNA BIOSYNTHETIC PROCESS%GOBP%GO:2000278	REGULATION OF DNA BIOSYNTHETIC PROCESS%GOBP%GO:2000278		66	-0.47591817	-1.7135637	0.0028763183	0.04184076	1.0	2772	tags=42%, list=21%, signal=53%	
ESTABLISHMENT OF MITOTIC SPINDLE LOCALIZATION%GOBP%GO:0040001	ESTABLISHMENT OF MITOTIC SPINDLE LOCALIZATION%GOBP%GO:0040001		33	-0.53679365	-1.7125075	0.0029041627	0.04213295	1.0	1986	tags=36%, list=15%, signal=43%	
POSTSYNAPTIC SIGNAL TRANSDUCTION%GOBP%GO:0098926	POSTSYNAPTIC SIGNAL TRANSDUCTION%GOBP%GO:0098926		26	-0.5678067	-1.7106467	0.0048828125	0.042745423	1.0	3286	tags=58%, list=24%, signal=76%	
NEGATIVE REGULATION OF REPRODUCTIVE PROCESS%GOBP%GO:2000242	NEGATIVE REGULATION OF REPRODUCTIVE PROCESS%GOBP%GO:2000242		22	-0.6007522	-1.7106363	0.005952381	0.04256907	1.0	2285	tags=36%, list=17%, signal=44%	
MITOTIC INTRA-S DNA DAMAGE CHECKPOINT SIGNALING%GOBP%GO:0031573	MITOTIC INTRA-S DNA DAMAGE CHECKPOINT SIGNALING%GOBP%GO:0031573		16	-0.64149326	-1.709487	0.006815969	0.042836804	1.0	1282	tags=50%, list=9%, signal=55%	
AURORA B SIGNALING%PATHWAY INTERACTION DATABASE NCI-NATURE CURATED DATA%AURORA B SIGNALING	AURORA B SIGNALING%PATHWAY INTERACTION DATABASE NCI-NATURE CURATED DATA%AURORA B SIGNALING		37	-0.5271514	-1.7091097	0.0	0.042835485	1.0	1720	tags=46%, list=13%, signal=53%	
TELOMERE MAINTENANCE%REACTOME DATABASE ID RELEASE 95%157579	TELOMERE MAINTENANCE%REACTOME DATABASE ID RELEASE 95%157579		63	-0.48056874	-1.7037315	0.0	0.045301124	1.0	2057	tags=46%, list=15%, signal=54%	
SUMOYLATION OF DNA DAMAGE RESPONSE AND REPAIR PROTEINS%REACTOME%R-HSA-3108214.4	SUMOYLATION OF DNA DAMAGE RESPONSE AND REPAIR PROTEINS%REACTOME%R-HSA-3108214.4		69	-0.46488136	-1.7008425	0.0	0.04653426	1.0	2228	tags=38%, list=16%, signal=45%	
POSITIVE REGULATION OF DNA REPLICATION%GOBP%GO:0045740	POSITIVE REGULATION OF DNA REPLICATION%GOBP%GO:0045740		32	-0.5441239	-1.7005993	0.004995005	0.04647294	1.0	2045	tags=47%, list=15%, signal=55%	
G2 M DNA DAMAGE CHECKPOINT%REACTOME%R-HSA-69473.7	G2 M DNA DAMAGE CHECKPOINT%REACTOME%R-HSA-69473.7		57	-0.4860135	-1.6988766	9.7276265E-4	0.047092903	1.0	2426	tags=49%, list=18%, signal=60%	
CELLULAR RESPONSE TO ACETYLCHOLINE%GOBP%GO:1905145	CELLULAR RESPONSE TO ACETYLCHOLINE%GOBP%GO:1905145		25	-0.5733063	-1.6965221	0.0067178505	0.047994845	1.0	3575	tags=60%, list=26%, signal=81%	
ATR SIGNALING PATHWAY%PATHWAY INTERACTION DATABASE NCI-NATURE CURATED DATA%ATR SIGNALING PATHWAY	ATR SIGNALING PATHWAY%PATHWAY INTERACTION DATABASE NCI-NATURE CURATED DATA%ATR SIGNALING PATHWAY		38	-0.5223098	-1.6957592	0.008806262	0.048160262	1.0	2278	tags=58%, list=17%, signal=69%	
TP53 REGULATES TRANSCRIPTION OF GENES INVOLVED IN G2 CELL CYCLE ARREST%REACTOME%R-HSA-6804114.3	TP53 REGULATES TRANSCRIPTION OF GENES INVOLVED IN G2 CELL CYCLE ARREST%REACTOME%R-HSA-6804114.3		17	-0.62921196	-1.6956191	0.008928572	0.04805122	1.0	2639	tags=53%, list=20%, signal=66%	
EXTRACELLULAR MATRIX ASSEMBLY%GOBP%GO:0085029	EXTRACELLULAR MATRIX ASSEMBLY%GOBP%GO:0085029		18	-0.6157862	-1.6940792	0.0048732944	0.04863619	1.0	3748	tags=61%, list=28%, signal=84%	
S PHASE%REACTOME%R-HSA-69242.5	S PHASE%REACTOME%R-HSA-69242.5		149	-0.4096222	-1.6940511	0.0	0.048452552	1.0	2278	tags=36%, list=17%, signal=42%	
MITOTIC PROPHASE%REACTOME%R-HSA-68875.7	MITOTIC PROPHASE%REACTOME%R-HSA-68875.7		70	-0.46567082	-1.6897851	9.4339624E-4	0.050260756	1.0	2185	tags=40%, list=16%, signal=47%	
MEIOTIC CHROMOSOME SEGREGATION%GOBP%GO:0045132	MEIOTIC CHROMOSOME SEGREGATION%GOBP%GO:0045132		32	-0.53362674	-1.6869822	0.0019646366	0.051417176	1.0	2462	tags=53%, list=18%, signal=65%	
MITOTIC RECOMBINATION%GOBP%GO:0006312	MITOTIC RECOMBINATION%GOBP%GO:0006312		18	-0.61597437	-1.6867318	0.0078125	0.051347263	1.0	2984	tags=67%, list=22%, signal=85%	
REPRODUCTION%REACTOME%R-HSA-1474165.7	REPRODUCTION%REACTOME%R-HSA-1474165.7		60	-0.4747045	-1.6865731	0.0018709074	0.051212363	1.0	2057	tags=37%, list=15%, signal=43%	
PID_BARD1_PATHWAY%MSIGDB_C2%PID_BARD1_PATHWAY	PID_BARD1_PATHWAY%MSIGDB_C2%PID_BARD1_PATHWAY		26	-0.5691758	-1.6862807	0.010638298	0.051174715	1.0	1877	tags=50%, list=14%, signal=58%	
POSITIVE REGULATION OF CELL CYCLE G1/S PHASE TRANSITION%GOBP%GO:1902808	POSITIVE REGULATION OF CELL CYCLE G1/S PHASE TRANSITION%GOBP%GO:1902808		38	-0.5212822	-1.6861708	0.0055452865	0.051014	1.0	2576	tags=53%, list=19%, signal=65%	
HALLMARK_APICAL_JUNCTION%MSIGDBHALLMARK%HALLMARK_APICAL_JUNCTION	HALLMARK_APICAL_JUNCTION%MSIGDBHALLMARK%HALLMARK_APICAL_JUNCTION		113	-0.4277876	-1.6855378	0.0	0.051121615	1.0	2301	tags=32%, list=17%, signal=38%	
REGULATION OF MICROTUBULE NUCLEATION%GOBP%GO:0010968	REGULATION OF MICROTUBULE NUCLEATION%GOBP%GO:0010968		17	-0.63668334	-1.6818237	0.013435701	0.052815814	1.0	1504	tags=41%, list=11%, signal=46%	
RESPONSE TO ACETYLCHOLINE%GOBP%GO:1905144	RESPONSE TO ACETYLCHOLINE%GOBP%GO:1905144		25	-0.5733063	-1.6796503	0.009803922	0.0537015	1.0	3575	tags=60%, list=26%, signal=81%	
TRANSPORT OF MATURE TRANSCRIPT TO CYTOPLASM%REACTOME DATABASE ID RELEASE 95%72202	TRANSPORT OF MATURE TRANSCRIPT TO CYTOPLASM%REACTOME DATABASE ID RELEASE 95%72202		76	-0.45063624	-1.6783068	0.0	0.05425657	1.0	3142	tags=42%, list=23%, signal=55%	
NEGATIVE REGULATION OF DNA REPLICATION%GOBP%GO:0008156	NEGATIVE REGULATION OF DNA REPLICATION%GOBP%GO:0008156		22	-0.5719597	-1.670109	0.010731707	0.05850814	1.0	1787	tags=45%, list=13%, signal=52%	
PROTEIN POLYMERIZATION%GOBP%GO:0051258	PROTEIN POLYMERIZATION%GOBP%GO:0051258		74	-0.45283183	-1.6644166	9.6525095E-4	0.061502848	1.0	1284	tags=26%, list=10%, signal=28%	
NEGATIVE REGULATION OF CDH1 GENE TRANSCRIPTION%REACTOME%R-HSA-9764725.1	NEGATIVE REGULATION OF CDH1 GENE TRANSCRIPTION%REACTOME%R-HSA-9764725.1		28	-0.54278034	-1.6633773	0.01	0.06181795	1.0	1737	tags=36%, list=13%, signal=41%	
REGULATION OF CELL CYCLE CHECKPOINT%GOBP%GO:1901976	REGULATION OF CELL CYCLE CHECKPOINT%GOBP%GO:1901976		49	-0.48489565	-1.6614883	0.00591133	0.06269231	1.0	1720	tags=37%, list=13%, signal=42%	
POSITIVE REGULATION OF G1/S TRANSITION OF MITOTIC CELL CYCLE%GOBP%GO:1900087	POSITIVE REGULATION OF G1/S TRANSITION OF MITOTIC CELL CYCLE%GOBP%GO:1900087		29	-0.54497653	-1.6607404	0.005830904	0.062887974	1.0	2576	tags=55%, list=19%, signal=68%	
NUCLEAR ENVELOPE (NE) REASSEMBLY%REACTOME DATABASE ID RELEASE 95%2995410	NUCLEAR ENVELOPE (NE) REASSEMBLY%REACTOME DATABASE ID RELEASE 95%2995410		64	-0.46723393	-1.6606854	0.0019493178	0.06268215	1.0	3235	tags=48%, list=24%, signal=63%	
BASE EXCISION REPAIR%REACTOME DATABASE ID RELEASE 95%73884	BASE EXCISION REPAIR%REACTOME DATABASE ID RELEASE 95%73884		42	-0.49107596	-1.6545961	0.0067307693	0.06606355	1.0	2278	tags=48%, list=17%, signal=57%	
REGULATION OF CDH1 GENE TRANSCRIPTION%REACTOME%R-HSA-9764560.1	REGULATION OF CDH1 GENE TRANSCRIPTION%REACTOME%R-HSA-9764560.1		36	-0.51720023	-1.6544974	0.0059701493	0.065877	1.0	1737	tags=36%, list=13%, signal=41%	
SEPARATION OF SISTER CHROMATIDS%REACTOME DATABASE ID RELEASE 95%2467813	SEPARATION OF SISTER CHROMATIDS%REACTOME DATABASE ID RELEASE 95%2467813		150	-0.40380695	-1.6525822	0.0	0.06687531	1.0	1790	tags=31%, list=13%, signal=35%	
POSITIVE REGULATION OF METAPHASE/ANAPHASE TRANSITION OF CELL CYCLE%GOBP%GO:1902101	POSITIVE REGULATION OF METAPHASE/ANAPHASE TRANSITION OF CELL CYCLE%GOBP%GO:1902101		17	-0.6056113	-1.6513096	0.015166835	0.06738339	1.0	1656	tags=41%, list=12%, signal=47%	
REGULATION OF CENTROSOME DUPLICATION%GOBP%GO:0010824	REGULATION OF CENTROSOME DUPLICATION%GOBP%GO:0010824		46	-0.48801085	-1.6506462	9.6525095E-4	0.06757255	1.0	2050	tags=39%, list=15%, signal=46%	
TRANS SULFURATION ONE CARBON METABOLISM AND RELATED PATHWAYS%WIKIPATHWAYS_20260211%WP2525%HOMO SAPIENS	TRANS SULFURATION ONE CARBON METABOLISM AND RELATED PATHWAYS%WIKIPATHWAYS_20260211%WP2525%HOMO SAPIENS		38	-0.5046494	-1.6503358	0.0065055764	0.067524806	1.0	1647	tags=37%, list=12%, signal=42%	
POSITIVE REGULATION OF CHROMOSOME ORGANIZATION%GOBP%GO:2001252	POSITIVE REGULATION OF CHROMOSOME ORGANIZATION%GOBP%GO:2001252		80	-0.439484	-1.64932	0.0	0.06786902	1.0	1829	tags=34%, list=14%, signal=39%	
MITOTIC G2/M TRANSITION CHECKPOINT%GOBP%GO:0044818	MITOTIC G2/M TRANSITION CHECKPOINT%GOBP%GO:0044818		44	-0.49230188	-1.648065	0.006641366	0.06841151	1.0	1912	tags=41%, list=14%, signal=47%	
MORPHOGENESIS OF A POLARIZED EPITHELIUM%GOBP%GO:0001738	MORPHOGENESIS OF A POLARIZED EPITHELIUM%GOBP%GO:0001738		23	-0.570592	-1.6444827	0.013026052	0.070532106	1.0	3221	tags=48%, list=24%, signal=63%	
TRANSPORT OF MATURE MRNA DERIVED FROM AN INTRON-CONTAINING TRANSCRIPT%REACTOME DATABASE ID RELEASE 95%159236	TRANSPORT OF MATURE MRNA DERIVED FROM AN INTRON-CONTAINING TRANSCRIPT%REACTOME DATABASE ID RELEASE 95%159236		67	-0.45827308	-1.6432208	9.4428705E-4	0.07110651	1.0	2161	tags=33%, list=16%, signal=39%	
DNA REPLICATION%REACTOME%R-HSA-69306.9	DNA REPLICATION%REACTOME%R-HSA-69306.9		121	-0.41698894	-1.6422789	9.487666E-4	0.07146703	1.0	2151	tags=36%, list=16%, signal=43%	
PROCESSING OF DNA DOUBLE-STRAND BREAK ENDS%REACTOME%R-HSA-5693607.4	PROCESSING OF DNA DOUBLE-STRAND BREAK ENDS%REACTOME%R-HSA-5693607.4		59	-0.46207526	-1.6400323	0.0048123198	0.072681755	1.0	2312	tags=42%, list=17%, signal=51%	
MITOTIC G2 DNA DAMAGE CHECKPOINT SIGNALING%GOBP%GO:0007095	MITOTIC G2 DNA DAMAGE CHECKPOINT SIGNALING%GOBP%GO:0007095		26	-0.54645807	-1.6389501	0.0067307693	0.073148414	1.0	1912	tags=46%, list=14%, signal=54%	
MECP2 AND ASSOCIATED RETT SYNDROME%WIKIPATHWAYS_20260211%WP3584%HOMO SAPIENS	MECP2 AND ASSOCIATED RETT SYNDROME%WIKIPATHWAYS_20260211%WP3584%HOMO SAPIENS		50	-0.4758863	-1.6387471	0.0060362173	0.07301152	1.0	2454	tags=42%, list=18%, signal=51%	
EMBRYONIC EPITHELIAL TUBE FORMATION%GOBP%GO:0001838	EMBRYONIC EPITHELIAL TUBE FORMATION%GOBP%GO:0001838		34	-0.5174971	-1.6355531	0.016064256	0.07493865	1.0	914	tags=21%, list=7%, signal=22%	
PYRIMIDINE-CONTAINING COMPOUND BIOSYNTHETIC PROCESS%GOBP%GO:0072528	PYRIMIDINE-CONTAINING COMPOUND BIOSYNTHETIC PROCESS%GOBP%GO:0072528		26	-0.5558496	-1.6345112	0.014299333	0.0754398	1.0	1572	tags=38%, list=12%, signal=43%	
AXON GUIDANCE%GOBP%GO:0007411	AXON GUIDANCE%GOBP%GO:0007411		116	-0.4128007	-1.6344303	0.0	0.075224966	1.0	1890	tags=26%, list=14%, signal=30%	
PROTEIN LOCALIZATION TO CHROMATIN%GOBP%GO:0071168	PROTEIN LOCALIZATION TO CHROMATIN%GOBP%GO:0071168		26	-0.5425705	-1.6341563	0.014299333	0.0751533	1.0	1971	tags=46%, list=15%, signal=54%	
SEMAPHORIN-PLEXIN SIGNALING PATHWAY%GOBP%GO:0071526	SEMAPHORIN-PLEXIN SIGNALING PATHWAY%GOBP%GO:0071526		37	-0.50977194	-1.6338365	0.010628019	0.07513699	1.0	1887	tags=32%, list=14%, signal=38%	
POSITIVE REGULATION OF MITOTIC METAPHASE/ANAPHASE TRANSITION%GOBP%GO:0045842	POSITIVE REGULATION OF MITOTIC METAPHASE/ANAPHASE TRANSITION%GOBP%GO:0045842		17	-0.6056113	-1.6325705	0.01875617	0.07572271	1.0	1656	tags=41%, list=12%, signal=47%	
MAMMARY GLAND DEVELOPMENT PREGNANCY AND LACTATION STAGE 3 OF 4%WIKIPATHWAYS_20260211%WP2817%HOMO SAPIENS	MAMMARY GLAND DEVELOPMENT PREGNANCY AND LACTATION STAGE 3 OF 4%WIKIPATHWAYS_20260211%WP2817%HOMO SAPIENS		27	-0.5455379	-1.6315427	0.012310606	0.07621221	1.0	2966	tags=48%, list=22%, signal=62%	
APICAL JUNCTION ASSEMBLY%GOBP%GO:0043297	APICAL JUNCTION ASSEMBLY%GOBP%GO:0043297		24	-0.56454355	-1.6310958	0.015503876	0.076257594	1.0	3330	tags=54%, list=25%, signal=72%	
NEURON PROJECTION GUIDANCE%GOBP%GO:0097485	NEURON PROJECTION GUIDANCE%GOBP%GO:0097485		117	-0.4105706	-1.6292791	9.478673E-4	0.07728147	1.0	1890	tags=26%, list=14%, signal=30%	
POSITIVE REGULATION OF DNA BIOSYNTHETIC PROCESS%GOBP%GO:2000573	POSITIVE REGULATION OF DNA BIOSYNTHETIC PROCESS%GOBP%GO:2000573		39	-0.49677932	-1.6289105	0.003872217	0.07724541	1.0	2772	tags=46%, list=21%, signal=58%	
POSITIVE REGULATION OF CILIUM ASSEMBLY%GOBP%GO:0045724	POSITIVE REGULATION OF CILIUM ASSEMBLY%GOBP%GO:0045724		22	-0.573498	-1.6257015	0.013108614	0.0792377	1.0	2372	tags=50%, list=18%, signal=61%	
TRANSLESION SYNTHESIS%GOBP%GO:0019985	TRANSLESION SYNTHESIS%GOBP%GO:0019985		24	-0.55431527	-1.622363	0.016732283	0.081458434	1.0	1927	tags=42%, list=14%, signal=49%	
CELL DIVISION%GOBP%GO:0051301	CELL DIVISION%GOBP%GO:0051301		127	-0.40512216	-1.6206053	9.337068E-4	0.08246442	1.0	2285	tags=32%, list=17%, signal=38%	
G0 AND EARLY G1%REACTOME DATABASE ID RELEASE 95%1538133	G0 AND EARLY G1%REACTOME DATABASE ID RELEASE 95%1538133		27	-0.538965	-1.6194227	0.0068292683	0.08306913	1.0	2069	tags=41%, list=15%, signal=48%	
REGULATION OF MICROTUBULE POLYMERIZATION OR DEPOLYMERIZATION%GOBP%GO:0031110	REGULATION OF MICROTUBULE POLYMERIZATION OR DEPOLYMERIZATION%GOBP%GO:0031110		77	-0.43074718	-1.6191825	0.0047528516	0.0829625	1.0	2135	tags=34%, list=16%, signal=40%	
REGULATION OF SPINDLE ORGANIZATION%GOBP%GO:0090224	REGULATION OF SPINDLE ORGANIZATION%GOBP%GO:0090224		43	-0.48957905	-1.6183527	0.007944389	0.08330904	1.0	1600	tags=30%, list=12%, signal=34%	
VOLTAGE GATED POTASSIUM CHANNELS%REACTOME%R-HSA-1296072.4	VOLTAGE GATED POTASSIUM CHANNELS%REACTOME%R-HSA-1296072.4		21	-0.5677752	-1.6169492	0.023880597	0.08411543	1.0	1333	tags=29%, list=10%, signal=32%	
MEIOTIC SYNAPSIS%REACTOME%R-HSA-1221632.3	MEIOTIC SYNAPSIS%REACTOME%R-HSA-1221632.3		23	-0.55684	-1.6164482	0.014005602	0.08425754	1.0	2005	tags=48%, list=15%, signal=56%	
CELL-CELL JUNCTION ASSEMBLY%GOBP%GO:0007043	CELL-CELL JUNCTION ASSEMBLY%GOBP%GO:0007043		61	-0.45586282	-1.6116374	0.004854369	0.08775635	1.0	2870	tags=36%, list=21%, signal=46%	
PAR1-MEDIATED THROMBIN SIGNALING EVENTS%PATHWAY INTERACTION DATABASE NCI-NATURE CURATED DATA%PAR1-MEDIATED THROMBIN SIGNALING EVENTS	PAR1-MEDIATED THROMBIN SIGNALING EVENTS%PATHWAY INTERACTION DATABASE NCI-NATURE CURATED DATA%PAR1-MEDIATED THROMBIN SIGNALING EVENTS		34	-0.5064913	-1.6058544	0.014985015	0.091934025	1.0	1292	tags=29%, list=10%, signal=32%	
RHOC GTPASE CYCLE%REACTOME%R-HSA-9013106.2	RHOC GTPASE CYCLE%REACTOME%R-HSA-9013106.2		68	-0.44171625	-1.6042341	0.0038387715	0.092938334	1.0	1351	tags=26%, list=10%, signal=29%	
RESOLUTION OF ABASIC SITES (AP SITES)%REACTOME DATABASE ID RELEASE 95%73933	RESOLUTION OF ABASIC SITES (AP SITES)%REACTOME DATABASE ID RELEASE 95%73933		35	-0.50550056	-1.6029621	0.009606148	0.09360356	1.0	2278	tags=49%, list=17%, signal=58%	
REGULATION OF MICROTUBULE-BASED PROCESS%GOBP%GO:0032886	REGULATION OF MICROTUBULE-BASED PROCESS%GOBP%GO:0032886		200	-0.37957293	-1.6028879	0.0	0.093346484	1.0	2135	tags=29%, list=16%, signal=34%	
TP53 REGULATES TRANSCRIPTION OF CELL CYCLE GENES%REACTOME%R-HSA-6791312.6	TP53 REGULATES TRANSCRIPTION OF CELL CYCLE GENES%REACTOME%R-HSA-6791312.6		46	-0.4735759	-1.6022955	0.011299435	0.093552865	1.0	3319	tags=48%, list=25%, signal=63%	
BASE-EXCISION REPAIR%GOBP%GO:0006284	BASE-EXCISION REPAIR%GOBP%GO:0006284		40	-0.48702157	-1.6019003	0.010794897	0.09357779	1.0	2057	tags=35%, list=15%, signal=41%	
INTERCONVERSION OF NUCLEOTIDE DI- AND TRIPHOSPHATES%REACTOME DATABASE ID RELEASE 95%499943	INTERCONVERSION OF NUCLEOTIDE DI- AND TRIPHOSPHATES%REACTOME DATABASE ID RELEASE 95%499943		27	-0.5338288	-1.5976382	0.016177958	0.096727915	1.0	1998	tags=37%, list=15%, signal=43%	
ALTERNATIVE MRNA SPLICING, VIA SPLICEOSOME%GOBP%GO:0000380	ALTERNATIVE MRNA SPLICING, VIA SPLICEOSOME%GOBP%GO:0000380		19	-0.5776162	-1.5948541	0.013371537	0.098786995	1.0	2354	tags=42%, list=17%, signal=51%	
AXONOGENESIS%GOBP%GO:0007409	AXONOGENESIS%GOBP%GO:0007409		180	-0.37923065	-1.5921476	9.460738E-4	0.10076822	1.0	1890	tags=23%, list=14%, signal=27%	
REGULATION OF VASCULAR ENDOTHELIAL CELL PROLIFERATION%GOBP%GO:1905562	REGULATION OF VASCULAR ENDOTHELIAL CELL PROLIFERATION%GOBP%GO:1905562		17	-0.6029465	-1.592053	0.0147929	0.10051537	1.0	1523	tags=35%, list=11%, signal=40%	
NEURAL TUBE CLOSURE%GOBP%GO:0001843	NEURAL TUBE CLOSURE%GOBP%GO:0001843		28	-0.52585346	-1.5904688	0.018604651	0.10157313	1.0	914	tags=21%, list=7%, signal=23%	
DORSAL/VENTRAL PATTERN FORMATION%GOBP%GO:0009953	DORSAL/VENTRAL PATTERN FORMATION%GOBP%GO:0009953		23	-0.5490789	-1.5901533	0.020231213	0.10151706	1.0	2261	tags=39%, list=17%, signal=47%	
TUBE CLOSURE%GOBP%GO:0060606	TUBE CLOSURE%GOBP%GO:0060606		28	-0.52585346	-1.5888889	0.01814516	0.102312535	1.0	914	tags=21%, list=7%, signal=23%	
REGULATION OF DNA REPAIR%GOBP%GO:0006282	REGULATION OF DNA REPAIR%GOBP%GO:0006282		192	-0.37543586	-1.5877031	0.0	0.10299376	1.0	1914	tags=26%, list=14%, signal=29%	
ESTABLISHMENT OF SPINDLE ORIENTATION%GOBP%GO:0051294	ESTABLISHMENT OF SPINDLE ORIENTATION%GOBP%GO:0051294		35	-0.49698654	-1.5869868	0.009487666	0.10331957	1.0	1986	tags=34%, list=15%, signal=40%	
REGULATION OF MITF-M-DEPENDENT GENES INVOLVED IN CELL CYCLE AND PROLIFERATION%REACTOME DATABASE ID RELEASE 95%9825892	REGULATION OF MITF-M-DEPENDENT GENES INVOLVED IN CELL CYCLE AND PROLIFERATION%REACTOME DATABASE ID RELEASE 95%9825892		17	-0.5905974	-1.5852807	0.02255639	0.104536675	1.0	1993	tags=53%, list=15%, signal=62%	
CILIUM ASSEMBLY%REACTOME%R-HSA-5617833.7	CILIUM ASSEMBLY%REACTOME%R-HSA-5617833.7		167	-0.38186872	-1.5843595	9.107468E-4	0.10497547	1.0	2451	tags=32%, list=18%, signal=38%	
ONE CARBON METABOLISM%WIKIPATHWAYS_20260211%WP241%HOMO SAPIENS	ONE CARBON METABOLISM%WIKIPATHWAYS_20260211%WP241%HOMO SAPIENS		17	-0.583926	-1.579506	0.018218623	0.1091095	1.0	1529	tags=41%, list=11%, signal=46%	
G1 S TRANSITION%REACTOME DATABASE ID RELEASE 95%69206	G1 S TRANSITION%REACTOME DATABASE ID RELEASE 95%69206		119	-0.40049678	-1.5791086	0.0018850141	0.10917312	1.0	2118	tags=33%, list=16%, signal=39%	
DNA BIOSYNTHETIC PROCESS%GOBP%GO:0071897	DNA BIOSYNTHETIC PROCESS%GOBP%GO:0071897		58	-0.44946635	-1.5778681	0.007944389	0.10997966	1.0	1428	tags=29%, list=11%, signal=33%	
REGULATION OF TP53 ACTIVITY THROUGH PHOSPHORYLATION%REACTOME%R-HSA-6804756.4	REGULATION OF TP53 ACTIVITY THROUGH PHOSPHORYLATION%REACTOME%R-HSA-6804756.4		88	-0.41427818	-1.5771242	0.0038131555	0.11032609	1.0	2674	tags=38%, list=20%, signal=46%	
BASE EXCISION REPAIR%WIKIPATHWAYS_20260211%WP4752%HOMO SAPIENS	BASE EXCISION REPAIR%WIKIPATHWAYS_20260211%WP4752%HOMO SAPIENS		27	-0.52450925	-1.5761433	0.017874876	0.11092421	1.0	1927	tags=48%, list=14%, signal=56%	
BIOCARTA_G2_PATHWAY%MSIGDB_C2%BIOCARTA_G2_PATHWAY	BIOCARTA_G2_PATHWAY%MSIGDB_C2%BIOCARTA_G2_PATHWAY		19	-0.56834376	-1.5756464	0.01778656	0.11106322	1.0	2146	tags=47%, list=16%, signal=56%	
NUCLEAR PORE COMPLEX (NPC) DISASSEMBLY%REACTOME DATABASE ID RELEASE 95%3301854	NUCLEAR PORE COMPLEX (NPC) DISASSEMBLY%REACTOME DATABASE ID RELEASE 95%3301854		32	-0.5055311	-1.575419	0.013875124	0.11092811	1.0	2161	tags=41%, list=16%, signal=48%	
SYNTHESIS OF DNA%REACTOME%R-HSA-69239.5	SYNTHESIS OF DNA%REACTOME%R-HSA-69239.5		107	-0.40351155	-1.5748881	0.0019665684	0.11113291	1.0	2151	tags=36%, list=16%, signal=42%	
INITIATION OF NUCLEAR ENVELOPE (NE) REFORMATION%REACTOME DATABASE ID RELEASE 95%2995383	INITIATION OF NUCLEAR ENVELOPE (NE) REFORMATION%REACTOME DATABASE ID RELEASE 95%2995383		16	-0.5954384	-1.5708671	0.026859503	0.11461619	1.0	2011	tags=50%, list=15%, signal=59%	
REGULATION OF CELL DIVISION%GOBP%GO:0051302	REGULATION OF CELL DIVISION%GOBP%GO:0051302		109	-0.40078244	-1.5672367	9.813543E-4	0.11785495	1.0	2281	tags=30%, list=17%, signal=36%	
PID_THROMBIN_PAR1_PATHWAY%MSIGDB_C2%PID_THROMBIN_PAR1_PATHWAY	PID_THROMBIN_PAR1_PATHWAY%MSIGDB_C2%PID_THROMBIN_PAR1_PATHWAY		23	-0.53658897	-1.5655768	0.0250501	0.119154565	1.0	1271	tags=30%, list=9%, signal=34%	
REGULATION OF DNA DAMAGE CHECKPOINT%GOBP%GO:2000001	REGULATION OF DNA DAMAGE CHECKPOINT%GOBP%GO:2000001		20	-0.55854475	-1.5652267	0.02543235	0.119174466	1.0	1198	tags=35%, list=9%, signal=38%	
CYTOKINESIS%GOBP%GO:0000910	CYTOKINESIS%GOBP%GO:0000910		91	-0.40913984	-1.5632942	0.0028708135	0.12071059	1.0	2285	tags=36%, list=17%, signal=43%	
RHOA GTPASE CYCLE%REACTOME DATABASE ID RELEASE 95%8980692	RHOA GTPASE CYCLE%REACTOME DATABASE ID RELEASE 95%8980692		131	-0.38801542	-1.5600893	0.002676182	0.12361748	1.0	1398	tags=24%, list=10%, signal=26%	
EXTRACELLULAR STRUCTURE ORGANIZATION%GOBP%GO:0043062	EXTRACELLULAR STRUCTURE ORGANIZATION%GOBP%GO:0043062		140	-0.3815866	-1.5598745	9.587728E-4	0.12346992	1.0	3147	tags=37%, list=23%, signal=48%	
NEGATIVE REGULATION OF TELOMERE MAINTENANCE VIA TELOMERE LENGTHENING%GOBP%GO:1904357	NEGATIVE REGULATION OF TELOMERE MAINTENANCE VIA TELOMERE LENGTHENING%GOBP%GO:1904357		23	-0.54600567	-1.5592983	0.025365854	0.123687916	1.0	1966	tags=39%, list=15%, signal=46%	
NEGATIVE CHEMOTAXIS%GOBP%GO:0050919	NEGATIVE CHEMOTAXIS%GOBP%GO:0050919		25	-0.5330045	-1.5586059	0.02237354	0.12402785	1.0	1069	tags=28%, list=8%, signal=30%	
MORPHOGENESIS OF EMBRYONIC EPITHELIUM%GOBP%GO:0016331	MORPHOGENESIS OF EMBRYONIC EPITHELIUM%GOBP%GO:0016331		38	-0.4760439	-1.5571392	0.015873017	0.12512064	1.0	914	tags=18%, list=7%, signal=20%	
TRANSCRIPTIONAL REGULATION BY E2F6%REACTOME%R-HSA-8953750.3	TRANSCRIPTIONAL REGULATION BY E2F6%REACTOME%R-HSA-8953750.3		34	-0.49470937	-1.5570462	0.019830028	0.124846585	1.0	2592	tags=35%, list=19%, signal=44%	
EXTERNAL ENCAPSULATING STRUCTURE ORGANIZATION%GOBP%GO:0045229	EXTERNAL ENCAPSULATING STRUCTURE ORGANIZATION%GOBP%GO:0045229		140	-0.3827974	-1.5568184	0.0019212295	0.12470288	1.0	3147	tags=37%, list=23%, signal=48%	
DNA MISMATCH REPAIR%WIKIPATHWAYS_20260211%WP531%HOMO SAPIENS	DNA MISMATCH REPAIR%WIKIPATHWAYS_20260211%WP531%HOMO SAPIENS		18	-0.5730089	-1.5561346	0.026897214	0.12506826	1.0	2278	tags=61%, list=17%, signal=73%	
POSTMITOTIC NUCLEAR PORE COMPLEX (NPC) REFORMATION%REACTOME DATABASE ID RELEASE 95%9615933	POSTMITOTIC NUCLEAR PORE COMPLEX (NPC) REFORMATION%REACTOME DATABASE ID RELEASE 95%9615933		24	-0.53255093	-1.5559351	0.032	0.12490903	1.0	2967	tags=50%, list=22%, signal=64%	
EXTRACELLULAR MATRIX ORGANIZATION%GOBP%GO:0030198	EXTRACELLULAR MATRIX ORGANIZATION%GOBP%GO:0030198		139	-0.382911	-1.553931	0.0019011407	0.12670843	1.0	3147	tags=37%, list=23%, signal=48%	
REGULATION OF DOUBLE-STRAND BREAK REPAIR VIA HOMOLOGOUS RECOMBINATION%GOBP%GO:0010569	REGULATION OF DOUBLE-STRAND BREAK REPAIR VIA HOMOLOGOUS RECOMBINATION%GOBP%GO:0010569		71	-0.4212799	-1.5524546	0.0019323671	0.12787727	1.0	1912	tags=28%, list=14%, signal=33%	
MITOTIC G1 PHASE AND G1 S TRANSITION%REACTOME DATABASE ID RELEASE 95%453279	MITOTIC G1 PHASE AND G1 S TRANSITION%REACTOME DATABASE ID RELEASE 95%453279		136	-0.3805562	-1.5490863	9.7560976E-4	0.13111684	1.0	2118	tags=30%, list=16%, signal=35%	
NEGATIVE REGULATION OF STRESS FIBER ASSEMBLY%GOBP%GO:0051497	NEGATIVE REGULATION OF STRESS FIBER ASSEMBLY%GOBP%GO:0051497		20	-0.5599013	-1.5472987	0.027613413	0.13270958	1.0	2012	tags=40%, list=15%, signal=47%	
BIOCARTA_VDR_PATHWAY%MSIGDB_C2%BIOCARTA_VDR_PATHWAY	BIOCARTA_VDR_PATHWAY%MSIGDB_C2%BIOCARTA_VDR_PATHWAY		21	-0.5499516	-1.5453385	0.025365854	0.1344119	1.0	3280	tags=52%, list=24%, signal=69%	
PROTEIN LOCALIZATION TO MICROTUBULE ORGANIZING CENTER%GOBP%GO:1905508	PROTEIN LOCALIZATION TO MICROTUBULE ORGANIZING CENTER%GOBP%GO:1905508		22	-0.53849804	-1.5418797	0.029440628	0.13771099	1.0	631	tags=23%, list=5%, signal=24%	
HS-GAG DEGRADATION%REACTOME DATABASE ID RELEASE 95%2024096	HS-GAG DEGRADATION%REACTOME DATABASE ID RELEASE 95%2024096		16	-0.5805858	-1.5417008	0.020428015	0.13751301	1.0	1349	tags=25%, list=10%, signal=28%	
NEGATIVE REGULATION OF CELL CYCLE G2/M PHASE TRANSITION%GOBP%GO:1902750	NEGATIVE REGULATION OF CELL CYCLE G2/M PHASE TRANSITION%GOBP%GO:1902750		59	-0.43506062	-1.5412445	0.010456273	0.13763952	1.0	1912	tags=36%, list=14%, signal=41%	
NEGATIVE REGULATION OF ACTIN FILAMENT BUNDLE ASSEMBLY%GOBP%GO:0032232	NEGATIVE REGULATION OF ACTIN FILAMENT BUNDLE ASSEMBLY%GOBP%GO:0032232		22	-0.52915096	-1.541144	0.040235527	0.13733958	1.0	1238	tags=32%, list=9%, signal=35%	
HDACS DEACETYLATE HISTONES%REACTOME DATABASE ID RELEASE 95%3214815	HDACS DEACETYLATE HISTONES%REACTOME DATABASE ID RELEASE 95%3214815		32	-0.49514657	-1.5409591	0.020134227	0.13716921	1.0	2535	tags=44%, list=19%, signal=54%	
PROTEIN LOCALIZATION TO CENTROSOME%GOBP%GO:0071539	PROTEIN LOCALIZATION TO CENTROSOME%GOBP%GO:0071539		22	-0.53849804	-1.5403451	0.028708134	0.13747941	1.0	631	tags=23%, list=5%, signal=24%	
POSITIVE REGULATION OF MUSCLE CONTRACTION%GOBP%GO:0045933	POSITIVE REGULATION OF MUSCLE CONTRACTION%GOBP%GO:0045933		18	-0.5566414	-1.538551	0.030739672	0.13907243	1.0	443	tags=17%, list=3%, signal=17%	
G2 M CHECKPOINTS%REACTOME%R-HSA-69481.5	G2 M CHECKPOINTS%REACTOME%R-HSA-69481.5		116	-0.3877513	-1.5382693	0.0027347312	0.13899082	1.0	2312	tags=39%, list=17%, signal=46%	
REGULATION OF ACTIN CYTOSKELETON%WIKIPATHWAYS_20260211%WP51%HOMO SAPIENS	REGULATION OF ACTIN CYTOSKELETON%WIKIPATHWAYS_20260211%WP51%HOMO SAPIENS		86	-0.407052	-1.5369892	0.0028680689	0.13999581	1.0	1360	tags=22%, list=10%, signal=24%	
POSITIVE REGULATION OF DNA REPAIR%GOBP%GO:0045739	POSITIVE REGULATION OF DNA REPAIR%GOBP%GO:0045739		108	-0.38907593	-1.5350059	0.0047938637	0.14181624	1.0	1664	tags=27%, list=12%, signal=30%	
NEURAL TUBE FORMATION%GOBP%GO:0001841	NEURAL TUBE FORMATION%GOBP%GO:0001841		29	-0.50045556	-1.5349138	0.017804155	0.1415007	1.0	914	tags=21%, list=7%, signal=22%	
TUMOR SUPPRESSOR ACTIVITY OF SMARCB1%WIKIPATHWAYS_20260211%WP4204%HOMO SAPIENS	TUMOR SUPPRESSOR ACTIVITY OF SMARCB1%WIKIPATHWAYS_20260211%WP4204%HOMO SAPIENS		25	-0.5224098	-1.5344608	0.02478551	0.14165173	1.0	2595	tags=44%, list=19%, signal=54%	
GAP-FILLING DNA REPAIR SYNTHESIS AND LIGATION IN GG-NER%REACTOME DATABASE ID RELEASE 95%5696397	GAP-FILLING DNA REPAIR SYNTHESIS AND LIGATION IN GG-NER%REACTOME DATABASE ID RELEASE 95%5696397		25	-0.51500994	-1.5317155	0.03	0.14434391	1.0	2278	tags=48%, list=17%, signal=58%	
NUCLEOBASE BIOSYNTHETIC PROCESS%GOBP%GO:0046112	NUCLEOBASE BIOSYNTHETIC PROCESS%GOBP%GO:0046112		15	-0.59603095	-1.5311673	0.036363635	0.14455657	1.0	3113	tags=67%, list=23%, signal=87%	
NEGATIVE REGULATION OF DNA METABOLIC PROCESS%GOBP%GO:0051053	NEGATIVE REGULATION OF DNA METABOLIC PROCESS%GOBP%GO:0051053		90	-0.39989161	-1.5299762	0.006554307	0.14550193	1.0	2459	tags=34%, list=18%, signal=42%	
CYTOSKELETON-DEPENDENT CYTOKINESIS%GOBP%GO:0061640	CYTOSKELETON-DEPENDENT CYTOKINESIS%GOBP%GO:0061640		89	-0.4007329	-1.5291338	0.0075117373	0.1460533	1.0	2117	tags=34%, list=16%, signal=40%	
PRIMARY NEURAL TUBE FORMATION%GOBP%GO:0014020	PRIMARY NEURAL TUBE FORMATION%GOBP%GO:0014020		29	-0.50045556	-1.5286801	0.021442495	0.14621934	1.0	914	tags=21%, list=7%, signal=22%	
SIGNALING EVENTS MEDIATED BY TCPTP%PATHWAY INTERACTION DATABASE NCI-NATURE CURATED DATA%SIGNALING EVENTS MEDIATED BY TCPTP	SIGNALING EVENTS MEDIATED BY TCPTP%PATHWAY INTERACTION DATABASE NCI-NATURE CURATED DATA%SIGNALING EVENTS MEDIATED BY TCPTP		36	-0.47267234	-1.524822	0.02002002	0.1502744	1.0	1646	tags=28%, list=12%, signal=32%	
POSTTRANSLATIONAL REGULATION OF ADHERENS JUNCTION STABILITY AND DISSASSEMBLY%PATHWAY INTERACTION DATABASE NCI-NATURE CURATED DATA%POSTTRANSLATIONAL REGULATION OF ADHERENS JUNCTION STABILITY AND DISSASSEMBLY	POSTTRANSLATIONAL REGULATION OF ADHERENS JUNCTION STABILITY AND DISSASSEMBLY%PATHWAY INTERACTION DATABASE NCI-NATURE CURATED DATA%POSTTRANSLATIONAL REGULATION OF ADHERENS JUNCTION STABILITY AND DISSASSEMBLY		39	-0.4680006	-1.5231341	0.022308439	0.15181115	1.0	1323	tags=23%, list=10%, signal=26%	
OLIGODENDROCYTE DEVELOPMENT%WIKIPATHWAYS_20260211%WP5574%HOMO SAPIENS	OLIGODENDROCYTE DEVELOPMENT%WIKIPATHWAYS_20260211%WP5574%HOMO SAPIENS		28	-0.5101086	-1.5226022	0.024925224	0.15203466	1.0	2388	tags=36%, list=18%, signal=43%	
ELASTIC FIBRE FORMATION%REACTOME DATABASE ID RELEASE 95%1566948	ELASTIC FIBRE FORMATION%REACTOME DATABASE ID RELEASE 95%1566948		33	-0.4790614	-1.5221877	0.017274473	0.15213056	1.0	1592	tags=27%, list=12%, signal=31%	
HCMV EARLY EVENTS%REACTOME%R-HSA-9609690.2	HCMV EARLY EVENTS%REACTOME%R-HSA-9609690.2		52	-0.4417686	-1.5214441	0.014985015	0.15260565	1.0	2161	tags=38%, list=16%, signal=46%	
PRIMARY OVARIAN INSUFFICIENCY%WIKIPATHWAYS_20260211%WP5461%HOMO SAPIENS	PRIMARY OVARIAN INSUFFICIENCY%WIKIPATHWAYS_20260211%WP5461%HOMO SAPIENS		73	-0.41688648	-1.5209945	0.008395523	0.15278327	1.0	1365	tags=25%, list=10%, signal=27%	
16P13 11 COPY NUMBER VARIATION SYNDROME %WIKIPATHWAYS_20260211%WP5502%HOMO SAPIENS	16P13 11 COPY NUMBER VARIATION SYNDROME %WIKIPATHWAYS_20260211%WP5502%HOMO SAPIENS		21	-0.5378334	-1.519132	0.028708134	0.15462977	1.0	1870	tags=38%, list=14%, signal=44%	
FLUOROPYRIMIDINE ACTIVITY%WIKIPATHWAYS_20260211%WP1601%HOMO SAPIENS	FLUOROPYRIMIDINE ACTIVITY%WIKIPATHWAYS_20260211%WP1601%HOMO SAPIENS		21	-0.5375716	-1.5177977	0.031128405	0.15578862	1.0	1766	tags=38%, list=13%, signal=44%	
RHOB GTPASE CYCLE%REACTOME%R-HSA-9013026.2	RHOB GTPASE CYCLE%REACTOME%R-HSA-9013026.2		65	-0.4229203	-1.516952	0.012707722	0.15640838	1.0	1351	tags=26%, list=10%, signal=29%	
RHOF GTPASE CYCLE%REACTOME%R-HSA-9035034.5	RHOF GTPASE CYCLE%REACTOME%R-HSA-9035034.5		42	-0.45433158	-1.5146537	0.02303263	0.15884523	1.0	1902	tags=26%, list=14%, signal=30%	
NEGATIVE REGULATION OF TELOMERE MAINTENANCE VIA TELOMERASE%GOBP%GO:0032211	NEGATIVE REGULATION OF TELOMERE MAINTENANCE VIA TELOMERASE%GOBP%GO:0032211		18	-0.56248885	-1.51383	0.033771105	0.15937303	1.0	1966	tags=39%, list=15%, signal=45%	
NEGATIVE REGULATION OF GENE EXPRESSION, EPIGENETIC%GOBP%GO:0045814	NEGATIVE REGULATION OF GENE EXPRESSION, EPIGENETIC%GOBP%GO:0045814		148	-0.36981112	-1.5129161	0.0	0.16002773	1.0	2595	tags=33%, list=19%, signal=41%	
LOCOMOTION%GOBP%GO:0040011	LOCOMOTION%GOBP%GO:0040011		140	-0.36717442	-1.51174	0.004840271	0.16108383	1.0	1668	tags=18%, list=12%, signal=20%	
VPR-MEDIATED NUCLEAR IMPORT OF PICS%REACTOME%R-HSA-180910.4	VPR-MEDIATED NUCLEAR IMPORT OF PICS%REACTOME%R-HSA-180910.4		30	-0.48796687	-1.5116265	0.029029028	0.16077904	1.0	2161	tags=40%, list=16%, signal=48%	
PID_RAC1_REG_PATHWAY%MSIGDB_C2%PID_RAC1_REG_PATHWAY	PID_RAC1_REG_PATHWAY%MSIGDB_C2%PID_RAC1_REG_PATHWAY		22	-0.5261376	-1.5110809	0.034782607	0.16104145	1.0	1488	tags=36%, list=11%, signal=41%	
RESPONSE OF EIF2AK1 (HRI) TO HEME DEFICIENCY%REACTOME DATABASE ID RELEASE 95%9648895	RESPONSE OF EIF2AK1 (HRI) TO HEME DEFICIENCY%REACTOME DATABASE ID RELEASE 95%9648895		15	-0.5733501	-1.5106752	0.037373737	0.16109933	1.0	3290	tags=53%, list=24%, signal=70%	
DEFECTIVE B3GALT6 CAUSES EDSP2 AND SEMDJL1%REACTOME DATABASE ID RELEASE 95%4420332	DEFECTIVE B3GALT6 CAUSES EDSP2 AND SEMDJL1%REACTOME DATABASE ID RELEASE 95%4420332		17	-0.56147456	-1.5104321	0.04684318	0.16096841	1.0	1960	tags=41%, list=15%, signal=48%	
REGULATION OF MITOTIC SPINDLE ORGANIZATION%GOBP%GO:0060236	REGULATION OF MITOTIC SPINDLE ORGANIZATION%GOBP%GO:0060236		40	-0.46106786	-1.5070211	0.029245283	0.1647877	1.0	1577	tags=28%, list=12%, signal=31%	
MITOTIC CYTOKINESIS%GOBP%GO:0000281	MITOTIC CYTOKINESIS%GOBP%GO:0000281		81	-0.399638	-1.5019475	0.008746356	0.17088093	1.0	2117	tags=36%, list=16%, signal=42%	
REMOVAL OF THE FLAP INTERMEDIATE FROM THE C-STRAND%REACTOME DATABASE ID RELEASE 95%174437	REMOVAL OF THE FLAP INTERMEDIATE FROM THE C-STRAND%REACTOME DATABASE ID RELEASE 95%174437		17	-0.5551791	-1.5014696	0.046622265	0.1710724	1.0	2057	tags=47%, list=15%, signal=55%	
PID_RB_1PATHWAY%MSIGDB_C2%PID_RB_1PATHWAY	PID_RB_1PATHWAY%MSIGDB_C2%PID_RB_1PATHWAY		52	-0.42990524	-1.5014439	0.026340546	0.17065646	1.0	3965	tags=54%, list=29%, signal=76%	
RNA POLYMERASE II TRANSCRIPTION TERMINATION%REACTOME%R-HSA-73856.6	RNA POLYMERASE II TRANSCRIPTION TERMINATION%REACTOME%R-HSA-73856.6		64	-0.41768497	-1.5008038	0.008563273	0.17109095	1.0	3051	tags=34%, list=23%, signal=44%	
ERBB4 SIGNALING EVENTS%PATHWAY INTERACTION DATABASE NCI-NATURE CURATED DATA%ERBB4 SIGNALING EVENTS	ERBB4 SIGNALING EVENTS%PATHWAY INTERACTION DATABASE NCI-NATURE CURATED DATA%ERBB4 SIGNALING EVENTS		27	-0.49271625	-1.4999654	0.031976745	0.17172424	1.0	3253	tags=44%, list=24%, signal=58%	
NEGATIVE REGULATION OF MICROTUBULE DEPOLYMERIZATION%GOBP%GO:0007026	NEGATIVE REGULATION OF MICROTUBULE DEPOLYMERIZATION%GOBP%GO:0007026		18	-0.55515224	-1.4972365	0.04	0.17487282	1.0	688	tags=22%, list=5%, signal=23%	
NF1 COPY NUMBER VARIATION SYNDROME %WIKIPATHWAYS_20260211%WP5366%HOMO SAPIENS	NF1 COPY NUMBER VARIATION SYNDROME %WIKIPATHWAYS_20260211%WP5366%HOMO SAPIENS		63	-0.4212812	-1.4969312	0.016553067	0.17482327	1.0	1933	tags=32%, list=14%, signal=37%	
NEGATIVE REGULATION OF G2/M TRANSITION OF MITOTIC CELL CYCLE%GOBP%GO:0010972	NEGATIVE REGULATION OF G2/M TRANSITION OF MITOTIC CELL CYCLE%GOBP%GO:0010972		58	-0.4226604	-1.4948444	0.022862824	0.177181	1.0	1912	tags=34%, list=14%, signal=40%	
REGULATION OF DOUBLE-STRAND BREAK REPAIR%GOBP%GO:2000779	REGULATION OF DOUBLE-STRAND BREAK REPAIR%GOBP%GO:2000779		126	-0.37285352	-1.4939241	0.0037418148	0.17794487	1.0	1716	tags=25%, list=13%, signal=29%	
CELL-CELL JUNCTION ORGANIZATION%GOBP%GO:0045216	CELL-CELL JUNCTION ORGANIZATION%GOBP%GO:0045216		84	-0.39848995	-1.4922348	0.010338346	0.17979214	1.0	3330	tags=37%, list=25%, signal=49%	
COLLAGEN CHAIN TRIMERIZATION%REACTOME DATABASE ID RELEASE 95%8948216	COLLAGEN CHAIN TRIMERIZATION%REACTOME DATABASE ID RELEASE 95%8948216		33	-0.473731	-1.4918941	0.037475344	0.17977235	1.0	2796	tags=42%, list=21%, signal=53%	
EPITHELIAL TUBE FORMATION%GOBP%GO:0072175	EPITHELIAL TUBE FORMATION%GOBP%GO:0072175		38	-0.45723832	-1.4910804	0.02871287	0.18038641	1.0	914	tags=18%, list=7%, signal=20%	
DNA CONFORMATION CHANGE%GOBP%GO:0071103	DNA CONFORMATION CHANGE%GOBP%GO:0071103		17	-0.5520936	-1.4906584	0.038572807	0.18049939	1.0	1526	tags=41%, list=11%, signal=46%	
REGULATION OF REPRODUCTIVE PROCESS%GOBP%GO:2000241	REGULATION OF REPRODUCTIVE PROCESS%GOBP%GO:2000241		73	-0.402604	-1.4901019	0.013346043	0.18073972	1.0	2297	tags=27%, list=17%, signal=33%	
NEGATIVE REGULATION OF CYTOSKELETON ORGANIZATION%GOBP%GO:0051494	NEGATIVE REGULATION OF CYTOSKELETON ORGANIZATION%GOBP%GO:0051494		95	-0.38735718	-1.4887389	0.0073394496	0.18214259	1.0	2038	tags=26%, list=15%, signal=31%	
ACTIN POLYMERIZATION OR DEPOLYMERIZATION%GOBP%GO:0008154	ACTIN POLYMERIZATION OR DEPOLYMERIZATION%GOBP%GO:0008154		40	-0.45272166	-1.4845425	0.023607176	0.18757185	1.0	1318	tags=25%, list=10%, signal=28%	
POSITIVE REGULATION OF ERYTHROCYTE DIFFERENTIATION%GOBP%GO:0045648	POSITIVE REGULATION OF ERYTHROCYTE DIFFERENTIATION%GOBP%GO:0045648		23	-0.5099948	-1.4843757	0.04682927	0.18732528	1.0	2714	tags=35%, list=20%, signal=43%	
DISEASES ASSOCIATED WITH GLYCOSAMINOGLYCAN METABOLISM%REACTOME%R-HSA-3560782.5	DISEASES ASSOCIATED WITH GLYCOSAMINOGLYCAN METABOLISM%REACTOME%R-HSA-3560782.5		31	-0.47776717	-1.4808676	0.034917556	0.1918549	1.0	1960	tags=35%, list=15%, signal=41%	
REGULATION OF TP53 ACTIVITY%REACTOME%R-HSA-5633007.5	REGULATION OF TP53 ACTIVITY%REACTOME%R-HSA-5633007.5		151	-0.3594896	-1.4807446	0.0028195488	0.1915168	1.0	2678	tags=31%, list=20%, signal=38%	
POSITIVE REGULATION OF DOUBLE-STRAND BREAK REPAIR%GOBP%GO:2000781	POSITIVE REGULATION OF DOUBLE-STRAND BREAK REPAIR%GOBP%GO:2000781		85	-0.39262754	-1.4788201	0.010377359	0.19375551	1.0	1664	tags=26%, list=12%, signal=29%	
SYNDECAN-1-MEDIATED SIGNALING EVENTS%PATHWAY INTERACTION DATABASE NCI-NATURE CURATED DATA%SYNDECAN-1-MEDIATED SIGNALING EVENTS	SYNDECAN-1-MEDIATED SIGNALING EVENTS%PATHWAY INTERACTION DATABASE NCI-NATURE CURATED DATA%SYNDECAN-1-MEDIATED SIGNALING EVENTS		33	-0.46965107	-1.4774408	0.032136105	0.19520526	1.0	2854	tags=42%, list=21%, signal=54%	
TRANSCRIPTION OF E2F TARGETS UNDER NEGATIVE CONTROL BY P107 (RBL1) AND P130 (RBL2) IN COMPLEX WITH HDAC1%REACTOME DATABASE ID RELEASE 95%1362300	TRANSCRIPTION OF E2F TARGETS UNDER NEGATIVE CONTROL BY P107 (RBL1) AND P130 (RBL2) IN COMPLEX WITH HDAC1%REACTOME DATABASE ID RELEASE 95%1362300		16	-0.56646895	-1.4772056	0.048732944	0.19506657	1.0	2069	tags=31%, list=15%, signal=37%	
TRANSPORT OF MATURE MRNAS DERIVED FROM INTRONLESS TRANSCRIPTS%REACTOME DATABASE ID RELEASE 95%159234	TRANSPORT OF MATURE MRNAS DERIVED FROM INTRONLESS TRANSCRIPTS%REACTOME DATABASE ID RELEASE 95%159234		39	-0.45296693	-1.4753752	0.023138832	0.19723107	1.0	3142	tags=49%, list=23%, signal=63%	
MOLECULES ASSOCIATED WITH ELASTIC FIBRES%REACTOME%R-HSA-2129379.3	MOLECULES ASSOCIATED WITH ELASTIC FIBRES%REACTOME%R-HSA-2129379.3		22	-0.51538604	-1.4753582	0.041904762	0.19675922	1.0	435	tags=23%, list=3%, signal=23%	
RHOJ GTPASE CYCLE%REACTOME DATABASE ID RELEASE 95%9013409	RHOJ GTPASE CYCLE%REACTOME DATABASE ID RELEASE 95%9013409		53	-0.4248921	-1.474542	0.024528302	0.19742012	1.0	2391	tags=28%, list=18%, signal=34%	
NEURAL PRECURSOR CELL PROLIFERATION%GOBP%GO:0061351	NEURAL PRECURSOR CELL PROLIFERATION%GOBP%GO:0061351		27	-0.48600286	-1.4715734	0.030947777	0.20125203	1.0	2098	tags=30%, list=16%, signal=35%	
PLATELET AGGREGATION%GOBP%GO:0070527	PLATELET AGGREGATION%GOBP%GO:0070527		25	-0.5003628	-1.4713218	0.044878047	0.20118807	1.0	2344	tags=32%, list=17%, signal=39%	
PLATELET ACTIVATION%GOBP%GO:0030168	PLATELET ACTIVATION%GOBP%GO:0030168		50	-0.43122914	-1.4704808	0.02284012	0.20196512	1.0	3670	tags=42%, list=27%, signal=57%	
EPHA2 FORWARD SIGNALING%PATHWAY INTERACTION DATABASE NCI-NATURE CURATED DATA%EPHA2 FORWARD SIGNALING	EPHA2 FORWARD SIGNALING%PATHWAY INTERACTION DATABASE NCI-NATURE CURATED DATA%EPHA2 FORWARD SIGNALING		19	-0.53025115	-1.4704075	0.04990758	0.2015878	1.0	3927	tags=53%, list=29%, signal=74%	
POTASSIUM CHANNELS%REACTOME%R-HSA-1296071.4	POTASSIUM CHANNELS%REACTOME%R-HSA-1296071.4		56	-0.4155021	-1.4696523	0.02401537	0.20219706	1.0	2496	tags=27%, list=18%, signal=33%	
RETINA MORPHOGENESIS IN CAMERA-TYPE EYE%GOBP%GO:0060042	RETINA MORPHOGENESIS IN CAMERA-TYPE EYE%GOBP%GO:0060042		23	-0.5125728	-1.4678563	0.046647232	0.20435421	1.0	3699	tags=39%, list=27%, signal=54%	
KSRP (KHSRP) BINDS AND DESTABILIZES MRNA%REACTOME%R-HSA-450604.4	KSRP (KHSRP) BINDS AND DESTABILIZES MRNA%REACTOME%R-HSA-450604.4		17	-0.54544824	-1.4650367	0.05083089	0.2080738	1.0	2616	tags=41%, list=19%, signal=51%	
SUMOYLATION OF CHROMATIN ORGANIZATION PROTEINS%REACTOME DATABASE ID RELEASE 95%4551638	SUMOYLATION OF CHROMATIN ORGANIZATION PROTEINS%REACTOME DATABASE ID RELEASE 95%4551638		51	-0.41768062	-1.4645023	0.018500486	0.20834576	1.0	3142	tags=43%, list=23%, signal=56%	
REGULATION OF EXPRESSION AND FUNCTION OF TYPE II CLASSICAL CADHERINS%REACTOME DATABASE ID RELEASE 95%9764260	REGULATION OF EXPRESSION AND FUNCTION OF TYPE II CLASSICAL CADHERINS%REACTOME DATABASE ID RELEASE 95%9764260		25	-0.49450842	-1.4633033	0.053710938	0.20970283	1.0	523	tags=24%, list=4%, signal=25%	
NEGATIVE REGULATION OF MIRNA TRANSCRIPTION%GOBP%GO:1902894	NEGATIVE REGULATION OF MIRNA TRANSCRIPTION%GOBP%GO:1902894		19	-0.52241915	-1.4625568	0.047434658	0.21034178	1.0	3283	tags=47%, list=24%, signal=62%	
TUBE FORMATION%GOBP%GO:0035148	TUBE FORMATION%GOBP%GO:0035148		45	-0.4352965	-1.4618071	0.029495718	0.21097603	1.0	2719	tags=31%, list=20%, signal=39%	
CALCIUM ION IMPORT%GOBP%GO:0070509	CALCIUM ION IMPORT%GOBP%GO:0070509		17	-0.54773825	-1.4614786	0.04628737	0.21095799	1.0	1090	tags=24%, list=8%, signal=26%	
REGULATION OF CDH11 EXPRESSION AND FUNCTION%REACTOME DATABASE ID RELEASE 95%9759475	REGULATION OF CDH11 EXPRESSION AND FUNCTION%REACTOME DATABASE ID RELEASE 95%9759475		24	-0.49790052	-1.4589975	0.057286434	0.21425489	1.0	523	tags=25%, list=4%, signal=26%	
PRIMARY FOCAL SEGMENTAL GLOMERULOSCLEROSIS FSGS %WIKIPATHWAYS_20260211%WP2572%HOMO SAPIENS	PRIMARY FOCAL SEGMENTAL GLOMERULOSCLEROSIS FSGS %WIKIPATHWAYS_20260211%WP2572%HOMO SAPIENS		47	-0.42829686	-1.4560354	0.027698185	0.21834916	1.0	1939	tags=23%, list=14%, signal=27%	
RHOQ GTPASE CYCLE%REACTOME DATABASE ID RELEASE 95%9013406	RHOQ GTPASE CYCLE%REACTOME DATABASE ID RELEASE 95%9013406		58	-0.4158458	-1.4548669	0.030360531	0.21970242	1.0	2243	tags=28%, list=17%, signal=33%	
SARCOSINEMIA%SMPDB%SMP0000244	SARCOSINEMIA%SMPDB%SMP0000244		18	-0.5248678	-1.4546934	0.060869563	0.21944676	1.0	1666	tags=39%, list=12%, signal=44%	
CYTOKINETIC PROCESS%GOBP%GO:0032506	CYTOKINETIC PROCESS%GOBP%GO:0032506		42	-0.4401802	-1.4539897	0.03503788	0.22003156	1.0	2285	tags=38%, list=17%, signal=46%	
CHEMOTAXIS%GOBP%GO:0006935	CHEMOTAXIS%GOBP%GO:0006935		136	-0.3579173	-1.4526551	0.0038535646	0.22157535	1.0	1668	tags=18%, list=12%, signal=20%	
TAXIS%GOBP%GO:0042330	TAXIS%GOBP%GO:0042330		136	-0.3579173	-1.4518394	0.0056872037	0.22232558	1.0	1668	tags=18%, list=12%, signal=20%	
AGE RAGE PATHWAY%WIKIPATHWAYS_20260211%WP2324%HOMO SAPIENS	AGE RAGE PATHWAY%WIKIPATHWAYS_20260211%WP2324%HOMO SAPIENS		47	-0.4234951	-1.4499135	0.030097088	0.2248263	1.0	2638	tags=30%, list=20%, signal=37%	
REGULATION OF MICROTUBULE DEPOLYMERIZATION%GOBP%GO:0031114	REGULATION OF MICROTUBULE DEPOLYMERIZATION%GOBP%GO:0031114		24	-0.49264824	-1.4479569	0.05323194	0.22749776	1.0	1855	tags=29%, list=14%, signal=34%	
REGULATION OF INTEGRIN-MEDIATED SIGNALING PATHWAY%GOBP%GO:2001044	REGULATION OF INTEGRIN-MEDIATED SIGNALING PATHWAY%GOBP%GO:2001044		20	-0.5156686	-1.4476594	0.053672317	0.22744493	1.0	1917	tags=30%, list=14%, signal=35%	
REGULATION OF SMOOTH MUSCLE CELL DIFFERENTIATION%GOBP%GO:0051150	REGULATION OF SMOOTH MUSCLE CELL DIFFERENTIATION%GOBP%GO:0051150		18	-0.5405987	-1.4462339	0.056862745	0.2292452	1.0	2128	tags=33%, list=16%, signal=40%	
REGULATION OF ENDOGENOUS RETROELEMENTS%REACTOME DATABASE ID RELEASE 95%9842860	REGULATION OF ENDOGENOUS RETROELEMENTS%REACTOME DATABASE ID RELEASE 95%9842860		75	-0.39481288	-1.4460465	0.01842871	0.22900863	1.0	2767	tags=37%, list=20%, signal=47%	
SUMOYLATION OF RNA BINDING PROTEINS%REACTOME DATABASE ID RELEASE 95%4570464	SUMOYLATION OF RNA BINDING PROTEINS%REACTOME DATABASE ID RELEASE 95%4570464		42	-0.44111654	-1.4457995	0.038572807	0.22885436	1.0	3142	tags=48%, list=23%, signal=62%	
NEGATIVE REGULATION OF MIRNA METABOLIC PROCESS%GOBP%GO:2000629	NEGATIVE REGULATION OF MIRNA METABOLIC PROCESS%GOBP%GO:2000629		19	-0.52241915	-1.443901	0.062054932	0.23146227	1.0	3283	tags=47%, list=24%, signal=62%	
N-CADHERIN SIGNALING EVENTS%PATHWAY INTERACTION DATABASE NCI-NATURE CURATED DATA%N-CADHERIN SIGNALING EVENTS	N-CADHERIN SIGNALING EVENTS%PATHWAY INTERACTION DATABASE NCI-NATURE CURATED DATA%N-CADHERIN SIGNALING EVENTS		30	-0.47141302	-1.4431795	0.044401545	0.23201697	1.0	3253	tags=40%, list=24%, signal=53%	
POSITIVE REGULATION OF STEM CELL PROLIFERATION%GOBP%GO:2000648	POSITIVE REGULATION OF STEM CELL PROLIFERATION%GOBP%GO:2000648		15	-0.55444485	-1.4428059	0.06660413	0.23207276	1.0	3283	tags=53%, list=24%, signal=70%	
ATM PATHWAY%PATHWAY INTERACTION DATABASE NCI-NATURE CURATED DATA%ATM PATHWAY	ATM PATHWAY%PATHWAY INTERACTION DATABASE NCI-NATURE CURATED DATA%ATM PATHWAY		30	-0.47293776	-1.4427592	0.0496592	0.23158474	1.0	1553	tags=40%, list=11%, signal=45%	
POSITIVE REGULATION OF AXONOGENESIS%GOBP%GO:0050772	POSITIVE REGULATION OF AXONOGENESIS%GOBP%GO:0050772		29	-0.46857658	-1.4422836	0.048611112	0.23182808	1.0	1668	tags=38%, list=12%, signal=43%	
CARBOXYTERMINAL POST-TRANSLATIONAL MODIFICATIONS OF TUBULIN%REACTOME DATABASE ID RELEASE 95%8955332	CARBOXYTERMINAL POST-TRANSLATIONAL MODIFICATIONS OF TUBULIN%REACTOME DATABASE ID RELEASE 95%8955332		29	-0.47116062	-1.4417629	0.04725898	0.2321799	1.0	823	tags=24%, list=6%, signal=26%	
ESTABLISHMENT OF MITOTIC SPINDLE ORIENTATION%GOBP%GO:0000132	ESTABLISHMENT OF MITOTIC SPINDLE ORIENTATION%GOBP%GO:0000132		28	-0.47202566	-1.4414989	0.056807052	0.23205307	1.0	1986	tags=32%, list=15%, signal=38%	
TRANSPORT OF RIBONUCLEOPROTEINS INTO THE HOST NUCLEUS%REACTOME DATABASE ID RELEASE 95%168271	TRANSPORT OF RIBONUCLEOPROTEINS INTO THE HOST NUCLEUS%REACTOME DATABASE ID RELEASE 95%168271		28	-0.47841063	-1.440504	0.049455985	0.23311944	1.0	2161	tags=39%, list=16%, signal=47%	
REGULATION OF ENDOGENOUS RETROELEMENTS BY KRAB-ZFP PROTEINS%REACTOME%R-HSA-9843940.1	REGULATION OF ENDOGENOUS RETROELEMENTS BY KRAB-ZFP PROTEINS%REACTOME%R-HSA-9843940.1		45	-0.42391393	-1.4399545	0.03081511	0.23351304	1.0	3638	tags=47%, list=27%, signal=64%	
PID_ERBB4_PATHWAY%MSIGDB_C2%PID_ERBB4_PATHWAY	PID_ERBB4_PATHWAY%MSIGDB_C2%PID_ERBB4_PATHWAY		26	-0.48594394	-1.4397485	0.050373133	0.23328432	1.0	3253	tags=42%, list=24%, signal=56%	
CDC42 GTPASE CYCLE%REACTOME DATABASE ID RELEASE 95%9013148	CDC42 GTPASE CYCLE%REACTOME DATABASE ID RELEASE 95%9013148		138	-0.35500506	-1.43925	0.008720931	0.23359881	1.0	2801	tags=30%, list=21%, signal=38%	
PID_NCADHERIN_PATHWAY%MSIGDB_C2%PID_NCADHERIN_PATHWAY	PID_NCADHERIN_PATHWAY%MSIGDB_C2%PID_NCADHERIN_PATHWAY		25	-0.48079738	-1.4388845	0.04660194	0.23363487	1.0	506	tags=16%, list=4%, signal=17%	
PROTEINOGENIC AMINO ACID BIOSYNTHETIC PROCESS%GOBP%GO:0170038	PROTEINOGENIC AMINO ACID BIOSYNTHETIC PROCESS%GOBP%GO:0170038		29	-0.46731752	-1.4382764	0.055721395	0.23405844	1.0	4027	tags=59%, list=30%, signal=83%	
REV-MEDIATED NUCLEAR EXPORT OF HIV RNA%REACTOME DATABASE ID RELEASE 95%165054	REV-MEDIATED NUCLEAR EXPORT OF HIV RNA%REACTOME DATABASE ID RELEASE 95%165054		31	-0.46197212	-1.437766	0.051356588	0.2343694	1.0	3142	tags=48%, list=23%, signal=63%	
REGULATION OF DNA RECOMBINATION%GOBP%GO:0000018	REGULATION OF DNA RECOMBINATION%GOBP%GO:0000018		93	-0.37665075	-1.4375807	0.013195099	0.2341298	1.0	3014	tags=38%, list=22%, signal=48%	
SWI SNF CHROMATIN REMODELERS%REACTOME%R-HSA-9932451.1	SWI SNF CHROMATIN REMODELERS%REACTOME%R-HSA-9932451.1		28	-0.47063538	-1.4364837	0.055	0.23544438	1.0	2767	tags=50%, list=20%, signal=63%	
POSITIVE REGULATION OF NERVOUS SYSTEM DEVELOPMENT%GOBP%GO:0051962	POSITIVE REGULATION OF NERVOUS SYSTEM DEVELOPMENT%GOBP%GO:0051962		106	-0.36422455	-1.4353588	0.019426458	0.23677748	1.0	1736	tags=25%, list=13%, signal=28%	
ATP-DEPENDENT CHROMATIN REMODELERS%REACTOME%R-HSA-9932444.2	ATP-DEPENDENT CHROMATIN REMODELERS%REACTOME%R-HSA-9932444.2		28	-0.47063538	-1.4353068	0.05308057	0.23632923	1.0	2767	tags=50%, list=20%, signal=63%	
PID_AJDISS_2PATHWAY%MSIGDB_C2%PID_AJDISS_2PATHWAY	PID_AJDISS_2PATHWAY%MSIGDB_C2%PID_AJDISS_2PATHWAY		32	-0.45716584	-1.4343697	0.05142857	0.23730488	1.0	1323	tags=25%, list=10%, signal=28%	
FRUCTOSE AND MANNOSE DEGRADATION%SMPDB%SMP0000064	FRUCTOSE AND MANNOSE DEGRADATION%SMPDB%SMP0000064		15	-0.53938496	-1.4331238	0.08285714	0.2388919	1.0	3576	tags=53%, list=26%, signal=72%	
3-PHOSPHOGLYCERATE DEHYDROGENASE DEFICIENCY%SMPDB%SMP0000721	3-PHOSPHOGLYCERATE DEHYDROGENASE DEFICIENCY%SMPDB%SMP0000721		18	-0.5248678	-1.4326614	0.069767445	0.23919615	1.0	1666	tags=39%, list=12%, signal=44%	
EMBRYONIC PLACENTA DEVELOPMENT%GOBP%GO:0001892	EMBRYONIC PLACENTA DEVELOPMENT%GOBP%GO:0001892		15	-0.5518559	-1.4326385	0.07482993	0.2386888	1.0	2128	tags=40%, list=16%, signal=47%	
TRANSPORT OF MATURE MRNA DERIVED FROM AN INTRONLESS TRANSCRIPT%REACTOME DATABASE ID RELEASE 95%159231	TRANSPORT OF MATURE MRNA DERIVED FROM AN INTRONLESS TRANSCRIPT%REACTOME DATABASE ID RELEASE 95%159231		38	-0.44262928	-1.4316485	0.043179587	0.23974961	1.0	3142	tags=47%, list=23%, signal=62%	
PROTEIN LOCALIZATION TO MICROTUBULE CYTOSKELETON%GOBP%GO:0072698	PROTEIN LOCALIZATION TO MICROTUBULE CYTOSKELETON%GOBP%GO:0072698		34	-0.4520955	-1.4289066	0.044466402	0.24386649	1.0	2216	tags=35%, list=16%, signal=42%	
POSITIVE REGULATION OF SMOOTHENED SIGNALING PATHWAY%GOBP%GO:0045880	POSITIVE REGULATION OF SMOOTHENED SIGNALING PATHWAY%GOBP%GO:0045880		16	-0.54079443	-1.4277235	0.0668693	0.2452424	1.0	2819	tags=44%, list=21%, signal=55%	
REGULATION OF DNA-TEMPLATED DNA REPLICATION INITIATION%GOBP%GO:0030174	REGULATION OF DNA-TEMPLATED DNA REPLICATION INITIATION%GOBP%GO:0030174		18	-0.5266065	-1.4267716	0.062181447	0.2463377	1.0	1442	tags=44%, list=11%, signal=50%	
NEGATIVE REGULATION OF OSSIFICATION%GOBP%GO:0030279	NEGATIVE REGULATION OF OSSIFICATION%GOBP%GO:0030279		22	-0.49635324	-1.4265662	0.06262425	0.24616069	1.0	2537	tags=41%, list=19%, signal=50%	
NON-KETOTIC HYPERGLYCINEMIA%PATHWHIZ%PW000209	NON-KETOTIC HYPERGLYCINEMIA%PATHWHIZ%PW000209		18	-0.5248678	-1.4257256	0.06511176	0.247084	1.0	1666	tags=39%, list=12%, signal=44%	
POSITIVE REGULATION OF CHEMOTAXIS%GOBP%GO:0050921	POSITIVE REGULATION OF CHEMOTAXIS%GOBP%GO:0050921		74	-0.38627437	-1.4221812	0.025471698	0.25259063	1.0	829	tags=15%, list=6%, signal=16%	
REGULATION OF TELOMERE MAINTENANCE VIA TELOMERE LENGTHENING%GOBP%GO:1904356	REGULATION OF TELOMERE MAINTENANCE VIA TELOMERE LENGTHENING%GOBP%GO:1904356		47	-0.41639408	-1.4218799	0.037549406	0.2525651	1.0	1966	tags=32%, list=15%, signal=37%	
MITOCHONDRIAL GENE EXPRESSION%WIKIPATHWAYS_20260211%WP391%HOMO SAPIENS	MITOCHONDRIAL GENE EXPRESSION%WIKIPATHWAYS_20260211%WP391%HOMO SAPIENS		17	-0.5324647	-1.4213305	0.06960785	0.252993	1.0	1661	tags=35%, list=12%, signal=40%	
GLYCINE AND SERINE METABOLISM%SMPDB%SMP0000004	GLYCINE AND SERINE METABOLISM%SMPDB%SMP0000004		18	-0.5248678	-1.4211227	0.06706114	0.25278434	1.0	1666	tags=39%, list=12%, signal=44%	
POSITIVE REGULATION OF LEUKOCYTE CHEMOTAXIS%GOBP%GO:0002690	POSITIVE REGULATION OF LEUKOCYTE CHEMOTAXIS%GOBP%GO:0002690		52	-0.41194776	-1.4204623	0.044247787	0.25334784	1.0	829	tags=15%, list=6%, signal=16%	
HYPERGLYCINEMIA, NON-KETOTIC%SMPDB%SMP0000485	HYPERGLYCINEMIA, NON-KETOTIC%SMPDB%SMP0000485		18	-0.5248678	-1.4201756	0.07285429	0.25328827	1.0	1666	tags=39%, list=12%, signal=44%	
MAINTENANCE OF BLOOD-BRAIN BARRIER%GOBP%GO:0035633	MAINTENANCE OF BLOOD-BRAIN BARRIER%GOBP%GO:0035633		24	-0.47809815	-1.4200076	0.06666667	0.25302234	1.0	1955	tags=29%, list=14%, signal=34%	
REGULATION OF ACTIVATED T CELL PROLIFERATION%GOBP%GO:0046006	REGULATION OF ACTIVATED T CELL PROLIFERATION%GOBP%GO:0046006		18	-0.5272169	-1.4198784	0.07135778	0.25269198	1.0	1323	tags=28%, list=10%, signal=31%	
PID_WNT_NONCANONICAL_PATHWAY%MSIGDB_C2%PID_WNT_NONCANONICAL_PATHWAY	PID_WNT_NONCANONICAL_PATHWAY%MSIGDB_C2%PID_WNT_NONCANONICAL_PATHWAY		24	-0.48366073	-1.4170952	0.069539666	0.25708276	1.0	3174	tags=46%, list=23%, signal=60%	
PYRIMIDINE NUCLEOTIDE METABOLIC PROCESS%GOBP%GO:0006220	PYRIMIDINE NUCLEOTIDE METABOLIC PROCESS%GOBP%GO:0006220		39	-0.4355446	-1.4170253	0.036363635	0.256657	1.0	1587	tags=31%, list=12%, signal=35%	
FRUCTOSURIA%SMPDB%SMP0000561	FRUCTOSURIA%SMPDB%SMP0000561		15	-0.53938496	-1.4169987	0.078947365	0.2561538	1.0	3576	tags=53%, list=26%, signal=72%	
BODY MORPHOGENESIS%GOBP%GO:0010171	BODY MORPHOGENESIS%GOBP%GO:0010171		19	-0.51177174	-1.4150832	0.07339449	0.25899595	1.0	1022	tags=26%, list=8%, signal=28%	
DIMETHYLGLYCINE DEHYDROGENASE DEFICIENCY%SMPDB%SMP0000484	DIMETHYLGLYCINE DEHYDROGENASE DEFICIENCY%SMPDB%SMP0000484		18	-0.5248678	-1.4146932	0.081854045	0.25918034	1.0	1666	tags=39%, list=12%, signal=44%	
INTERACTIONS OF REV WITH HOST CELLULAR PROTEINS%REACTOME%R-HSA-177243.4	INTERACTIONS OF REV WITH HOST CELLULAR PROTEINS%REACTOME%R-HSA-177243.4		33	-0.4543179	-1.4138901	0.05882353	0.26002753	1.0	3142	tags=48%, list=23%, signal=63%	
OSTEOBLAST DIFFERENTIATION%GOBP%GO:0001649	OSTEOBLAST DIFFERENTIATION%GOBP%GO:0001649		69	-0.38970628	-1.4129573	0.020192308	0.2610639	1.0	1721	tags=28%, list=13%, signal=31%	
POSITIVE REGULATION OF ACTIN FILAMENT POLYMERIZATION%GOBP%GO:0030838	POSITIVE REGULATION OF ACTIN FILAMENT POLYMERIZATION%GOBP%GO:0030838		28	-0.47645146	-1.4124523	0.056157634	0.26146588	1.0	486	tags=14%, list=4%, signal=15%	
RAC3 GTPASE CYCLE%REACTOME%R-HSA-9013423.2	RAC3 GTPASE CYCLE%REACTOME%R-HSA-9013423.2		84	-0.37395748	-1.4118172	0.029990628	0.2621135	1.0	3512	tags=42%, list=26%, signal=56%	
EPH-EPHRIN MEDIATED REPULSION OF CELLS%REACTOME%R-HSA-3928665.5	EPH-EPHRIN MEDIATED REPULSION OF CELLS%REACTOME%R-HSA-3928665.5		40	-0.42892948	-1.411741	0.048180923	0.261674	1.0	1813	tags=33%, list=13%, signal=37%	
FACTORS INVOLVED IN MEGAKARYOCYTE DEVELOPMENT AND PLATELET PRODUCTION%REACTOME DATABASE ID RELEASE 95%983231	FACTORS INVOLVED IN MEGAKARYOCYTE DEVELOPMENT AND PLATELET PRODUCTION%REACTOME DATABASE ID RELEASE 95%983231		108	-0.36156195	-1.4114034	0.018796992	0.26171154	1.0	2673	tags=31%, list=20%, signal=39%	
PROTEIN SUMOYLATION%GOBP%GO:0016925	PROTEIN SUMOYLATION%GOBP%GO:0016925		42	-0.42333922	-1.4108568	0.042718448	0.26211798	1.0	3100	tags=38%, list=23%, signal=49%	
REGULATION OF SPINDLE CHECKPOINT%GOBP%GO:0090231	REGULATION OF SPINDLE CHECKPOINT%GOBP%GO:0090231		29	-0.45788038	-1.410854	0.055984557	0.2615711	1.0	1720	tags=38%, list=13%, signal=43%	
POSITIVE REGULATION OF ORGANELLE ASSEMBLY%GOBP%GO:1902117	POSITIVE REGULATION OF ORGANELLE ASSEMBLY%GOBP%GO:1902117		64	-0.3905541	-1.4100399	0.027965285	0.2624655	1.0	2424	tags=33%, list=18%, signal=40%	
NOTCH-HLH TRANSCRIPTION PATHWAY%REACTOME%R-HSA-350054.5	NOTCH-HLH TRANSCRIPTION PATHWAY%REACTOME%R-HSA-350054.5		28	-0.46632633	-1.408917	0.06515301	0.26397514	1.0	3345	tags=50%, list=25%, signal=66%	
POSITIVE REGULATION OF CELL JUNCTION ASSEMBLY%GOBP%GO:1901890	POSITIVE REGULATION OF CELL JUNCTION ASSEMBLY%GOBP%GO:1901890		47	-0.41848963	-1.4080563	0.04506232	0.2649329	1.0	3221	tags=40%, list=24%, signal=53%	
HETEROCHROMATIN FORMATION%GOBP%GO:0031507	HETEROCHROMATIN FORMATION%GOBP%GO:0031507		127	-0.35136467	-1.407343	0.017175572	0.26563746	1.0	3174	tags=39%, list=23%, signal=50%	
SMAD PROTEIN SIGNAL TRANSDUCTION%GOBP%GO:0060395	SMAD PROTEIN SIGNAL TRANSDUCTION%GOBP%GO:0060395		17	-0.52338046	-1.4069413	0.0795569	0.26583967	1.0	2583	tags=41%, list=19%, signal=51%	
PID_EPHA2_FWD_PATHWAY%MSIGDB_C2%PID_EPHA2_FWD_PATHWAY	PID_EPHA2_FWD_PATHWAY%MSIGDB_C2%PID_EPHA2_FWD_PATHWAY		15	-0.5362068	-1.4067359	0.08962739	0.26565135	1.0	3927	tags=53%, list=29%, signal=75%	
DIHYDROPYRIMIDINE DEHYDROGENASE DEFICIENCY (DHPD)%SMPDB%SMP0000179	DIHYDROPYRIMIDINE DEHYDROGENASE DEFICIENCY (DHPD)%SMPDB%SMP0000179		18	-0.5248678	-1.4065017	0.07128906	0.26554167	1.0	1666	tags=39%, list=12%, signal=44%	
ACTIVATION OF RRNA EXPRESSION BY ERCC6 (CSB) AND EHMT2 (G9A)%REACTOME%R-HSA-427389.3	ACTIVATION OF RRNA EXPRESSION BY ERCC6 (CSB) AND EHMT2 (G9A)%REACTOME%R-HSA-427389.3		16	-0.53657186	-1.4063385	0.06967213	0.26530975	1.0	3638	tags=56%, list=27%, signal=77%	
NONCANONICAL WNT SIGNALING PATHWAY%PATHWAY INTERACTION DATABASE NCI-NATURE CURATED DATA%NONCANONICAL WNT SIGNALING PATHWAY	NONCANONICAL WNT SIGNALING PATHWAY%PATHWAY INTERACTION DATABASE NCI-NATURE CURATED DATA%NONCANONICAL WNT SIGNALING PATHWAY		30	-0.45665509	-1.4059051	0.06647673	0.26552638	1.0	3174	tags=40%, list=23%, signal=52%	
DIMETHYLGLYCINE DEHYDROGENASE DEFICIENCY%SMPDB%SMP0000242	DIMETHYLGLYCINE DEHYDROGENASE DEFICIENCY%SMPDB%SMP0000242		18	-0.5248678	-1.4043366	0.078125	0.26788813	1.0	1666	tags=39%, list=12%, signal=44%	
FRUCTOSE INTOLERANCE, HEREDITARY%PATHWHIZ%PW000702	FRUCTOSE INTOLERANCE, HEREDITARY%PATHWHIZ%PW000702		15	-0.53938496	-1.404304	0.07135778	0.26739684	1.0	3576	tags=53%, list=26%, signal=72%	
NEGATIVE REGULATION OF WNT SIGNALING PATHWAY%GOBP%GO:0030178	NEGATIVE REGULATION OF WNT SIGNALING PATHWAY%GOBP%GO:0030178		113	-0.3572964	-1.4040778	0.011039559	0.26724467	1.0	1637	tags=25%, list=12%, signal=28%	
PERK REGULATES GENE EXPRESSION%REACTOME%R-HSA-381042.3	PERK REGULATES GENE EXPRESSION%REACTOME%R-HSA-381042.3		31	-0.4473441	-1.4038352	0.05050505	0.26711857	1.0	3263	tags=42%, list=24%, signal=55%	
BIOCARTA_AGR_PATHWAY%MSIGDB_C2%BIOCARTA_AGR_PATHWAY	BIOCARTA_AGR_PATHWAY%MSIGDB_C2%BIOCARTA_AGR_PATHWAY		22	-0.4858322	-1.4034278	0.068560235	0.26727855	1.0	3168	tags=45%, list=23%, signal=59%	
REGULATION OF ENDOGENOUS RETROELEMENTS BY PIWI-INTERACTING RNAS (PIRNAS)%REACTOME DATABASE ID RELEASE 95%9845323	REGULATION OF ENDOGENOUS RETROELEMENTS BY PIWI-INTERACTING RNAS (PIRNAS)%REACTOME DATABASE ID RELEASE 95%9845323		35	-0.44141236	-1.4031997	0.0608365	0.26715678	1.0	2767	tags=43%, list=20%, signal=54%	
MRNA PROCESSING%WIKIPATHWAYS_20260211%WP411%HOMO SAPIENS	MRNA PROCESSING%WIKIPATHWAYS_20260211%WP411%HOMO SAPIENS		93	-0.36818534	-1.4025133	0.027081244	0.267878	1.0	2876	tags=35%, list=21%, signal=45%	
BICELLULAR TIGHT JUNCTION ASSEMBLY%GOBP%GO:0070830	BICELLULAR TIGHT JUNCTION ASSEMBLY%GOBP%GO:0070830		17	-0.5195483	-1.4024795	0.084220715	0.26738754	1.0	3330	tags=59%, list=25%, signal=78%	
COLLAGEN FORMATION%REACTOME%R-HSA-1474290.5	COLLAGEN FORMATION%REACTOME%R-HSA-1474290.5		70	-0.38253063	-1.4022713	0.028073572	0.2672082	1.0	2796	tags=33%, list=21%, signal=41%	
NEP NS2 INTERACTS WITH THE CELLULAR EXPORT MACHINERY%REACTOME DATABASE ID RELEASE 95%168333	NEP NS2 INTERACTS WITH THE CELLULAR EXPORT MACHINERY%REACTOME DATABASE ID RELEASE 95%168333		28	-0.4590285	-1.3999076	0.06604651	0.2707857	1.0	3142	tags=50%, list=23%, signal=65%	
RET SIGNALING%REACTOME%R-HSA-8853659.7	RET SIGNALING%REACTOME%R-HSA-8853659.7		31	-0.44603577	-1.3998485	0.05904762	0.2703595	1.0	1434	tags=26%, list=11%, signal=29%	
CHRONIC HYPERGLYCEMIA IMPAIRMENT OF NEURON FUNCTION%WIKIPATHWAYS_20260211%WP5283%HOMO SAPIENS	CHRONIC HYPERGLYCEMIA IMPAIRMENT OF NEURON FUNCTION%WIKIPATHWAYS_20260211%WP5283%HOMO SAPIENS		26	-0.4761255	-1.3987539	0.06784661	0.2717886	1.0	2598	tags=35%, list=19%, signal=43%	
REGULATION OF MICROTUBULE CYTOSKELETON ORGANIZATION%GOBP%GO:0070507	REGULATION OF MICROTUBULE CYTOSKELETON ORGANIZATION%GOBP%GO:0070507		131	-0.34626177	-1.3977166	0.0113528855	0.27315566	1.0	2135	tags=28%, list=16%, signal=33%	
REGULATION OF G0 TO G1 TRANSITION%GOBP%GO:0070316	REGULATION OF G0 TO G1 TRANSITION%GOBP%GO:0070316		31	-0.44688132	-1.3964736	0.06930693	0.27492306	1.0	2767	tags=48%, list=20%, signal=61%	
TRANSPORT OF THE SLBP DEPENDANT MATURE MRNA%REACTOME DATABASE ID RELEASE 95%159230	TRANSPORT OF THE SLBP DEPENDANT MATURE MRNA%REACTOME DATABASE ID RELEASE 95%159230		32	-0.44509682	-1.3951648	0.06981318	0.27673224	1.0	2161	tags=38%, list=16%, signal=45%	
VALIDATED TRANSCRIPTIONAL TARGETS OF AP1 FAMILY MEMBERS FRA1 AND FRA2%PATHWAY INTERACTION DATABASE NCI-NATURE CURATED DATA%VALIDATED TRANSCRIPTIONAL TARGETS OF AP1 FAMILY MEMBERS FRA1 AND FRA2	VALIDATED TRANSCRIPTIONAL TARGETS OF AP1 FAMILY MEMBERS FRA1 AND FRA2%PATHWAY INTERACTION DATABASE NCI-NATURE CURATED DATA%VALIDATED TRANSCRIPTIONAL TARGETS OF AP1 FAMILY MEMBERS FRA1 AND FRA2		32	-0.4458234	-1.3942453	0.05899705	0.27779204	1.0	2163	tags=25%, list=16%, signal=30%	
DEFECTIVE B4GALT7 CAUSES EDS, PROGEROID TYPE%REACTOME DATABASE ID RELEASE 95%3560783	DEFECTIVE B4GALT7 CAUSES EDS, PROGEROID TYPE%REACTOME DATABASE ID RELEASE 95%3560783		17	-0.5227009	-1.393794	0.08237548	0.2780933	1.0	1957	tags=35%, list=14%, signal=41%	
NS1 MEDIATED EFFECTS ON HOST PATHWAYS%REACTOME DATABASE ID RELEASE 95%168276	NS1 MEDIATED EFFECTS ON HOST PATHWAYS%REACTOME DATABASE ID RELEASE 95%168276		38	-0.4317138	-1.3932555	0.05005005	0.27848533	1.0	2161	tags=34%, list=16%, signal=41%	
TRANSLESION SYNTHESIS BY POLI%REACTOME%R-HSA-5656121.2	TRANSLESION SYNTHESIS BY POLI%REACTOME%R-HSA-5656121.2		17	-0.50966924	-1.3919268	0.09081935	0.2803705	1.0	2278	tags=47%, list=17%, signal=57%	
REGULATION OF TELOMERE MAINTENANCE VIA TELOMERASE%GOBP%GO:0032210	REGULATION OF TELOMERE MAINTENANCE VIA TELOMERASE%GOBP%GO:0032210		41	-0.4177177	-1.3894732	0.057312254	0.2844038	1.0	1966	tags=32%, list=15%, signal=37%	
G1/S TRANSITION OF MITOTIC CELL CYCLE%GOBP%GO:0000082	G1/S TRANSITION OF MITOTIC CELL CYCLE%GOBP%GO:0000082		61	-0.39071488	-1.3888329	0.044422507	0.2850261	1.0	2011	tags=34%, list=15%, signal=40%	
TRANSCRIPTION OF E2F TARGETS UNDER NEGATIVE CONTROL BY DREAM COMPLEX%REACTOME%R-HSA-1362277.3	TRANSCRIPTION OF E2F TARGETS UNDER NEGATIVE CONTROL BY DREAM COMPLEX%REACTOME%R-HSA-1362277.3		19	-0.49532136	-1.3881614	0.083333336	0.28572768	1.0	2069	tags=32%, list=15%, signal=37%	
DOUBLE-STRAND BREAK REPAIR VIA NONHOMOLOGOUS END JOINING%GOBP%GO:0006303	DOUBLE-STRAND BREAK REPAIR VIA NONHOMOLOGOUS END JOINING%GOBP%GO:0006303		44	-0.41524854	-1.3878236	0.051	0.2858361	1.0	2447	tags=39%, list=18%, signal=47%	
REGULATION OF CHROMATIN ORGANIZATION%GOBP%GO:1902275	REGULATION OF CHROMATIN ORGANIZATION%GOBP%GO:1902275		29	-0.45506614	-1.3872274	0.06935333	0.2864016	1.0	3377	tags=48%, list=25%, signal=64%	
EXPORT OF VIRAL RIBONUCLEOPROTEINS FROM NUCLEUS%REACTOME DATABASE ID RELEASE 95%168274	EXPORT OF VIRAL RIBONUCLEOPROTEINS FROM NUCLEUS%REACTOME DATABASE ID RELEASE 95%168274		28	-0.4590285	-1.3868186	0.0776699	0.2865729	1.0	3142	tags=50%, list=23%, signal=65%	
RESPONSE TO IONIZING RADIATION%GOBP%GO:0010212	RESPONSE TO IONIZING RADIATION%GOBP%GO:0010212		82	-0.37165755	-1.3865019	0.028011205	0.28664067	1.0	3010	tags=37%, list=22%, signal=47%	
REGULATION OF GLUCOKINASE BY GLUCOKINASE REGULATORY PROTEIN%REACTOME%R-HSA-170822.6	REGULATION OF GLUCOKINASE BY GLUCOKINASE REGULATORY PROTEIN%REACTOME%R-HSA-170822.6		26	-0.463102	-1.3861756	0.06930693	0.28669855	1.0	2161	tags=38%, list=16%, signal=46%	
REGULATION OF AXONOGENESIS%GOBP%GO:0050770	REGULATION OF AXONOGENESIS%GOBP%GO:0050770		56	-0.39299375	-1.3815875	0.04702495	0.29475433	1.0	1668	tags=32%, list=12%, signal=37%	
HOMOTYPIC CELL-CELL ADHESION%GOBP%GO:0034109	HOMOTYPIC CELL-CELL ADHESION%GOBP%GO:0034109		36	-0.43093264	-1.3807919	0.067317076	0.29569858	1.0	2344	tags=28%, list=17%, signal=34%	
PID_BETA_CATENIN_NUC_PATHWAY%MSIGDB_C2%PID_BETA_CATENIN_NUC_PATHWAY	PID_BETA_CATENIN_NUC_PATHWAY%MSIGDB_C2%PID_BETA_CATENIN_NUC_PATHWAY		51	-0.4034727	-1.3803782	0.056213018	0.29590222	1.0	3234	tags=39%, list=24%, signal=51%	
CELL JUNCTION MAINTENANCE%GOBP%GO:0034331	CELL JUNCTION MAINTENANCE%GOBP%GO:0034331		19	-0.49610066	-1.3802288	0.084886126	0.29561648	1.0	1195	tags=26%, list=9%, signal=29%	
SIGNALLING TO RAS%REACTOME%R-HSA-167044.6	SIGNALLING TO RAS%REACTOME%R-HSA-167044.6		16	-0.51246595	-1.3794543	0.09733607	0.2965696	1.0	1085	tags=31%, list=8%, signal=34%	
ATF4 ACTIVATES GENES IN RESPONSE TO ENDOPLASMIC RETICULUM STRESS%REACTOME%R-HSA-380994.5	ATF4 ACTIVATES GENES IN RESPONSE TO ENDOPLASMIC RETICULUM STRESS%REACTOME%R-HSA-380994.5		26	-0.45821056	-1.3792133	0.077216394	0.296434	1.0	3263	tags=42%, list=24%, signal=56%	
EPH-EPHRIN SIGNALING%REACTOME%R-HSA-2682334.3	EPH-EPHRIN SIGNALING%REACTOME%R-HSA-2682334.3		80	-0.37015542	-1.3768171	0.033947624	0.3005493	1.0	1330	tags=23%, list=10%, signal=25%	
NEGATIVE REGULATION OF DNA BIOSYNTHETIC PROCESS%GOBP%GO:2000279	NEGATIVE REGULATION OF DNA BIOSYNTHETIC PROCESS%GOBP%GO:2000279		20	-0.4916502	-1.375613	0.09221902	0.30233255	1.0	1966	tags=35%, list=15%, signal=41%	
GLYCOSAMINOGLYCAN-PROTEIN LINKAGE REGION BIOSYNTHESIS%REACTOME%R-HSA-1971475.6	GLYCOSAMINOGLYCAN-PROTEIN LINKAGE REGION BIOSYNTHESIS%REACTOME%R-HSA-1971475.6		23	-0.47478694	-1.3751316	0.08325266	0.3027348	1.0	2028	tags=39%, list=15%, signal=46%	
POSITIVE REGULATION OF DOUBLE-STRAND BREAK REPAIR VIA HOMOLOGOUS RECOMBINATION%GOBP%GO:1905168	POSITIVE REGULATION OF DOUBLE-STRAND BREAK REPAIR VIA HOMOLOGOUS RECOMBINATION%GOBP%GO:1905168		40	-0.41712457	-1.3750378	0.06831119	0.30232576	1.0	1664	tags=25%, list=12%, signal=28%	
INTERACTIONS OF VPR WITH HOST CELLULAR PROTEINS%REACTOME%R-HSA-176033.4	INTERACTIONS OF VPR WITH HOST CELLULAR PROTEINS%REACTOME%R-HSA-176033.4		33	-0.4429496	-1.3748156	0.07565471	0.30213654	1.0	2161	tags=36%, list=16%, signal=43%	
SUMOYLATION OF TRANSCRIPTION COFACTORS%REACTOME%R-HSA-3899300.7	SUMOYLATION OF TRANSCRIPTION COFACTORS%REACTOME%R-HSA-3899300.7		40	-0.41823563	-1.3742622	0.06517691	0.30266395	1.0	2311	tags=33%, list=17%, signal=39%	
FOLIC ACID-CONTAINING COMPOUND METABOLIC PROCESS%GOBP%GO:0006760	FOLIC ACID-CONTAINING COMPOUND METABOLIC PROCESS%GOBP%GO:0006760		19	-0.4968981	-1.3739902	0.09037901	0.3026182	1.0	1096	tags=32%, list=8%, signal=34%	
HETEROCHROMATIN ORGANIZATION%GOBP%GO:0070828	HETEROCHROMATIN ORGANIZATION%GOBP%GO:0070828		134	-0.3397905	-1.372247	0.017335767	0.3055497	1.0	3174	tags=38%, list=23%, signal=49%	
PID_ILK_PATHWAY%MSIGDB_C2%PID_ILK_PATHWAY	PID_ILK_PATHWAY%MSIGDB_C2%PID_ILK_PATHWAY		32	-0.4376214	-1.3721707	0.07563851	0.3050986	1.0	1465	tags=25%, list=11%, signal=28%	
MALE INFERTILITY%WIKIPATHWAYS_20260211%WP4673%HOMO SAPIENS	MALE INFERTILITY%WIKIPATHWAYS_20260211%WP4673%HOMO SAPIENS		62	-0.38570702	-1.3714135	0.041984733	0.30607048	1.0	2437	tags=31%, list=18%, signal=37%	
TIGHT JUNCTION ASSEMBLY%GOBP%GO:0120192	TIGHT JUNCTION ASSEMBLY%GOBP%GO:0120192		22	-0.47776094	-1.3711015	0.09295499	0.30610135	1.0	3330	tags=50%, list=25%, signal=66%	
DEFECTIVE TPR MAY CONFER SUSCEPTIBILITY TOWARDS THYROID PAPILLARY CARCINOMA (TPC)%REACTOME%R-HSA-5619107.4	DEFECTIVE TPR MAY CONFER SUSCEPTIBILITY TOWARDS THYROID PAPILLARY CARCINOMA (TPC)%REACTOME%R-HSA-5619107.4		26	-0.463102	-1.3700304	0.08979206	0.3076904	1.0	2161	tags=38%, list=16%, signal=46%	
PID_FRA_PATHWAY%MSIGDB_C2%PID_FRA_PATHWAY	PID_FRA_PATHWAY%MSIGDB_C2%PID_FRA_PATHWAY		29	-0.44811773	-1.3693892	0.088932805	0.30838746	1.0	2163	tags=28%, list=16%, signal=33%	
JAK STAT SIGNALING IN THE REGULATION OF BETA CELLS%WIKIPATHWAYS_20260211%WP5358%HOMO SAPIENS	JAK STAT SIGNALING IN THE REGULATION OF BETA CELLS%WIKIPATHWAYS_20260211%WP5358%HOMO SAPIENS		25	-0.46782494	-1.3688235	0.09390126	0.30892026	1.0	416	tags=16%, list=3%, signal=16%	
CA2+ PATHWAY%REACTOME%R-HSA-4086398.5	CA2+ PATHWAY%REACTOME%R-HSA-4086398.5		54	-0.39814654	-1.3682326	0.05487228	0.3094754	1.0	2496	tags=31%, list=18%, signal=38%	
OSTEOBLAST DIFFERENTIATION AND RELATED DISEASES%WIKIPATHWAYS_20260211%WP4787%HOMO SAPIENS	OSTEOBLAST DIFFERENTIATION AND RELATED DISEASES%WIKIPATHWAYS_20260211%WP4787%HOMO SAPIENS		71	-0.37117943	-1.3682182	0.030499076	0.3089151	1.0	2854	tags=32%, list=21%, signal=41%	
HEPARAN SULFATE PROTEOGLYCAN BIOSYNTHETIC PROCESS%GOBP%GO:0015012	HEPARAN SULFATE PROTEOGLYCAN BIOSYNTHETIC PROCESS%GOBP%GO:0015012		20	-0.49228844	-1.3676302	0.09127789	0.30951327	1.0	557	tags=25%, list=4%, signal=26%	
WNT SIGNALING%WIKIPATHWAYS_20260211%WP428%HOMO SAPIENS	WNT SIGNALING%WIKIPATHWAYS_20260211%WP428%HOMO SAPIENS		76	-0.36973724	-1.3673297	0.044401545	0.30950388	1.0	2841	tags=30%, list=21%, signal=38%	
GLYCOSAMINOGLYCAN METABOLISM%REACTOME DATABASE ID RELEASE 95%1630316	GLYCOSAMINOGLYCAN METABOLISM%REACTOME DATABASE ID RELEASE 95%1630316		104	-0.35078537	-1.3652002	0.024976874	0.31314835	1.0	2028	tags=28%, list=15%, signal=33%	
TRANSLESION SYNTHESIS BY POLK%REACTOME%R-HSA-5655862.2	TRANSLESION SYNTHESIS BY POLK%REACTOME%R-HSA-5655862.2		17	-0.5101015	-1.3650155	0.093161546	0.3129166	1.0	2278	tags=47%, list=17%, signal=57%	
PYRIMIDINE METABOLISM%WIKIPATHWAYS_20260211%WP4022%HOMO SAPIENS	PYRIMIDINE METABOLISM%WIKIPATHWAYS_20260211%WP4022%HOMO SAPIENS		67	-0.3731569	-1.3635315	0.046666667	0.31523073	1.0	913	tags=22%, list=7%, signal=24%	
TIGHT JUNCTION ORGANIZATION%GOBP%GO:0120193	TIGHT JUNCTION ORGANIZATION%GOBP%GO:0120193		22	-0.47776094	-1.3635247	0.09674235	0.31465974	1.0	3330	tags=50%, list=25%, signal=66%	
RAC1 GTPASE CYCLE%REACTOME%R-HSA-9013149.2	RAC1 GTPASE CYCLE%REACTOME%R-HSA-9013149.2		160	-0.32941207	-1.3620094	0.024459079	0.31714657	1.0	2281	tags=25%, list=17%, signal=30%	
POSITIVE REGULATION OF LEUKOCYTE MIGRATION%GOBP%GO:0002687	POSITIVE REGULATION OF LEUKOCYTE MIGRATION%GOBP%GO:0002687		77	-0.367815	-1.3612245	0.03988604	0.31812838	1.0	829	tags=13%, list=6%, signal=14%	
CELL CYCLE G1/S PHASE TRANSITION%GOBP%GO:0044843	CELL CYCLE G1/S PHASE TRANSITION%GOBP%GO:0044843		63	-0.38021532	-1.3609784	0.041627247	0.31807497	1.0	2011	tags=33%, list=15%, signal=39%	
POSITIVE REGULATION OF DEVELOPMENTAL GROWTH%GOBP%GO:0048639	POSITIVE REGULATION OF DEVELOPMENTAL GROWTH%GOBP%GO:0048639		53	-0.39068627	-1.3588076	0.0668693	0.32188094	1.0	1646	tags=25%, list=12%, signal=28%	
ALPHA-AMINO ACID BIOSYNTHETIC PROCESS%GOBP%GO:1901607	ALPHA-AMINO ACID BIOSYNTHETIC PROCESS%GOBP%GO:1901607		32	-0.4323411	-1.3577998	0.080504365	0.32329804	1.0	2022	tags=31%, list=15%, signal=37%	
TRANSLESION SYNTHESIS BY Y FAMILY DNA POLYMERASES BYPASSES LESIONS ON DNA TEMPLATE%REACTOME DATABASE ID RELEASE 95%110313	TRANSLESION SYNTHESIS BY Y FAMILY DNA POLYMERASES BYPASSES LESIONS ON DNA TEMPLATE%REACTOME DATABASE ID RELEASE 95%110313		36	-0.4252593	-1.35704	0.071774974	0.3242484	1.0	2278	tags=39%, list=17%, signal=47%	
WNT%NETPATH%WNT	WNT%NETPATH%WNT		39	-0.4165112	-1.3555142	0.07418112	0.3268465	1.0	2782	tags=36%, list=21%, signal=45%	
REGULATION OF RETINOBLASTOMA PROTEIN%PATHWAY INTERACTION DATABASE NCI-NATURE CURATED DATA%REGULATION OF RETINOBLASTOMA PROTEIN	REGULATION OF RETINOBLASTOMA PROTEIN%PATHWAY INTERACTION DATABASE NCI-NATURE CURATED DATA%REGULATION OF RETINOBLASTOMA PROTEIN		59	-0.38217667	-1.3551491	0.055607043	0.32701278	1.0	3965	tags=49%, list=29%, signal=69%	
REGULATION OF MECP2 EXPRESSION AND ACTIVITY%REACTOME DATABASE ID RELEASE 95%9022692	REGULATION OF MECP2 EXPRESSION AND ACTIVITY%REACTOME DATABASE ID RELEASE 95%9022692		29	-0.44108704	-1.3549126	0.08190476	0.3269376	1.0	2724	tags=41%, list=20%, signal=52%	
LISSENCEPHALY GENE (LIS1) IN NEURONAL MIGRATION AND DEVELOPMENT%PATHWAY INTERACTION DATABASE NCI-NATURE CURATED DATA%LISSENCEPHALY GENE (LIS1) IN NEURONAL MIGRATION AND DEVELOPMENT	LISSENCEPHALY GENE (LIS1) IN NEURONAL MIGRATION AND DEVELOPMENT%PATHWAY INTERACTION DATABASE NCI-NATURE CURATED DATA%LISSENCEPHALY GENE (LIS1) IN NEURONAL MIGRATION AND DEVELOPMENT		25	-0.46421948	-1.3544148	0.09064327	0.32731587	1.0	1590	tags=24%, list=12%, signal=27%	
NUCLEAR IMPORT OF REV PROTEIN%REACTOME%R-HSA-180746.3	NUCLEAR IMPORT OF REV PROTEIN%REACTOME%R-HSA-180746.3		30	-0.43848345	-1.3541927	0.080660835	0.3271964	1.0	2161	tags=37%, list=16%, signal=44%	
NON-MOTILE CILIUM ASSEMBLY%GOBP%GO:1905515	NON-MOTILE CILIUM ASSEMBLY%GOBP%GO:1905515		28	-0.44446492	-1.3538355	0.09214355	0.32730404	1.0	3706	tags=54%, list=27%, signal=74%	
FORMATION OF THE NON-CANONICAL BAF (NCBAF) COMPLEX%REACTOME DATABASE ID RELEASE 95%9933947	FORMATION OF THE NON-CANONICAL BAF (NCBAF) COMPLEX%REACTOME DATABASE ID RELEASE 95%9933947		15	-0.5204618	-1.3528389	0.11406844	0.3288444	1.0	2767	tags=53%, list=20%, signal=67%	
RETINA DEVELOPMENT IN CAMERA-TYPE EYE%GOBP%GO:0060041	RETINA DEVELOPMENT IN CAMERA-TYPE EYE%GOBP%GO:0060041		49	-0.39754105	-1.3512161	0.07797271	0.33161232	1.0	2882	tags=27%, list=21%, signal=34%	
LIVER DEVELOPMENT%GOBP%GO:0001889	LIVER DEVELOPMENT%GOBP%GO:0001889		25	-0.4531378	-1.350975	0.10387158	0.33149624	1.0	2156	tags=44%, list=16%, signal=52%	
HEPATICOBILIARY SYSTEM DEVELOPMENT%GOBP%GO:0061008	HEPATICOBILIARY SYSTEM DEVELOPMENT%GOBP%GO:0061008		26	-0.4496117	-1.3507851	0.09021113	0.3313057	1.0	2156	tags=42%, list=16%, signal=50%	
RAC1 PAK1 P38 MMP2 PATHWAY%WIKIPATHWAYS_20260211%WP3303%HOMO SAPIENS	RAC1 PAK1 P38 MMP2 PATHWAY%WIKIPATHWAYS_20260211%WP3303%HOMO SAPIENS		47	-0.40170774	-1.3506685	0.072744906	0.3309499	1.0	2942	tags=43%, list=22%, signal=54%	
RAC1 SIGNALING PATHWAY%PATHWAY INTERACTION DATABASE NCI-NATURE CURATED DATA%RAC1 SIGNALING PATHWAY	RAC1 SIGNALING PATHWAY%PATHWAY INTERACTION DATABASE NCI-NATURE CURATED DATA%RAC1 SIGNALING PATHWAY		50	-0.393453	-1.3505955	0.07736944	0.33049694	1.0	2753	tags=38%, list=20%, signal=48%	
CELLULAR RESPONSE TO IONIZING RADIATION%GOBP%GO:0071479	CELLULAR RESPONSE TO IONIZING RADIATION%GOBP%GO:0071479		51	-0.38746995	-1.3492947	0.056710776	0.33261725	1.0	1397	tags=24%, list=10%, signal=26%	
POSITIVE REGULATION OF SUBSTRATE ADHESION-DEPENDENT CELL SPREADING%GOBP%GO:1900026	POSITIVE REGULATION OF SUBSTRATE ADHESION-DEPENDENT CELL SPREADING%GOBP%GO:1900026		26	-0.45453718	-1.3490008	0.10797174	0.3326429	1.0	1360	tags=27%, list=10%, signal=30%	
REGULATION OF CELL FATE SPECIFICATION%GOBP%GO:0042659	REGULATION OF CELL FATE SPECIFICATION%GOBP%GO:0042659		15	-0.5222855	-1.3489782	0.110470705	0.33209607	1.0	3956	tags=53%, list=29%, signal=75%	
PID_ATM_PATHWAY%MSIGDB_C2%PID_ATM_PATHWAY	PID_ATM_PATHWAY%MSIGDB_C2%PID_ATM_PATHWAY		22	-0.47370884	-1.3483611	0.09322865	0.33282986	1.0	1553	tags=41%, list=11%, signal=46%	
ALSTROM SYNDROME%WIKIPATHWAYS_20260211%WP5202%HOMO SAPIENS	ALSTROM SYNDROME%WIKIPATHWAYS_20260211%WP5202%HOMO SAPIENS		28	-0.44776708	-1.3479685	0.089866154	0.33304954	1.0	2295	tags=29%, list=17%, signal=34%	
PID_INTEGRIN1_PATHWAY%MSIGDB_C2%PID_INTEGRIN1_PATHWAY	PID_INTEGRIN1_PATHWAY%MSIGDB_C2%PID_INTEGRIN1_PATHWAY		44	-0.40297604	-1.3477049	0.06928839	0.33303693	1.0	2031	tags=32%, list=15%, signal=37%	
EMBRYO DEVELOPMENT ENDING IN BIRTH OR EGG HATCHING%GOBP%GO:0009792	EMBRYO DEVELOPMENT ENDING IN BIRTH OR EGG HATCHING%GOBP%GO:0009792		151	-0.32918003	-1.3469934	0.020257827	0.33394518	1.0	3437	tags=32%, list=25%, signal=43%	
DNA IR DOUBLE STRAND BREAKS AND CELLULAR RESPONSE VIA ATM%WIKIPATHWAYS_20260211%WP3959%HOMO SAPIENS	DNA IR DOUBLE STRAND BREAKS AND CELLULAR RESPONSE VIA ATM%WIKIPATHWAYS_20260211%WP3959%HOMO SAPIENS		44	-0.40217283	-1.3467991	0.07442748	0.33378834	1.0	2748	tags=43%, list=20%, signal=54%	
PID_TCPTP_PATHWAY%MSIGDB_C2%PID_TCPTP_PATHWAY	PID_TCPTP_PATHWAY%MSIGDB_C2%PID_TCPTP_PATHWAY		30	-0.43494645	-1.3460246	0.087128714	0.33481503	1.0	1646	tags=27%, list=12%, signal=30%	
TRANSLESION SYNTHESIS BY REV1%REACTOME%R-HSA-110312.3	TRANSLESION SYNTHESIS BY REV1%REACTOME%R-HSA-110312.3		16	-0.512858	-1.3455054	0.1061061	0.33529544	1.0	2278	tags=50%, list=17%, signal=60%	
NEURAL RETINA DEVELOPMENT%GOBP%GO:0003407	NEURAL RETINA DEVELOPMENT%GOBP%GO:0003407		25	-0.45586017	-1.3436192	0.09188661	0.33865517	1.0	3699	tags=36%, list=27%, signal=49%	
SYNDECAN-3-MEDIATED SIGNALING EVENTS%PATHWAY INTERACTION DATABASE NCI-NATURE CURATED DATA%SYNDECAN-3-MEDIATED SIGNALING EVENTS	SYNDECAN-3-MEDIATED SIGNALING EVENTS%PATHWAY INTERACTION DATABASE NCI-NATURE CURATED DATA%SYNDECAN-3-MEDIATED SIGNALING EVENTS		16	-0.50841194	-1.3431358	0.11758893	0.3391015	1.0	3230	tags=56%, list=24%, signal=74%	
M-CSF%IOB%M-CSF	M-CSF%IOB%M-CSF		16	-0.507419	-1.3429475	0.11645813	0.33894065	1.0	783	tags=19%, list=6%, signal=20%	
DNA DAMAGE TOLERANCE%GOBP%GO:0006301	DNA DAMAGE TOLERANCE%GOBP%GO:0006301		34	-0.4246707	-1.3421392	0.08252427	0.34008184	1.0	1927	tags=35%, list=14%, signal=41%	
PID_SYNDECAN_1_PATHWAY%MSIGDB_C2%PID_SYNDECAN_1_PATHWAY	PID_SYNDECAN_1_PATHWAY%MSIGDB_C2%PID_SYNDECAN_1_PATHWAY		31	-0.4311603	-1.3411771	0.08341416	0.34147877	1.0	1349	tags=26%, list=10%, signal=29%	
HEDGEHOG SIGNALING%WIKIPATHWAYS_20260211%WP4249%HOMO SAPIENS	HEDGEHOG SIGNALING%WIKIPATHWAYS_20260211%WP4249%HOMO SAPIENS		27	-0.4480219	-1.3398987	0.09760766	0.34360355	1.0	2024	tags=33%, list=15%, signal=39%	
DNA DAMAGE BYPASS%REACTOME DATABASE ID RELEASE 95%73893	DNA DAMAGE BYPASS%REACTOME DATABASE ID RELEASE 95%73893		44	-0.39871514	-1.3398341	0.081268586	0.34312543	1.0	2278	tags=36%, list=17%, signal=44%	
NUCLEOCYTOPLASMIC TRANSPORT%GOBP%GO:0006913	NUCLEOCYTOPLASMIC TRANSPORT%GOBP%GO:0006913		176	-0.32014045	-1.3395329	0.0109990835	0.34317058	1.0	2246	tags=24%, list=17%, signal=29%	
POSITIVE REGULATION OF ENDOTHELIAL CELL PROLIFERATION%GOBP%GO:0001938	POSITIVE REGULATION OF ENDOTHELIAL CELL PROLIFERATION%GOBP%GO:0001938		58	-0.3792529	-1.338375	0.06647673	0.34503672	1.0	3026	tags=34%, list=22%, signal=44%	
POSITIVE REGULATION OF CELL-SUBSTRATE ADHESION%GOBP%GO:0010811	POSITIVE REGULATION OF CELL-SUBSTRATE ADHESION%GOBP%GO:0010811		62	-0.37291577	-1.338204	0.060778726	0.3448003	1.0	3661	tags=40%, list=27%, signal=55%	
HOMOPHILIC CELL-CELL ADHESION%GOBP%GO:0007156	HOMOPHILIC CELL-CELL ADHESION%GOBP%GO:0007156		41	-0.40733758	-1.3372064	0.07760315	0.3463589	1.0	1668	tags=27%, list=12%, signal=31%	
REGULATION OF CELL CYCLE G1/S PHASE TRANSITION%GOBP%GO:1902806	REGULATION OF CELL CYCLE G1/S PHASE TRANSITION%GOBP%GO:1902806		141	-0.32808208	-1.336515	0.031189084	0.34727508	1.0	2602	tags=33%, list=19%, signal=40%	
NEGATIVE REGULATION OF PROTEIN DEPOLYMERIZATION%GOBP%GO:1901880	NEGATIVE REGULATION OF PROTEIN DEPOLYMERIZATION%GOBP%GO:1901880		37	-0.41651577	-1.3364395	0.07904762	0.3468219	1.0	688	tags=16%, list=5%, signal=17%	
TERMINATION OF TRANSLESION DNA SYNTHESIS%REACTOME DATABASE ID RELEASE 95%5656169	TERMINATION OF TRANSLESION DNA SYNTHESIS%REACTOME DATABASE ID RELEASE 95%5656169		31	-0.42679223	-1.3362757	0.08571429	0.34654996	1.0	2278	tags=39%, list=17%, signal=46%	
REGULATION OF MITOTIC SPINDLE CHECKPOINT%GOBP%GO:1903504	REGULATION OF MITOTIC SPINDLE CHECKPOINT%GOBP%GO:1903504		28	-0.43779427	-1.3361793	0.0854527	0.34615338	1.0	1720	tags=36%, list=13%, signal=41%	
NEURAL TUBE DEVELOPMENT%GOBP%GO:0021915	NEURAL TUBE DEVELOPMENT%GOBP%GO:0021915		43	-0.406215	-1.3344613	0.06391347	0.3491422	1.0	914	tags=16%, list=7%, signal=17%	
CHORDATE EMBRYONIC DEVELOPMENT%GOBP%GO:0043009	CHORDATE EMBRYONIC DEVELOPMENT%GOBP%GO:0043009		143	-0.32648817	-1.3303403	0.029493088	0.35741562	1.0	3437	tags=32%, list=25%, signal=43%	
NEGATIVE REGULATION OF DNA RECOMBINATION%GOBP%GO:0045910	NEGATIVE REGULATION OF DNA RECOMBINATION%GOBP%GO:0045910		26	-0.45096013	-1.330022	0.10463969	0.35751426	1.0	3014	tags=50%, list=22%, signal=64%	
REGULATION OF MIRNA TRANSCRIPTION%GOBP%GO:1902893	REGULATION OF MIRNA TRANSCRIPTION%GOBP%GO:1902893		53	-0.3804565	-1.3297843	0.060229447	0.35743746	1.0	2673	tags=32%, list=20%, signal=40%	
REGULATION OF EXTRACELLULAR MATRIX ORGANIZATION%GOBP%GO:1903053	REGULATION OF EXTRACELLULAR MATRIX ORGANIZATION%GOBP%GO:1903053		43	-0.39930838	-1.3295357	0.085798815	0.35733563	1.0	3030	tags=44%, list=22%, signal=57%	
PID_SMAD2_3NUCLEAR_PATHWAY%MSIGDB_C2%PID_SMAD2_3NUCLEAR_PATHWAY	PID_SMAD2_3NUCLEAR_PATHWAY%MSIGDB_C2%PID_SMAD2_3NUCLEAR_PATHWAY		62	-0.37159526	-1.3292228	0.07	0.35736215	1.0	3299	tags=39%, list=24%, signal=51%	
TRANSPORT OF THE SLBP INDEPENDENT MATURE MRNA%REACTOME DATABASE ID RELEASE 95%159227	TRANSPORT OF THE SLBP INDEPENDENT MATURE MRNA%REACTOME DATABASE ID RELEASE 95%159227		31	-0.42956835	-1.3289123	0.09022556	0.35744193	1.0	2161	tags=35%, list=16%, signal=42%	
NOTCH3 ACTIVATION AND TRANSMISSION OF SIGNAL TO THE NUCLEUS%REACTOME DATABASE ID RELEASE 95%9013507	NOTCH3 ACTIVATION AND TRANSMISSION OF SIGNAL TO THE NUCLEUS%REACTOME DATABASE ID RELEASE 95%9013507		25	-0.4478609	-1.32877	0.09922179	0.35711488	1.0	1813	tags=32%, list=13%, signal=37%	
MORPHOGENESIS OF AN EPITHELIUM%GOBP%GO:0002009	MORPHOGENESIS OF AN EPITHELIUM%GOBP%GO:0002009		152	-0.32289255	-1.3281221	0.02672811	0.35789713	1.0	3283	tags=30%, list=24%, signal=40%	
SPINAL CORD DEVELOPMENT%GOBP%GO:0021510	SPINAL CORD DEVELOPMENT%GOBP%GO:0021510		25	-0.45217532	-1.3273133	0.096618354	0.3591324	1.0	4038	tags=48%, list=30%, signal=68%	
SELENIUM METABOLISM AND SELENOPROTEINS%WIKIPATHWAYS_20260211%WP28%HOMO SAPIENS	SELENIUM METABOLISM AND SELENOPROTEINS%WIKIPATHWAYS_20260211%WP28%HOMO SAPIENS		24	-0.4597662	-1.3270648	0.12130178	0.35909182	1.0	1631	tags=33%, list=12%, signal=38%	
DISEASES ASSOCIATED WITH O-GLYCOSYLATION OF PROTEINS%REACTOME%R-HSA-3906995.5	DISEASES ASSOCIATED WITH O-GLYCOSYLATION OF PROTEINS%REACTOME%R-HSA-3906995.5		40	-0.40295395	-1.3269706	0.09194313	0.35869974	1.0	2468	tags=33%, list=18%, signal=40%	
NUCLEAR TRANSPORT%GOBP%GO:0051169	NUCLEAR TRANSPORT%GOBP%GO:0051169		177	-0.3164806	-1.3256515	0.027131783	0.36092618	1.0	2246	tags=24%, list=17%, signal=29%	
MEGAKARYOCYTE DIFFERENTIATION%GOBP%GO:0030219	MEGAKARYOCYTE DIFFERENTIATION%GOBP%GO:0030219		15	-0.5085733	-1.3243395	0.11422846	0.3632736	1.0	4958	tags=60%, list=37%, signal=95%	
HIPPO SIGNALING REGULATION%WIKIPATHWAYS_20260211%WP4540%HOMO SAPIENS	HIPPO SIGNALING REGULATION%WIKIPATHWAYS_20260211%WP4540%HOMO SAPIENS		54	-0.37988254	-1.323799	0.08134921	0.36384928	1.0	2854	tags=33%, list=21%, signal=42%	
DNA REPLICATION PRE-INITIATION%REACTOME%R-HSA-69002.4	DNA REPLICATION PRE-INITIATION%REACTOME%R-HSA-69002.4		88	-0.35103342	-1.3233316	0.054187194	0.36426857	1.0	2151	tags=31%, list=16%, signal=36%	
TRANSCRIPTIONAL REGULATION BY THE AP-2 (TFAP2) FAMILY OF TRANSCRIPTION FACTORS%REACTOME%R-HSA-8864260.5	TRANSCRIPTIONAL REGULATION BY THE AP-2 (TFAP2) FAMILY OF TRANSCRIPTION FACTORS%REACTOME%R-HSA-8864260.5		28	-0.43240157	-1.3224508	0.09232264	0.36566222	1.0	1664	tags=36%, list=12%, signal=41%	
TROP2 REGULATORY SIGNALING%WIKIPATHWAYS_20260211%WP5300%HOMO SAPIENS	TROP2 REGULATORY SIGNALING%WIKIPATHWAYS_20260211%WP5300%HOMO SAPIENS		31	-0.42772985	-1.3219073	0.100890204	0.36625805	1.0	2243	tags=39%, list=17%, signal=46%	
RESPONSE TO TUMOR CELL%GOBP%GO:0002347	RESPONSE TO TUMOR CELL%GOBP%GO:0002347		18	-0.47871697	-1.3210957	0.1118677	0.36746085	1.0	1492	tags=28%, list=11%, signal=31%	
REGULATION OF MITOTIC CELL CYCLE SPINDLE ASSEMBLY CHECKPOINT%GOBP%GO:0090266	REGULATION OF MITOTIC CELL CYCLE SPINDLE ASSEMBLY CHECKPOINT%GOBP%GO:0090266		28	-0.43779427	-1.3198404	0.100767754	0.36966777	1.0	1720	tags=36%, list=13%, signal=41%	
POSITIVE REGULATION OF AMYLOID PRECURSOR PROTEIN CATABOLIC PROCESS%GOBP%GO:1902993	POSITIVE REGULATION OF AMYLOID PRECURSOR PROTEIN CATABOLIC PROCESS%GOBP%GO:1902993		17	-0.49095806	-1.3194355	0.12667947	0.36998454	1.0	167	tags=18%, list=1%, signal=18%	
REGULATION OF CANONICAL WNT SIGNALING PATHWAY%GOBP%GO:0060828	REGULATION OF CANONICAL WNT SIGNALING PATHWAY%GOBP%GO:0060828		183	-0.3130313	-1.3194165	0.019319227	0.36941496	1.0	1680	tags=20%, list=12%, signal=22%	
EXTRACELLULAR MATRIX DISASSEMBLY%GOBP%GO:0022617	EXTRACELLULAR MATRIX DISASSEMBLY%GOBP%GO:0022617		22	-0.46678227	-1.3193023	0.112	0.36907464	1.0	3030	tags=50%, list=22%, signal=64%	
GRANULOCYTE MIGRATION%GOBP%GO:0097530	GRANULOCYTE MIGRATION%GOBP%GO:0097530		29	-0.43008706	-1.3187549	0.12273642	0.3696912	1.0	486	tags=10%, list=4%, signal=11%	
METANEPHROS DEVELOPMENT%GOBP%GO:0001656	METANEPHROS DEVELOPMENT%GOBP%GO:0001656		26	-0.4392705	-1.3175449	0.10873786	0.37179497	1.0	3437	tags=31%, list=25%, signal=41%	
CELLULAR RESPONSE TO ALKALOID%GOBP%GO:0071312	CELLULAR RESPONSE TO ALKALOID%GOBP%GO:0071312		15	-0.5025218	-1.3172959	0.13737373	0.37175056	1.0	499	tags=27%, list=4%, signal=28%	
VALIDATED NUCLEAR ESTROGEN RECEPTOR ALPHA NETWORK%PATHWAY INTERACTION DATABASE NCI-NATURE CURATED DATA%VALIDATED NUCLEAR ESTROGEN RECEPTOR ALPHA NETWORK	VALIDATED NUCLEAR ESTROGEN RECEPTOR ALPHA NETWORK%PATHWAY INTERACTION DATABASE NCI-NATURE CURATED DATA%VALIDATED NUCLEAR ESTROGEN RECEPTOR ALPHA NETWORK		52	-0.38077116	-1.3171107	0.08182683	0.3715449	1.0	1286	tags=21%, list=10%, signal=23%	
PYRIMIDINE-CONTAINING COMPOUND METABOLIC PROCESS%GOBP%GO:0072527	PYRIMIDINE-CONTAINING COMPOUND METABOLIC PROCESS%GOBP%GO:0072527		52	-0.38144794	-1.3164583	0.08414873	0.37238652	1.0	1587	tags=27%, list=12%, signal=30%	
PROTEIN-DNA COMPLEX ORGANIZATION%GOBP%GO:0071824	PROTEIN-DNA COMPLEX ORGANIZATION%GOBP%GO:0071824		117	-0.33367133	-1.3158678	0.039233577	0.37312204	1.0	1657	tags=21%, list=12%, signal=24%	
RMTS METHYLATE HISTONE ARGININES%REACTOME%R-HSA-3214858.4	RMTS METHYLATE HISTONE ARGININES%REACTOME%R-HSA-3214858.4		29	-0.42567247	-1.3150526	0.11723447	0.37436372	1.0	1399	tags=34%, list=10%, signal=38%	
2'-DEOXYRIBONUCLEOTIDE METABOLIC PROCESS%GOBP%GO:0009394	2'-DEOXYRIBONUCLEOTIDE METABOLIC PROCESS%GOBP%GO:0009394		33	-0.41637802	-1.3133558	0.10760119	0.37744606	1.0	784	tags=24%, list=6%, signal=26%	
WNT SIGNALING PATHWAY, PLANAR CELL POLARITY PATHWAY%GOBP%GO:0060071	WNT SIGNALING PATHWAY, PLANAR CELL POLARITY PATHWAY%GOBP%GO:0060071		25	-0.44322827	-1.3126615	0.10784314	0.37838355	1.0	2841	tags=24%, list=21%, signal=30%	
REGULATION OF TELOMERE MAINTENANCE%GOBP%GO:0032204	REGULATION OF TELOMERE MAINTENANCE%GOBP%GO:0032204		86	-0.34690803	-1.3126382	0.05539637	0.37781888	1.0	2740	tags=33%, list=20%, signal=41%	
HCMV INFECTION%REACTOME%R-HSA-9609646.5	HCMV INFECTION%REACTOME%R-HSA-9609646.5		76	-0.35375828	-1.3123342	0.065259114	0.37790737	1.0	2161	tags=33%, list=16%, signal=39%	
MET ACTIVATES PTK2 SIGNALING%REACTOME DATABASE ID RELEASE 95%8874081	MET ACTIVATES PTK2 SIGNALING%REACTOME DATABASE ID RELEASE 95%8874081		17	-0.48972753	-1.3121544	0.13261297	0.37770194	1.0	3030	tags=53%, list=22%, signal=68%	
UMP SYNTHASE DEFICIENCY (OROTIC ACIDURIA)%SMPDB%SMP0000219	UMP SYNTHASE DEFICIENCY (OROTIC ACIDURIA)%SMPDB%SMP0000219		19	-0.47613916	-1.3115222	0.13292433	0.37848917	1.0	1572	tags=32%, list=12%, signal=36%	
NUCLEOTIDE METABOLISM%REACTOME DATABASE ID RELEASE 95%15869	NUCLEOTIDE METABOLISM%REACTOME DATABASE ID RELEASE 95%15869		79	-0.34991035	-1.3107756	0.057915058	0.37954545	1.0	1754	tags=24%, list=13%, signal=27%	
MNGIE (MITOCHONDRIAL NEUROGASTROINTESTINAL ENCEPHALOPATHY)%PATHWHIZ%PW000190	MNGIE (MITOCHONDRIAL NEUROGASTROINTESTINAL ENCEPHALOPATHY)%PATHWHIZ%PW000190		19	-0.47613916	-1.3105025	0.13631938	0.37955585	1.0	1572	tags=32%, list=12%, signal=36%	
POSITIVE REGULATION OF NUCLEOCYTOPLASMIC TRANSPORT%GOBP%GO:0046824	POSITIVE REGULATION OF NUCLEOCYTOPLASMIC TRANSPORT%GOBP%GO:0046824		43	-0.39400598	-1.3104806	0.100890204	0.37898603	1.0	3013	tags=35%, list=22%, signal=45%	
PYRIMIDINE METABOLISM%PATHWHIZ%PW000160	PYRIMIDINE METABOLISM%PATHWHIZ%PW000160		19	-0.47613916	-1.3102015	0.14028436	0.37899762	1.0	1572	tags=32%, list=12%, signal=36%	
G ALPHA (12 13) SIGNALLING EVENTS%REACTOME%R-HSA-416482.7	G ALPHA (12 13) SIGNALLING EVENTS%REACTOME%R-HSA-416482.7		66	-0.36324337	-1.309649	0.06439394	0.37963286	1.0	1487	tags=23%, list=11%, signal=25%	
FORMATION OF THE POLYBROMO-BAF (PBAF) COMPLEX%REACTOME%R-HSA-9933939.1	FORMATION OF THE POLYBROMO-BAF (PBAF) COMPLEX%REACTOME%R-HSA-9933939.1		18	-0.4830867	-1.3095504	0.13747454	0.37924403	1.0	2767	tags=50%, list=20%, signal=63%	
LNCRNA IN CANONICAL WNT SIGNALING AND COLORECTAL CANCER%WIKIPATHWAYS_20260211%WP4258%HOMO SAPIENS	LNCRNA IN CANONICAL WNT SIGNALING AND COLORECTAL CANCER%WIKIPATHWAYS_20260211%WP4258%HOMO SAPIENS		63	-0.36485386	-1.3094774	0.08817829	0.3788061	1.0	3007	tags=32%, list=22%, signal=41%	
REGULATION OF CELL SHAPE%GOBP%GO:0008360	REGULATION OF CELL SHAPE%GOBP%GO:0008360		72	-0.35997838	-1.308938	0.07079646	0.3794271	1.0	3183	tags=35%, list=24%, signal=45%	
ATM SIGNALING%WIKIPATHWAYS_20260211%WP2516%HOMO SAPIENS	ATM SIGNALING%WIKIPATHWAYS_20260211%WP2516%HOMO SAPIENS		29	-0.4252735	-1.3087925	0.11627907	0.37916023	1.0	2146	tags=34%, list=16%, signal=41%	
BETA-UREIDOPROPIONASE DEFICIENCY%PATHWHIZ%PW000187	BETA-UREIDOPROPIONASE DEFICIENCY%PATHWHIZ%PW000187		19	-0.47613916	-1.3080451	0.11534604	0.3802214	1.0	1572	tags=32%, list=12%, signal=36%	
NUCLEOTIDE EXCISION REPAIR IN XERODERMA PIGMENTOSUM %WIKIPATHWAYS_20260211%WP5114%HOMO SAPIENS	NUCLEOTIDE EXCISION REPAIR IN XERODERMA PIGMENTOSUM %WIKIPATHWAYS_20260211%WP5114%HOMO SAPIENS		41	-0.3988865	-1.3076612	0.09109109	0.3804405	1.0	2590	tags=39%, list=19%, signal=48%	
DIHYDROPYRIMIDINASE DEFICIENCY%SMPDB%SMP0000178	DIHYDROPYRIMIDINASE DEFICIENCY%SMPDB%SMP0000178		19	-0.47613916	-1.3072915	0.12978525	0.3806539	1.0	1572	tags=32%, list=12%, signal=36%	
GAP JUNCTION TRAFFICKING AND REGULATION%REACTOME DATABASE ID RELEASE 95%157858	GAP JUNCTION TRAFFICKING AND REGULATION%REACTOME DATABASE ID RELEASE 95%157858		15	-0.4974882	-1.3059589	0.14725699	0.38305315	1.0	1891	tags=33%, list=14%, signal=39%	
BETA1 INTEGRIN CELL SURFACE INTERACTIONS%PATHWAY INTERACTION DATABASE NCI-NATURE CURATED DATA%BETA1 INTEGRIN CELL SURFACE INTERACTIONS	BETA1 INTEGRIN CELL SURFACE INTERACTIONS%PATHWAY INTERACTION DATABASE NCI-NATURE CURATED DATA%BETA1 INTEGRIN CELL SURFACE INTERACTIONS		57	-0.36888304	-1.3049556	0.09009901	0.38472018	1.0	2506	tags=32%, list=19%, signal=39%	
ECM PROTEOGLYCANS%REACTOME DATABASE ID RELEASE 95%3000178	ECM PROTEOGLYCANS%REACTOME DATABASE ID RELEASE 95%3000178		40	-0.39706466	-1.3038024	0.09241245	0.38676316	1.0	1917	tags=30%, list=14%, signal=35%	
REGULATION OF LEUKOCYTE CHEMOTAXIS%GOBP%GO:0002688	REGULATION OF LEUKOCYTE CHEMOTAXIS%GOBP%GO:0002688		63	-0.3647116	-1.3036358	0.07915058	0.3865498	1.0	829	tags=13%, list=6%, signal=13%	
PYRIMIDINE DEOXYRIBONUCLEOTIDE METABOLIC PROCESS%GOBP%GO:0009219	PYRIMIDINE DEOXYRIBONUCLEOTIDE METABOLIC PROCESS%GOBP%GO:0009219		20	-0.46846965	-1.3033038	0.13140097	0.38670096	1.0	784	tags=30%, list=6%, signal=32%	
ATM SIGNALING IN DEVELOPMENT AND DISEASE %WIKIPATHWAYS_20260211%WP3878%HOMO SAPIENS	ATM SIGNALING IN DEVELOPMENT AND DISEASE %WIKIPATHWAYS_20260211%WP3878%HOMO SAPIENS		38	-0.40534273	-1.3024863	0.096491225	0.38797176	1.0	2663	tags=47%, list=20%, signal=59%	
REGULATION OF CHEMOTAXIS%GOBP%GO:0050920	REGULATION OF CHEMOTAXIS%GOBP%GO:0050920		101	-0.3338239	-1.3016684	0.04932302	0.38926628	1.0	829	tags=13%, list=6%, signal=14%	
STABILIZATION AND EXPANSION OF THE E-CADHERIN ADHERENS JUNCTION%PATHWAY INTERACTION DATABASE NCI-NATURE CURATED DATA%STABILIZATION AND EXPANSION OF THE E-CADHERIN ADHERENS JUNCTION	STABILIZATION AND EXPANSION OF THE E-CADHERIN ADHERENS JUNCTION%PATHWAY INTERACTION DATABASE NCI-NATURE CURATED DATA%STABILIZATION AND EXPANSION OF THE E-CADHERIN ADHERENS JUNCTION		35	-0.40210247	-1.3011223	0.11678116	0.38986045	1.0	937	tags=20%, list=7%, signal=21%	
NOTCH SIGNALING%WIKIPATHWAYS_20260211%WP268%HOMO SAPIENS	NOTCH SIGNALING%WIKIPATHWAYS_20260211%WP268%HOMO SAPIENS		33	-0.41171324	-1.3006648	0.119649805	0.39028996	1.0	3280	tags=48%, list=24%, signal=64%	
REGULATION OF CHOLESTEROL EFFLUX%GOBP%GO:0010874	REGULATION OF CHOLESTEROL EFFLUX%GOBP%GO:0010874		22	-0.4592543	-1.2999775	0.1165524	0.39127362	1.0	1473	tags=23%, list=11%, signal=25%	
RAC 1 CELL MOTILITY SIGNALING PATHWAY%SMPDB%SMP0063795	RAC 1 CELL MOTILITY SIGNALING PATHWAY%SMPDB%SMP0063795		20	-0.45992246	-1.2997148	0.14015152	0.3912553	1.0	2801	tags=40%, list=21%, signal=50%	
NEGATIVE REGULATION OF PHOSPHATIDYLINOSITOL 3-KINASE/PROTEIN KINASE B SIGNAL TRANSDUCTION%GOBP%GO:0051898	NEGATIVE REGULATION OF PHOSPHATIDYLINOSITOL 3-KINASE/PROTEIN KINASE B SIGNAL TRANSDUCTION%GOBP%GO:0051898		36	-0.40522757	-1.2985731	0.116908215	0.39329922	1.0	3152	tags=44%, list=23%, signal=58%	
MET PROMOTES CELL MOTILITY%REACTOME DATABASE ID RELEASE 95%8875878	MET PROMOTES CELL MOTILITY%REACTOME DATABASE ID RELEASE 95%8875878		26	-0.437356	-1.2977695	0.110119045	0.39448458	1.0	3030	tags=38%, list=22%, signal=49%	
TRANSCRIPTIONAL REGULATION BY MECP2%REACTOME DATABASE ID RELEASE 95%8986944	TRANSCRIPTIONAL REGULATION BY MECP2%REACTOME DATABASE ID RELEASE 95%8986944		46	-0.384293	-1.2971973	0.10154739	0.3951992	1.0	2724	tags=35%, list=20%, signal=43%	
DEOXYRIBONUCLEOTIDE METABOLIC PROCESS%GOBP%GO:0009262	DEOXYRIBONUCLEOTIDE METABOLIC PROCESS%GOBP%GO:0009262		34	-0.41421285	-1.2971557	0.11248808	0.3946962	1.0	784	tags=24%, list=6%, signal=25%	
NEUTROPHIL MIGRATION%GOBP%GO:1990266	NEUTROPHIL MIGRATION%GOBP%GO:1990266		20	-0.46690065	-1.2971126	0.13424124	0.39418098	1.0	332	tags=10%, list=2%, signal=10%	
CELL CHEMOTAXIS%GOBP%GO:0060326	CELL CHEMOTAXIS%GOBP%GO:0060326		82	-0.3449139	-1.295427	0.060987417	0.39746916	1.0	1668	tags=17%, list=12%, signal=19%	
SNRNP ASSEMBLY%REACTOME DATABASE ID RELEASE 95%191859	SNRNP ASSEMBLY%REACTOME DATABASE ID RELEASE 95%191859		48	-0.37631112	-1.2940964	0.09689923	0.3999459	1.0	2406	tags=33%, list=18%, signal=40%	
ONCOGENE INDUCED SENESCENCE%REACTOME DATABASE ID RELEASE 95%2559585	ONCOGENE INDUCED SENESCENCE%REACTOME DATABASE ID RELEASE 95%2559585		33	-0.40690657	-1.2939845	0.10084034	0.39957118	1.0	652	tags=15%, list=5%, signal=16%	
REGULATION OF DOUBLE-STRAND BREAK REPAIR VIA NONHOMOLOGOUS END JOINING%GOBP%GO:2001032	REGULATION OF DOUBLE-STRAND BREAK REPAIR VIA NONHOMOLOGOUS END JOINING%GOBP%GO:2001032		17	-0.48258558	-1.293642	0.14117648	0.3997353	1.0	1469	tags=29%, list=11%, signal=33%	
DNA DAMAGE RESPONSE%WIKIPATHWAYS_20260211%WP707%HOMO SAPIENS	DNA DAMAGE RESPONSE%WIKIPATHWAYS_20260211%WP707%HOMO SAPIENS		54	-0.36643803	-1.2907052	0.08625592	0.40613753	1.0	2146	tags=31%, list=16%, signal=37%	
L-AMINO ACID BIOSYNTHETIC PROCESS%GOBP%GO:0170034	L-AMINO ACID BIOSYNTHETIC PROCESS%GOBP%GO:0170034		27	-0.42803746	-1.2903495	0.11389961	0.40636107	1.0	4027	tags=56%, list=30%, signal=79%	
WNT BETA CATENIN SIGNALING IN LEUKEMIA%WIKIPATHWAYS_20260211%WP3658%HOMO SAPIENS	WNT BETA CATENIN SIGNALING IN LEUKEMIA%WIKIPATHWAYS_20260211%WP3658%HOMO SAPIENS		17	-0.47981885	-1.2889037	0.1592417	0.4091391	1.0	880	tags=18%, list=7%, signal=19%	
PROTEIN LOCALIZATION TO CYTOSKELETON%GOBP%GO:0044380	PROTEIN LOCALIZATION TO CYTOSKELETON%GOBP%GO:0044380		40	-0.39239487	-1.2883701	0.098870054	0.40977105	1.0	2216	tags=30%, list=16%, signal=36%	
FORMATION OF THE EMBRYONIC STEM CELL BAF (ESBAF) COMPLEX%REACTOME%R-HSA-9933946.1	FORMATION OF THE EMBRYONIC STEM CELL BAF (ESBAF) COMPLEX%REACTOME%R-HSA-9933946.1		19	-0.46630734	-1.2878783	0.14552605	0.4103083	1.0	2767	tags=42%, list=20%, signal=53%	
REGULATION OF CELL FATE COMMITMENT%GOBP%GO:0010453	REGULATION OF CELL FATE COMMITMENT%GOBP%GO:0010453		24	-0.44658875	-1.2874316	0.14328961	0.41074234	1.0	3956	tags=50%, list=29%, signal=71%	
MESENCHYMAL CELL MIGRATION%GOBP%GO:0090497	MESENCHYMAL CELL MIGRATION%GOBP%GO:0090497		29	-0.4200313	-1.28719	0.12823062	0.41067478	1.0	1887	tags=28%, list=14%, signal=32%	
FEMALE GAMETE GENERATION%GOBP%GO:0007292	FEMALE GAMETE GENERATION%GOBP%GO:0007292		44	-0.38558552	-1.2868888	0.112774454	0.41078806	1.0	1665	tags=25%, list=12%, signal=28%	
REGULATION OF IGF ACTIVITY BY IGFBP%REACTOME DATABASE ID RELEASE 95%381426	REGULATION OF IGF ACTIVITY BY IGFBP%REACTOME DATABASE ID RELEASE 95%381426		74	-0.35012823	-1.285974	0.08231992	0.41237515	1.0	1917	tags=23%, list=14%, signal=27%	
NON-CODING RNA METABOLISM%REACTOME DATABASE ID RELEASE 95%194441	NON-CODING RNA METABOLISM%REACTOME DATABASE ID RELEASE 95%194441		48	-0.37631112	-1.2847669	0.10208127	0.41459456	1.0	2406	tags=33%, list=18%, signal=40%	
HOST-MEDIATED ACTIVATION OF VIRAL TRANSCRIPTION%GOBP%GO:0043923	HOST-MEDIATED ACTIVATION OF VIRAL TRANSCRIPTION%GOBP%GO:0043923		16	-0.4832162	-1.284657	0.1484375	0.41423142	1.0	876	tags=25%, list=6%, signal=27%	
NEURAL CREST CELL MIGRATION%GOBP%GO:0001755	NEURAL CREST CELL MIGRATION%GOBP%GO:0001755		29	-0.4200313	-1.2836566	0.120588236	0.41600165	1.0	1887	tags=28%, list=14%, signal=32%	
FACE DEVELOPMENT%GOBP%GO:0060324	FACE DEVELOPMENT%GOBP%GO:0060324		16	-0.4812824	-1.2813557	0.14825581	0.4210367	1.0	966	tags=25%, list=7%, signal=27%	
HOST-MEDIATED PERTURBATION OF VIRAL TRANSCRIPTION%GOBP%GO:0043921	HOST-MEDIATED PERTURBATION OF VIRAL TRANSCRIPTION%GOBP%GO:0043921		23	-0.44724423	-1.2809566	0.14312977	0.42135206	1.0	3345	tags=48%, list=25%, signal=63%	
ENDOGENOUS TLR SIGNALING%PATHWAY INTERACTION DATABASE NCI-NATURE CURATED DATA%ENDOGENOUS TLR SIGNALING	ENDOGENOUS TLR SIGNALING%PATHWAY INTERACTION DATABASE NCI-NATURE CURATED DATA%ENDOGENOUS TLR SIGNALING		19	-0.45909405	-1.2803982	0.13779527	0.4220897	1.0	930	tags=21%, list=7%, signal=23%	
RECOGNITION OF DNA DAMAGE BY PCNA-CONTAINING REPLICATION COMPLEX%REACTOME DATABASE ID RELEASE 95%110314	RECOGNITION OF DNA DAMAGE BY PCNA-CONTAINING REPLICATION COMPLEX%REACTOME DATABASE ID RELEASE 95%110314		29	-0.41936767	-1.2800819	0.14848486	0.42223376	1.0	2278	tags=41%, list=17%, signal=50%	
GLIAL CELL DIFFERENTIATION%GOBP%GO:0010001	GLIAL CELL DIFFERENTIATION%GOBP%GO:0010001		63	-0.3591327	-1.2798276	0.085436895	0.42218205	1.0	511	tags=14%, list=4%, signal=15%	
NRAGE SIGNALS DEATH THROUGH JNK%REACTOME DATABASE ID RELEASE 95%193648	NRAGE SIGNALS DEATH THROUGH JNK%REACTOME DATABASE ID RELEASE 95%193648		49	-0.36905265	-1.2797534	0.10994264	0.4217269	1.0	2697	tags=35%, list=20%, signal=43%	
REGULATION OF NUCLEAR BETA CATENIN SIGNALING AND TARGET GENE TRANSCRIPTION%PATHWAY INTERACTION DATABASE NCI-NATURE CURATED DATA%REGULATION OF NUCLEAR BETA CATENIN SIGNALING AND TARGET GENE TRANSCRIPTION	REGULATION OF NUCLEAR BETA CATENIN SIGNALING AND TARGET GENE TRANSCRIPTION%PATHWAY INTERACTION DATABASE NCI-NATURE CURATED DATA%REGULATION OF NUCLEAR BETA CATENIN SIGNALING AND TARGET GENE TRANSCRIPTION		64	-0.36019152	-1.279261	0.091170825	0.42229593	1.0	3234	tags=41%, list=24%, signal=53%	
PROTEIN LOCALIZATION TO CELL SURFACE%GOBP%GO:0034394	PROTEIN LOCALIZATION TO CELL SURFACE%GOBP%GO:0034394		19	-0.4605773	-1.2785189	0.14498141	0.4235061	1.0	1518	tags=32%, list=11%, signal=36%	
PID_TCR_CALCIUM_PATHWAY%MSIGDB_C2%PID_TCR_CALCIUM_PATHWAY	PID_TCR_CALCIUM_PATHWAY%MSIGDB_C2%PID_TCR_CALCIUM_PATHWAY		16	-0.47552717	-1.2774777	0.13919052	0.42539307	1.0	1773	tags=25%, list=13%, signal=29%	
AMINO ACID BIOSYNTHETIC PROCESS%GOBP%GO:0008652	AMINO ACID BIOSYNTHETIC PROCESS%GOBP%GO:0008652		35	-0.39762416	-1.2772971	0.12912622	0.42521954	1.0	4027	tags=51%, list=30%, signal=73%	
DISEASES OF GLYCOSYLATION%REACTOME DATABASE ID RELEASE 95%3781865	DISEASES OF GLYCOSYLATION%REACTOME DATABASE ID RELEASE 95%3781865		106	-0.32558027	-1.2770886	0.06390978	0.42508772	1.0	2187	tags=26%, list=16%, signal=31%	
GLUCOCORTICOID RECEPTOR REGULATORY NETWORK%PATHWAY INTERACTION DATABASE NCI-NATURE CURATED DATA%GLUCOCORTICOID RECEPTOR REGULATORY NETWORK	GLUCOCORTICOID RECEPTOR REGULATORY NETWORK%PATHWAY INTERACTION DATABASE NCI-NATURE CURATED DATA%GLUCOCORTICOID RECEPTOR REGULATORY NETWORK		56	-0.36300611	-1.2758588	0.096499525	0.42744333	1.0	2673	tags=38%, list=20%, signal=47%	
ANDROGEN RECEPTOR NETWORK IN PROSTATE CANCER%WIKIPATHWAYS_20260211%WP2263%HOMO SAPIENS	ANDROGEN RECEPTOR NETWORK IN PROSTATE CANCER%WIKIPATHWAYS_20260211%WP2263%HOMO SAPIENS		85	-0.33964562	-1.2758309	0.08238637	0.4268672	1.0	3140	tags=41%, list=23%, signal=53%	
SKELETAL SYSTEM MORPHOGENESIS%GOBP%GO:0048705	SKELETAL SYSTEM MORPHOGENESIS%GOBP%GO:0048705		67	-0.35184488	-1.275745	0.09701493	0.4264548	1.0	1048	tags=16%, list=8%, signal=18%	
ACTIN FILAMENT POLYMERIZATION%GOBP%GO:0030041	ACTIN FILAMENT POLYMERIZATION%GOBP%GO:0030041		20	-0.45129874	-1.2757444	0.14342235	0.4258262	1.0	1284	tags=30%, list=10%, signal=33%	
DEGRADATION OF THE EXTRACELLULAR MATRIX%REACTOME DATABASE ID RELEASE 95%1474228	DEGRADATION OF THE EXTRACELLULAR MATRIX%REACTOME DATABASE ID RELEASE 95%1474228		69	-0.34854195	-1.2728653	0.09337068	0.43224064	1.0	3030	tags=36%, list=22%, signal=46%	
POSITIVE REGULATION OF PROTEIN IMPORT INTO NUCLEUS%GOBP%GO:0042307	POSITIVE REGULATION OF PROTEIN IMPORT INTO NUCLEUS%GOBP%GO:0042307		26	-0.4226363	-1.2727445	0.15083252	0.43189982	1.0	3283	tags=46%, list=24%, signal=61%	
RESPONSE TO ALKALOID%GOBP%GO:0043279	RESPONSE TO ALKALOID%GOBP%GO:0043279		17	-0.47748455	-1.2714547	0.1665005	0.43445104	1.0	499	tags=24%, list=4%, signal=24%	
BEMPEDOIC ACID THERAPY IN ATHEROSCLEROSIS AND METABOLIC SYNDROME%WIKIPATHWAYS_20260211%WP5500%HOMO SAPIENS	BEMPEDOIC ACID THERAPY IN ATHEROSCLEROSIS AND METABOLIC SYNDROME%WIKIPATHWAYS_20260211%WP5500%HOMO SAPIENS		19	-0.45935303	-1.2710531	0.149	0.43478623	1.0	2789	tags=47%, list=21%, signal=60%	
INTRINSIC APOPTOTIC SIGNALING PATHWAY IN RESPONSE TO ENDOPLASMIC RETICULUM STRESS%GOBP%GO:0070059	INTRINSIC APOPTOTIC SIGNALING PATHWAY IN RESPONSE TO ENDOPLASMIC RETICULUM STRESS%GOBP%GO:0070059		26	-0.42406505	-1.2708021	0.15169661	0.43477064	1.0	2917	tags=35%, list=22%, signal=44%	
EYE DEVELOPMENT%GOBP%GO:0001654	EYE DEVELOPMENT%GOBP%GO:0001654		137	-0.31255147	-1.2706438	0.05821596	0.43454507	1.0	1737	tags=18%, list=13%, signal=21%	
EYE PHOTORECEPTOR CELL DEVELOPMENT%GOBP%GO:0042462	EYE PHOTORECEPTOR CELL DEVELOPMENT%GOBP%GO:0042462		16	-0.48185936	-1.2705783	0.16037735	0.43406612	1.0	4486	tags=56%, list=33%, signal=84%	
PROCESSING OF INTRONLESS PRE-MRNAS%REACTOME DATABASE ID RELEASE 95%77595	PROCESSING OF INTRONLESS PRE-MRNAS%REACTOME DATABASE ID RELEASE 95%77595		19	-0.46248952	-1.2705115	0.15044248	0.43358144	1.0	3022	tags=37%, list=22%, signal=47%	
10Q11 21Q11 23 COPY NUMBER VARIATION SYNDROME%WIKIPATHWAYS_20260211%WP5352%HOMO SAPIENS	10Q11 21Q11 23 COPY NUMBER VARIATION SYNDROME%WIKIPATHWAYS_20260211%WP5352%HOMO SAPIENS		38	-0.3954239	-1.2704836	0.12943432	0.43301797	1.0	2992	tags=32%, list=22%, signal=40%	
REGULATION OF ENDOTHELIAL CELL PROLIFERATION%GOBP%GO:0001936	REGULATION OF ENDOTHELIAL CELL PROLIFERATION%GOBP%GO:0001936		85	-0.33729386	-1.2702813	0.074641146	0.43288106	1.0	3026	tags=29%, list=22%, signal=38%	
NUCLEOBASE METABOLIC PROCESS%GOBP%GO:0009112	NUCLEOBASE METABOLIC PROCESS%GOBP%GO:0009112		19	-0.45712847	-1.2695864	0.16730401	0.4339488	1.0	1713	tags=37%, list=13%, signal=42%	
REGULATION OF G1/S TRANSITION OF MITOTIC CELL CYCLE%GOBP%GO:2000045	REGULATION OF G1/S TRANSITION OF MITOTIC CELL CYCLE%GOBP%GO:2000045		126	-0.31924948	-1.2695457	0.0532491	0.43342274	1.0	2602	tags=33%, list=19%, signal=40%	
POSITIVE REGULATION OF CYTOSKELETON ORGANIZATION%GOBP%GO:0051495	POSITIVE REGULATION OF CYTOSKELETON ORGANIZATION%GOBP%GO:0051495		125	-0.31811905	-1.269088	0.07786116	0.4338777	1.0	2232	tags=24%, list=17%, signal=28%	
CLASS A 1 (RHODOPSIN-LIKE RECEPTORS)%REACTOME%R-HSA-373076.10	CLASS A 1 (RHODOPSIN-LIKE RECEPTORS)%REACTOME%R-HSA-373076.10		99	-0.3285188	-1.268446	0.076999016	0.43484047	1.0	3400	tags=32%, list=25%, signal=43%	
REGULATION OF SMOOTHENED SIGNALING PATHWAY%GOBP%GO:0008589	REGULATION OF SMOOTHENED SIGNALING PATHWAY%GOBP%GO:0008589		44	-0.3786695	-1.2673959	0.12548262	0.43678334	1.0	2819	tags=34%, list=21%, signal=43%	
SIGNALING BY BMP%REACTOME%R-HSA-201451.6	SIGNALING BY BMP%REACTOME%R-HSA-201451.6		24	-0.43559268	-1.267327	0.16552399	0.43632802	1.0	1678	tags=25%, list=12%, signal=28%	
REGULATION OF NUCLEAR SMAD2 3 SIGNALING%PATHWAY INTERACTION DATABASE NCI-NATURE CURATED DATA%REGULATION OF NUCLEAR SMAD2 3 SIGNALING	REGULATION OF NUCLEAR SMAD2 3 SIGNALING%PATHWAY INTERACTION DATABASE NCI-NATURE CURATED DATA%REGULATION OF NUCLEAR SMAD2 3 SIGNALING		75	-0.34219298	-1.2665949	0.083568074	0.43756017	1.0	3299	tags=36%, list=24%, signal=47%	
CEREBRAL CORTEX DEVELOPMENT%GOBP%GO:0021987	CEREBRAL CORTEX DEVELOPMENT%GOBP%GO:0021987		38	-0.3891513	-1.2658188	0.13313313	0.43884006	1.0	1917	tags=24%, list=14%, signal=28%	
PID_CDC42_REG_PATHWAY%MSIGDB_C2%PID_CDC42_REG_PATHWAY	PID_CDC42_REG_PATHWAY%MSIGDB_C2%PID_CDC42_REG_PATHWAY		21	-0.44652495	-1.2648854	0.14677104	0.44055912	1.0	2801	tags=33%, list=21%, signal=42%	
REGULATION OF MITOTIC CYTOKINESIS%GOBP%GO:1902412	REGULATION OF MITOTIC CYTOKINESIS%GOBP%GO:1902412		20	-0.4565515	-1.2648734	0.16132167	0.43995944	1.0	2281	tags=35%, list=17%, signal=42%	
10Q22Q23 COPY NUMBER VARIATION%WIKIPATHWAYS_20260211%WP5402%HOMO SAPIENS	10Q22Q23 COPY NUMBER VARIATION%WIKIPATHWAYS_20260211%WP5402%HOMO SAPIENS		33	-0.4007717	-1.2643152	0.13841525	0.44072315	1.0	1432	tags=27%, list=11%, signal=30%	
TRK RECEPTOR SIGNALING MEDIATED BY PI3K AND PLC-GAMMA%PATHWAY INTERACTION DATABASE NCI-NATURE CURATED DATA%TRK RECEPTOR SIGNALING MEDIATED BY PI3K AND PLC-GAMMA	TRK RECEPTOR SIGNALING MEDIATED BY PI3K AND PLC-GAMMA%PATHWAY INTERACTION DATABASE NCI-NATURE CURATED DATA%TRK RECEPTOR SIGNALING MEDIATED BY PI3K AND PLC-GAMMA		33	-0.405872	-1.2641597	0.12884615	0.44049212	1.0	1494	tags=24%, list=11%, signal=27%	
MRNA POLYADENYLATION%REACTOME%R-HSA-9770562.1	MRNA POLYADENYLATION%REACTOME%R-HSA-9770562.1		122	-0.31519938	-1.2641119	0.05973025	0.4399897	1.0	3051	tags=32%, list=23%, signal=41%	
COLLAGEN BIOSYNTHESIS AND MODIFYING ENZYMES%REACTOME%R-HSA-1650814.6	COLLAGEN BIOSYNTHESIS AND MODIFYING ENZYMES%REACTOME%R-HSA-1650814.6		53	-0.3655385	-1.2633739	0.1193609	0.44120476	1.0	2796	tags=32%, list=21%, signal=40%	
GLAND DEVELOPMENT%GOBP%GO:0048732	GLAND DEVELOPMENT%GOBP%GO:0048732		76	-0.33924273	-1.262717	0.096499525	0.44220212	1.0	2156	tags=28%, list=16%, signal=33%	
DEFECTIVE B3GAT3 CAUSES JDSSDHD%REACTOME DATABASE ID RELEASE 95%3560801	DEFECTIVE B3GAT3 CAUSES JDSSDHD%REACTOME DATABASE ID RELEASE 95%3560801		17	-0.47204867	-1.2624072	0.17933723	0.4423303	1.0	1957	tags=35%, list=14%, signal=41%	
ANTIVIRAL MECHANISM BY IFN-STIMULATED GENES%REACTOME DATABASE ID RELEASE 95%1169410	ANTIVIRAL MECHANISM BY IFN-STIMULATED GENES%REACTOME DATABASE ID RELEASE 95%1169410		129	-0.31594023	-1.2618737	0.06519743	0.44300815	1.0	1000	tags=17%, list=7%, signal=18%	
INSULIN-MEDIATED GLUCOSE TRANSPORT%PATHWAY INTERACTION DATABASE NCI-NATURE CURATED DATA%INSULIN-MEDIATED GLUCOSE TRANSPORT	INSULIN-MEDIATED GLUCOSE TRANSPORT%PATHWAY INTERACTION DATABASE NCI-NATURE CURATED DATA%INSULIN-MEDIATED GLUCOSE TRANSPORT		24	-0.43306416	-1.2608562	0.1515444	0.4449088	1.0	2426	tags=38%, list=18%, signal=46%	
SMOOTH MUSCLE CONTRACTION%GOBP%GO:0006939	SMOOTH MUSCLE CONTRACTION%GOBP%GO:0006939		20	-0.4526657	-1.2608343	0.16618636	0.44433004	1.0	3920	tags=45%, list=29%, signal=63%	
REGULATION OF CYTOPLASMIC AND NUCLEAR SMAD2 3 SIGNALING%PATHWAY INTERACTION DATABASE NCI-NATURE CURATED DATA%REGULATION OF CYTOPLASMIC AND NUCLEAR SMAD2 3 SIGNALING	REGULATION OF CYTOPLASMIC AND NUCLEAR SMAD2 3 SIGNALING%PATHWAY INTERACTION DATABASE NCI-NATURE CURATED DATA%REGULATION OF CYTOPLASMIC AND NUCLEAR SMAD2 3 SIGNALING		18	-0.46617985	-1.2600335	0.1742126	0.44571668	1.0	1590	tags=28%, list=12%, signal=31%	
SENSORY SYSTEM DEVELOPMENT%GOBP%GO:0048880	SENSORY SYSTEM DEVELOPMENT%GOBP%GO:0048880		140	-0.3105905	-1.2589002	0.061147694	0.44792405	1.0	1737	tags=18%, list=13%, signal=20%	
RAC2 GTPASE CYCLE%REACTOME%R-HSA-9013404.2	RAC2 GTPASE CYCLE%REACTOME%R-HSA-9013404.2		78	-0.3400477	-1.2583113	0.09606148	0.44875708	1.0	3512	tags=40%, list=26%, signal=53%	
INTEGRATED BREAST CANCER PATHWAY%WIKIPATHWAYS_20260211%WP1984%HOMO SAPIENS	INTEGRATED BREAST CANCER PATHWAY%WIKIPATHWAYS_20260211%WP1984%HOMO SAPIENS		125	-0.31441763	-1.258288	0.06755471	0.44818425	1.0	2034	tags=23%, list=15%, signal=27%	
ENDOCRINE PROCESS%GOBP%GO:0050886	ENDOCRINE PROCESS%GOBP%GO:0050886		17	-0.46878657	-1.2577485	0.17196819	0.44891167	1.0	2579	tags=35%, list=19%, signal=44%	
NEURAL CREST DIFFERENTIATION%WIKIPATHWAYS_20260211%WP2064%HOMO SAPIENS	NEURAL CREST DIFFERENTIATION%WIKIPATHWAYS_20260211%WP2064%HOMO SAPIENS		67	-0.3488754	-1.2576864	0.105560794	0.44843206	1.0	2882	tags=40%, list=21%, signal=51%	
EMBRYONIC PATTERN SPECIFICATION%GOBP%GO:0009880	EMBRYONIC PATTERN SPECIFICATION%GOBP%GO:0009880		19	-0.44835934	-1.2573171	0.16765873	0.4487185	1.0	1678	tags=47%, list=12%, signal=54%	
POSITIVE REGULATION OF CELL PROJECTION ORGANIZATION%GOBP%GO:0031346	POSITIVE REGULATION OF CELL PROJECTION ORGANIZATION%GOBP%GO:0031346		193	-0.29645374	-1.2572794	0.051948052	0.4481772	1.0	2372	tags=25%, list=18%, signal=30%	
SUMOYLATION OF SUMOYLATION PROTEINS%REACTOME DATABASE ID RELEASE 95%4085377	SUMOYLATION OF SUMOYLATION PROTEINS%REACTOME DATABASE ID RELEASE 95%4085377		31	-0.4013638	-1.2572162	0.12636817	0.4477174	1.0	2161	tags=32%, list=16%, signal=38%	
VISUAL SYSTEM DEVELOPMENT%GOBP%GO:0150063	VISUAL SYSTEM DEVELOPMENT%GOBP%GO:0150063		137	-0.31255147	-1.2572143	0.061797753	0.4470939	1.0	1737	tags=18%, list=13%, signal=21%	
HALLMARK_NOTCH_SIGNALING%MSIGDBHALLMARK%HALLMARK_NOTCH_SIGNALING	HALLMARK_NOTCH_SIGNALING%MSIGDBHALLMARK%HALLMARK_NOTCH_SIGNALING		22	-0.4363789	-1.256318	0.15811089	0.4487003	1.0	2468	tags=36%, list=18%, signal=44%	
REGULATION OF ALTERNATIVE MRNA SPLICING, VIA SPLICEOSOME%GOBP%GO:0000381	REGULATION OF ALTERNATIVE MRNA SPLICING, VIA SPLICEOSOME%GOBP%GO:0000381		60	-0.3538746	-1.2560911	0.109284334	0.44863668	1.0	2394	tags=32%, list=18%, signal=38%	
NUCLEAR SIGNALING BY ERBB4%REACTOME%R-HSA-1251985.7	NUCLEAR SIGNALING BY ERBB4%REACTOME%R-HSA-1251985.7		22	-0.43744862	-1.2555054	0.15794769	0.44945684	1.0	3017	tags=41%, list=22%, signal=53%	
ACTION POTENTIAL%GOBP%GO:0001508	ACTION POTENTIAL%GOBP%GO:0001508		58	-0.35521135	-1.254063	0.11195446	0.4524375	1.0	1999	tags=26%, list=15%, signal=30%	
IL8- AND CXCR2-MEDIATED SIGNALING EVENTS%PATHWAY INTERACTION DATABASE NCI-NATURE CURATED DATA%IL8- AND CXCR2-MEDIATED SIGNALING EVENTS	IL8- AND CXCR2-MEDIATED SIGNALING EVENTS%PATHWAY INTERACTION DATABASE NCI-NATURE CURATED DATA%IL8- AND CXCR2-MEDIATED SIGNALING EVENTS		23	-0.4353078	-1.2532495	0.16927592	0.45390016	1.0	2024	tags=35%, list=15%, signal=41%	
BIOCARTA_CARM_ER_PATHWAY%MSIGDB_C2%BIOCARTA_CARM_ER_PATHWAY	BIOCARTA_CARM_ER_PATHWAY%MSIGDB_C2%BIOCARTA_CARM_ER_PATHWAY		20	-0.45041707	-1.2531059	0.16602316	0.45362607	1.0	1737	tags=25%, list=13%, signal=29%	
SEALING OF THE NUCLEAR ENVELOPE (NE) BY ESCRT-III%REACTOME%R-HSA-9668328.2	SEALING OF THE NUCLEAR ENVELOPE (NE) BY ESCRT-III%REACTOME%R-HSA-9668328.2		26	-0.41924906	-1.2523462	0.15514019	0.4549759	1.0	1880	tags=31%, list=14%, signal=36%	
PROCESSING OF CAPPED INTRONLESS PRE-MRNA%REACTOME DATABASE ID RELEASE 95%75067	PROCESSING OF CAPPED INTRONLESS PRE-MRNA%REACTOME DATABASE ID RELEASE 95%75067		28	-0.40953138	-1.2507844	0.14833501	0.45832008	1.0	3022	tags=39%, list=22%, signal=50%	
SIGNALING BY PDGF%REACTOME DATABASE ID RELEASE 95%186797	SIGNALING BY PDGF%REACTOME DATABASE ID RELEASE 95%186797		43	-0.37539017	-1.2498473	0.13051823	0.46007162	1.0	744	tags=14%, list=6%, signal=15%	
MRNA 3'-END PROCESSING%GOBP%GO:0031124	MRNA 3'-END PROCESSING%GOBP%GO:0031124		31	-0.4001992	-1.2498434	0.15169083	0.45944634	1.0	3022	tags=42%, list=22%, signal=54%	
PROTEIN-DNA COMPLEX ASSEMBLY%GOBP%GO:0065004	PROTEIN-DNA COMPLEX ASSEMBLY%GOBP%GO:0065004		97	-0.3268805	-1.2487515	0.10194175	0.46161702	1.0	1657	tags=22%, list=12%, signal=24%	
ACETAMINOPHEN METABOLISM PATHWAY%PATHWHIZ%PW000616	ACETAMINOPHEN METABOLISM PATHWAY%PATHWHIZ%PW000616		15	-0.47802448	-1.2486097	0.1910828	0.46132588	1.0	3316	tags=40%, list=25%, signal=53%	
NEGATIVE REGULATION OF SUPRAMOLECULAR FIBER ORGANIZATION%GOBP%GO:1902904	NEGATIVE REGULATION OF SUPRAMOLECULAR FIBER ORGANIZATION%GOBP%GO:1902904		95	-0.3231998	-1.2467035	0.09132841	0.46559843	1.0	1473	tags=19%, list=11%, signal=21%	
SIGNALING BY NOTCH1%REACTOME%R-HSA-1980143.4	SIGNALING BY NOTCH1%REACTOME%R-HSA-1980143.4		69	-0.34318924	-1.2466838	0.12019704	0.46500605	1.0	2576	tags=30%, list=19%, signal=37%	
UNSATURATED FATTY ACID BIOSYNTHETIC PROCESS%GOBP%GO:0006636	UNSATURATED FATTY ACID BIOSYNTHETIC PROCESS%GOBP%GO:0006636		20	-0.44058678	-1.2464426	0.16828793	0.46499753	1.0	1204	tags=30%, list=9%, signal=33%	
IMPORT INTO NUCLEUS%GOBP%GO:0051170	IMPORT INTO NUCLEUS%GOBP%GO:0051170		76	-0.33989486	-1.2463593	0.11344137	0.46455464	1.0	3289	tags=37%, list=24%, signal=48%	
MIRNA-MEDIATED POST-TRANSCRIPTIONAL GENE SILENCING%GOBP%GO:0035195	MIRNA-MEDIATED POST-TRANSCRIPTIONAL GENE SILENCING%GOBP%GO:0035195		27	-0.413502	-1.2459601	0.17720306	0.46496555	1.0	447	tags=15%, list=3%, signal=15%	
PID_TAP63_PATHWAY%MSIGDB_C2%PID_TAP63_PATHWAY	PID_TAP63_PATHWAY%MSIGDB_C2%PID_TAP63_PATHWAY		35	-0.390041	-1.2459413	0.14134616	0.4643769	1.0	2720	tags=29%, list=20%, signal=36%	
MIRNA REGULATION OF DNA DAMAGE RESPONSE%WIKIPATHWAYS_20260211%WP1530%HOMO SAPIENS	MIRNA REGULATION OF DNA DAMAGE RESPONSE%WIKIPATHWAYS_20260211%WP1530%HOMO SAPIENS		55	-0.35534528	-1.2456739	0.12989494	0.46441382	1.0	2146	tags=31%, list=16%, signal=37%	
22Q11 2 COPY NUMBER VARIATION SYNDROME%WIKIPATHWAYS_20260211%WP4657%HOMO SAPIENS	22Q11 2 COPY NUMBER VARIATION SYNDROME%WIKIPATHWAYS_20260211%WP4657%HOMO SAPIENS		66	-0.34489727	-1.242812	0.12197393	0.47128934	1.0	2440	tags=29%, list=18%, signal=35%	
BREAST CANCER PATHWAY%WIKIPATHWAYS_20260211%WP4262%HOMO SAPIENS	BREAST CANCER PATHWAY%WIKIPATHWAYS_20260211%WP4262%HOMO SAPIENS		107	-0.3136757	-1.2427175	0.0882353	0.47087476	1.0	1444	tags=17%, list=11%, signal=19%	
ENERGY METABOLISM%WIKIPATHWAYS_20260211%WP1541%HOMO SAPIENS	ENERGY METABOLISM%WIKIPATHWAYS_20260211%WP1541%HOMO SAPIENS		36	-0.38794816	-1.2418103	0.15052733	0.47256333	1.0	1465	tags=22%, list=11%, signal=25%	
PATHWAYS AFFECTED IN ADENOID CYSTIC CARCINOMA%WIKIPATHWAYS_20260211%WP3651%HOMO SAPIENS	PATHWAYS AFFECTED IN ADENOID CYSTIC CARCINOMA%WIKIPATHWAYS_20260211%WP3651%HOMO SAPIENS		46	-0.36397153	-1.2412474	0.14395393	0.47341856	1.0	2273	tags=30%, list=17%, signal=36%	
PROTEOGLYCAN BIOSYNTHETIC PROCESS%GOBP%GO:0030166	PROTEOGLYCAN BIOSYNTHETIC PROCESS%GOBP%GO:0030166		55	-0.35846996	-1.241043	0.13347022	0.47329608	1.0	1990	tags=27%, list=15%, signal=32%	
SUBSTRATE ADHESION-DEPENDENT CELL SPREADING%GOBP%GO:0034446	SUBSTRATE ADHESION-DEPENDENT CELL SPREADING%GOBP%GO:0034446		36	-0.3837879	-1.2399802	0.14885496	0.47535175	1.0	3227	tags=39%, list=24%, signal=51%	
PID_REG_GR_PATHWAY%MSIGDB_C2%PID_REG_GR_PATHWAY	PID_REG_GR_PATHWAY%MSIGDB_C2%PID_REG_GR_PATHWAY		46	-0.3666169	-1.2398517	0.13691683	0.47503716	1.0	2673	tags=39%, list=20%, signal=49%	
REGULATION OF PROTEIN DEPOLYMERIZATION%GOBP%GO:1901879	REGULATION OF PROTEIN DEPOLYMERIZATION%GOBP%GO:1901879		52	-0.36027756	-1.239226	0.12608278	0.47606838	1.0	688	tags=13%, list=5%, signal=14%	
DEFECTS IN VITAMIN AND COFACTOR METABOLISM%REACTOME DATABASE ID RELEASE 95%3296482	DEFECTS IN VITAMIN AND COFACTOR METABOLISM%REACTOME DATABASE ID RELEASE 95%3296482		20	-0.43643498	-1.2392232	0.17762512	0.47542977	1.0	1781	tags=25%, list=13%, signal=29%	
REGULATION OF NERVOUS SYSTEM DEVELOPMENT%GOBP%GO:0051960	REGULATION OF NERVOUS SYSTEM DEVELOPMENT%GOBP%GO:0051960		177	-0.2949459	-1.2380908	0.058717255	0.4777944	1.0	1785	tags=21%, list=13%, signal=24%	
RESPONSE TO UV%GOBP%GO:0009411	RESPONSE TO UV%GOBP%GO:0009411		108	-0.31315172	-1.2372338	0.09369025	0.47934732	1.0	3187	tags=34%, list=24%, signal=44%	
CELL COMMUNICATION INVOLVED IN CARDIAC CONDUCTION%GOBP%GO:0086065	CELL COMMUNICATION INVOLVED IN CARDIAC CONDUCTION%GOBP%GO:0086065		25	-0.4131609	-1.2367555	0.15794574	0.47996977	1.0	140	tags=12%, list=1%, signal=12%	
PROTEIN O-LINKED GLYCOSYLATION VIA XYLOSE%GOBP%GO:0180064	PROTEIN O-LINKED GLYCOSYLATION VIA XYLOSE%GOBP%GO:0180064		38	-0.3819315	-1.2366004	0.15486307	0.47971058	1.0	706	tags=21%, list=5%, signal=22%	
REGULATORY NCRNA-MEDIATED GENE SILENCING%GOBP%GO:0031047	REGULATORY NCRNA-MEDIATED GENE SILENCING%GOBP%GO:0031047		75	-0.3336176	-1.2362553	0.11229429	0.47997394	1.0	1678	tags=21%, list=12%, signal=24%	
LAMININ INTERACTIONS%REACTOME%R-HSA-3000157.4	LAMININ INTERACTIONS%REACTOME%R-HSA-3000157.4		22	-0.43593392	-1.2361593	0.1880998	0.47957972	1.0	2299	tags=41%, list=17%, signal=49%	
PKR-MEDIATED SIGNALING%REACTOME%R-HSA-9833482.3	PKR-MEDIATED SIGNALING%REACTOME%R-HSA-9833482.3		51	-0.36718592	-1.2352864	0.13932806	0.48121914	1.0	1637	tags=24%, list=12%, signal=27%	
SIGNALING BY ERYTHROPOIETIN%REACTOME DATABASE ID RELEASE 95%9006335	SIGNALING BY ERYTHROPOIETIN%REACTOME DATABASE ID RELEASE 95%9006335		19	-0.45272157	-1.2330587	0.19398642	0.4865494	1.0	783	tags=21%, list=6%, signal=22%	
MRNA 3'-END PROCESSING%REACTOME DATABASE ID RELEASE 95%72187	MRNA 3'-END PROCESSING%REACTOME DATABASE ID RELEASE 95%72187		146	-0.30035752	-1.2324727	0.07783883	0.48746204	1.0	3051	tags=30%, list=23%, signal=39%	
PATHOGENIC ESCHERICHIA COLI INFECTION%WIKIPATHWAYS_20260211%WP2272%HOMO SAPIENS	PATHOGENIC ESCHERICHIA COLI INFECTION%WIKIPATHWAYS_20260211%WP2272%HOMO SAPIENS		36	-0.38623896	-1.2323278	0.1534749	0.4872033	1.0	1592	tags=19%, list=12%, signal=22%	
REGULATION OF FATTY ACID BIOSYNTHETIC PROCESS%GOBP%GO:0042304	REGULATION OF FATTY ACID BIOSYNTHETIC PROCESS%GOBP%GO:0042304		31	-0.39171797	-1.2311265	0.17317317	0.4896948	1.0	252	tags=13%, list=2%, signal=13%	
MYELOID LEUKOCYTE MIGRATION%GOBP%GO:0097529	MYELOID LEUKOCYTE MIGRATION%GOBP%GO:0097529		38	-0.38586265	-1.2311028	0.1468254	0.4891161	1.0	486	tags=8%, list=4%, signal=8%	
PID_ECADHERIN_STABILIZATION_PATHWAY%MSIGDB_C2%PID_ECADHERIN_STABILIZATION_PATHWAY	PID_ECADHERIN_STABILIZATION_PATHWAY%MSIGDB_C2%PID_ECADHERIN_STABILIZATION_PATHWAY		28	-0.4139331	-1.2308872	0.17347956	0.4890234	1.0	937	tags=21%, list=7%, signal=23%	
THROMBIN SIGNALLING THROUGH PROTEINASE ACTIVATED RECEPTORS (PARS)%REACTOME%R-HSA-456926.4	THROMBIN SIGNALLING THROUGH PROTEINASE ACTIVATED RECEPTORS (PARS)%REACTOME%R-HSA-456926.4		25	-0.41686556	-1.2308624	0.1625239	0.48844102	1.0	3352	tags=36%, list=25%, signal=48%	
EMBRYONIC ORGAN DEVELOPMENT%GOBP%GO:0048568	EMBRYONIC ORGAN DEVELOPMENT%GOBP%GO:0048568		154	-0.2994718	-1.2298265	0.073868886	0.49053612	1.0	3653	tags=38%, list=27%, signal=51%	
REGULATION OF ACTIN FILAMENT POLYMERIZATION%GOBP%GO:0030833	REGULATION OF ACTIN FILAMENT POLYMERIZATION%GOBP%GO:0030833		66	-0.34102502	-1.2294006	0.12003968	0.49100944	1.0	486	tags=12%, list=4%, signal=13%	
CALCIUM ION TRANSMEMBRANE IMPORT INTO CYTOSOL%GOBP%GO:0097553	CALCIUM ION TRANSMEMBRANE IMPORT INTO CYTOSOL%GOBP%GO:0097553		50	-0.35553336	-1.2285376	0.14314115	0.4926132	1.0	848	tags=16%, list=6%, signal=17%	
IRINOTECAN METABOLISM PATHWAY%SMPDB%SMP0000600	IRINOTECAN METABOLISM PATHWAY%SMPDB%SMP0000600		15	-0.4693662	-1.2277792	0.20119523	0.49394023	1.0	3316	tags=40%, list=25%, signal=53%	
BMAL1:CLOCK,NPAS2 ACTIVATES CIRCADIAN EXPRESSION%REACTOME%R-HSA-1368108.9	BMAL1:CLOCK,NPAS2 ACTIVATES CIRCADIAN EXPRESSION%REACTOME%R-HSA-1368108.9		21	-0.4341585	-1.2274804	0.1864573	0.49406838	1.0	4879	tags=57%, list=36%, signal=89%	
RORA,B,C AND NR1D1 (REV-ERBA) REGULATE GENE EXPRESSION%REACTOME DATABASE ID RELEASE 95%9933387	RORA,B,C AND NR1D1 (REV-ERBA) REGULATE GENE EXPRESSION%REACTOME DATABASE ID RELEASE 95%9933387		23	-0.4229586	-1.2274251	0.17722772	0.49358514	1.0	4310	tags=57%, list=32%, signal=83%	
REGULATION OF RHOA ACTIVITY%PATHWAY INTERACTION DATABASE NCI-NATURE CURATED DATA%REGULATION OF RHOA ACTIVITY	REGULATION OF RHOA ACTIVITY%PATHWAY INTERACTION DATABASE NCI-NATURE CURATED DATA%REGULATION OF RHOA ACTIVITY		39	-0.38377467	-1.2258872	0.16143912	0.49703777	1.0	2627	tags=33%, list=19%, signal=41%	
SEMA4D IN SEMAPHORIN SIGNALING%REACTOME DATABASE ID RELEASE 95%400685	SEMA4D IN SEMAPHORIN SIGNALING%REACTOME DATABASE ID RELEASE 95%400685		24	-0.4131128	-1.2255055	0.18217434	0.49745446	1.0	3486	tags=54%, list=26%, signal=73%	
COLLAGEN DEGRADATION%REACTOME DATABASE ID RELEASE 95%1442490	COLLAGEN DEGRADATION%REACTOME DATABASE ID RELEASE 95%1442490		26	-0.41154385	-1.2254025	0.18065153	0.49708962	1.0	2598	tags=35%, list=19%, signal=43%	
PID_HDAC_CLASSII_PATHWAY%MSIGDB_C2%PID_HDAC_CLASSII_PATHWAY	PID_HDAC_CLASSII_PATHWAY%MSIGDB_C2%PID_HDAC_CLASSII_PATHWAY		24	-0.4202471	-1.2246867	0.19287834	0.4983706	1.0	3114	tags=38%, list=23%, signal=49%	
PROTEIN COMPLEX OLIGOMERIZATION%GOBP%GO:0051259	PROTEIN COMPLEX OLIGOMERIZATION%GOBP%GO:0051259		143	-0.30256715	-1.2245841	0.086384974	0.4980022	1.0	2087	tags=24%, list=15%, signal=29%	
WNT%IOB%WNT	WNT%IOB%WNT		49	-0.35645425	-1.2240509	0.15177713	0.4987496	1.0	2841	tags=33%, list=21%, signal=41%	
ECTODERM DIFFERENTIATION%WIKIPATHWAYS_20260211%WP2858%HOMO SAPIENS	ECTODERM DIFFERENTIATION%WIKIPATHWAYS_20260211%WP2858%HOMO SAPIENS		88	-0.3225188	-1.2232729	0.12382739	0.5002045	1.0	2882	tags=39%, list=21%, signal=49%	
NEGATIVE REGULATION OF CANONICAL WNT SIGNALING PATHWAY%GOBP%GO:0090090	NEGATIVE REGULATION OF CANONICAL WNT SIGNALING PATHWAY%GOBP%GO:0090090		94	-0.31988385	-1.221288	0.13473053	0.50493354	1.0	2065	tags=24%, list=15%, signal=29%	
MEMBRANE INVAGINATION%GOBP%GO:0010324	MEMBRANE INVAGINATION%GOBP%GO:0010324		34	-0.38558382	-1.2211471	0.18128654	0.50464195	1.0	1806	tags=29%, list=13%, signal=34%	
NUCLEAR RECEPTOR TRANSCRIPTION PATHWAY%REACTOME%R-HSA-383280.3	NUCLEAR RECEPTOR TRANSCRIPTION PATHWAY%REACTOME%R-HSA-383280.3		29	-0.40518728	-1.2209089	0.19223484	0.5046279	1.0	2572	tags=31%, list=19%, signal=38%	
GPCRS CLASS A RHODOPSIN LIKE%WIKIPATHWAYS_20260211%WP455%HOMO SAPIENS	GPCRS CLASS A RHODOPSIN LIKE%WIKIPATHWAYS_20260211%WP455%HOMO SAPIENS		54	-0.35597047	-1.220764	0.15804878	0.50436443	1.0	3400	tags=35%, list=25%, signal=47%	
REGULATION OF SPINDLE ASSEMBLY%GOBP%GO:0090169	REGULATION OF SPINDLE ASSEMBLY%GOBP%GO:0090169		30	-0.39957556	-1.2201563	0.16585839	0.50533104	1.0	1600	tags=27%, list=12%, signal=30%	
THROMBOXANE A2 RECEPTOR SIGNALING%PATHWAY INTERACTION DATABASE NCI-NATURE CURATED DATA%THROMBOXANE A2 RECEPTOR SIGNALING	THROMBOXANE A2 RECEPTOR SIGNALING%PATHWAY INTERACTION DATABASE NCI-NATURE CURATED DATA%THROMBOXANE A2 RECEPTOR SIGNALING		39	-0.37233245	-1.2199907	0.15972222	0.5051239	1.0	4241	tags=49%, list=31%, signal=71%	
NEGATIVE REGULATION OF G1/S TRANSITION OF MITOTIC CELL CYCLE%GOBP%GO:2000134	NEGATIVE REGULATION OF G1/S TRANSITION OF MITOTIC CELL CYCLE%GOBP%GO:2000134		42	-0.36774385	-1.2194229	0.1639839	0.5060103	1.0	2087	tags=31%, list=15%, signal=36%	
PROTEINOGENIC AMINO ACID METABOLIC PROCESS%GOBP%GO:0170039	PROTEINOGENIC AMINO ACID METABOLIC PROCESS%GOBP%GO:0170039		85	-0.322587	-1.219037	0.12218964	0.50636196	1.0	1599	tags=22%, list=12%, signal=25%	
MEMBRANE PROTEIN ECTODOMAIN PROTEOLYSIS%GOBP%GO:0006509	MEMBRANE PROTEIN ECTODOMAIN PROTEOLYSIS%GOBP%GO:0006509		17	-0.45187035	-1.2189249	0.2199005	0.505997	1.0	2576	tags=41%, list=19%, signal=51%	
PROTEIN DEPOLYMERIZATION%GOBP%GO:0051261	PROTEIN DEPOLYMERIZATION%GOBP%GO:0051261		30	-0.3978367	-1.218095	0.1783894	0.5076065	1.0	2054	tags=30%, list=15%, signal=35%	
GPCRS OTHER%WIKIPATHWAYS_20260211%WP117%HOMO SAPIENS	GPCRS OTHER%WIKIPATHWAYS_20260211%WP117%HOMO SAPIENS		27	-0.4041535	-1.2175018	0.17887726	0.5085286	1.0	401	tags=15%, list=3%, signal=15%	
NEGATIVE REGULATION OF CELL CYCLE G1/S PHASE TRANSITION%GOBP%GO:1902807	NEGATIVE REGULATION OF CELL CYCLE G1/S PHASE TRANSITION%GOBP%GO:1902807		43	-0.36501294	-1.2164325	0.17129187	0.5108169	1.0	2087	tags=30%, list=15%, signal=36%	
SUMOYLATION OF UBIQUITINYLATION PROTEINS%REACTOME DATABASE ID RELEASE 95%3232142	SUMOYLATION OF UBIQUITINYLATION PROTEINS%REACTOME DATABASE ID RELEASE 95%3232142		34	-0.38274303	-1.2157556	0.18383838	0.51201105	1.0	2161	tags=29%, list=16%, signal=35%	
NUCLEAR EVENTS STIMULATED BY ALK SIGNALING IN CANCER%REACTOME DATABASE ID RELEASE 95%9725371	NUCLEAR EVENTS STIMULATED BY ALK SIGNALING IN CANCER%REACTOME DATABASE ID RELEASE 95%9725371		25	-0.41177553	-1.215109	0.1996008	0.5130535	1.0	976	tags=20%, list=7%, signal=22%	
GLYCOSAMINOGLYCAN SYNTHESIS IN FIBROBLASTS%WIKIPATHWAYS_20260211%WP5395%HOMO SAPIENS	GLYCOSAMINOGLYCAN SYNTHESIS IN FIBROBLASTS%WIKIPATHWAYS_20260211%WP5395%HOMO SAPIENS		25	-0.41782132	-1.2148902	0.20329139	0.5130082	1.0	457	tags=20%, list=3%, signal=21%	
NEGATIVE REGULATION OF FATTY ACID METABOLIC PROCESS%GOBP%GO:0045922	NEGATIVE REGULATION OF FATTY ACID METABOLIC PROCESS%GOBP%GO:0045922		21	-0.42619008	-1.2147886	0.18546845	0.51262045	1.0	3850	tags=43%, list=28%, signal=60%	
TRANSLESION SYNTHESIS BY POLH%REACTOME DATABASE ID RELEASE 95%110320	TRANSLESION SYNTHESIS BY POLH%REACTOME DATABASE ID RELEASE 95%110320		17	-0.44824502	-1.2146587	0.21760634	0.5123233	1.0	2278	tags=41%, list=17%, signal=49%	
POSITIVE REGULATION OF OSTEOBLAST DIFFERENTIATION%GOBP%GO:0045669	POSITIVE REGULATION OF OSTEOBLAST DIFFERENTIATION%GOBP%GO:0045669		36	-0.37692824	-1.2144742	0.17889448	0.5121574	1.0	3214	tags=39%, list=24%, signal=51%	
REGULATION OF SIGNALING RECEPTOR ACTIVITY%GOBP%GO:0010469	REGULATION OF SIGNALING RECEPTOR ACTIVITY%GOBP%GO:0010469		22	-0.4225615	-1.2142959	0.19825919	0.51199114	1.0	1022	tags=23%, list=8%, signal=25%	
CONSTITUTIVE HETEROCHROMATIN FORMATION%GOBP%GO:0140719	CONSTITUTIVE HETEROCHROMATIN FORMATION%GOBP%GO:0140719		38	-0.37039948	-1.2139995	0.1729249	0.51212585	1.0	1716	tags=26%, list=13%, signal=30%	
REGULATION OF ACTIN FILAMENT ORGANIZATION%GOBP%GO:0110053	REGULATION OF ACTIN FILAMENT ORGANIZATION%GOBP%GO:0110053		160	-0.29194447	-1.2134411	0.09484346	0.512997	1.0	2232	tags=21%, list=17%, signal=25%	
CAMERA-TYPE EYE MORPHOGENESIS%GOBP%GO:0048593	CAMERA-TYPE EYE MORPHOGENESIS%GOBP%GO:0048593		51	-0.35091558	-1.212923	0.15663801	0.51374173	1.0	2088	tags=18%, list=15%, signal=21%	
RESPONSE TO PH%GOBP%GO:0009268	RESPONSE TO PH%GOBP%GO:0009268		17	-0.45248666	-1.2123734	0.19596542	0.5145633	1.0	1009	tags=18%, list=7%, signal=19%	
SIGNALING EVENTS MEDIATED BY HDAC CLASS II%PATHWAY INTERACTION DATABASE NCI-NATURE CURATED DATA%SIGNALING EVENTS MEDIATED BY HDAC CLASS II	SIGNALING EVENTS MEDIATED BY HDAC CLASS II%PATHWAY INTERACTION DATABASE NCI-NATURE CURATED DATA%SIGNALING EVENTS MEDIATED BY HDAC CLASS II		31	-0.38979396	-1.2112476	0.18662675	0.517037	1.0	3218	tags=39%, list=24%, signal=51%	
ANAPHASE-PROMOTING COMPLEX-DEPENDENT CATABOLIC PROCESS%GOBP%GO:0031145	ANAPHASE-PROMOTING COMPLEX-DEPENDENT CATABOLIC PROCESS%GOBP%GO:0031145		20	-0.43813714	-1.2097719	0.20416254	0.52036387	1.0	2151	tags=30%, list=16%, signal=36%	
IRINOTECAN ACTION PATHWAY%PATHWHIZ%PW000238	IRINOTECAN ACTION PATHWAY%PATHWHIZ%PW000238		15	-0.4693662	-1.2097117	0.2142171	0.51987654	1.0	3316	tags=40%, list=25%, signal=53%	
HETEROTYPIC CELL-CELL ADHESION%GOBP%GO:0034113	HETEROTYPIC CELL-CELL ADHESION%GOBP%GO:0034113		21	-0.4242249	-1.208871	0.18873517	0.52157986	1.0	2010	tags=24%, list=15%, signal=28%	
REGULATION OF BROWN FAT CELL DIFFERENTIATION%GOBP%GO:0090335	REGULATION OF BROWN FAT CELL DIFFERENTIATION%GOBP%GO:0090335		17	-0.44418764	-1.2085898	0.21913876	0.5217097	1.0	3437	tags=41%, list=25%, signal=55%	
CONSTITUTIVE SIGNALING BY ABERRANT PI3K IN CANCER%REACTOME DATABASE ID RELEASE 95%2219530	CONSTITUTIVE SIGNALING BY ABERRANT PI3K IN CANCER%REACTOME DATABASE ID RELEASE 95%2219530		41	-0.36594874	-1.2082475	0.15804598	0.5219839	1.0	4119	tags=41%, list=30%, signal=59%	
CELLULAR RESPONSE TO HEAT%GOBP%GO:0034605	CELLULAR RESPONSE TO HEAT%GOBP%GO:0034605		32	-0.38717255	-1.2075374	0.18983701	0.5232517	1.0	1262	tags=16%, list=9%, signal=17%	
GLIOGENESIS%GOBP%GO:0042063	GLIOGENESIS%GOBP%GO:0042063		81	-0.3238307	-1.2075306	0.13922764	0.5226181	1.0	658	tags=14%, list=5%, signal=14%	
POSITIVE REGULATION OF MONONUCLEAR CELL MIGRATION%GOBP%GO:0071677	POSITIVE REGULATION OF MONONUCLEAR CELL MIGRATION%GOBP%GO:0071677		50	-0.34827867	-1.2074093	0.15585673	0.5222993	1.0	829	tags=14%, list=6%, signal=15%	
NEURAL NUCLEUS DEVELOPMENT%GOBP%GO:0048857	NEURAL NUCLEUS DEVELOPMENT%GOBP%GO:0048857		35	-0.38020617	-1.2070332	0.18334985	0.52267337	1.0	1682	tags=26%, list=12%, signal=29%	
POSITIVE REGULATION OF DNA DAMAGE RESPONSE, SIGNAL TRANSDUCTION BY P53 CLASS MEDIATOR%GOBP%GO:0043517	POSITIVE REGULATION OF DNA DAMAGE RESPONSE, SIGNAL TRANSDUCTION BY P53 CLASS MEDIATOR%GOBP%GO:0043517		15	-0.46421534	-1.2068537	0.21988527	0.5225103	1.0	1397	tags=20%, list=10%, signal=22%	
CELLULAR RESPONSE TO PH%GOBP%GO:0071467	CELLULAR RESPONSE TO PH%GOBP%GO:0071467		15	-0.46625245	-1.2054676	0.216763	0.5256483	1.0	1009	tags=20%, list=7%, signal=22%	
CALCINEURIN-MEDIATED SIGNALING%GOBP%GO:0097720	CALCINEURIN-MEDIATED SIGNALING%GOBP%GO:0097720		15	-0.45909292	-1.2053409	0.21574344	0.52536005	1.0	2482	tags=47%, list=18%, signal=57%	
SENSORY PERCEPTION OF TASTE%REACTOME%R-HSA-9717189.3	SENSORY PERCEPTION OF TASTE%REACTOME%R-HSA-9717189.3		16	-0.45912507	-1.2048692	0.22082931	0.52599055	1.0	3670	tags=50%, list=27%, signal=69%	
POSITIVE REGULATION OF MUSCLE CELL DIFFERENTIATION%GOBP%GO:0051149	POSITIVE REGULATION OF MUSCLE CELL DIFFERENTIATION%GOBP%GO:0051149		38	-0.3647575	-1.2038994	0.17215428	0.5280708	1.0	2111	tags=26%, list=16%, signal=31%	
REGULATION OF STEM CELL PROLIFERATION%GOBP%GO:0072091	REGULATION OF STEM CELL PROLIFERATION%GOBP%GO:0072091		23	-0.4179485	-1.2025403	0.20347156	0.53120625	1.0	3283	tags=48%, list=24%, signal=63%	
HEXOSE METABOLIC PROCESS%GOBP%GO:0019318	HEXOSE METABOLIC PROCESS%GOBP%GO:0019318		81	-0.32245892	-1.2024133	0.125	0.53091836	1.0	3083	tags=35%, list=23%, signal=45%	
CHROMATIN ORGANIZATION%REACTOME DATABASE ID RELEASE 95%4839726	CHROMATIN ORGANIZATION%REACTOME DATABASE ID RELEASE 95%4839726		200	-0.28155142	-1.2023792	0.07585569	0.5303548	1.0	2932	tags=32%, list=22%, signal=40%	
PID_RHOA_REG_PATHWAY%MSIGDB_C2%PID_RHOA_REG_PATHWAY	PID_RHOA_REG_PATHWAY%MSIGDB_C2%PID_RHOA_REG_PATHWAY		30	-0.3913699	-1.2016692	0.19107662	0.5316955	1.0	2627	tags=33%, list=19%, signal=41%	
INTEGRATED CANCER PATHWAY%WIKIPATHWAYS_20260211%WP1971%HOMO SAPIENS	INTEGRATED CANCER PATHWAY%WIKIPATHWAYS_20260211%WP1971%HOMO SAPIENS		36	-0.3797805	-1.200689	0.18056919	0.53378576	1.0	2146	tags=36%, list=16%, signal=43%	
KLEEFSTRA SYNDROME%WIKIPATHWAYS_20260211%WP5351%HOMO SAPIENS	KLEEFSTRA SYNDROME%WIKIPATHWAYS_20260211%WP5351%HOMO SAPIENS		22	-0.41941705	-1.2002981	0.21958457	0.5341919	1.0	2997	tags=45%, list=22%, signal=58%	
PLASMA MEMBRANE INVAGINATION%GOBP%GO:0099024	PLASMA MEMBRANE INVAGINATION%GOBP%GO:0099024		27	-0.39706743	-1.1992311	0.19688109	0.536456	1.0	4048	tags=52%, list=30%, signal=74%	
NEGATIVE REGULATION OF PROTEIN-CONTAINING COMPLEX DISASSEMBLY%GOBP%GO:0043242	NEGATIVE REGULATION OF PROTEIN-CONTAINING COMPLEX DISASSEMBLY%GOBP%GO:0043242		45	-0.36061853	-1.1991076	0.17968015	0.53611374	1.0	1855	tags=20%, list=14%, signal=23%	
ESTABLISHMENT OF CELL POLARITY%GOBP%GO:0030010	ESTABLISHMENT OF CELL POLARITY%GOBP%GO:0030010		84	-0.31733415	-1.1986555	0.14440079	0.53666395	1.0	2343	tags=21%, list=17%, signal=26%	
REGULATION OF STRESS FIBER ASSEMBLY%GOBP%GO:0051492	REGULATION OF STRESS FIBER ASSEMBLY%GOBP%GO:0051492		61	-0.3418756	-1.1986432	0.17349857	0.53604716	1.0	2155	tags=26%, list=16%, signal=31%	
NEGATIVE REGULATION OF DOUBLE-STRAND BREAK REPAIR VIA HOMOLOGOUS RECOMBINATION%GOBP%GO:2000042	NEGATIVE REGULATION OF DOUBLE-STRAND BREAK REPAIR VIA HOMOLOGOUS RECOMBINATION%GOBP%GO:2000042		18	-0.43956143	-1.1981268	0.22166999	0.53685087	1.0	2992	tags=44%, list=22%, signal=57%	
EYE MORPHOGENESIS%GOBP%GO:0048592	EYE MORPHOGENESIS%GOBP%GO:0048592		68	-0.32943586	-1.1978825	0.15748793	0.53686726	1.0	3699	tags=31%, list=27%, signal=42%	
PID_FGF_PATHWAY%MSIGDB_C2%PID_FGF_PATHWAY	PID_FGF_PATHWAY%MSIGDB_C2%PID_FGF_PATHWAY		39	-0.367834	-1.1966281	0.16866267	0.5395872	1.0	783	tags=13%, list=6%, signal=14%	
HEPARAN SULFATE PROTEOGLYCAN METABOLIC PROCESS%GOBP%GO:0030201	HEPARAN SULFATE PROTEOGLYCAN METABOLIC PROCESS%GOBP%GO:0030201		29	-0.39329278	-1.1963757	0.19648094	0.53961045	1.0	1960	tags=28%, list=15%, signal=32%	
REGULATION OF CELL MORPHOGENESIS%GOBP%GO:0022604	REGULATION OF CELL MORPHOGENESIS%GOBP%GO:0022604		126	-0.2997144	-1.1963259	0.11665099	0.53908587	1.0	3214	tags=30%, list=24%, signal=39%	
NEGATIVE REGULATION OF TELOMERE MAINTENANCE%GOBP%GO:0032205	NEGATIVE REGULATION OF TELOMERE MAINTENANCE%GOBP%GO:0032205		31	-0.38689718	-1.1954587	0.1973051	0.5408981	1.0	1966	tags=32%, list=15%, signal=38%	
AORTA MORPHOGENESIS%GOBP%GO:0035909	AORTA MORPHOGENESIS%GOBP%GO:0035909		19	-0.43299097	-1.1946098	0.2379518	0.54262185	1.0	909	tags=21%, list=7%, signal=23%	
ENDODERMAL CELL DIFFERENTIATION%GOBP%GO:0035987	ENDODERMAL CELL DIFFERENTIATION%GOBP%GO:0035987		29	-0.39678097	-1.1942205	0.20775348	0.54304445	1.0	3165	tags=31%, list=23%, signal=40%	
PATTERN SPECIFICATION PROCESS%GOBP%GO:0007389	PATTERN SPECIFICATION PROCESS%GOBP%GO:0007389		153	-0.28956458	-1.1941167	0.104395606	0.5426769	1.0	3437	tags=35%, list=25%, signal=47%	
P53 PATHWAY%PATHWAY INTERACTION DATABASE NCI-NATURE CURATED DATA%P53 PATHWAY	P53 PATHWAY%PATHWAY INTERACTION DATABASE NCI-NATURE CURATED DATA%P53 PATHWAY		54	-0.34627184	-1.193797	0.16431925	0.5429411	1.0	2638	tags=31%, list=20%, signal=39%	
WHITE FAT CELL DIFFERENTIATION%WIKIPATHWAYS_20260211%WP4149%HOMO SAPIENS	WHITE FAT CELL DIFFERENTIATION%WIKIPATHWAYS_20260211%WP4149%HOMO SAPIENS		25	-0.4043004	-1.1931388	0.2139491	0.5441431	1.0	2917	tags=48%, list=22%, signal=61%	
CILIOPATHIES%WIKIPATHWAYS_20260211%WP4803%HOMO SAPIENS	CILIOPATHIES%WIKIPATHWAYS_20260211%WP4803%HOMO SAPIENS		129	-0.2935172	-1.1925282	0.11205273	0.5452199	1.0	3652	tags=36%, list=27%, signal=48%	
FORMATION OF THE CANONICAL BAF (CBAF) COMPLEX%REACTOME DATABASE ID RELEASE 95%9933937	FORMATION OF THE CANONICAL BAF (CBAF) COMPLEX%REACTOME DATABASE ID RELEASE 95%9933937		18	-0.436585	-1.1924846	0.20673077	0.54468507	1.0	796	tags=28%, list=6%, signal=29%	
MICROTUBULE BUNDLE FORMATION%GOBP%GO:0001578	MICROTUBULE BUNDLE FORMATION%GOBP%GO:0001578		64	-0.33615413	-1.1917605	0.15924826	0.54610986	1.0	2408	tags=28%, list=18%, signal=34%	
EYE PHOTORECEPTOR CELL DIFFERENTIATION%GOBP%GO:0001754	EYE PHOTORECEPTOR CELL DIFFERENTIATION%GOBP%GO:0001754		23	-0.4126575	-1.1910399	0.20894071	0.54744506	1.0	3699	tags=39%, list=27%, signal=54%	
TYPE I COLLAGEN SYNTHESIS IN THE CONTEXT OF OSTEOGENESIS IMPERFECTA%WIKIPATHWAYS_20260211%WP4786%HOMO SAPIENS	TYPE I COLLAGEN SYNTHESIS IN THE CONTEXT OF OSTEOGENESIS IMPERFECTA%WIKIPATHWAYS_20260211%WP4786%HOMO SAPIENS		21	-0.4227229	-1.1909567	0.22115384	0.5470289	1.0	1816	tags=24%, list=13%, signal=27%	
REGULATION OF MUSCLE CELL DIFFERENTIATION%GOBP%GO:0051147	REGULATION OF MUSCLE CELL DIFFERENTIATION%GOBP%GO:0051147		73	-0.32597646	-1.1908953	0.17047618	0.5465451	1.0	3283	tags=36%, list=24%, signal=47%	
SIGNALING BY NOTCH3%REACTOME%R-HSA-9012852.3	SIGNALING BY NOTCH3%REACTOME%R-HSA-9012852.3		45	-0.35344976	-1.190428	0.1775432	0.54720443	1.0	1813	tags=22%, list=13%, signal=26%	
SEMAPHORIN INTERACTIONS%REACTOME%R-HSA-373755.3	SEMAPHORIN INTERACTIONS%REACTOME%R-HSA-373755.3		58	-0.33472177	-1.1899756	0.1752381	0.54785085	1.0	3486	tags=40%, list=26%, signal=53%	
BIOCARTA_RAC1_PATHWAY%MSIGDB_C2%BIOCARTA_RAC1_PATHWAY	BIOCARTA_RAC1_PATHWAY%MSIGDB_C2%BIOCARTA_RAC1_PATHWAY		15	-0.46481693	-1.1898235	0.24332345	0.547618	1.0	3253	tags=47%, list=24%, signal=61%	
CHROMATIN MODIFYING ENZYMES%REACTOME DATABASE ID RELEASE 95%3247509	CHROMATIN MODIFYING ENZYMES%REACTOME DATABASE ID RELEASE 95%3247509		187	-0.28137887	-1.1894763	0.097222224	0.5479163	1.0	2679	tags=29%, list=20%, signal=36%	
TELOMERE EXTENSION BY TELOMERASE%REACTOME DATABASE ID RELEASE 95%171319	TELOMERE EXTENSION BY TELOMERASE%REACTOME DATABASE ID RELEASE 95%171319		23	-0.40349126	-1.1887958	0.21859545	0.54916793	1.0	1829	tags=43%, list=14%, signal=50%	
INTEGRIN SIGNALING%REACTOME DATABASE ID RELEASE 95%354192	INTEGRIN SIGNALING%REACTOME DATABASE ID RELEASE 95%354192		19	-0.42869192	-1.1882974	0.2349336	0.54991347	1.0	2959	tags=32%, list=22%, signal=40%	
IL8- AND CXCR1-MEDIATED SIGNALING EVENTS%PATHWAY INTERACTION DATABASE NCI-NATURE CURATED DATA%IL8- AND CXCR1-MEDIATED SIGNALING EVENTS	IL8- AND CXCR1-MEDIATED SIGNALING EVENTS%PATHWAY INTERACTION DATABASE NCI-NATURE CURATED DATA%IL8- AND CXCR1-MEDIATED SIGNALING EVENTS		17	-0.44704527	-1.1880995	0.24175824	0.5498325	1.0	2496	tags=41%, list=18%, signal=50%	
ETHANOL EFFECTS ON HISTONE MODIFICATIONS%WIKIPATHWAYS_20260211%WP3996%HOMO SAPIENS	ETHANOL EFFECTS ON HISTONE MODIFICATIONS%WIKIPATHWAYS_20260211%WP3996%HOMO SAPIENS		22	-0.4163912	-1.1880603	0.21322803	0.5492854	1.0	1737	tags=36%, list=13%, signal=42%	
IL4-MEDIATED SIGNALING EVENTS%PATHWAY INTERACTION DATABASE NCI-NATURE CURATED DATA%IL4-MEDIATED SIGNALING EVENTS	IL4-MEDIATED SIGNALING EVENTS%PATHWAY INTERACTION DATABASE NCI-NATURE CURATED DATA%IL4-MEDIATED SIGNALING EVENTS		39	-0.3650285	-1.1878872	0.20673077	0.54912066	1.0	955	tags=18%, list=7%, signal=19%	
PROTEIN IMPORT INTO NUCLEUS%GOBP%GO:0006606	PROTEIN IMPORT INTO NUCLEUS%GOBP%GO:0006606		71	-0.3257315	-1.1876677	0.15825243	0.54907614	1.0	3289	tags=37%, list=24%, signal=48%	
REGULATION OF VASCULAR ENDOTHELIAL GROWTH FACTOR SIGNALING PATHWAY%GOBP%GO:1900746	REGULATION OF VASCULAR ENDOTHELIAL GROWTH FACTOR SIGNALING PATHWAY%GOBP%GO:1900746		21	-0.414384	-1.1862569	0.21953578	0.552364	1.0	2427	tags=24%, list=18%, signal=29%	
GLUCOSE METABOLIC PROCESS%GOBP%GO:0006006	GLUCOSE METABOLIC PROCESS%GOBP%GO:0006006		55	-0.33807755	-1.185389	0.18405512	0.5541956	1.0	3083	tags=35%, list=23%, signal=45%	
MITF-M-REGULATED MELANOCYTE DEVELOPMENT%REACTOME%R-HSA-9730414.5	MITF-M-REGULATED MELANOCYTE DEVELOPMENT%REACTOME%R-HSA-9730414.5		120	-0.29576352	-1.185301	0.1325536	0.5537771	1.0	2882	tags=34%, list=21%, signal=43%	
REGULATION OF ORGANELLE ASSEMBLY%GOBP%GO:1902115	REGULATION OF ORGANELLE ASSEMBLY%GOBP%GO:1902115		182	-0.2825621	-1.1851515	0.10166359	0.55355054	1.0	2786	tags=29%, list=21%, signal=36%	
BARDET BIEDL SYNDROME%WIKIPATHWAYS_20260211%WP5234%HOMO SAPIENS	BARDET BIEDL SYNDROME%WIKIPATHWAYS_20260211%WP5234%HOMO SAPIENS		69	-0.32692504	-1.1850642	0.16869919	0.55314124	1.0	3652	tags=38%, list=27%, signal=51%	
UROKINASE-TYPE PLASMINOGEN ACTIVATOR (UPA) AND UPAR-MEDIATED SIGNALING%PATHWAY INTERACTION DATABASE NCI-NATURE CURATED DATA%UROKINASE-TYPE PLASMINOGEN ACTIVATOR (UPA) AND UPAR-MEDIATED SIGNALING	UROKINASE-TYPE PLASMINOGEN ACTIVATOR (UPA) AND UPAR-MEDIATED SIGNALING%PATHWAY INTERACTION DATABASE NCI-NATURE CURATED DATA%UROKINASE-TYPE PLASMINOGEN ACTIVATOR (UPA) AND UPAR-MEDIATED SIGNALING		26	-0.39846757	-1.1845888	0.22105263	0.5538383	1.0	3789	tags=38%, list=28%, signal=53%	
FORMATION OF NEURONAL PROGENITOR AND NEURONAL BAF (NPBAF AND NBAF)%REACTOME%R-HSA-9934037.1	FORMATION OF NEURONAL PROGENITOR AND NEURONAL BAF (NPBAF AND NBAF)%REACTOME%R-HSA-9934037.1		24	-0.40487796	-1.1835638	0.204	0.5560742	1.0	2767	tags=42%, list=20%, signal=52%	
POSITIVE REGULATION OF NEUROGENESIS%GOBP%GO:0050769	POSITIVE REGULATION OF NEUROGENESIS%GOBP%GO:0050769		87	-0.31255427	-1.1834147	0.16589002	0.5558504	1.0	1668	tags=21%, list=12%, signal=23%	
TRANSCRIPTIONAL REGULATION BY NPAS4%REACTOME%R-HSA-9634815.4	TRANSCRIPTIONAL REGULATION BY NPAS4%REACTOME%R-HSA-9634815.4		27	-0.39486337	-1.183376	0.23099133	0.5553089	1.0	4453	tags=52%, list=33%, signal=77%	
ATRIOVENTRICULAR VALVE MORPHOGENESIS%GOBP%GO:0003181	ATRIOVENTRICULAR VALVE MORPHOGENESIS%GOBP%GO:0003181		19	-0.4264169	-1.1824603	0.2333001	0.5573032	1.0	2128	tags=32%, list=16%, signal=37%	
REGULATION OF ACTIN DYNAMICS FOR PHAGOCYTIC CUP FORMATION%REACTOME DATABASE ID RELEASE 95%2029482	REGULATION OF ACTIN DYNAMICS FOR PHAGOCYTIC CUP FORMATION%REACTOME DATABASE ID RELEASE 95%2029482		52	-0.34013453	-1.1823303	0.18423551	0.5570167	1.0	1377	tags=21%, list=10%, signal=23%	
PID_PTP1B_PATHWAY%MSIGDB_C2%PID_PTP1B_PATHWAY	PID_PTP1B_PATHWAY%MSIGDB_C2%PID_PTP1B_PATHWAY		31	-0.38210747	-1.182296	0.21276596	0.55647784	1.0	3667	tags=45%, list=27%, signal=62%	
POSITIVE REGULATION OF DNA RECOMBINATION%GOBP%GO:0045911	POSITIVE REGULATION OF DNA RECOMBINATION%GOBP%GO:0045911		52	-0.34475225	-1.1808774	0.19846596	0.55980194	1.0	1664	tags=25%, list=12%, signal=28%	
CELL JUNCTION ASSEMBLY%GOBP%GO:0034329	CELL JUNCTION ASSEMBLY%GOBP%GO:0034329		163	-0.28640303	-1.180511	0.12112403	0.5601664	1.0	3331	tags=34%, list=25%, signal=44%	
PLATELET AGGREGATION (PLUG FORMATION)%REACTOME%R-HSA-76009.4	PLATELET AGGREGATION (PLUG FORMATION)%REACTOME%R-HSA-76009.4		22	-0.40826938	-1.180061	0.21785028	0.5607785	1.0	2959	tags=27%, list=22%, signal=35%	
ESTROGEN-DEPENDENT GENE EXPRESSION%REACTOME DATABASE ID RELEASE 95%9018519	ESTROGEN-DEPENDENT GENE EXPRESSION%REACTOME DATABASE ID RELEASE 95%9018519		82	-0.31291497	-1.1800048	0.15692008	0.56028587	1.0	2782	tags=30%, list=21%, signal=38%	
ATRIOVENTRICULAR VALVE DEVELOPMENT%GOBP%GO:0003171	ATRIOVENTRICULAR VALVE DEVELOPMENT%GOBP%GO:0003171		19	-0.426417	-1.1798662	0.24484053	0.5600167	1.0	2128	tags=32%, list=16%, signal=37%	
CELLULAR RESPONSE TO BMP STIMULUS%GOBP%GO:0071773	CELLULAR RESPONSE TO BMP STIMULUS%GOBP%GO:0071773		42	-0.35153225	-1.1793174	0.20628683	0.56093925	1.0	1994	tags=24%, list=15%, signal=28%	
PID_IL4_2PATHWAY%MSIGDB_C2%PID_IL4_2PATHWAY	PID_IL4_2PATHWAY%MSIGDB_C2%PID_IL4_2PATHWAY		32	-0.37709722	-1.1777511	0.21006776	0.5647897	1.0	955	tags=19%, list=7%, signal=20%	
FOCAL ADHESION%WIKIPATHWAYS_20260211%WP306%HOMO SAPIENS	FOCAL ADHESION%WIKIPATHWAYS_20260211%WP306%HOMO SAPIENS		133	-0.29244125	-1.1768968	0.1287512	0.56657076	1.0	3285	tags=35%, list=24%, signal=46%	
GPCR LIGAND BINDING%REACTOME DATABASE ID RELEASE 95%500792	GPCR LIGAND BINDING%REACTOME DATABASE ID RELEASE 95%500792		154	-0.28399646	-1.1763111	0.121996306	0.56762683	1.0	3400	tags=30%, list=25%, signal=39%	
DNA DAMAGE RESPONSE, SIGNAL TRANSDUCTION BY P53 CLASS MEDIATOR%GOBP%GO:0030330	DNA DAMAGE RESPONSE, SIGNAL TRANSDUCTION BY P53 CLASS MEDIATOR%GOBP%GO:0030330		35	-0.36714876	-1.1757331	0.22200198	0.56865144	1.0	1054	tags=17%, list=8%, signal=19%	
POSITIVE REGULATION OF TELOMERE MAINTENANCE%GOBP%GO:0032206	POSITIVE REGULATION OF TELOMERE MAINTENANCE%GOBP%GO:0032206		56	-0.3395794	-1.1749113	0.2	0.57040095	1.0	1675	tags=25%, list=12%, signal=28%	
DNA METHYLATION-DEPENDENT CONSTITUTIVE HETEROCHROMATIN FORMATION%GOBP%GO:0006346	DNA METHYLATION-DEPENDENT CONSTITUTIVE HETEROCHROMATIN FORMATION%GOBP%GO:0006346		19	-0.42263493	-1.1736591	0.2371134	0.5732746	1.0	3408	tags=47%, list=25%, signal=63%	
POSITIVE REGULATION OF WNT SIGNALING PATHWAY%GOBP%GO:0030177	POSITIVE REGULATION OF WNT SIGNALING PATHWAY%GOBP%GO:0030177		101	-0.30500937	-1.1734983	0.1520693	0.5730819	1.0	3376	tags=32%, list=25%, signal=42%	
NUCLEOTIDE-EXCISION REPAIR%GOBP%GO:0006289	NUCLEOTIDE-EXCISION REPAIR%GOBP%GO:0006289		55	-0.3356968	-1.1734406	0.1772388	0.57259065	1.0	2437	tags=27%, list=18%, signal=33%	
MONOSACCHARIDE METABOLIC PROCESS%GOBP%GO:0005996	MONOSACCHARIDE METABOLIC PROCESS%GOBP%GO:0005996		91	-0.30882674	-1.1731921	0.16525821	0.5726551	1.0	3083	tags=33%, list=23%, signal=42%	
APOPTOTIC CELL CLEARANCE%GOBP%GO:0043277	APOPTOTIC CELL CLEARANCE%GOBP%GO:0043277		17	-0.43591303	-1.1690031	0.25291827	0.5839664	1.0	4248	tags=65%, list=31%, signal=94%	
MITF-M-DEPENDENT GENE EXPRESSION%REACTOME%R-HSA-9856651.3	MITF-M-DEPENDENT GENE EXPRESSION%REACTOME%R-HSA-9856651.3		86	-0.31088543	-1.1687787	0.18454106	0.58391744	1.0	1332	tags=23%, list=10%, signal=26%	
AMB2 INTEGRIN SIGNALING%PATHWAY INTERACTION DATABASE NCI-NATURE CURATED DATA%AMB2 INTEGRIN SIGNALING	AMB2 INTEGRIN SIGNALING%PATHWAY INTERACTION DATABASE NCI-NATURE CURATED DATA%AMB2 INTEGRIN SIGNALING		23	-0.4005921	-1.1687639	0.23625843	0.5832934	1.0	2037	tags=22%, list=15%, signal=26%	
RHOG GTPASE CYCLE%REACTOME DATABASE ID RELEASE 95%9013408	RHOG GTPASE CYCLE%REACTOME DATABASE ID RELEASE 95%9013408		66	-0.32456854	-1.1681939	0.18388626	0.58425313	1.0	2391	tags=27%, list=18%, signal=33%	
INITIATION OF TRANSCRIPTION AND TRANSLATION ELONGATION AT THE HIV 1 LTR%WIKIPATHWAYS_20260211%WP3414%HOMO SAPIENS	INITIATION OF TRANSCRIPTION AND TRANSLATION ELONGATION AT THE HIV 1 LTR%WIKIPATHWAYS_20260211%WP3414%HOMO SAPIENS		27	-0.38952094	-1.1677091	0.23691723	0.58503944	1.0	2205	tags=30%, list=16%, signal=35%	
RHO GTPASES ACTIVATE PAKS%REACTOME DATABASE ID RELEASE 95%5627123	RHO GTPASES ACTIVATE PAKS%REACTOME DATABASE ID RELEASE 95%5627123		20	-0.4210861	-1.1666939	0.2582846	0.5872701	1.0	2285	tags=30%, list=17%, signal=36%	
REGULATION OF PROTEIN POLYMERIZATION%GOBP%GO:0032271	REGULATION OF PROTEIN POLYMERIZATION%GOBP%GO:0032271		120	-0.29200202	-1.1664144	0.14285715	0.5874041	1.0	2232	tags=23%, list=17%, signal=27%	
PRESYNAPTIC FUNCTION OF KAINATE RECEPTORS%REACTOME%R-HSA-500657.3	PRESYNAPTIC FUNCTION OF KAINATE RECEPTORS%REACTOME%R-HSA-500657.3		17	-0.43179357	-1.1655679	0.25513196	0.58916605	1.0	1258	tags=18%, list=9%, signal=19%	
TRANSCRIPTIONAL REGULATION OF BROWN AND BEIGE ADIPOCYTE DIFFERENTIATION BY EBF2%REACTOME%R-HSA-9844594.2	TRANSCRIPTIONAL REGULATION OF BROWN AND BEIGE ADIPOCYTE DIFFERENTIATION BY EBF2%REACTOME%R-HSA-9844594.2		23	-0.40008685	-1.1655216	0.22843137	0.58864397	1.0	2636	tags=43%, list=20%, signal=54%	
EPO SIGNALING PATHWAY%PATHWHIZ%PW070692	EPO SIGNALING PATHWAY%PATHWHIZ%PW070692		15	-0.44458017	-1.1654971	0.24776119	0.5880426	1.0	783	tags=20%, list=6%, signal=21%	
ADRENALINE,NORADRENALINE INHIBITS INSULIN SECRETION%REACTOME%R-HSA-400042.7	ADRENALINE,NORADRENALINE INHIBITS INSULIN SECRETION%REACTOME%R-HSA-400042.7		23	-0.40248916	-1.1654235	0.23931624	0.5875706	1.0	1368	tags=22%, list=10%, signal=24%	
MRNA SPLICE SITE RECOGNITION%GOBP%GO:0006376	MRNA SPLICE SITE RECOGNITION%GOBP%GO:0006376		27	-0.38842613	-1.165374	0.24362606	0.58705	1.0	2144	tags=26%, list=16%, signal=31%	
METABOLIC PATHWAYS OF FIBROBLASTS%WIKIPATHWAYS_20260211%WP5312%HOMO SAPIENS	METABOLIC PATHWAYS OF FIBROBLASTS%WIKIPATHWAYS_20260211%WP5312%HOMO SAPIENS		20	-0.4201651	-1.1651485	0.23945044	0.58705074	1.0	1362	tags=25%, list=10%, signal=28%	
SOMATIC DIVERSIFICATION OF IMMUNE RECEPTORS%GOBP%GO:0002200	SOMATIC DIVERSIFICATION OF IMMUNE RECEPTORS%GOBP%GO:0002200		28	-0.38853112	-1.1647164	0.23529412	0.58764297	1.0	2004	tags=32%, list=15%, signal=38%	
RESPONSE TO BMP%GOBP%GO:0071772	RESPONSE TO BMP%GOBP%GO:0071772		42	-0.35153225	-1.1646835	0.21726479	0.5870744	1.0	1994	tags=24%, list=15%, signal=28%	
PROTEIN-CONTAINING COMPLEX LOCALIZATION%GOBP%GO:0031503	PROTEIN-CONTAINING COMPLEX LOCALIZATION%GOBP%GO:0031503		37	-0.3650098	-1.1645615	0.22621359	0.5867719	1.0	2451	tags=30%, list=18%, signal=36%	
CELL-CELL FUSION%GOBP%GO:0140253	CELL-CELL FUSION%GOBP%GO:0140253		15	-0.4411049	-1.1645143	0.25852272	0.58623624	1.0	2031	tags=40%, list=15%, signal=47%	
CELLULAR COMPONENT MAINTENANCE%GOBP%GO:0043954	CELLULAR COMPONENT MAINTENANCE%GOBP%GO:0043954		27	-0.3856227	-1.1643125	0.24191968	0.5861561	1.0	2113	tags=26%, list=16%, signal=31%	
G BETA:GAMMA SIGNALLING THROUGH PLC BETA%REACTOME%R-HSA-418217.5	G BETA:GAMMA SIGNALLING THROUGH PLC BETA%REACTOME%R-HSA-418217.5		17	-0.43179357	-1.1640705	0.26590693	0.58618623	1.0	1258	tags=18%, list=9%, signal=19%	
CORTICAL ACTIN CYTOSKELETON ORGANIZATION%GOBP%GO:0030866	CORTICAL ACTIN CYTOSKELETON ORGANIZATION%GOBP%GO:0030866		22	-0.40963352	-1.1639247	0.2580331	0.5859289	1.0	2186	tags=36%, list=16%, signal=43%	
POSITIVE EPIGENETIC REGULATION OF RRNA EXPRESSION%REACTOME%R-HSA-5250913.6	POSITIVE EPIGENETIC REGULATION OF RRNA EXPRESSION%REACTOME%R-HSA-5250913.6		42	-0.35669938	-1.163923	0.22211538	0.5852763	1.0	3638	tags=48%, list=27%, signal=65%	
POSITIVE REGULATION OF RECEPTOR INTERNALIZATION%GOBP%GO:0002092	POSITIVE REGULATION OF RECEPTOR INTERNALIZATION%GOBP%GO:0002092		15	-0.44949454	-1.1635774	0.25656566	0.58561593	1.0	2247	tags=33%, list=17%, signal=40%	
CAFFEINE IN MYOCYTES%WIKIPATHWAYS_20260211%WP5603%HOMO SAPIENS	CAFFEINE IN MYOCYTES%WIKIPATHWAYS_20260211%WP5603%HOMO SAPIENS		17	-0.43149337	-1.1635	0.256	0.5852013	1.0	1141	tags=12%, list=8%, signal=13%	
MIRNA-MEDIATED GENE SILENCING BY INHIBITION OF TRANSLATION%GOBP%GO:0035278	MIRNA-MEDIATED GENE SILENCING BY INHIBITION OF TRANSLATION%GOBP%GO:0035278		17	-0.43596807	-1.1630331	0.25224328	0.58586985	1.0	447	tags=18%, list=3%, signal=18%	
TRANSCRIPTIONAL REGULATION OF BROWN AND BEIGE ADIPOCYTE DIFFERENTIATION%REACTOME%R-HSA-9843743.1	TRANSCRIPTIONAL REGULATION OF BROWN AND BEIGE ADIPOCYTE DIFFERENTIATION%REACTOME%R-HSA-9843743.1		23	-0.40008685	-1.1628239	0.2525919	0.5858218	1.0	2636	tags=43%, list=20%, signal=54%	
PEPTIDE SECRETION%GOBP%GO:0002790	PEPTIDE SECRETION%GOBP%GO:0002790		18	-0.4203977	-1.1623917	0.24117647	0.58643335	1.0	506	tags=17%, list=4%, signal=17%	
DISEASES OF MITOTIC CELL CYCLE%REACTOME%R-HSA-9675126.4	DISEASES OF MITOTIC CELL CYCLE%REACTOME%R-HSA-9675126.4		38	-0.35578793	-1.160337	0.2221135	0.59171	1.0	2151	tags=24%, list=16%, signal=28%	
SUMOYLATION OF DNA METHYLATION PROTEINS%REACTOME DATABASE ID RELEASE 95%4655427	SUMOYLATION OF DNA METHYLATION PROTEINS%REACTOME DATABASE ID RELEASE 95%4655427		15	-0.4467271	-1.160151	0.25980392	0.5916132	1.0	2897	tags=47%, list=21%, signal=59%	
NONHOMOLOGOUS END-JOINING (NHEJ)%REACTOME%R-HSA-5693571.3	NONHOMOLOGOUS END-JOINING (NHEJ)%REACTOME%R-HSA-5693571.3		30	-0.37507176	-1.1599969	0.22437137	0.5914192	1.0	1469	tags=27%, list=11%, signal=30%	
G ALPHA (Q) SIGNALLING EVENTS%REACTOME DATABASE ID RELEASE 95%416476	G ALPHA (Q) SIGNALLING EVENTS%REACTOME DATABASE ID RELEASE 95%416476		109	-0.29402483	-1.1599572	0.17558685	0.5908909	1.0	3352	tags=27%, list=25%, signal=35%	
NUCLEOTIDE EXCISION REPAIR%WIKIPATHWAYS_20260211%WP4753%HOMO SAPIENS	NUCLEOTIDE EXCISION REPAIR%WIKIPATHWAYS_20260211%WP4753%HOMO SAPIENS		31	-0.36966333	-1.1599209	0.23648648	0.5903491	1.0	2437	tags=39%, list=18%, signal=47%	
HALLMARK_DNA_REPAIR%MSIGDBHALLMARK%HALLMARK_DNA_REPAIR	HALLMARK_DNA_REPAIR%MSIGDBHALLMARK%HALLMARK_DNA_REPAIR		120	-0.2924947	-1.159898	0.15574549	0.5897662	1.0	2437	tags=28%, list=18%, signal=34%	
LEUKOCYTE CHEMOTAXIS%GOBP%GO:0030595	LEUKOCYTE CHEMOTAXIS%GOBP%GO:0030595		49	-0.3378769	-1.1581464	0.21798632	0.59417987	1.0	1041	tags=14%, list=8%, signal=15%	
REGULATION OF CYCLIN-DEPENDENT PROTEIN SERINE/THREONINE KINASE ACTIVITY%GOBP%GO:0000079	REGULATION OF CYCLIN-DEPENDENT PROTEIN SERINE/THREONINE KINASE ACTIVITY%GOBP%GO:0000079		31	-0.37448445	-1.1566736	0.24588577	0.59780747	1.0	1350	tags=26%, list=10%, signal=29%	
MYOMETRIAL RELAXATION AND CONTRACTION PATHWAYS%WIKIPATHWAYS_20260211%WP289%HOMO SAPIENS	MYOMETRIAL RELAXATION AND CONTRACTION PATHWAYS%WIKIPATHWAYS_20260211%WP289%HOMO SAPIENS		97	-0.30177602	-1.1560664	0.1812977	0.59893143	1.0	1465	tags=16%, list=11%, signal=18%	
REGULATION OF EXECUTION PHASE OF APOPTOSIS%GOBP%GO:1900117	REGULATION OF EXECUTION PHASE OF APOPTOSIS%GOBP%GO:1900117		15	-0.4416485	-1.1558146	0.26750973	0.59903044	1.0	599	tags=20%, list=4%, signal=21%	
REGULATION OF RAC1 ACTIVITY%PATHWAY INTERACTION DATABASE NCI-NATURE CURATED DATA%REGULATION OF RAC1 ACTIVITY	REGULATION OF RAC1 ACTIVITY%PATHWAY INTERACTION DATABASE NCI-NATURE CURATED DATA%REGULATION OF RAC1 ACTIVITY		33	-0.3691899	-1.1556365	0.24878523	0.598892	1.0	1543	tags=30%, list=11%, signal=34%	
STRIATED MUSCLE CONTRACTION PATHWAY%WIKIPATHWAYS_20260211%WP383%HOMO SAPIENS	STRIATED MUSCLE CONTRACTION PATHWAY%WIKIPATHWAYS_20260211%WP383%HOMO SAPIENS		21	-0.40178388	-1.1549989	0.26564103	0.60016793	1.0	1955	tags=14%, list=14%, signal=17%	
NEGATIVE REGULATION OF STEM CELL POPULATION MAINTENANCE%GOBP%GO:1902455	NEGATIVE REGULATION OF STEM CELL POPULATION MAINTENANCE%GOBP%GO:1902455		19	-0.4118846	-1.154717	0.26031435	0.6003465	1.0	1737	tags=21%, list=13%, signal=24%	
DISASSEMBLY OF THE DESTRUCTION COMPLEX AND RECRUITMENT OF AXIN TO THE MEMBRANE%REACTOME%R-HSA-4641262.6	DISASSEMBLY OF THE DESTRUCTION COMPLEX AND RECRUITMENT OF AXIN TO THE MEMBRANE%REACTOME%R-HSA-4641262.6		27	-0.3874114	-1.1539817	0.24266145	0.6018968	1.0	2841	tags=37%, list=21%, signal=47%	
REGULATION OF TELOMERASE%PATHWAY INTERACTION DATABASE NCI-NATURE CURATED DATA%REGULATION OF TELOMERASE	REGULATION OF TELOMERASE%PATHWAY INTERACTION DATABASE NCI-NATURE CURATED DATA%REGULATION OF TELOMERASE		63	-0.3237436	-1.1532286	0.21626794	0.6033784	1.0	1737	tags=25%, list=13%, signal=29%	
REGULATION OF MEMBRANE PROTEIN ECTODOMAIN PROTEOLYSIS%GOBP%GO:0051043	REGULATION OF MEMBRANE PROTEIN ECTODOMAIN PROTEOLYSIS%GOBP%GO:0051043		19	-0.4209843	-1.1526335	0.24879923	0.60445726	1.0	1473	tags=26%, list=11%, signal=29%	
PID_NOTCH_PATHWAY%MSIGDB_C2%PID_NOTCH_PATHWAY	PID_NOTCH_PATHWAY%MSIGDB_C2%PID_NOTCH_PATHWAY		41	-0.35017174	-1.1525223	0.23123123	0.60413617	1.0	3383	tags=39%, list=25%, signal=52%	
LEPTIN%IOB%LEPTIN	LEPTIN%IOB%LEPTIN		20	-0.40930635	-1.1521097	0.26086956	0.6046577	1.0	354	tags=15%, list=3%, signal=15%	
SIGNALING EVENTS MEDIATED BY PTP1B%PATHWAY INTERACTION DATABASE NCI-NATURE CURATED DATA%SIGNALING EVENTS MEDIATED BY PTP1B	SIGNALING EVENTS MEDIATED BY PTP1B%PATHWAY INTERACTION DATABASE NCI-NATURE CURATED DATA%SIGNALING EVENTS MEDIATED BY PTP1B		40	-0.34802118	-1.1514174	0.23908919	0.60605997	1.0	3448	tags=35%, list=26%, signal=47%	
GENE AND PROTEIN EXPRESSION BY JAK-STAT SIGNALING AFTER INTERLEUKIN-12 STIMULATION%REACTOME DATABASE ID RELEASE 95%8950505	GENE AND PROTEIN EXPRESSION BY JAK-STAT SIGNALING AFTER INTERLEUKIN-12 STIMULATION%REACTOME DATABASE ID RELEASE 95%8950505		28	-0.37615857	-1.1485653	0.25148514	0.613813	1.0	1266	tags=21%, list=9%, signal=24%	
PHOSPHORYLATION OF THE APC C%REACTOME%R-HSA-176412.4	PHOSPHORYLATION OF THE APC C%REACTOME%R-HSA-176412.4		20	-0.41257674	-1.1483942	0.26065892	0.61364096	1.0	2151	tags=30%, list=16%, signal=36%	
PID_PI3K_PLC_TRK_PATHWAY%MSIGDB_C2%PID_PI3K_PLC_TRK_PATHWAY	PID_PI3K_PLC_TRK_PATHWAY%MSIGDB_C2%PID_PI3K_PLC_TRK_PATHWAY		24	-0.38926694	-1.1466485	0.25848302	0.61821836	1.0	3667	tags=50%, list=27%, signal=68%	
HALLMARK_ESTROGEN_RESPONSE_LATE%MSIGDBHALLMARK%HALLMARK_ESTROGEN_RESPONSE_LATE	HALLMARK_ESTROGEN_RESPONSE_LATE%MSIGDBHALLMARK%HALLMARK_ESTROGEN_RESPONSE_LATE		113	-0.29159686	-1.1457378	0.17853752	0.62023544	1.0	1560	tags=23%, list=12%, signal=26%	
POSITIVE REGULATION OF PROTEIN LOCALIZATION TO MEMBRANE%GOBP%GO:1905477	POSITIVE REGULATION OF PROTEIN LOCALIZATION TO MEMBRANE%GOBP%GO:1905477		56	-0.3281834	-1.1453003	0.21854305	0.6208605	1.0	2536	tags=29%, list=19%, signal=35%	
MECHANICAL LOAD ACTIVATES SIGNALING BY PIEZO1 AND INTEGRINS IN OSTEOCYTES%REACTOME DATABASE ID RELEASE 95%9856532	MECHANICAL LOAD ACTIVATES SIGNALING BY PIEZO1 AND INTEGRINS IN OSTEOCYTES%REACTOME DATABASE ID RELEASE 95%9856532		15	-0.43882662	-1.1446489	0.2781655	0.6221414	1.0	1891	tags=27%, list=14%, signal=31%	
NEGATIVE REGULATION OF MUSCLE CELL DIFFERENTIATION%GOBP%GO:0051148	NEGATIVE REGULATION OF MUSCLE CELL DIFFERENTIATION%GOBP%GO:0051148		27	-0.38214102	-1.1440353	0.25966305	0.6233083	1.0	2779	tags=33%, list=21%, signal=42%	
FAS SIGNALING PATHWAY ( CD95 )%PATHWHIZ%PW070709	FAS SIGNALING PATHWAY ( CD95 )%PATHWHIZ%PW070709		26	-0.3819659	-1.1435311	0.24601594	0.624123	1.0	1469	tags=27%, list=11%, signal=30%	
POSITIVE REGULATION OF PLASMA MEMBRANE BOUNDED CELL PROJECTION ASSEMBLY%GOBP%GO:0120034	POSITIVE REGULATION OF PLASMA MEMBRANE BOUNDED CELL PROJECTION ASSEMBLY%GOBP%GO:0120034		81	-0.30535316	-1.1428874	0.2040619	0.62541366	1.0	2372	tags=27%, list=18%, signal=33%	
REGULATION OF ACTIN POLYMERIZATION OR DEPOLYMERIZATION%GOBP%GO:0008064	REGULATION OF ACTIN POLYMERIZATION OR DEPOLYMERIZATION%GOBP%GO:0008064		78	-0.30747357	-1.1425496	0.20248328	0.6257576	1.0	486	tags=10%, list=4%, signal=11%	
PEPTIDE HORMONE SECRETION%GOBP%GO:0030072	PEPTIDE HORMONE SECRETION%GOBP%GO:0030072		18	-0.4203977	-1.141726	0.2836114	0.6275802	1.0	506	tags=17%, list=4%, signal=17%	
CALCIUM-DEPENDENT CELL-CELL ADHESION%GOBP%GO:0016339	CALCIUM-DEPENDENT CELL-CELL ADHESION%GOBP%GO:0016339		23	-0.3915736	-1.1416808	0.2705078	0.62703687	1.0	1006	tags=22%, list=7%, signal=23%	
ANTIGEN PROCESSING AND PRESENTATION OF PEPTIDE OR POLYSACCHARIDE ANTIGEN VIA MHC CLASS II%GOBP%GO:0002504	ANTIGEN PROCESSING AND PRESENTATION OF PEPTIDE OR POLYSACCHARIDE ANTIGEN VIA MHC CLASS II%GOBP%GO:0002504		15	-0.44129056	-1.1416808	0.2749004	0.6263619	1.0	4829	tags=40%, list=36%, signal=62%	
NETRIN UNC5B SIGNALING%WIKIPATHWAYS_20260211%WP4747%HOMO SAPIENS	NETRIN UNC5B SIGNALING%WIKIPATHWAYS_20260211%WP4747%HOMO SAPIENS		30	-0.36808702	-1.1402464	0.25073746	0.62998664	1.0	3811	tags=50%, list=28%, signal=69%	
EXTRACELLULAR TRANSPORT%GOBP%GO:0006858	EXTRACELLULAR TRANSPORT%GOBP%GO:0006858		15	-0.4458713	-1.140063	0.27596155	0.6298641	1.0	2479	tags=47%, list=18%, signal=57%	
MITOCHONDRIAL FATTY ACID BETA-OXIDATION%REACTOME%R-HSA-77289.7	MITOCHONDRIAL FATTY ACID BETA-OXIDATION%REACTOME%R-HSA-77289.7		33	-0.35762507	-1.1398396	0.25819266	0.6298578	1.0	1104	tags=18%, list=8%, signal=20%	
GLUCOSE METABOLISM%REACTOME DATABASE ID RELEASE 95%70326	GLUCOSE METABOLISM%REACTOME DATABASE ID RELEASE 95%70326		68	-0.31236178	-1.1395234	0.22562142	0.63010323	1.0	3142	tags=37%, list=23%, signal=48%	
PID_P73PATHWAY%MSIGDB_C2%PID_P73PATHWAY	PID_P73PATHWAY%MSIGDB_C2%PID_P73PATHWAY		54	-0.3294805	-1.1388675	0.23320895	0.63144475	1.0	2748	tags=31%, list=20%, signal=39%	
PLASMA MEMBRANE ESTROGEN RECEPTOR SIGNALING%PATHWAY INTERACTION DATABASE NCI-NATURE CURATED DATA%PLASMA MEMBRANE ESTROGEN RECEPTOR SIGNALING	PLASMA MEMBRANE ESTROGEN RECEPTOR SIGNALING%PATHWAY INTERACTION DATABASE NCI-NATURE CURATED DATA%PLASMA MEMBRANE ESTROGEN RECEPTOR SIGNALING		35	-0.35727522	-1.1382159	0.271556	0.6327507	1.0	4194	tags=43%, list=31%, signal=62%	
REGULATION OF PEPTIDE TRANSPORT%GOBP%GO:0090087	REGULATION OF PEPTIDE TRANSPORT%GOBP%GO:0090087		79	-0.3062281	-1.1380305	0.21730769	0.6326517	1.0	2960	tags=29%, list=22%, signal=37%	
REGULATION OF T CELL MEDIATED CYTOTOXICITY%GOBP%GO:0001914	REGULATION OF T CELL MEDIATED CYTOTOXICITY%GOBP%GO:0001914		18	-0.41620862	-1.137986	0.27860695	0.63210845	1.0	348	tags=11%, list=3%, signal=11%	
NOTCH3 INTRACELLULAR DOMAIN REGULATES TRANSCRIPTION%REACTOME%R-HSA-9013508.2	NOTCH3 INTRACELLULAR DOMAIN REGULATES TRANSCRIPTION%REACTOME%R-HSA-9013508.2		21	-0.3974138	-1.1373487	0.27934045	0.63333124	1.0	3345	tags=38%, list=25%, signal=51%	
ESTABLISHMENT OR MAINTENANCE OF CELL POLARITY%GOBP%GO:0007163	ESTABLISHMENT OR MAINTENANCE OF CELL POLARITY%GOBP%GO:0007163		125	-0.28514922	-1.1370708	0.18018869	0.6334839	1.0	2343	tags=21%, list=17%, signal=25%	
PID_LIS1_PATHWAY%MSIGDB_C2%PID_LIS1_PATHWAY	PID_LIS1_PATHWAY%MSIGDB_C2%PID_LIS1_PATHWAY		18	-0.41313982	-1.1370037	0.27859238	0.6330062	1.0	1574	tags=22%, list=12%, signal=25%	
HEART DEVELOPMENT%WIKIPATHWAYS_20260211%WP1591%HOMO SAPIENS	HEART DEVELOPMENT%WIKIPATHWAYS_20260211%WP1591%HOMO SAPIENS		30	-0.36229268	-1.1368475	0.27245206	0.6327749	1.0	2065	tags=30%, list=15%, signal=35%	
INTEGRIN-LINKED KINASE SIGNALING%PATHWAY INTERACTION DATABASE NCI-NATURE CURATED DATA%INTEGRIN-LINKED KINASE SIGNALING	INTEGRIN-LINKED KINASE SIGNALING%PATHWAY INTERACTION DATABASE NCI-NATURE CURATED DATA%INTEGRIN-LINKED KINASE SIGNALING		43	-0.33991298	-1.136419	0.24147727	0.6333836	1.0	1465	tags=19%, list=11%, signal=21%	
PID_TELOMERASE_PATHWAY%MSIGDB_C2%PID_TELOMERASE_PATHWAY	PID_TELOMERASE_PATHWAY%MSIGDB_C2%PID_TELOMERASE_PATHWAY		55	-0.3272849	-1.1358008	0.24055666	0.634602	1.0	1737	tags=27%, list=13%, signal=31%	
MONOSACCHARIDE TRANSMEMBRANE TRANSPORT%GOBP%GO:0015749	MONOSACCHARIDE TRANSMEMBRANE TRANSPORT%GOBP%GO:0015749		25	-0.38514012	-1.1356417	0.27804878	0.63441324	1.0	2726	tags=36%, list=20%, signal=45%	
POSITIVE REGULATION OF EPIDERMAL GROWTH FACTOR RECEPTOR SIGNALING PATHWAY%GOBP%GO:0045742	POSITIVE REGULATION OF EPIDERMAL GROWTH FACTOR RECEPTOR SIGNALING PATHWAY%GOBP%GO:0045742		22	-0.38800186	-1.1353804	0.27123553	0.63452286	1.0	3481	tags=45%, list=26%, signal=61%	
REGULATION OF MORPHOGENESIS OF AN EPITHELIUM%GOBP%GO:1905330	REGULATION OF MORPHOGENESIS OF AN EPITHELIUM%GOBP%GO:1905330		34	-0.35955232	-1.1346408	0.2671984	0.6360605	1.0	986	tags=15%, list=7%, signal=16%	
POSITIVE REGULATION OF EPITHELIAL CELL PROLIFERATION%GOBP%GO:0050679	POSITIVE REGULATION OF EPITHELIAL CELL PROLIFERATION%GOBP%GO:0050679		99	-0.29019216	-1.134228	0.20930232	0.63657373	1.0	3030	tags=29%, list=22%, signal=37%	
CELLULAR RESPONSE TO AMYLOID-BETA%GOBP%GO:1904646	CELLULAR RESPONSE TO AMYLOID-BETA%GOBP%GO:1904646		22	-0.39363468	-1.1336899	0.27565983	0.6375066	1.0	262	tags=14%, list=2%, signal=14%	
PEPTIDYL-LYSINE MODIFICATION%GOBP%GO:0018205	PEPTIDYL-LYSINE MODIFICATION%GOBP%GO:0018205		85	-0.3013215	-1.1336845	0.21767442	0.6368472	1.0	3408	tags=31%, list=25%, signal=41%	
INTRACILIARY TRANSPORT%GOBP%GO:0042073	INTRACILIARY TRANSPORT%GOBP%GO:0042073		40	-0.34149912	-1.1334752	0.24878994	0.6367861	1.0	3250	tags=38%, list=24%, signal=49%	
NEGATIVE REGULATION OF SMAD PROTEIN SIGNAL TRANSDUCTION%GOBP%GO:0060392	NEGATIVE REGULATION OF SMAD PROTEIN SIGNAL TRANSDUCTION%GOBP%GO:0060392		16	-0.42216867	-1.1328156	0.29447237	0.63809353	1.0	4230	tags=44%, list=31%, signal=64%	
GLUCOSE 6-PHOSPHATE METABOLIC PROCESS%GOBP%GO:0051156	GLUCOSE 6-PHOSPHATE METABOLIC PROCESS%GOBP%GO:0051156		17	-0.42108113	-1.1328014	0.2754902	0.63746864	1.0	1289	tags=18%, list=10%, signal=19%	
REGULATION OF PEPTIDE SECRETION%GOBP%GO:0002791	REGULATION OF PEPTIDE SECRETION%GOBP%GO:0002791		78	-0.3075888	-1.132592	0.22559242	0.6374532	1.0	2960	tags=29%, list=22%, signal=38%	
NEGATIVE REGULATION OF MICROTUBULE POLYMERIZATION OR DEPOLYMERIZATION%GOBP%GO:0031111	NEGATIVE REGULATION OF MICROTUBULE POLYMERIZATION OR DEPOLYMERIZATION%GOBP%GO:0031111		28	-0.3758192	-1.1321623	0.2688679	0.6380665	1.0	688	tags=14%, list=5%, signal=15%	
SIGNALING BY ERBB4%REACTOME DATABASE ID RELEASE 95%1236394	SIGNALING BY ERBB4%REACTOME DATABASE ID RELEASE 95%1236394		39	-0.34131104	-1.1316142	0.24650699	0.63905466	1.0	3253	tags=33%, list=24%, signal=44%	
REGULATION OF NUCLEOTIDE-EXCISION REPAIR%GOBP%GO:2000819	REGULATION OF NUCLEOTIDE-EXCISION REPAIR%GOBP%GO:2000819		28	-0.37490338	-1.131609	0.2850288	0.638402	1.0	3003	tags=43%, list=22%, signal=55%	
EPHRIN SIGNALING%REACTOME%R-HSA-3928664.4	EPHRIN SIGNALING%REACTOME%R-HSA-3928664.4		15	-0.44201523	-1.1315875	0.29580152	0.6377995	1.0	1330	tags=33%, list=10%, signal=37%	
ABERRANT REGULATION OF MITOTIC G1 S TRANSITION IN CANCER DUE TO RB1 DEFECTS%REACTOME%R-HSA-9659787.2	ABERRANT REGULATION OF MITOTIC G1 S TRANSITION IN CANCER DUE TO RB1 DEFECTS%REACTOME%R-HSA-9659787.2		17	-0.41761863	-1.131122	0.28447443	0.63852286	1.0	3769	tags=53%, list=28%, signal=73%	
BINDING AND UPTAKE OF LIGANDS BY SCAVENGER RECEPTORS%REACTOME%R-HSA-2173782.3	BINDING AND UPTAKE OF LIGANDS BY SCAVENGER RECEPTORS%REACTOME%R-HSA-2173782.3		24	-0.38612378	-1.1310647	0.26458752	0.6380276	1.0	3077	tags=42%, list=23%, signal=54%	
REGULATION OF GLUCONEOGENESIS%GOBP%GO:0006111	REGULATION OF GLUCONEOGENESIS%GOBP%GO:0006111		27	-0.36600536	-1.1309643	0.25468904	0.6376741	1.0	2056	tags=22%, list=15%, signal=26%	
LUNG FIBROSIS%WIKIPATHWAYS_20260211%WP3624%HOMO SAPIENS	LUNG FIBROSIS%WIKIPATHWAYS_20260211%WP3624%HOMO SAPIENS		31	-0.36158732	-1.1293718	0.27149758	0.6418428	1.0	3283	tags=35%, list=24%, signal=47%	
OXIDATIVE STRESS INDUCED SENESCENCE%REACTOME DATABASE ID RELEASE 95%2559580	OXIDATIVE STRESS INDUCED SENESCENCE%REACTOME DATABASE ID RELEASE 95%2559580		61	-0.31909966	-1.1293662	0.24463938	0.64119595	1.0	4127	tags=41%, list=31%, signal=59%	
REGULATION OF EMBRYONIC DEVELOPMENT%GOBP%GO:0045995	REGULATION OF EMBRYONIC DEVELOPMENT%GOBP%GO:0045995		43	-0.34069628	-1.1275628	0.25390625	0.6460442	1.0	3431	tags=44%, list=25%, signal=59%	
POSITIVE REGULATION OF TELOMERE MAINTENANCE VIA TELOMERASE%GOBP%GO:0032212	POSITIVE REGULATION OF TELOMERE MAINTENANCE VIA TELOMERASE%GOBP%GO:0032212		23	-0.39684615	-1.1272404	0.29174483	0.64637655	1.0	1461	tags=26%, list=11%, signal=29%	
ODONTOGENESIS OF DENTIN-CONTAINING TOOTH%GOBP%GO:0042475	ODONTOGENESIS OF DENTIN-CONTAINING TOOTH%GOBP%GO:0042475		16	-0.4247347	-1.1263776	0.29892892	0.6483796	1.0	1737	tags=31%, list=13%, signal=36%	
REGULATION OF PEPTIDE HORMONE SECRETION%GOBP%GO:0090276	REGULATION OF PEPTIDE HORMONE SECRETION%GOBP%GO:0090276		78	-0.3075888	-1.1257111	0.2361762	0.6497493	1.0	2960	tags=29%, list=22%, signal=38%	
REGULATION OF ANIMAL ORGAN MORPHOGENESIS%GOBP%GO:2000027	REGULATION OF ANIMAL ORGAN MORPHOGENESIS%GOBP%GO:2000027		23	-0.38525286	-1.1256214	0.2861357	0.64935505	1.0	986	tags=17%, list=7%, signal=19%	
RESPONSE TO AMYLOID-BETA%GOBP%GO:1904645	RESPONSE TO AMYLOID-BETA%GOBP%GO:1904645		26	-0.3777224	-1.1254777	0.27861163	0.64911485	1.0	3183	tags=35%, list=24%, signal=45%	
POSITIVE REGULATION OF INTERLEUKIN-6 PRODUCTION%GOBP%GO:0032755	POSITIVE REGULATION OF INTERLEUKIN-6 PRODUCTION%GOBP%GO:0032755		41	-0.3385051	-1.1252892	0.25295275	0.64902747	1.0	761	tags=12%, list=6%, signal=13%	
PURINE-CONTAINING COMPOUND TRANSMEMBRANE TRANSPORT%GOBP%GO:0072530	PURINE-CONTAINING COMPOUND TRANSMEMBRANE TRANSPORT%GOBP%GO:0072530		22	-0.39122215	-1.125052	0.285435	0.6490523	1.0	2224	tags=32%, list=16%, signal=38%	
VASCULAR ENDOTHELIAL GROWTH FACTOR RECEPTOR SIGNALING PATHWAY%GOBP%GO:0048010	VASCULAR ENDOTHELIAL GROWTH FACTOR RECEPTOR SIGNALING PATHWAY%GOBP%GO:0048010		25	-0.38043788	-1.124431	0.30338165	0.65027636	1.0	3667	tags=40%, list=27%, signal=55%	
11P11 2 COPY NUMBER VARIATION SYNDROME %WIKIPATHWAYS_20260211%WP5348%HOMO SAPIENS	11P11 2 COPY NUMBER VARIATION SYNDROME %WIKIPATHWAYS_20260211%WP5348%HOMO SAPIENS		35	-0.34852764	-1.1233333	0.264455	0.65290916	1.0	1611	tags=26%, list=12%, signal=29%	
PURINE RIBONUCLEOTIDE TRANSPORT%GOBP%GO:0015868	PURINE RIBONUCLEOTIDE TRANSPORT%GOBP%GO:0015868		24	-0.3816955	-1.1230812	0.2920269	0.6530219	1.0	2333	tags=33%, list=17%, signal=40%	
ACTIVATION OF GTPASE ACTIVITY%GOBP%GO:0090630	ACTIVATION OF GTPASE ACTIVITY%GOBP%GO:0090630		20	-0.3972406	-1.1229348	0.29359606	0.65279305	1.0	2281	tags=25%, list=17%, signal=30%	
POSITIVE REGULATION OF TELOMERE MAINTENANCE VIA TELOMERE LENGTHENING%GOBP%GO:1904358	POSITIVE REGULATION OF TELOMERE MAINTENANCE VIA TELOMERE LENGTHENING%GOBP%GO:1904358		26	-0.37595505	-1.1228483	0.28242075	0.6523677	1.0	1593	tags=27%, list=12%, signal=30%	
POSITIVE REGULATION OF ANGIOGENESIS%GOBP%GO:0045766	POSITIVE REGULATION OF ANGIOGENESIS%GOBP%GO:0045766		93	-0.29079416	-1.1217856	0.23666343	0.6548792	1.0	2513	tags=26%, list=19%, signal=31%	
PYRIMIDINE RIBONUCLEOTIDE METABOLIC PROCESS%GOBP%GO:0009218	PYRIMIDINE RIBONUCLEOTIDE METABOLIC PROCESS%GOBP%GO:0009218		20	-0.39907578	-1.1216372	0.30107528	0.6546681	1.0	1572	tags=25%, list=12%, signal=28%	
PROTEOGLYCAN METABOLIC PROCESS%GOBP%GO:0006029	PROTEOGLYCAN METABOLIC PROCESS%GOBP%GO:0006029		71	-0.30466998	-1.1210442	0.24809887	0.65583956	1.0	3729	tags=44%, list=28%, signal=60%	
POSITIVE REGULATION OF GTPASE ACTIVITY%GOBP%GO:0043547	POSITIVE REGULATION OF GTPASE ACTIVITY%GOBP%GO:0043547		71	-0.30857098	-1.1200848	0.24065197	0.6581235	1.0	1597	tags=20%, list=12%, signal=22%	
INTRACELLULAR GLUCOSE HOMEOSTASIS%GOBP%GO:0001678	INTRACELLULAR GLUCOSE HOMEOSTASIS%GOBP%GO:0001678		46	-0.33517686	-1.1199757	0.2631579	0.6577812	1.0	4038	tags=41%, list=30%, signal=59%	
MONOSACCHARIDE BIOSYNTHETIC PROCESS%GOBP%GO:0046364	MONOSACCHARIDE BIOSYNTHETIC PROCESS%GOBP%GO:0046364		28	-0.3690042	-1.1197752	0.27450982	0.6577352	1.0	1649	tags=21%, list=12%, signal=24%	
PID_UPA_UPAR_PATHWAY%MSIGDB_C2%PID_UPA_UPAR_PATHWAY	PID_UPA_UPAR_PATHWAY%MSIGDB_C2%PID_UPA_UPAR_PATHWAY		17	-0.4186303	-1.1193712	0.2929195	0.65832996	1.0	3789	tags=53%, list=28%, signal=73%	
REGULATION OF MICROTUBULE POLYMERIZATION%GOBP%GO:0031113	REGULATION OF MICROTUBULE POLYMERIZATION%GOBP%GO:0031113		50	-0.32370502	-1.1192603	0.26536584	0.65798837	1.0	2135	tags=28%, list=16%, signal=33%	
ESR-MEDIATED SIGNALING%REACTOME DATABASE ID RELEASE 95%8939211	ESR-MEDIATED SIGNALING%REACTOME DATABASE ID RELEASE 95%8939211		138	-0.27495468	-1.1189787	0.21047708	0.6581865	1.0	3352	tags=33%, list=25%, signal=44%	
ENDOCHONDRAL OSSIFICATION WITH SKELETAL DYSPLASIAS%WIKIPATHWAYS_20260211%WP4808%HOMO SAPIENS	ENDOCHONDRAL OSSIFICATION WITH SKELETAL DYSPLASIAS%WIKIPATHWAYS_20260211%WP4808%HOMO SAPIENS		39	-0.34154928	-1.1183221	0.27077225	0.65952164	1.0	1617	tags=26%, list=12%, signal=29%	
MEMBRANE PROTEIN PROTEOLYSIS%GOBP%GO:0033619	MEMBRANE PROTEIN PROTEOLYSIS%GOBP%GO:0033619		28	-0.36689728	-1.1183081	0.28884462	0.65890145	1.0	3362	tags=43%, list=25%, signal=57%	
SENSORY ORGAN DEVELOPMENT%GOBP%GO:0007423	SENSORY ORGAN DEVELOPMENT%GOBP%GO:0007423		179	-0.26623225	-1.1179231	0.19195612	0.6594053	1.0	2882	tags=25%, list=21%, signal=31%	
PID_A6B1_A6B4_INTEGRIN_PATHWAY%MSIGDB_C2%PID_A6B1_A6B4_INTEGRIN_PATHWAY	PID_A6B1_A6B4_INTEGRIN_PATHWAY%MSIGDB_C2%PID_A6B1_A6B4_INTEGRIN_PATHWAY		32	-0.35650742	-1.117039	0.2768473	0.6614345	1.0	3253	tags=47%, list=24%, signal=62%	
POSITIVE REGULATION OF SYNAPTIC TRANSMISSION%GOBP%GO:0050806	POSITIVE REGULATION OF SYNAPTIC TRANSMISSION%GOBP%GO:0050806		62	-0.31153005	-1.1157899	0.25660378	0.6644807	1.0	2343	tags=29%, list=17%, signal=35%	
POSITIVE REGULATION OF VIRAL LIFE CYCLE%GOBP%GO:1903902	POSITIVE REGULATION OF VIRAL LIFE CYCLE%GOBP%GO:1903902		16	-0.42637247	-1.1157788	0.3065622	0.6638369	1.0	761	tags=25%, list=6%, signal=26%	
HISTONE MODIFICATIONS%WIKIPATHWAYS_20260211%WP2369%HOMO SAPIENS	HISTONE MODIFICATIONS%WIKIPATHWAYS_20260211%WP2369%HOMO SAPIENS		32	-0.35635152	-1.1153599	0.2851711	0.664413	1.0	3377	tags=41%, list=25%, signal=54%	
PROTEIN AUTOPHOSPHORYLATION%GOBP%GO:0046777	PROTEIN AUTOPHOSPHORYLATION%GOBP%GO:0046777		82	-0.29659295	-1.1153476	0.23992133	0.6637846	1.0	532	tags=10%, list=4%, signal=10%	
DEFECTIVE BINDING OF RB1 MUTANTS TO E2F1,(E2F2, E2F3)%REACTOME%R-HSA-9661069.2	DEFECTIVE BINDING OF RB1 MUTANTS TO E2F1,(E2F2, E2F3)%REACTOME%R-HSA-9661069.2		17	-0.41761863	-1.1148571	0.29735234	0.66465485	1.0	3769	tags=53%, list=28%, signal=73%	
ANDROGEN RECEPTOR SIGNALING%WIKIPATHWAYS_20260211%WP138%HOMO SAPIENS	ANDROGEN RECEPTOR SIGNALING%WIKIPATHWAYS_20260211%WP138%HOMO SAPIENS		63	-0.31124005	-1.114813	0.2614634	0.6641329	1.0	1534	tags=21%, list=11%, signal=23%	
WNT SIGNALING NETPATH%WIKIPATHWAYS_20260211%WP363%HOMO SAPIENS	WNT SIGNALING NETPATH%WIKIPATHWAYS_20260211%WP363%HOMO SAPIENS		37	-0.34733406	-1.1146327	0.2884972	0.6639834	1.0	2841	tags=35%, list=21%, signal=44%	
REGULATION OF SMOOTH MUSCLE CONTRACTION%GOBP%GO:0006940	REGULATION OF SMOOTH MUSCLE CONTRACTION%GOBP%GO:0006940		19	-0.40526122	-1.1134295	0.30503455	0.66697747	1.0	1726	tags=26%, list=13%, signal=30%	
REGULATION OF LEUKOCYTE MIGRATION%GOBP%GO:0002685	REGULATION OF LEUKOCYTE MIGRATION%GOBP%GO:0002685		103	-0.28830343	-1.1127697	0.23596574	0.6683162	1.0	829	tags=11%, list=6%, signal=11%	
PRADER WILLI AND ANGELMAN SYNDROME%WIKIPATHWAYS_20260211%WP3998%HOMO SAPIENS	PRADER WILLI AND ANGELMAN SYNDROME%WIKIPATHWAYS_20260211%WP3998%HOMO SAPIENS		62	-0.3146996	-1.1126593	0.24781342	0.6679662	1.0	3324	tags=37%, list=25%, signal=49%	
REGULATION OF DNA STRAND ELONGATION%GOBP%GO:0060382	REGULATION OF DNA STRAND ELONGATION%GOBP%GO:0060382		17	-0.4091115	-1.1119592	0.30694038	0.6694573	1.0	2975	tags=41%, list=22%, signal=53%	
NEPHRON EPITHELIUM MORPHOGENESIS%GOBP%GO:0072088	NEPHRON EPITHELIUM MORPHOGENESIS%GOBP%GO:0072088		24	-0.37746063	-1.111699	0.29338446	0.66958034	1.0	3809	tags=33%, list=28%, signal=46%	
REGULATION OF CELLULAR RESPONSE TO VASCULAR ENDOTHELIAL GROWTH FACTOR STIMULUS%GOBP%GO:1902547	REGULATION OF CELLULAR RESPONSE TO VASCULAR ENDOTHELIAL GROWTH FACTOR STIMULUS%GOBP%GO:1902547		23	-0.37937802	-1.1115553	0.30812854	0.66934454	1.0	2427	tags=22%, list=18%, signal=26%	
POSITIVE REGULATION OF CANONICAL WNT SIGNALING PATHWAY%GOBP%GO:0090263	POSITIVE REGULATION OF CANONICAL WNT SIGNALING PATHWAY%GOBP%GO:0090263		78	-0.2973354	-1.1110611	0.25	0.67017514	1.0	3283	tags=31%, list=24%, signal=40%	
REGULATION OF ACTIN FILAMENT LENGTH%GOBP%GO:0030832	REGULATION OF ACTIN FILAMENT LENGTH%GOBP%GO:0030832		80	-0.29788873	-1.1105664	0.2416357	0.6710019	1.0	486	tags=10%, list=4%, signal=10%	
PID_ERA_GENOMIC_PATHWAY%MSIGDB_C2%PID_ERA_GENOMIC_PATHWAY	PID_ERA_GENOMIC_PATHWAY%MSIGDB_C2%PID_ERA_GENOMIC_PATHWAY		41	-0.3370387	-1.1104	0.29214558	0.6708496	1.0	1252	tags=17%, list=9%, signal=19%	
REGULATION OF EPITHELIAL CELL PROLIFERATION%GOBP%GO:0050678	REGULATION OF EPITHELIAL CELL PROLIFERATION%GOBP%GO:0050678		175	-0.2656571	-1.1095915	0.20718232	0.6726909	1.0	3030	tags=26%, list=22%, signal=33%	
EXTRINSIC APOPTOTIC SIGNALING PATHWAY VIA DEATH DOMAIN RECEPTORS%GOBP%GO:0008625	EXTRINSIC APOPTOTIC SIGNALING PATHWAY VIA DEATH DOMAIN RECEPTORS%GOBP%GO:0008625		29	-0.3625105	-1.109136	0.28694817	0.6733787	1.0	1531	tags=24%, list=11%, signal=27%	
HEDGEHOG%IOB%HEDGEHOG	HEDGEHOG%IOB%HEDGEHOG		19	-0.40345487	-1.1087533	0.3104799	0.6738939	1.0	2864	tags=42%, list=21%, signal=53%	
ENDOCHONDRAL OSSIFICATION%WIKIPATHWAYS_20260211%WP474%HOMO SAPIENS	ENDOCHONDRAL OSSIFICATION%WIKIPATHWAYS_20260211%WP474%HOMO SAPIENS		39	-0.34154928	-1.1087346	0.29285014	0.6732812	1.0	1617	tags=26%, list=12%, signal=29%	
7Q11 23 COPY NUMBER VARIATION SYNDROME%WIKIPATHWAYS_20260211%WP4932%HOMO SAPIENS	7Q11 23 COPY NUMBER VARIATION SYNDROME%WIKIPATHWAYS_20260211%WP4932%HOMO SAPIENS		71	-0.30270174	-1.1086373	0.25560975	0.6729047	1.0	1933	tags=23%, list=14%, signal=26%	
HEMOSTASIS%GOBP%GO:0007599	HEMOSTASIS%GOBP%GO:0007599		88	-0.29007486	-1.108516	0.24594852	0.6726357	1.0	3901	tags=39%, list=29%, signal=54%	
AXONEMAL DYNEIN COMPLEX ASSEMBLY%GOBP%GO:0070286	AXONEMAL DYNEIN COMPLEX ASSEMBLY%GOBP%GO:0070286		16	-0.4157365	-1.1085085	0.30091184	0.6719902	1.0	1185	tags=31%, list=9%, signal=34%	
RHO GTPASES ACTIVATE NADPH OXIDASES%REACTOME DATABASE ID RELEASE 95%5668599	RHO GTPASES ACTIVATE NADPH OXIDASES%REACTOME DATABASE ID RELEASE 95%5668599		18	-0.40249494	-1.1082611	0.32546705	0.67209285	1.0	2753	tags=39%, list=20%, signal=49%	
REGULATION OF MACROPHAGE CHEMOTAXIS%GOBP%GO:0010758	REGULATION OF MACROPHAGE CHEMOTAXIS%GOBP%GO:0010758		15	-0.434618	-1.1080623	0.30732635	0.67201334	1.0	417	tags=13%, list=3%, signal=14%	
TRNA PROCESSING IN THE NUCLEUS%REACTOME%R-HSA-6784531.6	TRNA PROCESSING IN THE NUCLEUS%REACTOME%R-HSA-6784531.6		52	-0.32216546	-1.1071146	0.28169015	0.67422897	1.0	2161	tags=29%, list=16%, signal=34%	
NCRNAS IN WNT SIGNALING IN HEPATOCELLULAR CARCINOMA%WIKIPATHWAYS_20260211%WP4336%HOMO SAPIENS	NCRNAS IN WNT SIGNALING IN HEPATOCELLULAR CARCINOMA%WIKIPATHWAYS_20260211%WP4336%HOMO SAPIENS		57	-0.31481436	-1.1070721	0.2799246	0.67370564	1.0	3007	tags=26%, list=22%, signal=34%	
NEPHRON MORPHOGENESIS%GOBP%GO:0072028	NEPHRON MORPHOGENESIS%GOBP%GO:0072028		24	-0.37746063	-1.106734	0.31870228	0.674078	1.0	3809	tags=33%, list=28%, signal=46%	
ENDOCARDIAL CUSHION FORMATION%GOBP%GO:0003272	ENDOCARDIAL CUSHION FORMATION%GOBP%GO:0003272		16	-0.41623184	-1.106348	0.32038835	0.6746003	1.0	1444	tags=25%, list=11%, signal=28%	
RAS SIGNALING%WIKIPATHWAYS_20260211%WP4223%HOMO SAPIENS	RAS SIGNALING%WIKIPATHWAYS_20260211%WP4223%HOMO SAPIENS		110	-0.2828968	-1.1062292	0.2354067	0.67432564	1.0	3018	tags=29%, list=22%, signal=37%	
HORMONE SECRETION%GOBP%GO:0046879	HORMONE SECRETION%GOBP%GO:0046879		22	-0.38844872	-1.1057044	0.3209524	0.6752217	1.0	506	tags=14%, list=4%, signal=14%	
FOREBRAIN CELL MIGRATION%GOBP%GO:0021885	FOREBRAIN CELL MIGRATION%GOBP%GO:0021885		18	-0.405122	-1.1056575	0.30501932	0.674709	1.0	770	tags=22%, list=6%, signal=24%	
METALLOPROTEASE DUBS%REACTOME DATABASE ID RELEASE 95%5689901	METALLOPROTEASE DUBS%REACTOME DATABASE ID RELEASE 95%5689901		16	-0.41793314	-1.1051347	0.32512316	0.6756582	1.0	907	tags=19%, list=7%, signal=20%	
VALIDATED TARGETS OF C-MYC TRANSCRIPTIONAL REPRESSION%PATHWAY INTERACTION DATABASE NCI-NATURE CURATED DATA%VALIDATED TARGETS OF C-MYC TRANSCRIPTIONAL REPRESSION	VALIDATED TARGETS OF C-MYC TRANSCRIPTIONAL REPRESSION%PATHWAY INTERACTION DATABASE NCI-NATURE CURATED DATA%VALIDATED TARGETS OF C-MYC TRANSCRIPTIONAL REPRESSION		55	-0.3138945	-1.1047837	0.27862597	0.6761002	1.0	1994	tags=25%, list=15%, signal=30%	
PID_TXA2PATHWAY%MSIGDB_C2%PID_TXA2PATHWAY	PID_TXA2PATHWAY%MSIGDB_C2%PID_TXA2PATHWAY		27	-0.37042385	-1.1047233	0.29684418	0.6756181	1.0	4163	tags=52%, list=31%, signal=75%	
REGULATION OF CHONDROCYTE DIFFERENTIATION%GOBP%GO:0032330	REGULATION OF CHONDROCYTE DIFFERENTIATION%GOBP%GO:0032330		20	-0.39456522	-1.1036524	0.3277394	0.6782431	1.0	417	tags=10%, list=3%, signal=10%	
TELOMERE MAINTENANCE VIA TELOMERE LENGTHENING%GOBP%GO:0010833	TELOMERE MAINTENANCE VIA TELOMERE LENGTHENING%GOBP%GO:0010833		25	-0.37273124	-1.1035912	0.3196481	0.67777574	1.0	1313	tags=24%, list=10%, signal=27%	
SIGNALING BY TGFB FAMILY MEMBERS%REACTOME DATABASE ID RELEASE 95%9006936	SIGNALING BY TGFB FAMILY MEMBERS%REACTOME DATABASE ID RELEASE 95%9006936		140	-0.27061927	-1.1033889	0.2347826	0.6777364	1.0	1113	tags=13%, list=8%, signal=14%	
PROTEIN HETEROOLIGOMERIZATION%GOBP%GO:0051291	PROTEIN HETEROOLIGOMERIZATION%GOBP%GO:0051291		15	-0.42666733	-1.1019199	0.3203593	0.6816104	1.0	3009	tags=47%, list=22%, signal=60%	
PEPTIDE TRANSPORT%GOBP%GO:0015833	PEPTIDE TRANSPORT%GOBP%GO:0015833		32	-0.34988707	-1.1016278	0.31	0.68185925	1.0	506	tags=13%, list=4%, signal=13%	
GENES RELATED TO PRIMARY CILIUM DEVELOPMENT BASED ON CRISPR %WIKIPATHWAYS_20260211%WP4536%HOMO SAPIENS	GENES RELATED TO PRIMARY CILIUM DEVELOPMENT BASED ON CRISPR %WIKIPATHWAYS_20260211%WP4536%HOMO SAPIENS		78	-0.2953105	-1.1012199	0.26499033	0.6824717	1.0	3179	tags=36%, list=24%, signal=47%	
NOTCH1 INTRACELLULAR DOMAIN REGULATES TRANSCRIPTION%REACTOME%R-HSA-2122947.6	NOTCH1 INTRACELLULAR DOMAIN REGULATES TRANSCRIPTION%REACTOME%R-HSA-2122947.6		45	-0.32672516	-1.1006001	0.292729	0.68368363	1.0	2512	tags=29%, list=19%, signal=35%	
HALLMARK_ANGIOGENESIS%MSIGDBHALLMARK%HALLMARK_ANGIOGENESIS	HALLMARK_ANGIOGENESIS%MSIGDBHALLMARK%HALLMARK_ANGIOGENESIS		22	-0.3827448	-1.1003371	0.31280077	0.68381053	1.0	1808	tags=23%, list=13%, signal=26%	
SENSORY ORGAN MORPHOGENESIS%GOBP%GO:0090596	SENSORY ORGAN MORPHOGENESIS%GOBP%GO:0090596		97	-0.2867346	-1.0993319	0.26628897	0.6862223	1.0	3699	tags=32%, list=27%, signal=44%	
POSITIVE REGULATION OF MAP KINASE ACTIVITY%GOBP%GO:0043406	POSITIVE REGULATION OF MAP KINASE ACTIVITY%GOBP%GO:0043406		16	-0.4162916	-1.0992788	0.32824427	0.6857184	1.0	2942	tags=44%, list=22%, signal=56%	
FOXA2 AND FOXA3 TRANSCRIPTION FACTOR NETWORKS%PATHWAY INTERACTION DATABASE NCI-NATURE CURATED DATA%FOXA2 AND FOXA3 TRANSCRIPTION FACTOR NETWORKS	FOXA2 AND FOXA3 TRANSCRIPTION FACTOR NETWORKS%PATHWAY INTERACTION DATABASE NCI-NATURE CURATED DATA%FOXA2 AND FOXA3 TRANSCRIPTION FACTOR NETWORKS		25	-0.37533563	-1.0992198	0.31434184	0.6852464	1.0	2917	tags=36%, list=22%, signal=46%	
PID_HNF3B_PATHWAY%MSIGDB_C2%PID_HNF3B_PATHWAY	PID_HNF3B_PATHWAY%MSIGDB_C2%PID_HNF3B_PATHWAY		21	-0.3882923	-1.0990607	0.3145083	0.68507427	1.0	680	tags=19%, list=5%, signal=20%	
HALLMARK OF CANCER SUSTAINING PROLIFERATIVE SIGNALING%WIKIPATHWAYS_20260211%WP5475%HOMO SAPIENS	HALLMARK OF CANCER SUSTAINING PROLIFERATIVE SIGNALING%WIKIPATHWAYS_20260211%WP5475%HOMO SAPIENS		71	-0.30014402	-1.0988572	0.2777778	0.6850223	1.0	880	tags=13%, list=7%, signal=13%	
POSITIVE REGULATION OF CELL-MATRIX ADHESION%GOBP%GO:0001954	POSITIVE REGULATION OF CELL-MATRIX ADHESION%GOBP%GO:0001954		34	-0.34727368	-1.0977335	0.30417496	0.6879003	1.0	332	tags=9%, list=2%, signal=9%	
REGULATION OF SYSTEMIC ARTERIAL BLOOD PRESSURE%GOBP%GO:0003073	REGULATION OF SYSTEMIC ARTERIAL BLOOD PRESSURE%GOBP%GO:0003073		30	-0.35054561	-1.0976732	0.30580136	0.6874188	1.0	2884	tags=30%, list=21%, signal=38%	
REGULATION OF BLOOD VESSEL ENDOTHELIAL CELL MIGRATION%GOBP%GO:0043535	REGULATION OF BLOOD VESSEL ENDOTHELIAL CELL MIGRATION%GOBP%GO:0043535		67	-0.3040768	-1.0976207	0.27887323	0.68692034	1.0	2579	tags=27%, list=19%, signal=33%	
LONG-TERM SYNAPTIC POTENTIATION%GOBP%GO:0060291	LONG-TERM SYNAPTIC POTENTIATION%GOBP%GO:0060291		24	-0.3771438	-1.0972242	0.31733593	0.68740904	1.0	2343	tags=38%, list=17%, signal=45%	
CONNECTIVE TISSUE DEVELOPMENT%GOBP%GO:0061448	CONNECTIVE TISSUE DEVELOPMENT%GOBP%GO:0061448		68	-0.30000788	-1.0971183	0.2790476	0.6870699	1.0	482	tags=9%, list=4%, signal=9%	
PID_SYNDECAN_4_PATHWAY%MSIGDB_C2%PID_SYNDECAN_4_PATHWAY	PID_SYNDECAN_4_PATHWAY%MSIGDB_C2%PID_SYNDECAN_4_PATHWAY		19	-0.39555243	-1.0964305	0.33038348	0.6885358	1.0	1592	tags=32%, list=12%, signal=36%	
POSITIVE REGULATION OF APOPTOTIC SIGNALING PATHWAY%GOBP%GO:2001235	POSITIVE REGULATION OF APOPTOTIC SIGNALING PATHWAY%GOBP%GO:2001235		63	-0.30775097	-1.0961404	0.28127939	0.688761	1.0	2682	tags=29%, list=20%, signal=35%	
POSITIVE REGULATION OF NEURON DIFFERENTIATION%GOBP%GO:0045666	POSITIVE REGULATION OF NEURON DIFFERENTIATION%GOBP%GO:0045666		26	-0.37326902	-1.0958878	0.3177291	0.68889767	1.0	2755	tags=35%, list=20%, signal=43%	
PID_ATF2_PATHWAY%MSIGDB_C2%PID_ATF2_PATHWAY	PID_ATF2_PATHWAY%MSIGDB_C2%PID_ATF2_PATHWAY		42	-0.33109877	-1.0944073	0.2972167	0.69282526	1.0	2682	tags=36%, list=20%, signal=44%	
CARDIAC CONDUCTION SYSTEM DEVELOPMENT%GOBP%GO:0003161	CARDIAC CONDUCTION SYSTEM DEVELOPMENT%GOBP%GO:0003161		26	-0.36586243	-1.0943675	0.30893537	0.69229305	1.0	2128	tags=31%, list=16%, signal=36%	
SENSORY PERCEPTION OF SWEET, BITTER, AND UMAMI (GLUTAMATE) TASTE%REACTOME%R-HSA-9717207.2	SENSORY PERCEPTION OF SWEET, BITTER, AND UMAMI (GLUTAMATE) TASTE%REACTOME%R-HSA-9717207.2		15	-0.41655445	-1.094141	0.33758587	0.69235	1.0	3670	tags=47%, list=27%, signal=64%	
BLOOD COAGULATION%GOBP%GO:0007596	BLOOD COAGULATION%GOBP%GO:0007596		83	-0.28946823	-1.0933619	0.27550048	0.694102	1.0	3272	tags=30%, list=24%, signal=39%	
RNA EXPORT FROM NUCLEUS%GOBP%GO:0006405	RNA EXPORT FROM NUCLEUS%GOBP%GO:0006405		73	-0.29828274	-1.0932531	0.29056603	0.6937682	1.0	2966	tags=32%, list=22%, signal=40%	
RHO GTPASES ACTIVATE CIT%REACTOME%R-HSA-5625900.4	RHO GTPASES ACTIVATE CIT%REACTOME%R-HSA-5625900.4		19	-0.4007955	-1.0931007	0.33498025	0.6935759	1.0	2291	tags=37%, list=17%, signal=44%	
RESPONSE TO CORTICOSTEROID%GOBP%GO:0031960	RESPONSE TO CORTICOSTEROID%GOBP%GO:0031960		23	-0.3761388	-1.0926905	0.3256972	0.6942103	1.0	2808	tags=43%, list=21%, signal=55%	
NEUTROPHIL CHEMOTAXIS%GOBP%GO:0030593	NEUTROPHIL CHEMOTAXIS%GOBP%GO:0030593		18	-0.3980616	-1.09269	0.33197555	0.693552	1.0	2	tags=6%, list=0%, signal=6%	
DIFFERENTIATION OF WHITE AND BROWN ADIPOCYTE%WIKIPATHWAYS_20260211%WP2895%HOMO SAPIENS	DIFFERENTIATION OF WHITE AND BROWN ADIPOCYTE%WIKIPATHWAYS_20260211%WP2895%HOMO SAPIENS		15	-0.42411044	-1.0924627	0.33908045	0.6935861	1.0	2917	tags=53%, list=22%, signal=68%	
SIGNAL TRANSDUCTION BY P53 CLASS MEDIATOR%GOBP%GO:0072331	SIGNAL TRANSDUCTION BY P53 CLASS MEDIATOR%GOBP%GO:0072331		63	-0.30661947	-1.0913785	0.2983638	0.6962084	1.0	1054	tags=14%, list=8%, signal=15%	
NETRIN-1 SIGNALING%REACTOME%R-HSA-373752.4	NETRIN-1 SIGNALING%REACTOME%R-HSA-373752.4		32	-0.3480837	-1.0912292	0.32555878	0.695998	1.0	1083	tags=19%, list=8%, signal=20%	
REGULATION OF NUCLEAR-TRANSCRIBED MRNA CATABOLIC PROCESS, DEADENYLATION-DEPENDENT DECAY%GOBP%GO:1900151	REGULATION OF NUCLEAR-TRANSCRIBED MRNA CATABOLIC PROCESS, DEADENYLATION-DEPENDENT DECAY%GOBP%GO:1900151		22	-0.38038862	-1.0912092	0.3343254	0.69539505	1.0	945	tags=27%, list=7%, signal=29%	
OSSIFICATION%GOBP%GO:0001503	OSSIFICATION%GOBP%GO:0001503		107	-0.278849	-1.0911462	0.25431862	0.69493544	1.0	1721	tags=22%, list=13%, signal=25%	
REGULATION OF NEURON DIFFERENTIATION%GOBP%GO:0045664	REGULATION OF NEURON DIFFERENTIATION%GOBP%GO:0045664		58	-0.30870202	-1.0895077	0.29636532	0.6993806	1.0	2426	tags=29%, list=18%, signal=36%	
HEAD MORPHOGENESIS%GOBP%GO:0060323	HEAD MORPHOGENESIS%GOBP%GO:0060323		15	-0.4200053	-1.0890934	0.3463035	0.69998276	1.0	2034	tags=27%, list=15%, signal=31%	
PID_PS1_PATHWAY%MSIGDB_C2%PID_PS1_PATHWAY	PID_PS1_PATHWAY%MSIGDB_C2%PID_PS1_PATHWAY		35	-0.34019276	-1.0882583	0.3070089	0.7019703	1.0	3017	tags=31%, list=22%, signal=40%	
REGULATION OF RAC PROTEIN SIGNAL TRANSDUCTION%GOBP%GO:0035020	REGULATION OF RAC PROTEIN SIGNAL TRANSDUCTION%GOBP%GO:0035020		22	-0.3834833	-1.0882412	0.3407336	0.7013617	1.0	2852	tags=32%, list=21%, signal=40%	
NEGATIVE REGULATION OF LEUKOCYTE APOPTOTIC PROCESS%GOBP%GO:2000107	NEGATIVE REGULATION OF LEUKOCYTE APOPTOTIC PROCESS%GOBP%GO:2000107		18	-0.39218834	-1.0878183	0.33560976	0.7020377	1.0	793	tags=17%, list=6%, signal=18%	
COAGULATION%GOBP%GO:0050817	COAGULATION%GOBP%GO:0050817		83	-0.28946823	-1.0878013	0.27281278	0.701429	1.0	3272	tags=30%, list=24%, signal=39%	
EPHB-MEDIATED FORWARD SIGNALING%REACTOME%R-HSA-3928662.4	EPHB-MEDIATED FORWARD SIGNALING%REACTOME%R-HSA-3928662.4		31	-0.35116234	-1.0875864	0.31614786	0.70144266	1.0	1035	tags=19%, list=8%, signal=21%	
INTERLEUKIN-12 SIGNALING%REACTOME%R-HSA-9020591.3	INTERLEUKIN-12 SIGNALING%REACTOME%R-HSA-9020591.3		34	-0.34627795	-1.0866147	0.3326791	0.7038768	1.0	1266	tags=21%, list=9%, signal=23%	
REGULATION OF MIRNA METABOLIC PROCESS%GOBP%GO:2000628	REGULATION OF MIRNA METABOLIC PROCESS%GOBP%GO:2000628		61	-0.30415446	-1.086197	0.2939481	0.7045337	1.0	2673	tags=28%, list=20%, signal=35%	
REGULATION OF STEM CELL POPULATION MAINTENANCE%GOBP%GO:2000036	REGULATION OF STEM CELL POPULATION MAINTENANCE%GOBP%GO:2000036		58	-0.30763778	-1.0855232	0.29822835	0.7059785	1.0	2892	tags=28%, list=21%, signal=35%	
GROWTH HORMONE SIGNALING PATHWAY%PATHWHIZ%PW064811	GROWTH HORMONE SIGNALING PATHWAY%PATHWHIZ%PW064811		19	-0.38987282	-1.0852708	0.34580386	0.7060895	1.0	3177	tags=42%, list=24%, signal=55%	
POSITIVE REGULATION OF SUPRAMOLECULAR FIBER ORGANIZATION%GOBP%GO:1902905	POSITIVE REGULATION OF SUPRAMOLECULAR FIBER ORGANIZATION%GOBP%GO:1902905		114	-0.27435535	-1.0845077	0.27896202	0.7077965	1.0	2232	tags=22%, list=17%, signal=26%	
REGULATION OF SYSTEMIC ARTERIAL BLOOD PRESSURE MEDIATED BY A CHEMICAL SIGNAL%GOBP%GO:0003044	REGULATION OF SYSTEMIC ARTERIAL BLOOD PRESSURE MEDIATED BY A CHEMICAL SIGNAL%GOBP%GO:0003044		17	-0.40283763	-1.0842948	0.35879397	0.70781404	1.0	2579	tags=29%, list=19%, signal=36%	
KERATAN SULFATE BIOSYNTHESIS%REACTOME%R-HSA-2022854.4	KERATAN SULFATE BIOSYNTHESIS%REACTOME%R-HSA-2022854.4		20	-0.38956887	-1.0839475	0.34744096	0.70823	1.0	3810	tags=55%, list=28%, signal=76%	
PID_TOLL_ENDOGENOUS_PATHWAY%MSIGDB_C2%PID_TOLL_ENDOGENOUS_PATHWAY	PID_TOLL_ENDOGENOUS_PATHWAY%MSIGDB_C2%PID_TOLL_ENDOGENOUS_PATHWAY		16	-0.4032895	-1.0839225	0.33819243	0.70764786	1.0	930	tags=19%, list=7%, signal=20%	
IL4 SIGNALING%WIKIPATHWAYS_20260211%WP395%HOMO SAPIENS	IL4 SIGNALING%WIKIPATHWAYS_20260211%WP395%HOMO SAPIENS		37	-0.33968472	-1.0836668	0.32741618	0.70779496	1.0	1085	tags=19%, list=8%, signal=21%	
TRISTETRAPROLIN (TTP, ZFP36) BINDS AND DESTABILIZES MRNA%REACTOME DATABASE ID RELEASE 95%450513	TRISTETRAPROLIN (TTP, ZFP36) BINDS AND DESTABILIZES MRNA%REACTOME DATABASE ID RELEASE 95%450513		17	-0.40673244	-1.0830555	0.34903845	0.7090213	1.0	2440	tags=29%, list=18%, signal=36%	
REGULATION OF ACTIN NUCLEATION%GOBP%GO:0051125	REGULATION OF ACTIN NUCLEATION%GOBP%GO:0051125		22	-0.37900296	-1.082475	0.32562813	0.71017194	1.0	1466	tags=27%, list=11%, signal=31%	
REGULATORY NCRNA-MEDIATED POST-TRANSCRIPTIONAL GENE SILENCING%GOBP%GO:0035194	REGULATORY NCRNA-MEDIATED POST-TRANSCRIPTIONAL GENE SILENCING%GOBP%GO:0035194		33	-0.34743035	-1.0823002	0.32753623	0.7100348	1.0	447	tags=12%, list=3%, signal=13%	
KIDNEY MORPHOGENESIS%GOBP%GO:0060993	KIDNEY MORPHOGENESIS%GOBP%GO:0060993		29	-0.3498034	-1.0814533	0.3319797	0.71201503	1.0	4135	tags=34%, list=31%, signal=50%	
INHIBITION OF VOLTAGE GATED CA2+ CHANNELS VIA GBETA GAMMA SUBUNITS%REACTOME%R-HSA-997272.3	INHIBITION OF VOLTAGE GATED CA2+ CHANNELS VIA GBETA GAMMA SUBUNITS%REACTOME%R-HSA-997272.3		22	-0.37486172	-1.0814186	0.35265225	0.7114623	1.0	2496	tags=27%, list=18%, signal=33%	
SKIN EPIDERMIS DEVELOPMENT%GOBP%GO:0098773	SKIN EPIDERMIS DEVELOPMENT%GOBP%GO:0098773		20	-0.3875051	-1.0795625	0.35179785	0.71655935	1.0	2106	tags=25%, list=16%, signal=30%	
GRANULOCYTE CHEMOTAXIS%GOBP%GO:0071621	GRANULOCYTE CHEMOTAXIS%GOBP%GO:0071621		26	-0.36703044	-1.0794579	0.33300394	0.7162162	1.0	486	tags=8%, list=4%, signal=8%	
TGFBR3 EXPRESSION%REACTOME DATABASE ID RELEASE 95%9839394	TGFBR3 EXPRESSION%REACTOME DATABASE ID RELEASE 95%9839394		23	-0.3683357	-1.0794541	0.3454367	0.71556544	1.0	1113	tags=17%, list=8%, signal=19%	
AUTONOMIC NERVOUS SYSTEM DEVELOPMENT%GOBP%GO:0048483	AUTONOMIC NERVOUS SYSTEM DEVELOPMENT%GOBP%GO:0048483		21	-0.37837	-1.0792545	0.35323384	0.71555215	1.0	891	tags=10%, list=7%, signal=10%	
RHOD GTPASE CYCLE%REACTOME DATABASE ID RELEASE 95%9013405	RHOD GTPASE CYCLE%REACTOME DATABASE ID RELEASE 95%9013405		49	-0.31729853	-1.07911	0.3258755	0.71535116	1.0	2098	tags=20%, list=16%, signal=24%	
NUCLEUS LOCALIZATION%GOBP%GO:0051647	NUCLEUS LOCALIZATION%GOBP%GO:0051647		23	-0.37650505	-1.078953	0.35277247	0.71519977	1.0	1099	tags=17%, list=8%, signal=19%	
EPIBOLY INVOLVED IN WOUND HEALING%GOBP%GO:0090505	EPIBOLY INVOLVED IN WOUND HEALING%GOBP%GO:0090505		18	-0.39723036	-1.0784476	0.34995013	0.71614796	1.0	3789	tags=39%, list=28%, signal=54%	
WOUND HEALING, SPREADING OF CELLS%GOBP%GO:0044319	WOUND HEALING, SPREADING OF CELLS%GOBP%GO:0044319		18	-0.39723036	-1.0782224	0.36236235	0.71620184	1.0	3789	tags=39%, list=28%, signal=54%	
PRE IMPLANTATION EMBRYO%WIKIPATHWAYS_20260211%WP3527%HOMO SAPIENS	PRE IMPLANTATION EMBRYO%WIKIPATHWAYS_20260211%WP3527%HOMO SAPIENS		33	-0.34491658	-1.0779341	0.31718898	0.7163941	1.0	2682	tags=30%, list=20%, signal=38%	
SIGNALING BY NOTCH1 IN CANCER%REACTOME%R-HSA-2644603.5	SIGNALING BY NOTCH1 IN CANCER%REACTOME%R-HSA-2644603.5		56	-0.3079401	-1.0778548	0.3237624	0.71595746	1.0	2576	tags=29%, list=19%, signal=35%	
FOREBRAIN DEVELOPMENT%GOBP%GO:0030900	FOREBRAIN DEVELOPMENT%GOBP%GO:0030900		111	-0.27422997	-1.0777162	0.2913085	0.7157254	1.0	1653	tags=17%, list=12%, signal=19%	
HALLMARK_KRAS_SIGNALING_DN%MSIGDBHALLMARK%HALLMARK_KRAS_SIGNALING_DN	HALLMARK_KRAS_SIGNALING_DN%MSIGDBHALLMARK%HALLMARK_KRAS_SIGNALING_DN		83	-0.28657177	-1.0775152	0.3007663	0.71568847	1.0	3322	tags=29%, list=25%, signal=38%	
HEXOSE TRANSMEMBRANE TRANSPORT%GOBP%GO:0008645	HEXOSE TRANSMEMBRANE TRANSPORT%GOBP%GO:0008645		23	-0.3755606	-1.0766093	0.35358566	0.71786255	1.0	2726	tags=35%, list=20%, signal=43%	
VASCULAR TRANSPORT%GOBP%GO:0010232	VASCULAR TRANSPORT%GOBP%GO:0010232		61	-0.30137664	-1.0761778	0.31060606	0.7185636	1.0	1822	tags=18%, list=13%, signal=21%	
ACTIVATION OF G PROTEIN GATED POTASSIUM CHANNELS%REACTOME%R-HSA-1296041.4	ACTIVATION OF G PROTEIN GATED POTASSIUM CHANNELS%REACTOME%R-HSA-1296041.4		22	-0.37486172	-1.0760043	0.35945153	0.7184512	1.0	2496	tags=27%, list=18%, signal=33%	
PID_P53_REGULATION_PATHWAY%MSIGDB_C2%PID_P53_REGULATION_PATHWAY	PID_P53_REGULATION_PATHWAY%MSIGDB_C2%PID_P53_REGULATION_PATHWAY		45	-0.318543	-1.0755411	0.31795877	0.7191955	1.0	2638	tags=33%, list=20%, signal=41%	
SIGNALING BY NOTCH1 PEST DOMAIN MUTANTS IN CANCER%REACTOME DATABASE ID RELEASE 95%2644602	SIGNALING BY NOTCH1 PEST DOMAIN MUTANTS IN CANCER%REACTOME DATABASE ID RELEASE 95%2644602		56	-0.3079401	-1.0748415	0.32756963	0.72075397	1.0	2576	tags=29%, list=19%, signal=35%	
CONSTITUTIVE SIGNALING BY NOTCH1 PEST DOMAIN MUTANTS%REACTOME DATABASE ID RELEASE 95%2644606	CONSTITUTIVE SIGNALING BY NOTCH1 PEST DOMAIN MUTANTS%REACTOME DATABASE ID RELEASE 95%2644606		56	-0.3079401	-1.0748272	0.31633615	0.7201374	1.0	2576	tags=29%, list=19%, signal=35%	
REELIN SIGNALING PATHWAY%PATHWAY INTERACTION DATABASE NCI-NATURE CURATED DATA%REELIN SIGNALING PATHWAY	REELIN SIGNALING PATHWAY%PATHWAY INTERACTION DATABASE NCI-NATURE CURATED DATA%REELIN SIGNALING PATHWAY		25	-0.36557946	-1.0746303	0.33531156	0.7201105	1.0	3253	tags=40%, list=24%, signal=53%	
POST-TRANSLATIONAL PROTEIN PHOSPHORYLATION%REACTOME%R-HSA-8957275.2	POST-TRANSLATIONAL PROTEIN PHOSPHORYLATION%REACTOME%R-HSA-8957275.2		67	-0.29874614	-1.0737536	0.33693516	0.7221916	1.0	1917	tags=21%, list=14%, signal=24%	
EMBRYONIC ORGAN MORPHOGENESIS%GOBP%GO:0048562	EMBRYONIC ORGAN MORPHOGENESIS%GOBP%GO:0048562		97	-0.27950937	-1.0737447	0.29520294	0.7215677	1.0	3437	tags=37%, list=25%, signal=49%	
CONSTITUTIVE SIGNALING BY NOTCH1 HD+PEST DOMAIN MUTANTS%REACTOME DATABASE ID RELEASE 95%2894862	CONSTITUTIVE SIGNALING BY NOTCH1 HD+PEST DOMAIN MUTANTS%REACTOME DATABASE ID RELEASE 95%2894862		56	-0.3079401	-1.0735501	0.31422925	0.72152036	1.0	2576	tags=29%, list=19%, signal=35%	
REGULATION OF SYNAPSE ASSEMBLY%GOBP%GO:0051963	REGULATION OF SYNAPSE ASSEMBLY%GOBP%GO:0051963		61	-0.30378866	-1.0732491	0.3203125	0.7217957	1.0	1736	tags=23%, list=13%, signal=26%	
POSITIVE REGULATION OF RECEPTOR SIGNALING PATHWAY VIA JAK-STAT%GOBP%GO:0046427	POSITIVE REGULATION OF RECEPTOR SIGNALING PATHWAY VIA JAK-STAT%GOBP%GO:0046427		19	-0.38878986	-1.0726362	0.35311285	0.7230949	1.0	77	tags=11%, list=1%, signal=11%	
HCMV LATE EVENTS%REACTOME%R-HSA-9610379.4	HCMV LATE EVENTS%REACTOME%R-HSA-9610379.4		50	-0.3133296	-1.0726326	0.33491012	0.7224499	1.0	2161	tags=30%, list=16%, signal=36%	
PID_INSULIN_GLUCOSE_PATHWAY%MSIGDB_C2%PID_INSULIN_GLUCOSE_PATHWAY	PID_INSULIN_GLUCOSE_PATHWAY%MSIGDB_C2%PID_INSULIN_GLUCOSE_PATHWAY		16	-0.40041068	-1.0723475	0.36157635	0.722679	1.0	2426	tags=31%, list=18%, signal=38%	
SIGNALING BY NOTCH1 HD+PEST DOMAIN MUTANTS IN CANCER%REACTOME DATABASE ID RELEASE 95%2894858	SIGNALING BY NOTCH1 HD+PEST DOMAIN MUTANTS IN CANCER%REACTOME DATABASE ID RELEASE 95%2894858		56	-0.3079401	-1.0720782	0.32317635	0.7228549	1.0	2576	tags=29%, list=19%, signal=35%	
G PROTEIN GATED POTASSIUM CHANNELS%REACTOME%R-HSA-1296059.4	G PROTEIN GATED POTASSIUM CHANNELS%REACTOME%R-HSA-1296059.4		22	-0.37486172	-1.0715206	0.3525955	0.72397023	1.0	2496	tags=27%, list=18%, signal=33%	
TRNA PROCESSING%REACTOME DATABASE ID RELEASE 95%72306	TRNA PROCESSING%REACTOME DATABASE ID RELEASE 95%72306		98	-0.27820057	-1.0709414	0.30954677	0.72512007	1.0	2161	tags=24%, list=16%, signal=29%	
HAIR FOLLICLE DEVELOPMENT ORGANOGENESIS STAGE 2 OF 3%WIKIPATHWAYS_20260211%WP2839%HOMO SAPIENS	HAIR FOLLICLE DEVELOPMENT ORGANOGENESIS STAGE 2 OF 3%WIKIPATHWAYS_20260211%WP2839%HOMO SAPIENS		19	-0.38854274	-1.070589	0.34271845	0.72561574	1.0	1592	tags=26%, list=12%, signal=30%	
P75 NTR RECEPTOR-MEDIATED SIGNALLING%REACTOME DATABASE ID RELEASE 95%193704	P75 NTR RECEPTOR-MEDIATED SIGNALLING%REACTOME DATABASE ID RELEASE 95%193704		83	-0.28411642	-1.069982	0.31520736	0.7268892	1.0	2697	tags=29%, list=20%, signal=36%	
SIGNALING BY ALK%REACTOME DATABASE ID RELEASE 95%201556	SIGNALING BY ALK%REACTOME DATABASE ID RELEASE 95%201556		22	-0.37421837	-1.0699731	0.35254562	0.72626364	1.0	1737	tags=23%, list=13%, signal=26%	
COPI-DEPENDENT GOLGI-TO-ER RETROGRADE TRAFFIC%REACTOME DATABASE ID RELEASE 95%6811434	COPI-DEPENDENT GOLGI-TO-ER RETROGRADE TRAFFIC%REACTOME DATABASE ID RELEASE 95%6811434		78	-0.28714454	-1.068862	0.31549296	0.7290715	1.0	1710	tags=22%, list=13%, signal=25%	
ADIPOGENESIS%REACTOME%R-HSA-9843745.1	ADIPOGENESIS%REACTOME%R-HSA-9843745.1		93	-0.28128287	-1.0688235	0.31334624	0.72853875	1.0	2763	tags=30%, list=20%, signal=38%	
LIPID STORAGE%GOBP%GO:0019915	LIPID STORAGE%GOBP%GO:0019915		23	-0.36894014	-1.0686979	0.34486166	0.7282872	1.0	1878	tags=26%, list=14%, signal=30%	
INWARDLY RECTIFYING K+ CHANNELS%REACTOME%R-HSA-1296065.4	INWARDLY RECTIFYING K+ CHANNELS%REACTOME%R-HSA-1296065.4		25	-0.36041316	-1.0682701	0.3552759	0.7289643	1.0	2496	tags=28%, list=18%, signal=34%	
TRANSPORT ACROSS BLOOD-BRAIN BARRIER%GOBP%GO:0150104	TRANSPORT ACROSS BLOOD-BRAIN BARRIER%GOBP%GO:0150104		61	-0.30137664	-1.067947	0.32540438	0.7293189	1.0	1822	tags=18%, list=13%, signal=21%	
MIRNA PROCESSING%GOBP%GO:0035196	MIRNA PROCESSING%GOBP%GO:0035196		31	-0.34441215	-1.0674622	0.36345777	0.73017925	1.0	4228	tags=48%, list=31%, signal=70%	
REGULATION OF MRNA PROCESSING%GOBP%GO:0050684	REGULATION OF MRNA PROCESSING%GOBP%GO:0050684		123	-0.26746726	-1.0674467	0.31057692	0.7295802	1.0	2394	tags=27%, list=18%, signal=32%	
SIGNALING EVENTS REGULATED BY RET TYROSINE KINASE%PATHWAY INTERACTION DATABASE NCI-NATURE CURATED DATA%SIGNALING EVENTS REGULATED BY RET TYROSINE KINASE	SIGNALING EVENTS REGULATED BY RET TYROSINE KINASE%PATHWAY INTERACTION DATABASE NCI-NATURE CURATED DATA%SIGNALING EVENTS REGULATED BY RET TYROSINE KINASE		35	-0.33384752	-1.0665781	0.3480769	0.7316325	1.0	3388	tags=40%, list=25%, signal=53%	
CELL-CELL ADHESION MEDIATED BY CADHERIN%GOBP%GO:0044331	CELL-CELL ADHESION MEDIATED BY CADHERIN%GOBP%GO:0044331		21	-0.37220627	-1.0662159	0.35894942	0.7321353	1.0	1006	tags=19%, list=7%, signal=21%	
POSITIVE REGULATION OF T CELL PROLIFERATION%GOBP%GO:0042102	POSITIVE REGULATION OF T CELL PROLIFERATION%GOBP%GO:0042102		38	-0.32778335	-1.0660406	0.35496184	0.73203087	1.0	1323	tags=13%, list=10%, signal=15%	
REGULATION OF SUBSTRATE ADHESION-DEPENDENT CELL SPREADING%GOBP%GO:1900024	REGULATION OF SUBSTRATE ADHESION-DEPENDENT CELL SPREADING%GOBP%GO:1900024		39	-0.3251363	-1.0657214	0.33133134	0.7323636	1.0	1360	tags=21%, list=10%, signal=23%	
PID_CMYB_PATHWAY%MSIGDB_C2%PID_CMYB_PATHWAY	PID_CMYB_PATHWAY%MSIGDB_C2%PID_CMYB_PATHWAY		52	-0.3109682	-1.0645981	0.3448607	0.73526746	1.0	2917	tags=29%, list=22%, signal=37%	
GLUTAMATE BINDING, ACTIVATION OF AMPA RECEPTORS AND SYNAPTIC PLASTICITY%REACTOME%R-HSA-399721.5	GLUTAMATE BINDING, ACTIVATION OF AMPA RECEPTORS AND SYNAPTIC PLASTICITY%REACTOME%R-HSA-399721.5		17	-0.39366996	-1.064209	0.35339063	0.73586524	1.0	2291	tags=29%, list=17%, signal=35%	
E-CADHERIN SIGNALING IN THE NASCENT ADHERENS JUNCTION%PATHWAY INTERACTION DATABASE NCI-NATURE CURATED DATA%E-CADHERIN SIGNALING IN THE NASCENT ADHERENS JUNCTION	E-CADHERIN SIGNALING IN THE NASCENT ADHERENS JUNCTION%PATHWAY INTERACTION DATABASE NCI-NATURE CURATED DATA%E-CADHERIN SIGNALING IN THE NASCENT ADHERENS JUNCTION		34	-0.33333102	-1.0638857	0.332	0.7362437	1.0	2545	tags=26%, list=19%, signal=33%	
PRE-NOTCH TRANSCRIPTION AND TRANSLATION%REACTOME%R-HSA-1912408.8	PRE-NOTCH TRANSCRIPTION AND TRANSLATION%REACTOME%R-HSA-1912408.8		32	-0.3383408	-1.0638101	0.33918127	0.73581797	1.0	1444	tags=16%, list=11%, signal=17%	
FIBROBLAST GROWTH FACTOR RECEPTOR SIGNALING PATHWAY%GOBP%GO:0008543	FIBROBLAST GROWTH FACTOR RECEPTOR SIGNALING PATHWAY%GOBP%GO:0008543		24	-0.36390448	-1.0637759	0.35596508	0.73526293	1.0	2344	tags=29%, list=17%, signal=35%	
PID_VEGFR1_PATHWAY%MSIGDB_C2%PID_VEGFR1_PATHWAY	PID_VEGFR1_PATHWAY%MSIGDB_C2%PID_VEGFR1_PATHWAY		18	-0.38767058	-1.0637199	0.34828246	0.7347853	1.0	1245	tags=17%, list=9%, signal=18%	
1P36 COPY NUMBER VARIATION SYNDROME%WIKIPATHWAYS_20260211%WP5345%HOMO SAPIENS	1P36 COPY NUMBER VARIATION SYNDROME%WIKIPATHWAYS_20260211%WP5345%HOMO SAPIENS		69	-0.29350644	-1.063296	0.33758587	0.73547137	1.0	3283	tags=29%, list=24%, signal=38%	
POSITIVE REGULATION OF VASCULATURE DEVELOPMENT%GOBP%GO:1904018	POSITIVE REGULATION OF VASCULATURE DEVELOPMENT%GOBP%GO:1904018		96	-0.2761257	-1.0630432	0.32521087	0.7356237	1.0	2513	tags=25%, list=19%, signal=30%	
ADENYLATE CYCLASE-INHIBITING G PROTEIN-COUPLED RECEPTOR SIGNALING PATHWAY%GOBP%GO:0007193	ADENYLATE CYCLASE-INHIBITING G PROTEIN-COUPLED RECEPTOR SIGNALING PATHWAY%GOBP%GO:0007193		34	-0.33405104	-1.0626907	0.35165876	0.73609376	1.0	3047	tags=35%, list=23%, signal=45%	
REGULATION OF SYNAPSE ORGANIZATION%GOBP%GO:0050807	REGULATION OF SYNAPSE ORGANIZATION%GOBP%GO:0050807		112	-0.26970434	-1.0625213	0.32067138	0.73596376	1.0	1736	tags=19%, list=13%, signal=21%	
BIOCARTA_INSULIN_PATHWAY%MSIGDB_C2%BIOCARTA_INSULIN_PATHWAY	BIOCARTA_INSULIN_PATHWAY%MSIGDB_C2%BIOCARTA_INSULIN_PATHWAY		17	-0.38554072	-1.0620205	0.36673346	0.7369253	1.0	3253	tags=35%, list=24%, signal=46%	
REGULATION OF TRANS-SYNAPTIC SIGNALING%GOBP%GO:0099177	REGULATION OF TRANS-SYNAPTIC SIGNALING%GOBP%GO:0099177		196	-0.25016063	-1.0618017	0.2867448	0.7369646	1.0	2482	tags=26%, list=18%, signal=31%	
PID_INSULIN_PATHWAY%MSIGDB_C2%PID_INSULIN_PATHWAY	PID_INSULIN_PATHWAY%MSIGDB_C2%PID_INSULIN_PATHWAY		34	-0.33251148	-1.0616437	0.35756972	0.7368123	1.0	3452	tags=41%, list=26%, signal=55%	
RHOBTB2 GTPASE CYCLE%REACTOME%R-HSA-9013418.4	RHOBTB2 GTPASE CYCLE%REACTOME%R-HSA-9013418.4		23	-0.36301368	-1.0605208	0.36380255	0.7396654	1.0	1758	tags=22%, list=13%, signal=25%	
POSITIVE REGULATION OF LYMPHOCYTE PROLIFERATION%GOBP%GO:0050671	POSITIVE REGULATION OF LYMPHOCYTE PROLIFERATION%GOBP%GO:0050671		53	-0.30237904	-1.059935	0.3336576	0.74087954	1.0	1542	tags=13%, list=11%, signal=15%	
IMMUNE SYSTEM DEVELOPMENT%GOBP%GO:0002520	IMMUNE SYSTEM DEVELOPMENT%GOBP%GO:0002520		56	-0.30553865	-1.0599205	0.35226178	0.7402727	1.0	3508	tags=43%, list=26%, signal=58%	
ACTIVATION OF KAINATE RECEPTORS UPON GLUTAMATE BINDING%REACTOME%R-HSA-451326.4	ACTIVATION OF KAINATE RECEPTORS UPON GLUTAMATE BINDING%REACTOME%R-HSA-451326.4		24	-0.36216667	-1.059626	0.3687873	0.74055403	1.0	3881	tags=46%, list=29%, signal=64%	
PHAGOCYTOSIS%GOBP%GO:0006909	PHAGOCYTOSIS%GOBP%GO:0006909		77	-0.28595376	-1.0593045	0.3168686	0.74093336	1.0	4248	tags=44%, list=31%, signal=64%	
RESPONSE TO GLUCOCORTICOID%GOBP%GO:0051384	RESPONSE TO GLUCOCORTICOID%GOBP%GO:0051384		20	-0.37322906	-1.059236	0.36728698	0.74051833	1.0	2808	tags=45%, list=21%, signal=57%	
LEPTIN%NETPATH%LEPTIN	LEPTIN%NETPATH%LEPTIN		37	-0.33192277	-1.0588624	0.3492683	0.74101144	1.0	3183	tags=41%, list=24%, signal=53%	
METABOLISM OF FAT-SOLUBLE VITAMINS%REACTOME DATABASE ID RELEASE 95%6806667	METABOLISM OF FAT-SOLUBLE VITAMINS%REACTOME DATABASE ID RELEASE 95%6806667		27	-0.35130724	-1.0588455	0.36547735	0.74040663	1.0	1473	tags=26%, list=11%, signal=29%	
BIOCARTA_TFF_PATHWAY%MSIGDB_C2%BIOCARTA_TFF_PATHWAY	BIOCARTA_TFF_PATHWAY%MSIGDB_C2%BIOCARTA_TFF_PATHWAY		16	-0.3977464	-1.0587385	0.38142294	0.74009866	1.0	3253	tags=50%, list=24%, signal=66%	
NEURAL CREST CELL MIGRATION IN CANCER%WIKIPATHWAYS_20260211%WP4565%HOMO SAPIENS	NEURAL CREST CELL MIGRATION IN CANCER%WIKIPATHWAYS_20260211%WP4565%HOMO SAPIENS		25	-0.3588989	-1.0586118	0.36653388	0.7398666	1.0	3272	tags=44%, list=24%, signal=58%	
REGULATION OF ERYTHROCYTE DIFFERENTIATION%GOBP%GO:0045646	REGULATION OF ERYTHROCYTE DIFFERENTIATION%GOBP%GO:0045646		31	-0.33757535	-1.0584941	0.3632653	0.7395962	1.0	2810	tags=29%, list=21%, signal=37%	
POSITIVE REGULATION OF FAT CELL DIFFERENTIATION%GOBP%GO:0045600	POSITIVE REGULATION OF FAT CELL DIFFERENTIATION%GOBP%GO:0045600		38	-0.3265403	-1.0583642	0.35728157	0.7393724	1.0	2917	tags=32%, list=22%, signal=40%	
PORE COMPLEX ASSEMBLY%GOBP%GO:0046931	PORE COMPLEX ASSEMBLY%GOBP%GO:0046931		16	-0.40577143	-1.0583606	0.3824092	0.7387413	1.0	2967	tags=50%, list=22%, signal=64%	
AMEBOIDAL-TYPE CELL MIGRATION%GOBP%GO:0001667	AMEBOIDAL-TYPE CELL MIGRATION%GOBP%GO:0001667		65	-0.29171073	-1.0583014	0.33199194	0.73827606	1.0	3026	tags=26%, list=22%, signal=34%	
EPITHELIAL TUBE MORPHOGENESIS%GOBP%GO:0060562	EPITHELIAL TUBE MORPHOGENESIS%GOBP%GO:0060562		103	-0.27420005	-1.0580779	0.31886792	0.73833364	1.0	3437	tags=28%, list=25%, signal=37%	
NOTCH-MEDIATED HES HEY NETWORK%PATHWAY INTERACTION DATABASE NCI-NATURE CURATED DATA%NOTCH-MEDIATED HES HEY NETWORK	NOTCH-MEDIATED HES HEY NETWORK%PATHWAY INTERACTION DATABASE NCI-NATURE CURATED DATA%NOTCH-MEDIATED HES HEY NETWORK		40	-0.32109505	-1.0573945	0.36935166	0.7398401	1.0	2157	tags=25%, list=16%, signal=30%	
MITOTIC CYTOKINETIC PROCESS%GOBP%GO:1902410	MITOTIC CYTOKINETIC PROCESS%GOBP%GO:1902410		29	-0.34416142	-1.0573014	0.3677173	0.73949707	1.0	2117	tags=31%, list=16%, signal=37%	
PHOTODYNAMIC THERAPY INDUCED HIF 1 SURVIVAL SIGNALING%WIKIPATHWAYS_20260211%WP3614%HOMO SAPIENS	PHOTODYNAMIC THERAPY INDUCED HIF 1 SURVIVAL SIGNALING%WIKIPATHWAYS_20260211%WP3614%HOMO SAPIENS		18	-0.39051807	-1.0572838	0.37463126	0.7389196	1.0	2908	tags=28%, list=22%, signal=35%	
RNA LOCALIZATION%GOBP%GO:0006403	RNA LOCALIZATION%GOBP%GO:0006403		120	-0.26563427	-1.057155	0.30717054	0.73870337	1.0	2071	tags=24%, list=15%, signal=28%	
ALPHA-AMINO ACID METABOLIC PROCESS%GOBP%GO:1901605	ALPHA-AMINO ACID METABOLIC PROCESS%GOBP%GO:1901605		111	-0.2677209	-1.0568459	0.3290793	0.73901975	1.0	1599	tags=19%, list=12%, signal=21%	
POSITIVE REGULATION OF MONONUCLEAR CELL PROLIFERATION%GOBP%GO:0032946	POSITIVE REGULATION OF MONONUCLEAR CELL PROLIFERATION%GOBP%GO:0032946		54	-0.302211	-1.0563078	0.35964912	0.7400769	1.0	1542	tags=13%, list=11%, signal=15%	
FOLATE METABOLISM%WIKIPATHWAYS_20260211%WP176%HOMO SAPIENS	FOLATE METABOLISM%WIKIPATHWAYS_20260211%WP176%HOMO SAPIENS		29	-0.34123695	-1.05626	0.36921623	0.73958915	1.0	1646	tags=28%, list=12%, signal=31%	
MITOCHONDRIAL TRNA PROCESSING%GOBP%GO:0090646	MITOCHONDRIAL TRNA PROCESSING%GOBP%GO:0090646		16	-0.39784387	-1.055991	0.38338056	0.7397719	1.0	1228	tags=25%, list=9%, signal=27%	
NUCLEAR EXPORT%GOBP%GO:0051168	NUCLEAR EXPORT%GOBP%GO:0051168		111	-0.26876634	-1.0557892	0.33150184	0.7397406	1.0	2071	tags=20%, list=15%, signal=23%	
VITAMIN TRANSPORT%GOBP%GO:0051180	VITAMIN TRANSPORT%GOBP%GO:0051180		29	-0.34355375	-1.05534	0.3694779	0.7405287	1.0	2726	tags=31%, list=20%, signal=39%	
MODULATION OF CHEMICAL SYNAPTIC TRANSMISSION%GOBP%GO:0050804	MODULATION OF CHEMICAL SYNAPTIC TRANSMISSION%GOBP%GO:0050804		196	-0.25016063	-1.0547975	0.3088803	0.7416099	1.0	2482	tags=26%, list=18%, signal=31%	
SHANK3 PATHWAY INVOLVED IN PHELAN MCDERMID SYNDROME%WIKIPATHWAYS_20260211%WP5566%HOMO SAPIENS	SHANK3 PATHWAY INVOLVED IN PHELAN MCDERMID SYNDROME%WIKIPATHWAYS_20260211%WP5566%HOMO SAPIENS		20	-0.37696457	-1.0546862	0.37427467	0.7413186	1.0	3388	tags=35%, list=25%, signal=47%	
REGULATION OF MACROPHAGE MIGRATION%GOBP%GO:1905521	REGULATION OF MACROPHAGE MIGRATION%GOBP%GO:1905521		19	-0.3792344	-1.0543987	0.37262738	0.7415558	1.0	3811	tags=47%, list=28%, signal=66%	
C4-DICARBOXYLATE TRANSPORT%GOBP%GO:0015740	C4-DICARBOXYLATE TRANSPORT%GOBP%GO:0015740		16	-0.40336037	-1.054139	0.39883834	0.7417639	1.0	3596	tags=50%, list=27%, signal=68%	
TRAFFICKING OF AMPA RECEPTORS%REACTOME%R-HSA-399719.3	TRAFFICKING OF AMPA RECEPTORS%REACTOME%R-HSA-399719.3		17	-0.39366996	-1.0541388	0.375969	0.74112695	1.0	2291	tags=29%, list=17%, signal=35%	
RESPONSE TO RETINOIC ACID%GOBP%GO:0032526	RESPONSE TO RETINOIC ACID%GOBP%GO:0032526		42	-0.31715348	-1.0534385	0.37125748	0.74265575	1.0	2158	tags=24%, list=16%, signal=28%	
EPO RECEPTOR SIGNALING%WIKIPATHWAYS_20260211%WP581%HOMO SAPIENS	EPO RECEPTOR SIGNALING%WIKIPATHWAYS_20260211%WP581%HOMO SAPIENS		17	-0.39689317	-1.0532888	0.37907207	0.7425022	1.0	783	tags=18%, list=6%, signal=19%	
LEUKOCYTE MEDIATED CYTOTOXICITY%GOBP%GO:0001909	LEUKOCYTE MEDIATED CYTOTOXICITY%GOBP%GO:0001909		25	-0.35610485	-1.0532832	0.37788463	0.741882	1.0	1490	tags=20%, list=11%, signal=22%	
DNA CATABOLIC PROCESS%GOBP%GO:0006308	DNA CATABOLIC PROCESS%GOBP%GO:0006308		20	-0.37662306	-1.0532528	0.38677356	0.7413396	1.0	2981	tags=45%, list=22%, signal=58%	
REGULATION OF ACTIVIN RECEPTOR SIGNALING PATHWAY%GOBP%GO:0032925	REGULATION OF ACTIVIN RECEPTOR SIGNALING PATHWAY%GOBP%GO:0032925		17	-0.3897453	-1.0529016	0.37362638	0.7418099	1.0	1110	tags=18%, list=8%, signal=19%	
MOTILE CILIUM ASSEMBLY%GOBP%GO:0044458	MOTILE CILIUM ASSEMBLY%GOBP%GO:0044458		42	-0.31655738	-1.0527956	0.37044147	0.7415122	1.0	1185	tags=12%, list=9%, signal=13%	
STIMULI-SENSING CHANNELS%REACTOME%R-HSA-2672351.7	STIMULI-SENSING CHANNELS%REACTOME%R-HSA-2672351.7		62	-0.2934816	-1.0525827	0.35465115	0.7415333	1.0	1009	tags=11%, list=7%, signal=12%	
HALLMARK_APICAL_SURFACE%MSIGDBHALLMARK%HALLMARK_APICAL_SURFACE	HALLMARK_APICAL_SURFACE%MSIGDBHALLMARK%HALLMARK_APICAL_SURFACE		32	-0.3382505	-1.0521978	0.37597656	0.74212027	1.0	3600	tags=41%, list=27%, signal=55%	
POSITIVE REGULATION OF RECEPTOR SIGNALING PATHWAY VIA STAT%GOBP%GO:1904894	POSITIVE REGULATION OF RECEPTOR SIGNALING PATHWAY VIA STAT%GOBP%GO:1904894		25	-0.35748568	-1.0520846	0.37709773	0.7418449	1.0	3283	tags=32%, list=24%, signal=42%	
SPINAL CORD INJURY%WIKIPATHWAYS_20260211%WP2431%HOMO SAPIENS	SPINAL CORD INJURY%WIKIPATHWAYS_20260211%WP2431%HOMO SAPIENS		61	-0.29358992	-1.0517566	0.34311742	0.7422294	1.0	3355	tags=38%, list=25%, signal=50%	
MORPHOGENESIS OF A BRANCHING EPITHELIUM%GOBP%GO:0061138	MORPHOGENESIS OF A BRANCHING EPITHELIUM%GOBP%GO:0061138		32	-0.33400097	-1.0509415	0.3625119	0.744113	1.0	109	tags=6%, list=1%, signal=6%	
BIOCARTA_TPO_PATHWAY%MSIGDB_C2%BIOCARTA_TPO_PATHWAY	BIOCARTA_TPO_PATHWAY%MSIGDB_C2%BIOCARTA_TPO_PATHWAY		18	-0.3860548	-1.049894	0.3921002	0.7467757	1.0	1245	tags=17%, list=9%, signal=18%	
REGULATION OF SYNAPSE STRUCTURE OR ACTIVITY%GOBP%GO:0050803	REGULATION OF SYNAPSE STRUCTURE OR ACTIVITY%GOBP%GO:0050803		115	-0.26455954	-1.0497409	0.34647888	0.74662054	1.0	2465	tags=23%, list=18%, signal=28%	
EPHRIN RECEPTOR SIGNALING PATHWAY%GOBP%GO:0048013	EPHRIN RECEPTOR SIGNALING PATHWAY%GOBP%GO:0048013		37	-0.32635555	-1.0496951	0.3758587	0.7461282	1.0	1595	tags=24%, list=12%, signal=28%	
ACTIVATED NOTCH1 TRANSMITS SIGNAL TO THE NUCLEUS%REACTOME DATABASE ID RELEASE 95%2122948	ACTIVATED NOTCH1 TRANSMITS SIGNAL TO THE NUCLEUS%REACTOME DATABASE ID RELEASE 95%2122948		29	-0.34489754	-1.0496706	0.3719758	0.7455766	1.0	2024	tags=28%, list=15%, signal=32%	
G ALPHA (I) SIGNALLING EVENTS%REACTOME DATABASE ID RELEASE 95%418594	G ALPHA (I) SIGNALLING EVENTS%REACTOME DATABASE ID RELEASE 95%418594		148	-0.25778377	-1.048901	0.33082	0.74731416	1.0	3670	tags=34%, list=27%, signal=46%	
REGULATION OF PROTEIN SUMOYLATION%GOBP%GO:0033233	REGULATION OF PROTEIN SUMOYLATION%GOBP%GO:0033233		15	-0.39697716	-1.0488324	0.3927522	0.74689114	1.0	1966	tags=20%, list=15%, signal=23%	
REGULATION OF ACTIN FILAMENT BUNDLE ASSEMBLY%GOBP%GO:0032231	REGULATION OF ACTIN FILAMENT BUNDLE ASSEMBLY%GOBP%GO:0032231		68	-0.28946096	-1.0486988	0.35197684	0.7466658	1.0	2155	tags=24%, list=16%, signal=28%	
BLOOD VESSEL MORPHOGENESIS%GOBP%GO:0048514	BLOOD VESSEL MORPHOGENESIS%GOBP%GO:0048514		175	-0.24881248	-1.0486269	0.32029116	0.746264	1.0	3444	tags=31%, list=25%, signal=41%	
VIRAL LIFE CYCLE%GOBP%GO:0019058	VIRAL LIFE CYCLE%GOBP%GO:0019058		88	-0.27432725	-1.0484998	0.34950495	0.7460352	1.0	1646	tags=19%, list=12%, signal=22%	
NEGATIVE REGULATION OF LOCOMOTION%GOBP%GO:0040013	NEGATIVE REGULATION OF LOCOMOTION%GOBP%GO:0040013		191	-0.24751586	-1.048282	0.32577905	0.746087	1.0	2049	tags=19%, list=15%, signal=23%	
FGF SIGNALING PATHWAY%PATHWAY INTERACTION DATABASE NCI-NATURE CURATED DATA%FGF SIGNALING PATHWAY	FGF SIGNALING PATHWAY%PATHWAY INTERACTION DATABASE NCI-NATURE CURATED DATA%FGF SIGNALING PATHWAY		41	-0.31618977	-1.0482255	0.36338547	0.7456329	1.0	783	tags=10%, list=6%, signal=10%	
POSITIVE REGULATION OF PROTEIN POLYMERIZATION%GOBP%GO:0032273	POSITIVE REGULATION OF PROTEIN POLYMERIZATION%GOBP%GO:0032273		58	-0.2972857	-1.0473047	0.36372647	0.74787563	1.0	2232	tags=21%, list=17%, signal=25%	
NEGATIVE REGULATION OF CELL MOTILITY%GOBP%GO:2000146	NEGATIVE REGULATION OF CELL MOTILITY%GOBP%GO:2000146		190	-0.24923652	-1.046854	0.3442623	0.748621	1.0	2049	tags=19%, list=15%, signal=23%	
SIGNALING EVENTS MEDIATED BY THE HEDGEHOG FAMILY%PATHWAY INTERACTION DATABASE NCI-NATURE CURATED DATA%SIGNALING EVENTS MEDIATED BY THE HEDGEHOG FAMILY	SIGNALING EVENTS MEDIATED BY THE HEDGEHOG FAMILY%PATHWAY INTERACTION DATABASE NCI-NATURE CURATED DATA%SIGNALING EVENTS MEDIATED BY THE HEDGEHOG FAMILY		16	-0.39402375	-1.0467459	0.39257812	0.7483275	1.0	2024	tags=38%, list=15%, signal=44%	
HORMONE TRANSPORT%GOBP%GO:0009914	HORMONE TRANSPORT%GOBP%GO:0009914		27	-0.346326	-1.0464985	0.38829267	0.74848986	1.0	506	tags=11%, list=4%, signal=12%	
NEPHRON TUBULE MORPHOGENESIS%GOBP%GO:0072078	NEPHRON TUBULE MORPHOGENESIS%GOBP%GO:0072078		22	-0.36285675	-1.0464435	0.3802817	0.7480289	1.0	3809	tags=32%, list=28%, signal=44%	
NEGATIVE REGULATION OF NEURON DIFFERENTIATION%GOBP%GO:0045665	NEGATIVE REGULATION OF NEURON DIFFERENTIATION%GOBP%GO:0045665		15	-0.4057276	-1.0462768	0.3934263	0.74790543	1.0	2394	tags=33%, list=18%, signal=40%	
HATS ACETYLATE HISTONES%REACTOME%R-HSA-3214847.3	HATS ACETYLATE HISTONES%REACTOME%R-HSA-3214847.3		77	-0.28018272	-1.0462637	0.37258688	0.7473213	1.0	2901	tags=29%, list=21%, signal=36%	
AMINE METABOLIC PROCESS%GOBP%GO:0009308	AMINE METABOLIC PROCESS%GOBP%GO:0009308		33	-0.3344114	-1.0461762	0.37577003	0.74697447	1.0	1599	tags=27%, list=12%, signal=31%	
POSITIVE REGULATION OF BLOOD VESSEL ENDOTHELIAL CELL MIGRATION%GOBP%GO:0043536	POSITIVE REGULATION OF BLOOD VESSEL ENDOTHELIAL CELL MIGRATION%GOBP%GO:0043536		39	-0.32041687	-1.0459336	0.36237624	0.7471313	1.0	2576	tags=26%, list=19%, signal=32%	
POSITIVE REGULATION OF REPRODUCTIVE PROCESS%GOBP%GO:2000243	POSITIVE REGULATION OF REPRODUCTIVE PROCESS%GOBP%GO:2000243		28	-0.3458945	-1.0458087	0.37659785	0.74686867	1.0	1316	tags=21%, list=10%, signal=24%	
EMBRYONIC APPENDAGE MORPHOGENESIS%GOBP%GO:0035113	EMBRYONIC APPENDAGE MORPHOGENESIS%GOBP%GO:0035113		30	-0.33721867	-1.04535	0.37885875	0.7476394	1.0	1737	tags=17%, list=13%, signal=19%	
RHO PROTEIN SIGNAL TRANSDUCTION%GOBP%GO:0007266	RHO PROTEIN SIGNAL TRANSDUCTION%GOBP%GO:0007266		49	-0.3042261	-1.0452479	0.37271854	0.74732345	1.0	2413	tags=29%, list=18%, signal=35%	
REGULATION OF OSTEOBLAST DIFFERENTIATION%GOBP%GO:0045667	REGULATION OF OSTEOBLAST DIFFERENTIATION%GOBP%GO:0045667		69	-0.2865437	-1.0451139	0.3530572	0.7471143	1.0	1617	tags=19%, list=12%, signal=21%	
TP53 REGULATES TRANSCRIPTION OF DNA REPAIR GENES%REACTOME%R-HSA-6796648.5	TP53 REGULATES TRANSCRIPTION OF DNA REPAIR GENES%REACTOME%R-HSA-6796648.5		57	-0.29384604	-1.044318	0.3686724	0.7490101	1.0	1953	tags=25%, list=14%, signal=29%	
HALLMARK_MYC_TARGETS_V2%MSIGDBHALLMARK%HALLMARK_MYC_TARGETS_V2	HALLMARK_MYC_TARGETS_V2%MSIGDBHALLMARK%HALLMARK_MYC_TARGETS_V2		47	-0.31321564	-1.0441025	0.37368923	0.7490411	1.0	2270	tags=21%, list=17%, signal=25%	
XENOBIOTIC TRANSPORT%GOBP%GO:0042908	XENOBIOTIC TRANSPORT%GOBP%GO:0042908		22	-0.36966097	-1.0440311	0.38773492	0.74862474	1.0	3135	tags=32%, list=23%, signal=41%	
HEDGEHOG SIGNALING EVENTS MEDIATED BY GLI PROTEINS%PATHWAY INTERACTION DATABASE NCI-NATURE CURATED DATA%HEDGEHOG SIGNALING EVENTS MEDIATED BY GLI PROTEINS	HEDGEHOG SIGNALING EVENTS MEDIATED BY GLI PROTEINS%PATHWAY INTERACTION DATABASE NCI-NATURE CURATED DATA%HEDGEHOG SIGNALING EVENTS MEDIATED BY GLI PROTEINS		45	-0.30847928	-1.0440278	0.37229863	0.7480132	1.0	2580	tags=27%, list=19%, signal=33%	
SKELETAL SYSTEM DEVELOPMENT%GOBP%GO:0001501	SKELETAL SYSTEM DEVELOPMENT%GOBP%GO:0001501		192	-0.24810661	-1.0440208	0.33667883	0.7474062	1.0	1077	tags=13%, list=8%, signal=14%	
NEGATIVE REGULATION OF MRNA PROCESSING%GOBP%GO:0050686	NEGATIVE REGULATION OF MRNA PROCESSING%GOBP%GO:0050686		26	-0.34797612	-1.0430839	0.39076033	0.7497163	1.0	1499	tags=23%, list=11%, signal=26%	
NEGATIVE REGULATION OF BIOMINERAL TISSUE DEVELOPMENT%GOBP%GO:0070168	NEGATIVE REGULATION OF BIOMINERAL TISSUE DEVELOPMENT%GOBP%GO:0070168		16	-0.3988348	-1.0429606	0.40480962	0.7494932	1.0	3577	tags=50%, list=26%, signal=68%	
RHO GTPASES ACTIVATE WASPS AND WAVES%REACTOME DATABASE ID RELEASE 95%5663213	RHO GTPASES ACTIVATE WASPS AND WAVES%REACTOME DATABASE ID RELEASE 95%5663213		33	-0.33622646	-1.0421629	0.380182	0.75132984	1.0	2153	tags=24%, list=16%, signal=29%	
PROTEIN-CONTAINING COMPLEX DISASSEMBLY%GOBP%GO:0032984	PROTEIN-CONTAINING COMPLEX DISASSEMBLY%GOBP%GO:0032984		123	-0.26244664	-1.0418671	0.36105675	0.75161237	1.0	2823	tags=29%, list=21%, signal=37%	
HIPPO MERLIN SIGNALING DYSREGULATION%WIKIPATHWAYS_20260211%WP4541%HOMO SAPIENS	HIPPO MERLIN SIGNALING DYSREGULATION%WIKIPATHWAYS_20260211%WP4541%HOMO SAPIENS		64	-0.29019725	-1.0411768	0.36164123	0.7531663	1.0	2854	tags=34%, list=21%, signal=43%	
POSITIVE REGULATION OF MORPHOGENESIS OF AN EPITHELIUM%GOBP%GO:1905332	POSITIVE REGULATION OF MORPHOGENESIS OF AN EPITHELIUM%GOBP%GO:1905332		23	-0.36260787	-1.0402772	0.38894185	0.7553271	1.0	424	tags=13%, list=3%, signal=13%	
DYRK1A INVOLVEMENT REGARDING CELL PROLIFERATION IN BRAIN DEVELOPMENT%WIKIPATHWAYS_20260211%WP5180%HOMO SAPIENS	DYRK1A INVOLVEMENT REGARDING CELL PROLIFERATION IN BRAIN DEVELOPMENT%WIKIPATHWAYS_20260211%WP5180%HOMO SAPIENS		48	-0.3060623	-1.0402118	0.39093485	0.75490785	1.0	2069	tags=25%, list=15%, signal=29%	
COREGULATION OF ANDROGEN RECEPTOR ACTIVITY%PATHWAY INTERACTION DATABASE NCI-NATURE CURATED DATA%COREGULATION OF ANDROGEN RECEPTOR ACTIVITY	COREGULATION OF ANDROGEN RECEPTOR ACTIVITY%PATHWAY INTERACTION DATABASE NCI-NATURE CURATED DATA%COREGULATION OF ANDROGEN RECEPTOR ACTIVITY		55	-0.295621	-1.0399724	0.37794533	0.7550204	1.0	1484	tags=16%, list=11%, signal=18%	
FGFR1 MUTANT RECEPTOR ACTIVATION%REACTOME%R-HSA-1839124.4	FGFR1 MUTANT RECEPTOR ACTIVATION%REACTOME%R-HSA-1839124.4		22	-0.36122438	-1.0398071	0.39317074	0.75489956	1.0	1363	tags=23%, list=10%, signal=25%	
IL2 SIGNALING EVENTS MEDIATED BY STAT5%PATHWAY INTERACTION DATABASE NCI-NATURE CURATED DATA%IL2 SIGNALING EVENTS MEDIATED BY STAT5	IL2 SIGNALING EVENTS MEDIATED BY STAT5%PATHWAY INTERACTION DATABASE NCI-NATURE CURATED DATA%IL2 SIGNALING EVENTS MEDIATED BY STAT5		23	-0.35850704	-1.0393859	0.39350525	0.7556071	1.0	1474	tags=22%, list=11%, signal=24%	
L-AMINO ACID METABOLIC PROCESS%GOBP%GO:0170033	L-AMINO ACID METABOLIC PROCESS%GOBP%GO:0170033		89	-0.27224335	-1.0388309	0.3731203	0.7567367	1.0	1599	tags=19%, list=12%, signal=22%	
NERVE DEVELOPMENT%GOBP%GO:0021675	NERVE DEVELOPMENT%GOBP%GO:0021675		30	-0.34033254	-1.0386366	0.3963039	0.7567221	1.0	4788	tags=43%, list=35%, signal=67%	
15Q11Q13 COPY NUMBER VARIATION%WIKIPATHWAYS_20260211%WP5407%HOMO SAPIENS	15Q11Q13 COPY NUMBER VARIATION%WIKIPATHWAYS_20260211%WP5407%HOMO SAPIENS		33	-0.33138782	-1.0372958	0.38971317	0.7602686	1.0	2136	tags=30%, list=16%, signal=36%	
PEPTIDE LIGAND-BINDING RECEPTORS%REACTOME%R-HSA-375276.10	PEPTIDE LIGAND-BINDING RECEPTORS%REACTOME%R-HSA-375276.10		58	-0.2945037	-1.0370859	0.39693192	0.7603055	1.0	634	tags=9%, list=5%, signal=9%	
EMBRYONIC LIMB MORPHOGENESIS%GOBP%GO:0030326	EMBRYONIC LIMB MORPHOGENESIS%GOBP%GO:0030326		30	-0.33721867	-1.0369473	0.39341086	0.760111	1.0	1737	tags=17%, list=13%, signal=19%	
GLUCONEOGENESIS%REACTOME DATABASE ID RELEASE 95%70263	GLUCONEOGENESIS%REACTOME DATABASE ID RELEASE 95%70263		20	-0.37132788	-1.0356445	0.40606654	0.7635236	1.0	2949	tags=35%, list=22%, signal=45%	
ISG15 ANTIVIRAL MECHANISM%REACTOME DATABASE ID RELEASE 95%1169408	ISG15 ANTIVIRAL MECHANISM%REACTOME DATABASE ID RELEASE 95%1169408		67	-0.28374302	-1.0355071	0.38712686	0.7633267	1.0	811	tags=13%, list=6%, signal=14%	
CELL FATE COMMITMENT%GOBP%GO:0045165	CELL FATE COMMITMENT%GOBP%GO:0045165		89	-0.27269873	-1.0353707	0.39961204	0.7631182	1.0	2891	tags=20%, list=21%, signal=26%	
PID_REELIN_PATHWAY%MSIGDB_C2%PID_REELIN_PATHWAY	PID_REELIN_PATHWAY%MSIGDB_C2%PID_REELIN_PATHWAY		20	-0.36898297	-1.0351478	0.41420117	0.7631633	1.0	3253	tags=40%, list=24%, signal=53%	
SUBSTANTIA NIGRA DEVELOPMENT%GOBP%GO:0021762	SUBSTANTIA NIGRA DEVELOPMENT%GOBP%GO:0021762		33	-0.32977727	-1.0350635	0.40175954	0.7628098	1.0	2476	tags=30%, list=18%, signal=37%	
POSITIVE REGULATION OF PROTEIN LOCALIZATION TO PLASMA MEMBRANE%GOBP%GO:1903078	POSITIVE REGULATION OF PROTEIN LOCALIZATION TO PLASMA MEMBRANE%GOBP%GO:1903078		45	-0.30858585	-1.0331749	0.39603025	0.76807666	1.0	2536	tags=27%, list=19%, signal=33%	
ARTERY MORPHOGENESIS%GOBP%GO:0048844	ARTERY MORPHOGENESIS%GOBP%GO:0048844		32	-0.33047366	-1.0330505	0.3960199	0.76783764	1.0	2519	tags=25%, list=19%, signal=31%	
PID_RET_PATHWAY%MSIGDB_C2%PID_RET_PATHWAY	PID_RET_PATHWAY%MSIGDB_C2%PID_RET_PATHWAY		27	-0.34553477	-1.0325857	0.38798857	0.7686632	1.0	3667	tags=48%, list=27%, signal=66%	
NUCLEOSIDE MONOPHOSPHATE BIOSYNTHETIC PROCESS%GOBP%GO:0009124	NUCLEOSIDE MONOPHOSPHATE BIOSYNTHETIC PROCESS%GOBP%GO:0009124		23	-0.3578415	-1.0323204	0.4	0.76885694	1.0	745	tags=17%, list=6%, signal=18%	
ADENINE NUCLEOTIDE TRANSPORT%GOBP%GO:0051503	ADENINE NUCLEOTIDE TRANSPORT%GOBP%GO:0051503		25	-0.34839797	-1.0308723	0.3942486	0.77279437	1.0	2333	tags=32%, list=17%, signal=39%	
CAMERA-TYPE EYE DEVELOPMENT%GOBP%GO:0043010	CAMERA-TYPE EYE DEVELOPMENT%GOBP%GO:0043010		102	-0.2656764	-1.0301584	0.3931947	0.77444214	1.0	3306	tags=26%, list=24%, signal=35%	
RENAL SYSTEM DEVELOPMENT%GOBP%GO:0072001	RENAL SYSTEM DEVELOPMENT%GOBP%GO:0072001		99	-0.26473182	-1.0300604	0.3860887	0.7740988	1.0	3510	tags=29%, list=26%, signal=39%	
REGULATION OF SYNAPTIC PLASTICITY%GOBP%GO:0048167	REGULATION OF SYNAPTIC PLASTICITY%GOBP%GO:0048167		98	-0.2659502	-1.0299325	0.36774194	0.773875	1.0	2482	tags=27%, list=18%, signal=32%	
BIOCARTA_CELLCYCLE_PATHWAY%MSIGDB_C2%BIOCARTA_CELLCYCLE_PATHWAY	BIOCARTA_CELLCYCLE_PATHWAY%MSIGDB_C2%BIOCARTA_CELLCYCLE_PATHWAY		19	-0.37412316	-1.0297137	0.41396263	0.77395874	1.0	3894	tags=53%, list=29%, signal=74%	
REGULATION OF CILIUM ASSEMBLY%GOBP%GO:1902017	REGULATION OF CILIUM ASSEMBLY%GOBP%GO:1902017		65	-0.2860772	-1.0296565	0.39388323	0.7734945	1.0	1260	tags=17%, list=9%, signal=19%	
PROGERIA ASSOCIATED LIPODYSTROPHY%WIKIPATHWAYS_20260211%WP5103%HOMO SAPIENS	PROGERIA ASSOCIATED LIPODYSTROPHY%WIKIPATHWAYS_20260211%WP5103%HOMO SAPIENS		15	-0.39311177	-1.0291121	0.4292589	0.7745445	1.0	1217	tags=20%, list=9%, signal=22%	
RHOV GTPASE CYCLE%REACTOME DATABASE ID RELEASE 95%9013424	RHOV GTPASE CYCLE%REACTOME DATABASE ID RELEASE 95%9013424		36	-0.3180405	-1.0278987	0.40618762	0.77765656	1.0	1437	tags=17%, list=11%, signal=19%	
BIOCARTA_GH_PATHWAY%MSIGDB_C2%BIOCARTA_GH_PATHWAY	BIOCARTA_GH_PATHWAY%MSIGDB_C2%BIOCARTA_GH_PATHWAY		20	-0.36755484	-1.0273341	0.40978593	0.77879226	1.0	3253	tags=40%, list=24%, signal=53%	
ATF-2 TRANSCRIPTION FACTOR NETWORK%PATHWAY INTERACTION DATABASE NCI-NATURE CURATED DATA%ATF-2 TRANSCRIPTION FACTOR NETWORK	ATF-2 TRANSCRIPTION FACTOR NETWORK%PATHWAY INTERACTION DATABASE NCI-NATURE CURATED DATA%ATF-2 TRANSCRIPTION FACTOR NETWORK		46	-0.30705583	-1.027198	0.4017341	0.77857274	1.0	1631	tags=24%, list=12%, signal=27%	
NEGATIVE REGULATION OF INTRACELLULAR STEROID HORMONE RECEPTOR SIGNALING PATHWAY%GOBP%GO:0033144	NEGATIVE REGULATION OF INTRACELLULAR STEROID HORMONE RECEPTOR SIGNALING PATHWAY%GOBP%GO:0033144		28	-0.33628824	-1.0270429	0.41814595	0.7784334	1.0	502	tags=14%, list=4%, signal=15%	
SENSORY PERCEPTION OF CHEMICAL STIMULUS%GOBP%GO:0007606	SENSORY PERCEPTION OF CHEMICAL STIMULUS%GOBP%GO:0007606		23	-0.35331875	-1.0257379	0.42348412	0.7819426	1.0	1124	tags=13%, list=8%, signal=14%	
A6B1 AND A6B4 INTEGRIN SIGNALING%PATHWAY INTERACTION DATABASE NCI-NATURE CURATED DATA%A6B1 AND A6B4 INTEGRIN SIGNALING	A6B1 AND A6B4 INTEGRIN SIGNALING%PATHWAY INTERACTION DATABASE NCI-NATURE CURATED DATA%A6B1 AND A6B4 INTEGRIN SIGNALING		39	-0.31344372	-1.0244262	0.40689656	0.78546816	1.0	3253	tags=44%, list=24%, signal=57%	
ACTIVATION OF ANTERIOR HOX GENES IN HINDBRAIN DEVELOPMENT DURING EARLY EMBRYOGENESIS%REACTOME%R-HSA-5617472.4	ACTIVATION OF ANTERIOR HOX GENES IN HINDBRAIN DEVELOPMENT DURING EARLY EMBRYOGENESIS%REACTOME%R-HSA-5617472.4		56	-0.29225674	-1.0240731	0.38926828	0.7859336	1.0	1634	tags=21%, list=12%, signal=24%	
REGULATION OF INTERLEUKIN-6 PRODUCTION%GOBP%GO:0032675	REGULATION OF INTERLEUKIN-6 PRODUCTION%GOBP%GO:0032675		58	-0.2901241	-1.0231507	0.38555348	0.7881448	1.0	924	tags=12%, list=7%, signal=13%	
NUCLEOSIDE METABOLIC PROCESS%GOBP%GO:0009116	NUCLEOSIDE METABOLIC PROCESS%GOBP%GO:0009116		26	-0.3397802	-1.0231234	0.40927023	0.78759223	1.0	1569	tags=23%, list=12%, signal=26%	
PID_MYC_REPRESS_PATHWAY%MSIGDB_C2%PID_MYC_REPRESS_PATHWAY	PID_MYC_REPRESS_PATHWAY%MSIGDB_C2%PID_MYC_REPRESS_PATHWAY		42	-0.3048568	-1.0226928	0.41449276	0.7883049	1.0	1994	tags=26%, list=15%, signal=31%	
ACTIVATION OF HOX GENES DURING DIFFERENTIATION%REACTOME%R-HSA-5619507.5	ACTIVATION OF HOX GENES DURING DIFFERENTIATION%REACTOME%R-HSA-5619507.5		56	-0.29225674	-1.0226599	0.40900195	0.78778	1.0	1634	tags=21%, list=12%, signal=24%	
CONVERSION FROM APC C:CDC20 TO APC C:CDH1 IN LATE ANAPHASE%REACTOME DATABASE ID RELEASE 95%176407	CONVERSION FROM APC C:CDC20 TO APC C:CDH1 IN LATE ANAPHASE%REACTOME DATABASE ID RELEASE 95%176407		20	-0.3676098	-1.0225738	0.4158215	0.7874097	1.0	2151	tags=25%, list=16%, signal=30%	
PALLIUM DEVELOPMENT%GOBP%GO:0021543	PALLIUM DEVELOPMENT%GOBP%GO:0021543		50	-0.2975089	-1.0223593	0.40957966	0.7874359	1.0	1072	tags=16%, list=8%, signal=17%	
STEM CELL DEVELOPMENT%GOBP%GO:0048864	STEM CELL DEVELOPMENT%GOBP%GO:0048864		41	-0.3077951	-1.0216562	0.4028846	0.78903407	1.0	2102	tags=22%, list=16%, signal=26%	
SYNDECAN-4-MEDIATED SIGNALING EVENTS%PATHWAY INTERACTION DATABASE NCI-NATURE CURATED DATA%SYNDECAN-4-MEDIATED SIGNALING EVENTS	SYNDECAN-4-MEDIATED SIGNALING EVENTS%PATHWAY INTERACTION DATABASE NCI-NATURE CURATED DATA%SYNDECAN-4-MEDIATED SIGNALING EVENTS		27	-0.33854407	-1.0215863	0.41895735	0.7886173	1.0	1592	tags=22%, list=12%, signal=25%	
NEURAL CREST CELL DEVELOPMENT%GOBP%GO:0014032	NEURAL CREST CELL DEVELOPMENT%GOBP%GO:0014032		41	-0.3077951	-1.0214732	0.42955664	0.788329	1.0	2102	tags=22%, list=16%, signal=26%	
HALLMARK_MYC_TARGETS_V1%MSIGDBHALLMARK%HALLMARK_MYC_TARGETS_V1	HALLMARK_MYC_TARGETS_V1%MSIGDBHALLMARK%HALLMARK_MYC_TARGETS_V1		144	-0.25018808	-1.0211282	0.39583334	0.78876597	1.0	2979	tags=33%, list=22%, signal=42%	
NEURAL CREST CELL MIGRATION DURING DEVELOPMENT%WIKIPATHWAYS_20260211%WP4564%HOMO SAPIENS	NEURAL CREST CELL MIGRATION DURING DEVELOPMENT%WIKIPATHWAYS_20260211%WP4564%HOMO SAPIENS		23	-0.35409558	-1.0208787	0.43195266	0.78894776	1.0	3272	tags=43%, list=24%, signal=57%	
ACIDIC AMINO ACID TRANSPORT%GOBP%GO:0015800	ACIDIC AMINO ACID TRANSPORT%GOBP%GO:0015800		20	-0.36264643	-1.0207052	0.42125985	0.7888583	1.0	3605	tags=50%, list=27%, signal=68%	
BIOCARTA_KERATINOCYTE_PATHWAY%MSIGDB_C2%BIOCARTA_KERATINOCYTE_PATHWAY	BIOCARTA_KERATINOCYTE_PATHWAY%MSIGDB_C2%BIOCARTA_KERATINOCYTE_PATHWAY		37	-0.31922486	-1.0206759	0.42729083	0.7883205	1.0	2861	tags=32%, list=21%, signal=41%	
CONSTITUTIVE SIGNALING BY NOTCH1 HD DOMAIN MUTANTS%REACTOME%R-HSA-2691232.3	CONSTITUTIVE SIGNALING BY NOTCH1 HD DOMAIN MUTANTS%REACTOME%R-HSA-2691232.3		15	-0.3921867	-1.0203872	0.43168882	0.7886159	1.0	2576	tags=33%, list=19%, signal=41%	
MATURATION OF DENV PROTEINS%REACTOME%R-HSA-9918432.1	MATURATION OF DENV PROTEINS%REACTOME%R-HSA-9918432.1		48	-0.30035847	-1.0203098	0.40384614	0.78822446	1.0	760	tags=10%, list=6%, signal=11%	
CELLULAR RESPONSE TO HEXOSE STIMULUS%GOBP%GO:0071331	CELLULAR RESPONSE TO HEXOSE STIMULUS%GOBP%GO:0071331		30	-0.32841474	-1.0195556	0.4034417	0.78998333	1.0	4038	tags=43%, list=30%, signal=62%	
REGULATION OF MONONUCLEAR CELL MIGRATION%GOBP%GO:0071675	REGULATION OF MONONUCLEAR CELL MIGRATION%GOBP%GO:0071675		67	-0.28011268	-1.0193549	0.40618956	0.789984	1.0	829	tags=12%, list=6%, signal=13%	
PROTEIN EXPORT FROM NUCLEUS%GOBP%GO:0006611	PROTEIN EXPORT FROM NUCLEUS%GOBP%GO:0006611		23	-0.35193914	-1.0192202	0.42973524	0.7897745	1.0	3581	tags=39%, list=26%, signal=53%	
PHOTORECEPTOR CELL DIFFERENTIATION%GOBP%GO:0046530	PHOTORECEPTOR CELL DIFFERENTIATION%GOBP%GO:0046530		30	-0.32978478	-1.0189651	0.42645606	0.78991723	1.0	3699	tags=30%, list=27%, signal=41%	
REGULATION OF BIOMINERAL TISSUE DEVELOPMENT%GOBP%GO:0070167	REGULATION OF BIOMINERAL TISSUE DEVELOPMENT%GOBP%GO:0070167		55	-0.2888955	-1.0187203	0.41283524	0.79007804	1.0	3874	tags=45%, list=29%, signal=63%	
CELL DEATH SIGNALLING VIA NRAGE, NRIF AND NADE%REACTOME%R-HSA-204998.3	CELL DEATH SIGNALLING VIA NRAGE, NRIF AND NADE%REACTOME%R-HSA-204998.3		65	-0.28510994	-1.0185359	0.4108527	0.79001707	1.0	2697	tags=29%, list=20%, signal=36%	
CELLULAR RESPONSE TO GLUCOSE STIMULUS%GOBP%GO:0071333	CELLULAR RESPONSE TO GLUCOSE STIMULUS%GOBP%GO:0071333		29	-0.33228922	-1.0185131	0.42042318	0.789466	1.0	4038	tags=45%, list=30%, signal=64%	
PID_ER_NONGENOMIC_PATHWAY%MSIGDB_C2%PID_ER_NONGENOMIC_PATHWAY	PID_ER_NONGENOMIC_PATHWAY%MSIGDB_C2%PID_ER_NONGENOMIC_PATHWAY		28	-0.33318308	-1.018206	0.4122807	0.7897942	1.0	4194	tags=46%, list=31%, signal=67%	
POST-TRANSCRIPTIONAL GENE SILENCING%GOBP%GO:0016441	POST-TRANSCRIPTIONAL GENE SILENCING%GOBP%GO:0016441		39	-0.31018722	-1.018092	0.40726203	0.789526	1.0	447	tags=10%, list=3%, signal=11%	
PRION DISEASE PATHWAY%WIKIPATHWAYS_20260211%WP3995%HOMO SAPIENS	PRION DISEASE PATHWAY%WIKIPATHWAYS_20260211%WP3995%HOMO SAPIENS		23	-0.34841096	-1.0178331	0.4083414	0.7896998	1.0	2026	tags=30%, list=15%, signal=36%	
POSITIVE REGULATION OF HYDROLASE ACTIVITY%GOBP%GO:0051345	POSITIVE REGULATION OF HYDROLASE ACTIVITY%GOBP%GO:0051345		82	-0.27179027	-1.017728	0.41245136	0.7894043	1.0	2281	tags=23%, list=17%, signal=28%	
GLIAL CELL DEVELOPMENT%GOBP%GO:0021782	GLIAL CELL DEVELOPMENT%GOBP%GO:0021782		42	-0.30560297	-1.017251	0.42190477	0.79030454	1.0	511	tags=14%, list=4%, signal=15%	
PURINE NUCLEOTIDE TRANSPORT%GOBP%GO:0015865	PURINE NUCLEOTIDE TRANSPORT%GOBP%GO:0015865		25	-0.34839797	-1.0170528	0.43627906	0.79028106	1.0	2333	tags=32%, list=17%, signal=39%	
ANDROGENRECEPTOR%IOB%ANDROGENRECEPTOR	ANDROGENRECEPTOR%IOB%ANDROGENRECEPTOR		83	-0.27216443	-1.0168291	0.40939596	0.7903722	1.0	2063	tags=23%, list=15%, signal=27%	
SIGNALING BY NOTCH1 HD DOMAIN MUTANTS IN CANCER%REACTOME DATABASE ID RELEASE 95%2691230	SIGNALING BY NOTCH1 HD DOMAIN MUTANTS IN CANCER%REACTOME DATABASE ID RELEASE 95%2691230		15	-0.3921867	-1.016773	0.43333334	0.7899133	1.0	2576	tags=33%, list=19%, signal=41%	
REGULATION OF FATTY ACID OXIDATION%GOBP%GO:0046320	REGULATION OF FATTY ACID OXIDATION%GOBP%GO:0046320		19	-0.36656278	-1.0166178	0.43183985	0.7897782	1.0	252	tags=11%, list=2%, signal=11%	
REGIONALIZATION%GOBP%GO:0003002	REGIONALIZATION%GOBP%GO:0003002		136	-0.24935867	-1.0161364	0.43785852	0.7906947	1.0	3431	tags=32%, list=25%, signal=43%	
CELLULAR RESPONSE TO MONOSACCHARIDE STIMULUS%GOBP%GO:0071326	CELLULAR RESPONSE TO MONOSACCHARIDE STIMULUS%GOBP%GO:0071326		30	-0.32841474	-1.0157849	0.4233432	0.7911993	1.0	4038	tags=43%, list=30%, signal=62%	
ARRHYTHMOGENIC RIGHT VENTRICULAR CARDIOMYOPATHY%WIKIPATHWAYS_20260211%WP2118%HOMO SAPIENS	ARRHYTHMOGENIC RIGHT VENTRICULAR CARDIOMYOPATHY%WIKIPATHWAYS_20260211%WP2118%HOMO SAPIENS		50	-0.29437622	-1.0157768	0.42222223	0.79060704	1.0	2010	tags=26%, list=15%, signal=30%	
CELLULAR RESPONSE TO CORTICOSTEROID STIMULUS%GOBP%GO:0071384	CELLULAR RESPONSE TO CORTICOSTEROID STIMULUS%GOBP%GO:0071384		19	-0.37144247	-1.0157051	0.42433235	0.79020983	1.0	2808	tags=42%, list=21%, signal=53%	
NEGATIVE REGULATION OF CELL MIGRATION%GOBP%GO:0030336	NEGATIVE REGULATION OF CELL MIGRATION%GOBP%GO:0030336		182	-0.24174772	-1.0155861	0.40257353	0.7899639	1.0	2049	tags=20%, list=15%, signal=23%	
FCGAMMA RECEPTOR (FCGR) DEPENDENT PHAGOCYTOSIS%REACTOME DATABASE ID RELEASE 95%2029480	FCGAMMA RECEPTOR (FCGR) DEPENDENT PHAGOCYTOSIS%REACTOME DATABASE ID RELEASE 95%2029480		71	-0.27709424	-1.0155265	0.41170916	0.789521	1.0	2368	tags=24%, list=18%, signal=29%	
CELLULAR SENESCENCE%REACTOME DATABASE ID RELEASE 95%2559583	CELLULAR SENESCENCE%REACTOME DATABASE ID RELEASE 95%2559583		122	-0.2541682	-1.0143561	0.39653513	0.7925804	1.0	2958	tags=26%, list=22%, signal=33%	
DICARBOXYLIC ACID TRANSPORT%GOBP%GO:0006835	DICARBOXYLIC ACID TRANSPORT%GOBP%GO:0006835		33	-0.3202005	-1.0138574	0.43310875	0.7934777	1.0	3605	tags=42%, list=27%, signal=58%	
RESPIRATORY SYSTEM DEVELOPMENT%GOBP%GO:0060541	RESPIRATORY SYSTEM DEVELOPMENT%GOBP%GO:0060541		41	-0.30840483	-1.0135797	0.43060836	0.79372966	1.0	1632	tags=17%, list=12%, signal=19%	
APPENDAGE MORPHOGENESIS%GOBP%GO:0035107	APPENDAGE MORPHOGENESIS%GOBP%GO:0035107		34	-0.31916633	-1.0135771	0.4278846	0.79311776	1.0	3431	tags=26%, list=25%, signal=35%	
PROTEIN K6-LINKED UBIQUITINATION%GOBP%GO:0085020	PROTEIN K6-LINKED UBIQUITINATION%GOBP%GO:0085020		15	-0.3898099	-1.0135674	0.43029088	0.7925341	1.0	397	tags=20%, list=3%, signal=21%	
NUTRIENT STORAGE%GOBP%GO:0170062	NUTRIENT STORAGE%GOBP%GO:0170062		25	-0.3416552	-1.0131494	0.43413174	0.79320425	1.0	1878	tags=24%, list=14%, signal=28%	
POSITIVE REGULATION OF CELL DEVELOPMENT%GOBP%GO:0010720	POSITIVE REGULATION OF CELL DEVELOPMENT%GOBP%GO:0010720		197	-0.23706838	-1.0131103	0.40814394	0.7927038	1.0	1668	tags=16%, list=12%, signal=18%	
EPO%IOB%EPO	EPO%IOB%EPO		21	-0.35759065	-1.0121022	0.4350913	0.7952255	1.0	392	tags=14%, list=3%, signal=15%	
REGULATION OF RAS FAMILY ACTIVATION%PATHWAY INTERACTION DATABASE NCI-NATURE CURATED DATA%REGULATION OF RAS FAMILY ACTIVATION	REGULATION OF RAS FAMILY ACTIVATION%PATHWAY INTERACTION DATABASE NCI-NATURE CURATED DATA%REGULATION OF RAS FAMILY ACTIVATION		26	-0.34343448	-1.0119941	0.44249514	0.79493994	1.0	3005	tags=38%, list=22%, signal=49%	
GLYCOLYSIS%REACTOME DATABASE ID RELEASE 95%70171	GLYCOLYSIS%REACTOME DATABASE ID RELEASE 95%70171		62	-0.28638905	-1.0117056	0.4307116	0.7952234	1.0	3142	tags=35%, list=23%, signal=46%	
SEMA4D INDUCED CELL MIGRATION AND GROWTH-CONE COLLAPSE%REACTOME DATABASE ID RELEASE 95%416572	SEMA4D INDUCED CELL MIGRATION AND GROWTH-CONE COLLAPSE%REACTOME DATABASE ID RELEASE 95%416572		20	-0.35837406	-1.0115325	0.42058823	0.79515994	1.0	2945	tags=45%, list=22%, signal=57%	
RESPONSE TO STEROID HORMONE%GOBP%GO:0048545	RESPONSE TO STEROID HORMONE%GOBP%GO:0048545		78	-0.27085298	-1.0111735	0.42213517	0.7956769	1.0	2808	tags=28%, list=21%, signal=35%	
REGULATION OF FATTY ACID METABOLIC PROCESS%GOBP%GO:0019217	REGULATION OF FATTY ACID METABOLIC PROCESS%GOBP%GO:0019217		58	-0.28439197	-1.0106324	0.42090124	0.79672444	1.0	3280	tags=29%, list=24%, signal=39%	
SYMBIONT ENTRY INTO HOST CELL%GOBP%GO:0046718	SYMBIONT ENTRY INTO HOST CELL%GOBP%GO:0046718		28	-0.33265272	-1.0103751	0.44243577	0.7969032	1.0	328	tags=11%, list=2%, signal=11%	
INSULIN RECEPTOR SIGNALING PATHWAY%GOBP%GO:0008286	INSULIN RECEPTOR SIGNALING PATHWAY%GOBP%GO:0008286		46	-0.29737136	-1.0097592	0.4302554	0.7982044	1.0	3290	tags=35%, list=24%, signal=46%	
PLATELET DENSE GRANULE ORGANIZATION%GOBP%GO:0060155	PLATELET DENSE GRANULE ORGANIZATION%GOBP%GO:0060155		22	-0.35597476	-1.0096456	0.45086706	0.79793507	1.0	2295	tags=23%, list=17%, signal=27%	
ESTABLISHMENT OF RNA LOCALIZATION%GOBP%GO:0051236	ESTABLISHMENT OF RNA LOCALIZATION%GOBP%GO:0051236		98	-0.2617998	-1.0094384	0.4280079	0.79796755	1.0	2071	tags=23%, list=15%, signal=28%	
POSITIVE REGULATION OF MIRNA TRANSCRIPTION%GOBP%GO:1902895	POSITIVE REGULATION OF MIRNA TRANSCRIPTION%GOBP%GO:1902895		40	-0.30803937	-1.0089793	0.4261477	0.79879624	1.0	3283	tags=35%, list=24%, signal=46%	
BLOOD VESSEL DEVELOPMENT%GOBP%GO:0001568	BLOOD VESSEL DEVELOPMENT%GOBP%GO:0001568		196	-0.23752263	-1.0088469	0.40758294	0.7985841	1.0	3444	tags=31%, list=25%, signal=40%	
ROLES OF CERAMIDES IN DEVELOPMENT OF INSULIN RESISTANCE%WIKIPATHWAYS_20260211%WP5181%HOMO SAPIENS	ROLES OF CERAMIDES IN DEVELOPMENT OF INSULIN RESISTANCE%WIKIPATHWAYS_20260211%WP5181%HOMO SAPIENS		15	-0.3864121	-1.0084264	0.44676617	0.7992793	1.0	2638	tags=40%, list=20%, signal=50%	
REGULATION OF NON-CANONICAL WNT SIGNALING PATHWAY%GOBP%GO:2000050	REGULATION OF NON-CANONICAL WNT SIGNALING PATHWAY%GOBP%GO:2000050		16	-0.37903962	-1.0079868	0.44476745	0.8000201	1.0	1994	tags=31%, list=15%, signal=37%	
POSITIVE REGULATION OF LAMELLIPODIUM ORGANIZATION%GOBP%GO:1902745	POSITIVE REGULATION OF LAMELLIPODIUM ORGANIZATION%GOBP%GO:1902745		26	-0.3352719	-1.0079844	0.43438452	0.79941183	1.0	3253	tags=31%, list=24%, signal=40%	
INFLUENCE OF LAMINOPATHIES ON WNT SIGNALING%WIKIPATHWAYS_20260211%WP4844%HOMO SAPIENS	INFLUENCE OF LAMINOPATHIES ON WNT SIGNALING%WIKIPATHWAYS_20260211%WP4844%HOMO SAPIENS		28	-0.32986194	-1.0075272	0.44335938	0.80021167	1.0	2917	tags=36%, list=22%, signal=45%	
CARDIAC CONDUCTION%GOBP%GO:0061337	CARDIAC CONDUCTION%GOBP%GO:0061337		41	-0.30532032	-1.0075197	0.44528303	0.79962254	1.0	140	tags=7%, list=1%, signal=7%	
NEGATIVE REGULATION OF ENDOTHELIAL CELL MIGRATION%GOBP%GO:0010596	NEGATIVE REGULATION OF ENDOTHELIAL CELL MIGRATION%GOBP%GO:0010596		39	-0.3082018	-1.0074798	0.43804878	0.79913706	1.0	2579	tags=26%, list=19%, signal=32%	
UTERINE NATURAL KILLER CELLS AND PROGESTERONE ESTROGEN AND CHORIONIC GONADOTROPIN%WIKIPATHWAYS_20260211%WP5569%HOMO SAPIENS	UTERINE NATURAL KILLER CELLS AND PROGESTERONE ESTROGEN AND CHORIONIC GONADOTROPIN%WIKIPATHWAYS_20260211%WP5569%HOMO SAPIENS		24	-0.3390834	-1.0069143	0.4475457	0.8002672	1.0	3811	tags=38%, list=28%, signal=52%	
PROTEIN HOMOOLIGOMERIZATION%GOBP%GO:0051260	PROTEIN HOMOOLIGOMERIZATION%GOBP%GO:0051260		103	-0.25727344	-1.0066496	0.4422719	0.80048746	1.0	2087	tags=22%, list=15%, signal=26%	
CARBOHYDRATE TRANSPORT%GOBP%GO:0008643	CARBOHYDRATE TRANSPORT%GOBP%GO:0008643		30	-0.32520467	-1.0063218	0.43948412	0.80091804	1.0	2808	tags=33%, list=21%, signal=42%	
NEGATIVE REGULATION OF REACTIVE OXYGEN SPECIES METABOLIC PROCESS%GOBP%GO:2000378	NEGATIVE REGULATION OF REACTIVE OXYGEN SPECIES METABOLIC PROCESS%GOBP%GO:2000378		17	-0.37590715	-1.0060271	0.45123154	0.8012268	1.0	252	tags=12%, list=2%, signal=12%	
REGULATION OF INSULIN SECRETION%REACTOME%R-HSA-422356.6	REGULATION OF INSULIN SECRETION%REACTOME%R-HSA-422356.6		58	-0.28610387	-1.0058576	0.44423792	0.8011423	1.0	1792	tags=19%, list=13%, signal=22%	
IMMUNOGLOBULIN PRODUCTION%GOBP%GO:0002377	IMMUNOGLOBULIN PRODUCTION%GOBP%GO:0002377		25	-0.3414966	-1.0057726	0.43803218	0.8008026	1.0	2004	tags=28%, list=15%, signal=33%	
PID_TRKR_PATHWAY%MSIGDB_C2%PID_TRKR_PATHWAY	PID_TRKR_PATHWAY%MSIGDB_C2%PID_TRKR_PATHWAY		43	-0.296666	-1.0056254	0.4337568	0.80062914	1.0	2455	tags=26%, list=18%, signal=31%	
POSITIVE REGULATION OF INTERLEUKIN-12 PRODUCTION%GOBP%GO:0032735	POSITIVE REGULATION OF INTERLEUKIN-12 PRODUCTION%GOBP%GO:0032735		16	-0.38454238	-1.0053424	0.45575643	0.80088943	1.0	1085	tags=25%, list=8%, signal=27%	
SYMBIONT ENTRY INTO HOST%GOBP%GO:0044409	SYMBIONT ENTRY INTO HOST%GOBP%GO:0044409		28	-0.33265272	-1.0053422	0.4505814	0.8002795	1.0	328	tags=11%, list=2%, signal=11%	
SOMATIC DIVERSIFICATION OF IMMUNOGLOBULINS%GOBP%GO:0016445	SOMATIC DIVERSIFICATION OF IMMUNOGLOBULINS%GOBP%GO:0016445		25	-0.3414966	-1.0053403	0.45057034	0.79967874	1.0	2004	tags=28%, list=15%, signal=33%	
TISSUE REMODELING%GOBP%GO:0048771	TISSUE REMODELING%GOBP%GO:0048771		30	-0.32620126	-1.0052729	0.44003868	0.7992698	1.0	1891	tags=20%, list=14%, signal=23%	
REGULATION OF PROTEIN LOCALIZATION TO CELL PERIPHERY%GOBP%GO:1904375	REGULATION OF PROTEIN LOCALIZATION TO CELL PERIPHERY%GOBP%GO:1904375		106	-0.2564641	-1.0052477	0.44319248	0.798743	1.0	657	tags=10%, list=5%, signal=11%	
LIMB MORPHOGENESIS%GOBP%GO:0035108	LIMB MORPHOGENESIS%GOBP%GO:0035108		34	-0.31916633	-1.005115	0.4501452	0.7985529	1.0	3431	tags=26%, list=25%, signal=35%	
DEADENYLATION OF MRNA%REACTOME DATABASE ID RELEASE 95%429947	DEADENYLATION OF MRNA%REACTOME DATABASE ID RELEASE 95%429947		21	-0.3592451	-1.0049783	0.4496124	0.79837465	1.0	565	tags=14%, list=4%, signal=15%	
AORTA DEVELOPMENT%GOBP%GO:0035904	AORTA DEVELOPMENT%GOBP%GO:0035904		23	-0.34764218	-1.0047368	0.44689378	0.7985448	1.0	909	tags=17%, list=7%, signal=19%	
REGULATION OF ACTOMYOSIN STRUCTURE ORGANIZATION%GOBP%GO:0110020	REGULATION OF ACTOMYOSIN STRUCTURE ORGANIZATION%GOBP%GO:0110020		67	-0.2768418	-1.004535	0.44680852	0.7985599	1.0	2155	tags=24%, list=16%, signal=28%	
POSITIVE REGULATION OF STEM CELL POPULATION MAINTENANCE%GOBP%GO:1902459	POSITIVE REGULATION OF STEM CELL POPULATION MAINTENANCE%GOBP%GO:1902459		38	-0.3099391	-1.0037636	0.45956233	0.800316	1.0	2767	tags=29%, list=20%, signal=36%	
RETINOID METABOLISM AND TRANSPORT%REACTOME%R-HSA-975634.4	RETINOID METABOLISM AND TRANSPORT%REACTOME%R-HSA-975634.4		24	-0.34567952	-1.0034379	0.4452975	0.80070096	1.0	1945	tags=29%, list=14%, signal=34%	
REGULATION OF ANOIKIS%GOBP%GO:2000209	REGULATION OF ANOIKIS%GOBP%GO:2000209		18	-0.3699054	-1.0033633	0.45845553	0.80033505	1.0	3981	tags=44%, list=29%, signal=63%	
CELLULAR RESPONSE TO INTERLEUKIN-1%GOBP%GO:0071347	CELLULAR RESPONSE TO INTERLEUKIN-1%GOBP%GO:0071347		51	-0.28901604	-1.0032325	0.4430622	0.80013555	1.0	1382	tags=18%, list=10%, signal=20%	
REGULATION OF NEUROGENESIS%GOBP%GO:0050767	REGULATION OF NEUROGENESIS%GOBP%GO:0050767		141	-0.24753803	-1.0027955	0.43638077	0.8009006	1.0	1668	tags=18%, list=12%, signal=20%	
POSITIVE REGULATION OF MITOTIC CELL CYCLE SPINDLE ASSEMBLY CHECKPOINT%GOBP%GO:0090267	POSITIVE REGULATION OF MITOTIC CELL CYCLE SPINDLE ASSEMBLY CHECKPOINT%GOBP%GO:0090267		19	-0.35988694	-1.002774	0.44871795	0.8003668	1.0	1720	tags=32%, list=13%, signal=36%	
PID_RAC1_PATHWAY%MSIGDB_C2%PID_RAC1_PATHWAY	PID_RAC1_PATHWAY%MSIGDB_C2%PID_RAC1_PATHWAY		40	-0.3077464	-1.0027201	0.43183985	0.79993194	1.0	2638	tags=30%, list=20%, signal=37%	
KERATINIZATION%REACTOME DATABASE ID RELEASE 95%6805567	KERATINIZATION%REACTOME DATABASE ID RELEASE 95%6805567		20	-0.35911095	-1.0015115	0.45151812	0.80308443	1.0	234	tags=10%, list=2%, signal=10%	
ABERRANT REGULATION OF MITOTIC CELL CYCLE DUE TO RB1 DEFECTS%REACTOME DATABASE ID RELEASE 95%9687139	ABERRANT REGULATION OF MITOTIC CELL CYCLE DUE TO RB1 DEFECTS%REACTOME DATABASE ID RELEASE 95%9687139		36	-0.31728068	-1.0012459	0.45349953	0.8033294	1.0	2151	tags=22%, list=16%, signal=26%	
CHONDROITIN SULFATE PROTEOGLYCAN BIOSYNTHETIC PROCESS%GOBP%GO:0050650	CHONDROITIN SULFATE PROTEOGLYCAN BIOSYNTHETIC PROCESS%GOBP%GO:0050650		19	-0.35935888	-1.00124	0.46009853	0.80274284	1.0	3729	tags=58%, list=28%, signal=80%	
HYPOTHESIZED PATHWAYS IN PATHOGENESIS OF CARDIOVASCULAR DISEASE%WIKIPATHWAYS_20260211%WP3668%HOMO SAPIENS	HYPOTHESIZED PATHWAYS IN PATHOGENESIS OF CARDIOVASCULAR DISEASE%WIKIPATHWAYS_20260211%WP3668%HOMO SAPIENS		21	-0.3541838	-1.001075	0.42763773	0.8026427	1.0	821	tags=19%, list=6%, signal=20%	
FAT CELL DIFFERENTIATION%GOBP%GO:0045444	FAT CELL DIFFERENTIATION%GOBP%GO:0045444		53	-0.28844067	-1.0006607	0.44911298	0.8033196	1.0	2807	tags=21%, list=21%, signal=26%	
OOGENESIS%GOBP%GO:0048477	OOGENESIS%GOBP%GO:0048477		26	-0.33501533	-0.99977773	0.46751967	0.8054258	1.0	814	tags=15%, list=6%, signal=16%	
ENDODERM FORMATION%GOBP%GO:0001706	ENDODERM FORMATION%GOBP%GO:0001706		34	-0.31601602	-0.9996625	0.45884773	0.80519754	1.0	3165	tags=26%, list=23%, signal=34%	
POST-CHAPERONIN TUBULIN FOLDING PATHWAY%REACTOME DATABASE ID RELEASE 95%389977	POST-CHAPERONIN TUBULIN FOLDING PATHWAY%REACTOME DATABASE ID RELEASE 95%389977		19	-0.36373094	-0.99857306	0.45805845	0.8079195	1.0	3172	tags=42%, list=23%, signal=55%	
RESPONSE TO ELEVATED PLATELET CYTOSOLIC CA2+%REACTOME DATABASE ID RELEASE 95%76005	RESPONSE TO ELEVATED PLATELET CYTOSOLIC CA2+%REACTOME DATABASE ID RELEASE 95%76005		94	-0.260334	-0.99826044	0.4431818	0.8082924	1.0	1573	tags=19%, list=12%, signal=22%	
PRODUCTION OF MOLECULAR MEDIATOR OF IMMUNE RESPONSE%GOBP%GO:0002440	PRODUCTION OF MOLECULAR MEDIATOR OF IMMUNE RESPONSE%GOBP%GO:0002440		25	-0.3414966	-0.99826044	0.45857418	0.8076879	1.0	2004	tags=28%, list=15%, signal=33%	
WNT SIGNALING PATHWAY%GOBP%GO:0016055	WNT SIGNALING PATHWAY%GOBP%GO:0016055		80	-0.26618573	-0.9980752	0.45743686	0.80765635	1.0	3330	tags=29%, list=25%, signal=38%	
VALIDATED TRANSCRIPTIONAL TARGETS OF TAP63 ISOFORMS%PATHWAY INTERACTION DATABASE NCI-NATURE CURATED DATA%VALIDATED TRANSCRIPTIONAL TARGETS OF TAP63 ISOFORMS	VALIDATED TRANSCRIPTIONAL TARGETS OF TAP63 ISOFORMS%PATHWAY INTERACTION DATABASE NCI-NATURE CURATED DATA%VALIDATED TRANSCRIPTIONAL TARGETS OF TAP63 ISOFORMS		44	-0.29809415	-0.99802804	0.4518589	0.80719966	1.0	1939	tags=18%, list=14%, signal=21%	
MALE MEIOTIC NUCLEAR DIVISION%GOBP%GO:0007140	MALE MEIOTIC NUCLEAR DIVISION%GOBP%GO:0007140		15	-0.38394403	-0.9978535	0.43743843	0.8071224	1.0	2167	tags=27%, list=16%, signal=32%	
RECEPTOR LOCALIZATION TO SYNAPSE%GOBP%GO:0097120	RECEPTOR LOCALIZATION TO SYNAPSE%GOBP%GO:0097120		18	-0.3692818	-0.9976944	0.4668645	0.807001	1.0	2451	tags=33%, list=18%, signal=41%	
CARBOHYDRATE TRANSMEMBRANE TRANSPORT%GOBP%GO:0034219	CARBOHYDRATE TRANSMEMBRANE TRANSPORT%GOBP%GO:0034219		29	-0.32864764	-0.9972371	0.43847656	0.8078503	1.0	2808	tags=34%, list=21%, signal=43%	
RESPONSE TO INTERLEUKIN-1%GOBP%GO:0070555	RESPONSE TO INTERLEUKIN-1%GOBP%GO:0070555		63	-0.2799901	-0.9969481	0.45217392	0.80813336	1.0	1382	tags=17%, list=10%, signal=19%	
TYROBP CAUSAL NETWORK IN MICROGLIA%WIKIPATHWAYS_20260211%WP3945%HOMO SAPIENS	TYROBP CAUSAL NETWORK IN MICROGLIA%WIKIPATHWAYS_20260211%WP3945%HOMO SAPIENS		33	-0.30961803	-0.9958516	0.44850817	0.8109227	1.0	1559	tags=18%, list=12%, signal=21%	
THERMOGENESIS%WIKIPATHWAYS_20260211%WP4321%HOMO SAPIENS	THERMOGENESIS%WIKIPATHWAYS_20260211%WP4321%HOMO SAPIENS		78	-0.26816297	-0.99567264	0.47414634	0.810868	1.0	2995	tags=31%, list=22%, signal=39%	
HEART LOOPING%GOBP%GO:0001947	HEART LOOPING%GOBP%GO:0001947		27	-0.33019006	-0.9955854	0.46610957	0.81054235	1.0	3252	tags=44%, list=24%, signal=58%	
POSITIVE REGULATION OF FATTY ACID METABOLIC PROCESS%GOBP%GO:0045923	POSITIVE REGULATION OF FATTY ACID METABOLIC PROCESS%GOBP%GO:0045923		22	-0.35018548	-0.99552244	0.45233265	0.81013054	1.0	3280	tags=32%, list=24%, signal=42%	
INTERLEUKIN-12 FAMILY SIGNALING%REACTOME DATABASE ID RELEASE 95%447115	INTERLEUKIN-12 FAMILY SIGNALING%REACTOME DATABASE ID RELEASE 95%447115		42	-0.3030868	-0.99461055	0.46011674	0.81230503	1.0	1266	tags=17%, list=9%, signal=18%	
POSITIVE REGULATION OF EXTRINSIC APOPTOTIC SIGNALING PATHWAY%GOBP%GO:2001238	POSITIVE REGULATION OF EXTRINSIC APOPTOTIC SIGNALING PATHWAY%GOBP%GO:2001238		26	-0.33393657	-0.9943853	0.46222663	0.81240684	1.0	1388	tags=23%, list=10%, signal=26%	
REGULATION OF PROTEIN-CONTAINING COMPLEX DISASSEMBLY%GOBP%GO:0043244	REGULATION OF PROTEIN-CONTAINING COMPLEX DISASSEMBLY%GOBP%GO:0043244		83	-0.26589942	-0.9943007	0.4533205	0.8120759	1.0	1937	tags=18%, list=14%, signal=21%	
JOUBERT SYNDROME%WIKIPATHWAYS_20260211%WP4656%HOMO SAPIENS	JOUBERT SYNDROME%WIKIPATHWAYS_20260211%WP4656%HOMO SAPIENS		61	-0.27639964	-0.9942624	0.4550839	0.8115934	1.0	3652	tags=39%, list=27%, signal=54%	
SYNAPSE ORGANIZATION%GOBP%GO:0050808	SYNAPSE ORGANIZATION%GOBP%GO:0050808		167	-0.23905842	-0.99423546	0.45419848	0.81107515	1.0	3331	tags=32%, list=25%, signal=42%	
OPIOID SIGNALLING%REACTOME DATABASE ID RELEASE 95%111885	OPIOID SIGNALLING%REACTOME DATABASE ID RELEASE 95%111885		69	-0.27223197	-0.9941895	0.46551725	0.8106111	1.0	3153	tags=33%, list=23%, signal=43%	
REGULATION OF INTERLEUKIN-1 BETA PRODUCTION%GOBP%GO:0032651	REGULATION OF INTERLEUKIN-1 BETA PRODUCTION%GOBP%GO:0032651		41	-0.3041211	-0.9941476	0.46928498	0.8101373	1.0	412	tags=7%, list=3%, signal=8%	
NUCLEAR RECEPTOR-MEDIATED STEROID HORMONE SIGNALING PATHWAY%GOBP%GO:0030518	NUCLEAR RECEPTOR-MEDIATED STEROID HORMONE SIGNALING PATHWAY%GOBP%GO:0030518		36	-0.31137204	-0.9941385	0.46463653	0.809567	1.0	1737	tags=19%, list=13%, signal=22%	
RESPONSE TO ARSENIC-CONTAINING SUBSTANCE%GOBP%GO:0046685	RESPONSE TO ARSENIC-CONTAINING SUBSTANCE%GOBP%GO:0046685		17	-0.3754934	-0.99396133	0.45490983	0.80948186	1.0	221	tags=12%, list=2%, signal=12%	
POSITIVE REGULATION OF BLOOD CIRCULATION%GOBP%GO:1903524	POSITIVE REGULATION OF BLOOD CIRCULATION%GOBP%GO:1903524		19	-0.3557008	-0.99316925	0.46084338	0.81136286	1.0	2065	tags=21%, list=15%, signal=25%	
REGULATION OF TRANSCRIPTION BY RNA POLYMERASE III%GOBP%GO:0006359	REGULATION OF TRANSCRIPTION BY RNA POLYMERASE III%GOBP%GO:0006359		28	-0.32556948	-0.9927841	0.4722222	0.8119529	1.0	2114	tags=25%, list=16%, signal=30%	
RND3 GTPASE CYCLE%REACTOME DATABASE ID RELEASE 95%9696264	RND3 GTPASE CYCLE%REACTOME DATABASE ID RELEASE 95%9696264		38	-0.3060897	-0.9922538	0.45575643	0.8129612	1.0	1890	tags=21%, list=14%, signal=24%	
RUNX2 REGULATES BONE DEVELOPMENT%REACTOME DATABASE ID RELEASE 95%8941326	RUNX2 REGULATES BONE DEVELOPMENT%REACTOME DATABASE ID RELEASE 95%8941326		26	-0.33626622	-0.99216765	0.45364892	0.8126394	1.0	2748	tags=38%, list=20%, signal=48%	
RESPIRATORY SYNCYTIAL VIRUS (RSV) ATTACHMENT AND ENTRY%REACTOME%R-HSA-9820960.2	RESPIRATORY SYNCYTIAL VIRUS (RSV) ATTACHMENT AND ENTRY%REACTOME%R-HSA-9820960.2		19	-0.3553239	-0.99177027	0.46146616	0.81325614	1.0	1349	tags=21%, list=10%, signal=23%	
BRAIN DERIVED NEUROTROPHIC FACTOR BDNF SIGNALING%WIKIPATHWAYS_20260211%WP2380%HOMO SAPIENS	BRAIN DERIVED NEUROTROPHIC FACTOR BDNF SIGNALING%WIKIPATHWAYS_20260211%WP2380%HOMO SAPIENS		105	-0.2545571	-0.99142855	0.46925262	0.8137194	1.0	2966	tags=27%, list=22%, signal=34%	
APOPTOTIC EXECUTION PHASE%REACTOME DATABASE ID RELEASE 95%75153	APOPTOTIC EXECUTION PHASE%REACTOME DATABASE ID RELEASE 95%75153		39	-0.3032953	-0.99136144	0.4664723	0.813322	1.0	3375	tags=41%, list=25%, signal=55%	
REGULATION OF RUNX1 EXPRESSION AND ACTIVITY%REACTOME%R-HSA-8934593.2	REGULATION OF RUNX1 EXPRESSION AND ACTIVITY%REACTOME%R-HSA-8934593.2		17	-0.37109467	-0.9913523	0.46652934	0.8127538	1.0	880	tags=18%, list=7%, signal=19%	
BIOCARTA_VEGF_PATHWAY%MSIGDB_C2%BIOCARTA_VEGF_PATHWAY	BIOCARTA_VEGF_PATHWAY%MSIGDB_C2%BIOCARTA_VEGF_PATHWAY		20	-0.35418057	-0.9913449	0.4820144	0.8121811	1.0	1245	tags=20%, list=9%, signal=22%	
POSITIVE REGULATION OF GROWTH%GOBP%GO:0045927	POSITIVE REGULATION OF GROWTH%GOBP%GO:0045927		107	-0.2538283	-0.9906968	0.46355686	0.81356704	1.0	2155	tags=20%, list=16%, signal=23%	
ROLE OF CALCINEURIN-DEPENDENT NFAT SIGNALING IN LYMPHOCYTES%PATHWAY INTERACTION DATABASE NCI-NATURE CURATED DATA%ROLE OF CALCINEURIN-DEPENDENT NFAT SIGNALING IN LYMPHOCYTES	ROLE OF CALCINEURIN-DEPENDENT NFAT SIGNALING IN LYMPHOCYTES%PATHWAY INTERACTION DATABASE NCI-NATURE CURATED DATA%ROLE OF CALCINEURIN-DEPENDENT NFAT SIGNALING IN LYMPHOCYTES		49	-0.28944618	-0.99049515	0.46125117	0.81357735	1.0	3114	tags=35%, list=23%, signal=45%	
SARS-COV-2 ACTIVATES MODULATES INNATE AND ADAPTIVE IMMUNE RESPONSES%REACTOME%R-HSA-9705671.5	SARS-COV-2 ACTIVATES MODULATES INNATE AND ADAPTIVE IMMUNE RESPONSES%REACTOME%R-HSA-9705671.5		87	-0.26389349	-0.9904527	0.4618959	0.8131101	1.0	942	tags=13%, list=7%, signal=14%	
WNT SIGNALING AND PLURIPOTENCY%WIKIPATHWAYS_20260211%WP399%HOMO SAPIENS	WNT SIGNALING AND PLURIPOTENCY%WIKIPATHWAYS_20260211%WP399%HOMO SAPIENS		66	-0.275807	-0.9904268	0.48720378	0.8125913	1.0	2841	tags=27%, list=21%, signal=34%	
REGULATION OF SMOOTH MUSCLE CELL MIGRATION%GOBP%GO:0014910	REGULATION OF SMOOTH MUSCLE CELL MIGRATION%GOBP%GO:0014910		28	-0.3281516	-0.9903954	0.46303502	0.8120963	1.0	1726	tags=21%, list=13%, signal=25%	
POSITIVE REGULATION OF NEURON PROJECTION DEVELOPMENT%GOBP%GO:0010976	POSITIVE REGULATION OF NEURON PROJECTION DEVELOPMENT%GOBP%GO:0010976		74	-0.26564464	-0.98971915	0.45865384	0.8135471	1.0	1678	tags=18%, list=12%, signal=20%	
REGULATION OF KETONE METABOLIC PROCESS%GOBP%GO:0010565	REGULATION OF KETONE METABOLIC PROCESS%GOBP%GO:0010565		77	-0.2677708	-0.9894956	0.4564394	0.8136253	1.0	2587	tags=22%, list=19%, signal=27%	
PID_P53_DOWNSTREAM_PATHWAY%MSIGDB_C2%PID_P53_DOWNSTREAM_PATHWAY	PID_P53_DOWNSTREAM_PATHWAY%MSIGDB_C2%PID_P53_DOWNSTREAM_PATHWAY		103	-0.25523627	-0.9890631	0.46496212	0.81436604	1.0	1953	tags=17%, list=14%, signal=20%	
RESPONSE TO WOUNDING%GOBP%GO:0009611	RESPONSE TO WOUNDING%GOBP%GO:0009611		197	-0.23331748	-0.98906237	0.47579142	0.8137752	1.0	3283	tags=28%, list=24%, signal=37%	
LXRS REGULATE GENE EXPRESSION LINKED TO CHOLESTEROL TRANSPORT AND EFFLUX%REACTOME DATABASE ID RELEASE 95%9029569	LXRS REGULATE GENE EXPRESSION LINKED TO CHOLESTEROL TRANSPORT AND EFFLUX%REACTOME DATABASE ID RELEASE 95%9029569		29	-0.33047536	-0.9890591	0.46666667	0.8131918	1.0	2512	tags=28%, list=19%, signal=34%	
EPO SIGNALING PATHWAY%PATHWAY INTERACTION DATABASE NCI-NATURE CURATED DATA%EPO SIGNALING PATHWAY	EPO SIGNALING PATHWAY%PATHWAY INTERACTION DATABASE NCI-NATURE CURATED DATA%EPO SIGNALING PATHWAY		29	-0.3244348	-0.98901206	0.46555117	0.8127518	1.0	1109	tags=17%, list=8%, signal=19%	
REGULATION OF VASCULAR ENDOTHELIAL GROWTH FACTOR RECEPTOR SIGNALING PATHWAY%GOBP%GO:0030947	REGULATION OF VASCULAR ENDOTHELIAL GROWTH FACTOR RECEPTOR SIGNALING PATHWAY%GOBP%GO:0030947		22	-0.34645396	-0.9889113	0.46116504	0.812479	1.0	2513	tags=23%, list=19%, signal=28%	
PID_WNT_SIGNALING_PATHWAY%MSIGDB_C2%PID_WNT_SIGNALING_PATHWAY	PID_WNT_SIGNALING_PATHWAY%MSIGDB_C2%PID_WNT_SIGNALING_PATHWAY		17	-0.36979392	-0.98884165	0.46705997	0.81208867	1.0	318	tags=12%, list=2%, signal=12%	
POSITIVE REGULATION OF PROTEIN-CONTAINING COMPLEX ASSEMBLY%GOBP%GO:0031334	POSITIVE REGULATION OF PROTEIN-CONTAINING COMPLEX ASSEMBLY%GOBP%GO:0031334		134	-0.24387112	-0.9888209	0.46327683	0.81156033	1.0	2232	tags=19%, list=17%, signal=23%	
NUCLEAR RECEPTOR-MEDIATED SIGNALING PATHWAY%GOBP%GO:0141193	NUCLEAR RECEPTOR-MEDIATED SIGNALING PATHWAY%GOBP%GO:0141193		53	-0.28987223	-0.9887901	0.4717742	0.81106406	1.0	2464	tags=25%, list=18%, signal=30%	
RUNX1 INTERACTS WITH CO-FACTORS WHOSE PRECISE EFFECT ON RUNX1 TARGETS IS NOT KNOWN%REACTOME DATABASE ID RELEASE 95%8939243	RUNX1 INTERACTS WITH CO-FACTORS WHOSE PRECISE EFFECT ON RUNX1 TARGETS IS NOT KNOWN%REACTOME DATABASE ID RELEASE 95%8939243		35	-0.31014872	-0.98833525	0.45837322	0.8118737	1.0	2897	tags=34%, list=21%, signal=44%	
REGULATION OF ARP2/3 COMPLEX-MEDIATED ACTIN NUCLEATION%GOBP%GO:0034315	REGULATION OF ARP2/3 COMPLEX-MEDIATED ACTIN NUCLEATION%GOBP%GO:0034315		18	-0.36039492	-0.98833466	0.4612245	0.81128687	1.0	284	tags=17%, list=2%, signal=17%	
NOTCH SIGNALING PATHWAY%PATHWAY INTERACTION DATABASE NCI-NATURE CURATED DATA%NOTCH SIGNALING PATHWAY	NOTCH SIGNALING PATHWAY%PATHWAY INTERACTION DATABASE NCI-NATURE CURATED DATA%NOTCH SIGNALING PATHWAY		51	-0.28791064	-0.98825705	0.47771317	0.8109426	1.0	1813	tags=22%, list=13%, signal=25%	
ACTIVATION OF MATRIX METALLOPROTEINASES%REACTOME DATABASE ID RELEASE 95%1592389	ACTIVATION OF MATRIX METALLOPROTEINASES%REACTOME DATABASE ID RELEASE 95%1592389		16	-0.37162927	-0.98815894	0.47141424	0.8106567	1.0	1595	tags=31%, list=12%, signal=35%	
POSITIVE REGULATION OF HEART CONTRACTION%GOBP%GO:0045823	POSITIVE REGULATION OF HEART CONTRACTION%GOBP%GO:0045823		19	-0.3557008	-0.9878019	0.4643216	0.81115437	1.0	2065	tags=21%, list=15%, signal=25%	
POSITIVE REGULATION OF CELL CYCLE CHECKPOINT%GOBP%GO:1901978	POSITIVE REGULATION OF CELL CYCLE CHECKPOINT%GOBP%GO:1901978		23	-0.33982924	-0.98779446	0.47464114	0.8105884	1.0	2040	tags=30%, list=15%, signal=36%	
METABOLIC COMPOUND SALVAGE%GOBP%GO:0043094	METABOLIC COMPOUND SALVAGE%GOBP%GO:0043094		25	-0.33367768	-0.9876494	0.4646062	0.81042236	1.0	2022	tags=28%, list=15%, signal=33%	
POSITIVE REGULATION OF SPINDLE CHECKPOINT%GOBP%GO:0090232	POSITIVE REGULATION OF SPINDLE CHECKPOINT%GOBP%GO:0090232		19	-0.35988694	-0.98738164	0.4548193	0.8106237	1.0	1720	tags=32%, list=13%, signal=36%	
MITOCHONDRIAL UNFOLDED PROTEIN RESPONSE (UPRMT)%REACTOME%R-HSA-9841251.1	MITOCHONDRIAL UNFOLDED PROTEIN RESPONSE (UPRMT)%REACTOME%R-HSA-9841251.1		15	-0.37963432	-0.9871575	0.46083418	0.810703	1.0	593	tags=20%, list=4%, signal=21%	
MRNA EXPORT FROM NUCLEUS%GOBP%GO:0006406	MRNA EXPORT FROM NUCLEUS%GOBP%GO:0006406		58	-0.2795852	-0.98711026	0.4683908	0.81026584	1.0	3142	tags=28%, list=23%, signal=36%	
ENDOTHELIAL CELL DIFFERENTIATION%GOBP%GO:0045446	ENDOTHELIAL CELL DIFFERENTIATION%GOBP%GO:0045446		44	-0.29616925	-0.98690814	0.4844358	0.8102749	1.0	1444	tags=14%, list=11%, signal=15%	
WOUND HEALING%GOBP%GO:0042060	WOUND HEALING%GOBP%GO:0042060		165	-0.23787533	-0.98668283	0.49158877	0.8103794	1.0	3283	tags=27%, list=24%, signal=35%	
KIDNEY DEVELOPMENT%GOBP%GO:0001822	KIDNEY DEVELOPMENT%GOBP%GO:0001822		96	-0.2558133	-0.9864938	0.4667914	0.8103674	1.0	3510	tags=28%, list=26%, signal=38%	
TRANSCRIPTION ACTIVATION RNA POLYMERASE I AND KAT2A B AND INHIBITION NURD COMPLEX %WIKIPATHWAYS_20260211%WP5565%HOMO SAPIENS	TRANSCRIPTION ACTIVATION RNA POLYMERASE I AND KAT2A B AND INHIBITION NURD COMPLEX %WIKIPATHWAYS_20260211%WP5565%HOMO SAPIENS		34	-0.30839884	-0.9861936	0.46341464	0.81069726	1.0	2535	tags=29%, list=19%, signal=36%	
CELLULAR RESPONSE TO LIPOPROTEIN PARTICLE STIMULUS%GOBP%GO:0071402	CELLULAR RESPONSE TO LIPOPROTEIN PARTICLE STIMULUS%GOBP%GO:0071402		22	-0.34323478	-0.98613507	0.4729597	0.8102907	1.0	4248	tags=50%, list=31%, signal=73%	
POSITIVE REGULATION OF T CELL MIGRATION%GOBP%GO:2000406	POSITIVE REGULATION OF T CELL MIGRATION%GOBP%GO:2000406		19	-0.3569731	-0.9859141	0.48355898	0.81036526	1.0	3606	tags=37%, list=27%, signal=50%	
FATTY ACID BIOSYNTHETIC PROCESS%GOBP%GO:0006633	FATTY ACID BIOSYNTHETIC PROCESS%GOBP%GO:0006633		62	-0.27713913	-0.98506206	0.46672913	0.81239957	1.0	1457	tags=18%, list=11%, signal=20%	
LEISHMANIA PHAGOCYTOSIS%REACTOME DATABASE ID RELEASE 95%9664417	LEISHMANIA PHAGOCYTOSIS%REACTOME DATABASE ID RELEASE 95%9664417		48	-0.2872343	-0.9849496	0.47343895	0.8121692	1.0	2368	tags=27%, list=18%, signal=33%	
DISEASES OF METABOLISM%REACTOME%R-HSA-5668914.11	DISEASES OF METABOLISM%REACTOME%R-HSA-5668914.11		196	-0.23332827	-0.9847429	0.48920187	0.8122176	1.0	1569	tags=17%, list=12%, signal=19%	
TRANSCRIPTIONAL REGULATION BY VENTX%REACTOME DATABASE ID RELEASE 95%8853884	TRANSCRIPTIONAL REGULATION BY VENTX%REACTOME DATABASE ID RELEASE 95%8853884		37	-0.3021405	-0.984588	0.47519085	0.8121145	1.0	880	tags=14%, list=7%, signal=14%	
SYNAPSE ASSEMBLY%GOBP%GO:0007416	SYNAPSE ASSEMBLY%GOBP%GO:0007416		69	-0.27047145	-0.98383725	0.46963948	0.8138302	1.0	3129	tags=32%, list=23%, signal=41%	
CANONICAL AND NON CANONICAL TGF B SIGNALING%WIKIPATHWAYS_20260211%WP3874%HOMO SAPIENS	CANONICAL AND NON CANONICAL TGF B SIGNALING%WIKIPATHWAYS_20260211%WP3874%HOMO SAPIENS		16	-0.37540188	-0.9838228	0.47135678	0.81329405	1.0	2638	tags=31%, list=20%, signal=39%	
DIRECT P53 EFFECTORS%PATHWAY INTERACTION DATABASE NCI-NATURE CURATED DATA%DIRECT P53 EFFECTORS	DIRECT P53 EFFECTORS%PATHWAY INTERACTION DATABASE NCI-NATURE CURATED DATA%DIRECT P53 EFFECTORS		117	-0.2501497	-0.98343664	0.4797361	0.8138568	1.0	1953	tags=16%, list=14%, signal=19%	
CELLULAR RESPONSE TO EPIDERMAL GROWTH FACTOR STIMULUS%GOBP%GO:0071364	CELLULAR RESPONSE TO EPIDERMAL GROWTH FACTOR STIMULUS%GOBP%GO:0071364		25	-0.33355582	-0.98279154	0.4776275	0.8152704	1.0	908	tags=16%, list=7%, signal=17%	
FATTY ACID BETA-OXIDATION%GOBP%GO:0006635	FATTY ACID BETA-OXIDATION%GOBP%GO:0006635		44	-0.29349095	-0.9819811	0.48585367	0.81714815	1.0	2453	tags=25%, list=18%, signal=30%	
REGULATION OF MITF-M-DEPENDENT GENES INVOLVED IN PIGMENTATION%REACTOME DATABASE ID RELEASE 95%9824585	REGULATION OF MITF-M-DEPENDENT GENES INVOLVED IN PIGMENTATION%REACTOME DATABASE ID RELEASE 95%9824585		32	-0.31324387	-0.98129356	0.4738372	0.8186364	1.0	2882	tags=41%, list=21%, signal=52%	
PROTEIN ACETYLATION%GOBP%GO:0006473	PROTEIN ACETYLATION%GOBP%GO:0006473		23	-0.3360446	-0.98120654	0.49423078	0.81831115	1.0	3280	tags=35%, list=24%, signal=46%	
WNT SIGNALING NETWORK%PATHWAY INTERACTION DATABASE NCI-NATURE CURATED DATA%WNT SIGNALING NETWORK	WNT SIGNALING NETWORK%PATHWAY INTERACTION DATABASE NCI-NATURE CURATED DATA%WNT SIGNALING NETWORK		20	-0.34765744	-0.98107344	0.47898337	0.8181489	1.0	318	tags=10%, list=2%, signal=10%	
PROTEIN MODIFICATION BY SMALL PROTEIN REMOVAL%GOBP%GO:0070646	PROTEIN MODIFICATION BY SMALL PROTEIN REMOVAL%GOBP%GO:0070646		84	-0.26293513	-0.98095745	0.48886827	0.8179039	1.0	1992	tags=18%, list=15%, signal=21%	
CALCIUM SIGNALING IN THE CD4+ TCR PATHWAY%PATHWAY INTERACTION DATABASE NCI-NATURE CURATED DATA%CALCIUM SIGNALING IN THE CD4+ TCR PATHWAY	CALCIUM SIGNALING IN THE CD4+ TCR PATHWAY%PATHWAY INTERACTION DATABASE NCI-NATURE CURATED DATA%CALCIUM SIGNALING IN THE CD4+ TCR PATHWAY		18	-0.35502484	-0.98086554	0.46107784	0.817607	1.0	1773	tags=22%, list=13%, signal=26%	
EPIDERMAL GROWTH FACTOR RECEPTOR SIGNALING PATHWAY%GOBP%GO:0007173	EPIDERMAL GROWTH FACTOR RECEPTOR SIGNALING PATHWAY%GOBP%GO:0007173		37	-0.30061817	-0.9802125	0.48144624	0.8190072	1.0	2942	tags=27%, list=22%, signal=34%	
ANGIOGENESIS%GOBP%GO:0001525	ANGIOGENESIS%GOBP%GO:0001525		141	-0.24178474	-0.9801057	0.50045997	0.81874216	1.0	3444	tags=32%, list=25%, signal=42%	
NEURON MATURATION%GOBP%GO:0042551	NEURON MATURATION%GOBP%GO:0042551		16	-0.37172565	-0.9795419	0.48362234	0.81986034	1.0	3810	tags=56%, list=28%, signal=78%	
CORTICAL CYTOSKELETON ORGANIZATION%GOBP%GO:0030865	CORTICAL CYTOSKELETON ORGANIZATION%GOBP%GO:0030865		37	-0.29964846	-0.9792591	0.49013805	0.8201415	1.0	2186	tags=24%, list=16%, signal=29%	
REGULATION OF MEMBRANE POTENTIAL%GOBP%GO:0042391	REGULATION OF MEMBRANE POTENTIAL%GOBP%GO:0042391		194	-0.2299682	-0.97909856	0.49134615	0.8200848	1.0	2085	tags=19%, list=15%, signal=22%	
EMBRYONIC HEART TUBE MORPHOGENESIS%GOBP%GO:0003143	EMBRYONIC HEART TUBE MORPHOGENESIS%GOBP%GO:0003143		30	-0.3170572	-0.97878534	0.4825636	0.82047445	1.0	3252	tags=43%, list=24%, signal=57%	
STEROID HORMONE RECEPTOR SIGNALING PATHWAY%GOBP%GO:0043401	STEROID HORMONE RECEPTOR SIGNALING PATHWAY%GOBP%GO:0043401		37	-0.30028406	-0.97874796	0.4762846	0.8200034	1.0	1737	tags=19%, list=13%, signal=22%	
AMINO ACID METABOLIC PROCESS%GOBP%GO:0006520	AMINO ACID METABOLIC PROCESS%GOBP%GO:0006520		156	-0.23680298	-0.97862303	0.4892423	0.81980544	1.0	1599	tags=17%, list=12%, signal=19%	
MHC CLASS II ANTIGEN PRESENTATION%REACTOME DATABASE ID RELEASE 95%2132295	MHC CLASS II ANTIGEN PRESENTATION%REACTOME DATABASE ID RELEASE 95%2132295		89	-0.2552696	-0.97742987	0.4962617	0.82284784	1.0	1443	tags=15%, list=11%, signal=16%	
AXON GUIDANCE%WIKIPATHWAYS_20260211%WP5289%HOMO SAPIENS	AXON GUIDANCE%WIKIPATHWAYS_20260211%WP5289%HOMO SAPIENS		49	-0.28496823	-0.97735393	0.49233717	0.822495	1.0	2842	tags=27%, list=21%, signal=33%	
REGULATION OF NUCLEOCYTOPLASMIC TRANSPORT%GOBP%GO:0046822	REGULATION OF NUCLEOCYTOPLASMIC TRANSPORT%GOBP%GO:0046822		76	-0.26258978	-0.97725344	0.49330783	0.82220924	1.0	1303	tags=14%, list=10%, signal=16%	
CANONICAL AND NON CANONICAL NOTCH SIGNALING%WIKIPATHWAYS_20260211%WP3845%HOMO SAPIENS	CANONICAL AND NON CANONICAL NOTCH SIGNALING%WIKIPATHWAYS_20260211%WP3845%HOMO SAPIENS		21	-0.34775606	-0.9769873	0.48516747	0.82246315	1.0	2034	tags=24%, list=15%, signal=28%	
S1P1 PATHWAY%PATHWAY INTERACTION DATABASE NCI-NATURE CURATED DATA%S1P1 PATHWAY	S1P1 PATHWAY%PATHWAY INTERACTION DATABASE NCI-NATURE CURATED DATA%S1P1 PATHWAY		16	-0.37192786	-0.976823	0.48989412	0.8223841	1.0	552	tags=13%, list=4%, signal=13%	
NUCLEIC ACID TRANSPORT%GOBP%GO:0050657	NUCLEIC ACID TRANSPORT%GOBP%GO:0050657		96	-0.2528372	-0.9756826	0.5172101	0.8252492	1.0	2071	tags=23%, list=15%, signal=27%	
GROWTH FACTORS AND HORMONES IN BETA CELL PROLIFERATION%WIKIPATHWAYS_20260211%WP5385%HOMO SAPIENS	GROWTH FACTORS AND HORMONES IN BETA CELL PROLIFERATION%WIKIPATHWAYS_20260211%WP5385%HOMO SAPIENS		18	-0.35732493	-0.9754708	0.48405796	0.82530266	1.0	1829	tags=22%, list=14%, signal=26%	
APC C:CDC20 MEDIATED DEGRADATION OF CYCLIN B%REACTOME DATABASE ID RELEASE 95%174048	APC C:CDC20 MEDIATED DEGRADATION OF CYCLIN B%REACTOME DATABASE ID RELEASE 95%174048		24	-0.3327784	-0.97510713	0.47834274	0.8258094	1.0	2151	tags=25%, list=16%, signal=30%	
INSULIN PATHWAY%PATHWAY INTERACTION DATABASE NCI-NATURE CURATED DATA%INSULIN PATHWAY	INSULIN PATHWAY%PATHWAY INTERACTION DATABASE NCI-NATURE CURATED DATA%INSULIN PATHWAY		42	-0.2906182	-0.97488755	0.50048405	0.8258872	1.0	2368	tags=26%, list=18%, signal=32%	
CELLULAR RESPONSE TO FIBROBLAST GROWTH FACTOR STIMULUS%GOBP%GO:0044344	CELLULAR RESPONSE TO FIBROBLAST GROWTH FACTOR STIMULUS%GOBP%GO:0044344		39	-0.29433554	-0.97466904	0.493346	0.825945	1.0	2344	tags=26%, list=17%, signal=31%	
CELL FATE SPECIFICATION%GOBP%GO:0001708	CELL FATE SPECIFICATION%GOBP%GO:0001708		27	-0.3233693	-0.9745999	0.50338817	0.82558733	1.0	891	tags=11%, list=7%, signal=12%	
NUCLEAR-TRANSCRIBED MRNA POLY(A) TAIL SHORTENING%GOBP%GO:0000289	NUCLEAR-TRANSCRIBED MRNA POLY(A) TAIL SHORTENING%GOBP%GO:0000289		19	-0.3561486	-0.974239	0.5024975	0.8260623	1.0	565	tags=16%, list=4%, signal=16%	
ADP SIGNALLING THROUGH P2Y PURINOCEPTOR 1%REACTOME DATABASE ID RELEASE 95%418592	ADP SIGNALLING THROUGH P2Y PURINOCEPTOR 1%REACTOME DATABASE ID RELEASE 95%418592		18	-0.35687056	-0.9739623	0.49060336	0.8262976	1.0	3881	tags=39%, list=29%, signal=54%	
RNA TRANSPORT%GOBP%GO:0050658	RNA TRANSPORT%GOBP%GO:0050658		96	-0.2528372	-0.9733891	0.5	0.82739675	1.0	2071	tags=23%, list=15%, signal=27%	
PROTEIN DEUBIQUITINATION%GOBP%GO:0016579	PROTEIN DEUBIQUITINATION%GOBP%GO:0016579		66	-0.27227855	-0.97321033	0.50373834	0.8273476	1.0	2219	tags=20%, list=16%, signal=23%	
REGULATION OF INTERLEUKIN-8 PRODUCTION%GOBP%GO:0032677	REGULATION OF INTERLEUKIN-8 PRODUCTION%GOBP%GO:0032677		45	-0.2902813	-0.97310007	0.50788957	0.8270947	1.0	924	tags=13%, list=7%, signal=14%	
ADHERENS JUNCTION ORGANIZATION%GOBP%GO:0034332	ADHERENS JUNCTION ORGANIZATION%GOBP%GO:0034332		26	-0.3244566	-0.9730913	0.49802372	0.82654244	1.0	1518	tags=23%, list=11%, signal=26%	
FCGR3A-MEDIATED PHAGOCYTOSIS%REACTOME DATABASE ID RELEASE 95%9664422	FCGR3A-MEDIATED PHAGOCYTOSIS%REACTOME DATABASE ID RELEASE 95%9664422		48	-0.2872343	-0.9728575	0.48956355	0.82667357	1.0	2368	tags=27%, list=18%, signal=33%	
RAC PROTEIN SIGNAL TRANSDUCTION%GOBP%GO:0016601	RAC PROTEIN SIGNAL TRANSDUCTION%GOBP%GO:0016601		18	-0.35358495	-0.97284836	0.50096714	0.82612413	1.0	1360	tags=28%, list=10%, signal=31%	
PID_ECADHERIN_NASCENT_AJ_PATHWAY%MSIGDB_C2%PID_ECADHERIN_NASCENT_AJ_PATHWAY	PID_ECADHERIN_NASCENT_AJ_PATHWAY%MSIGDB_C2%PID_ECADHERIN_NASCENT_AJ_PATHWAY		28	-0.3241327	-0.97251564	0.47447446	0.8265556	1.0	2545	tags=29%, list=19%, signal=35%	
REGULATION OF INSULIN SECRETION%GOBP%GO:0050796	REGULATION OF INSULIN SECRETION%GOBP%GO:0050796		70	-0.26321074	-0.97224134	0.48032936	0.8268028	1.0	2960	tags=29%, list=22%, signal=36%	
BIOLOGICAL PROCESS INVOLVED IN SYMBIOTIC INTERACTION%GOBP%GO:0044403	BIOLOGICAL PROCESS INVOLVED IN SYMBIOTIC INTERACTION%GOBP%GO:0044403		64	-0.27119675	-0.97170955	0.5112856	0.827841	1.0	328	tags=9%, list=2%, signal=10%	
SMOOTH MUSCLE CONTRACTION%REACTOME%R-HSA-445355.8	SMOOTH MUSCLE CONTRACTION%REACTOME%R-HSA-445355.8		36	-0.30606636	-0.97095937	0.517909	0.8295265	1.0	2068	tags=28%, list=15%, signal=33%	
POSITIVE REGULATION OF BIOMINERAL TISSUE DEVELOPMENT%GOBP%GO:0070169	POSITIVE REGULATION OF BIOMINERAL TISSUE DEVELOPMENT%GOBP%GO:0070169		30	-0.31218657	-0.97037566	0.49220273	0.8307362	1.0	1059	tags=20%, list=8%, signal=22%	
CELLULAR RESPONSE TO GLUCOCORTICOID STIMULUS%GOBP%GO:0071385	CELLULAR RESPONSE TO GLUCOCORTICOID STIMULUS%GOBP%GO:0071385		16	-0.36719224	-0.97031873	0.49455985	0.8303246	1.0	2808	tags=44%, list=21%, signal=55%	
PARASITE INFECTION%REACTOME%R-HSA-9664407.3	PARASITE INFECTION%REACTOME%R-HSA-9664407.3		48	-0.2872343	-0.9701357	0.52014995	0.8303095	1.0	2368	tags=27%, list=18%, signal=33%	
NATURAL KILLER CELL MEDIATED CYTOTOXICITY%GOBP%GO:0042267	NATURAL KILLER CELL MEDIATED CYTOTOXICITY%GOBP%GO:0042267		19	-0.3472816	-0.9700369	0.4970703	0.83003336	1.0	1490	tags=21%, list=11%, signal=24%	
ENDODERM DEVELOPMENT%GOBP%GO:0007492	ENDODERM DEVELOPMENT%GOBP%GO:0007492		39	-0.29823893	-0.9696973	0.5072464	0.83048314	1.0	3165	tags=31%, list=23%, signal=40%	
RENAL TUBULE MORPHOGENESIS%GOBP%GO:0061333	RENAL TUBULE MORPHOGENESIS%GOBP%GO:0061333		25	-0.32773596	-0.9695377	0.49710426	0.83038366	1.0	3809	tags=32%, list=28%, signal=44%	
REGULATION OF FAT CELL DIFFERENTIATION%GOBP%GO:0045598	REGULATION OF FAT CELL DIFFERENTIATION%GOBP%GO:0045598		77	-0.26152846	-0.9694175	0.5125725	0.8301806	1.0	3283	tags=34%, list=24%, signal=44%	
REGULATION OF CELL-SUBSTRATE ADHESION%GOBP%GO:0010810	REGULATION OF CELL-SUBSTRATE ADHESION%GOBP%GO:0010810		132	-0.24032737	-0.96941674	0.5254075	0.8296087	1.0	1550	tags=14%, list=11%, signal=16%	
PROTEIN O-LINKED GLYCOSYLATION%GOBP%GO:0006493	PROTEIN O-LINKED GLYCOSYLATION%GOBP%GO:0006493		95	-0.25124118	-0.9693421	0.5315146	0.8292579	1.0	706	tags=12%, list=5%, signal=12%	
SOMATIC CELL DNA RECOMBINATION%GOBP%GO:0016444	SOMATIC CELL DNA RECOMBINATION%GOBP%GO:0016444		18	-0.35158002	-0.96862215	0.5110442	0.8308267	1.0	2004	tags=33%, list=15%, signal=39%	
NUCLEAR MIGRATION%GOBP%GO:0007097	NUCLEAR MIGRATION%GOBP%GO:0007097		20	-0.3468461	-0.96861297	0.5058252	0.83028066	1.0	1099	tags=15%, list=8%, signal=16%	
SIGNALING EVENTS MEDIATED BY STEM CELL FACTOR RECEPTOR (C-KIT)%PATHWAY INTERACTION DATABASE NCI-NATURE CURATED DATA%SIGNALING EVENTS MEDIATED BY STEM CELL FACTOR RECEPTOR (C-KIT)	SIGNALING EVENTS MEDIATED BY STEM CELL FACTOR RECEPTOR (C-KIT)%PATHWAY INTERACTION DATABASE NCI-NATURE CURATED DATA%SIGNALING EVENTS MEDIATED BY STEM CELL FACTOR RECEPTOR (C-KIT)		44	-0.2917855	-0.96795344	0.5152672	0.83170086	1.0	809	tags=14%, list=6%, signal=14%	
REGULATION OF INTERLEUKIN-1 PRODUCTION%GOBP%GO:0032652	REGULATION OF INTERLEUKIN-1 PRODUCTION%GOBP%GO:0032652		47	-0.28761956	-0.96768636	0.51600754	0.83191514	1.0	761	tags=9%, list=6%, signal=9%	
CIRCADIAN RHYTHM GENES%WIKIPATHWAYS_20260211%WP3594%HOMO SAPIENS	CIRCADIAN RHYTHM GENES%WIKIPATHWAYS_20260211%WP3594%HOMO SAPIENS		115	-0.24338998	-0.9674687	0.5331466	0.8319818	1.0	2791	tags=30%, list=21%, signal=38%	
POSITIVE REGULATION OF INTERLEUKIN-8 PRODUCTION%GOBP%GO:0032757	POSITIVE REGULATION OF INTERLEUKIN-8 PRODUCTION%GOBP%GO:0032757		33	-0.307917	-0.9674515	0.5074766	0.8314611	1.0	761	tags=12%, list=6%, signal=13%	
HEXOSE CATABOLIC PROCESS%GOBP%GO:0019320	HEXOSE CATABOLIC PROCESS%GOBP%GO:0019320		31	-0.3085456	-0.96653783	0.486166	0.83360106	1.0	3065	tags=35%, list=23%, signal=46%	
REGULATION OF OSSIFICATION%GOBP%GO:0030278	REGULATION OF OSSIFICATION%GOBP%GO:0030278		60	-0.27202475	-0.96612674	0.51869607	0.83427864	1.0	1617	tags=18%, list=12%, signal=21%	
P73 TRANSCRIPTION FACTOR NETWORK%PATHWAY INTERACTION DATABASE NCI-NATURE CURATED DATA%P73 TRANSCRIPTION FACTOR NETWORK	P73 TRANSCRIPTION FACTOR NETWORK%PATHWAY INTERACTION DATABASE NCI-NATURE CURATED DATA%P73 TRANSCRIPTION FACTOR NETWORK		67	-0.26863924	-0.9657975	0.5250482	0.834667	1.0	2804	tags=30%, list=21%, signal=37%	
REGULATION OF EXTENT OF CELL GROWTH%GOBP%GO:0061387	REGULATION OF EXTENT OF CELL GROWTH%GOBP%GO:0061387		37	-0.301068	-0.9655307	0.50142723	0.83488977	1.0	1596	tags=24%, list=12%, signal=28%	
INTRINSIC APOPTOTIC SIGNALING PATHWAY IN RESPONSE TO DNA DAMAGE%GOBP%GO:0008630	INTRINSIC APOPTOTIC SIGNALING PATHWAY IN RESPONSE TO DNA DAMAGE%GOBP%GO:0008630		52	-0.28225935	-0.9654347	0.50766283	0.8346086	1.0	3014	tags=27%, list=22%, signal=35%	
PID_NFAT_3PATHWAY%MSIGDB_C2%PID_NFAT_3PATHWAY	PID_NFAT_3PATHWAY%MSIGDB_C2%PID_NFAT_3PATHWAY		39	-0.2965951	-0.9654103	0.52537596	0.8341049	1.0	3114	tags=33%, list=23%, signal=43%	
P38 SIGNALING MEDIATED BY MAPKAP KINASES%PATHWAY INTERACTION DATABASE NCI-NATURE CURATED DATA%P38 SIGNALING MEDIATED BY MAPKAP KINASES	P38 SIGNALING MEDIATED BY MAPKAP KINASES%PATHWAY INTERACTION DATABASE NCI-NATURE CURATED DATA%P38 SIGNALING MEDIATED BY MAPKAP KINASES		19	-0.353619	-0.965382	0.51844466	0.83362406	1.0	3480	tags=47%, list=26%, signal=64%	
NEGATIVE REGULATION OF BLOOD VESSEL ENDOTHELIAL CELL MIGRATION%GOBP%GO:0043537	NEGATIVE REGULATION OF BLOOD VESSEL ENDOTHELIAL CELL MIGRATION%GOBP%GO:0043537		28	-0.3219042	-0.9653186	0.49953315	0.8332411	1.0	2579	tags=29%, list=19%, signal=35%	
EPITHELIAL CELL DEVELOPMENT%GOBP%GO:0002064	EPITHELIAL CELL DEVELOPMENT%GOBP%GO:0002064		61	-0.27094093	-0.9633162	0.5298507	0.838726	1.0	1653	tags=13%, list=12%, signal=15%	
HOST-MEDIATED ACTIVATION OF VIRAL PROCESS%GOBP%GO:0044794	HOST-MEDIATED ACTIVATION OF VIRAL PROCESS%GOBP%GO:0044794		33	-0.30460906	-0.9629396	0.5068226	0.8393093	1.0	1473	tags=18%, list=11%, signal=20%	
HDAC6 INTERACTIONS IN THE CENTRAL NERVOUS SYSTEM%WIKIPATHWAYS_20260211%WP5426%HOMO SAPIENS	HDAC6 INTERACTIONS IN THE CENTRAL NERVOUS SYSTEM%WIKIPATHWAYS_20260211%WP5426%HOMO SAPIENS		69	-0.2654288	-0.9624079	0.52255636	0.8403412	1.0	2639	tags=25%, list=20%, signal=30%	
SIGNALING BY CYTOSOLIC FGFR1 FUSION MUTANTS%REACTOME%R-HSA-1839117.4	SIGNALING BY CYTOSOLIC FGFR1 FUSION MUTANTS%REACTOME%R-HSA-1839117.4		15	-0.37236667	-0.9619567	0.4851282	0.84111625	1.0	1363	tags=27%, list=10%, signal=30%	
DEVELOPMENT OF URETERIC DERIVED COLLECTING SYSTEM%WIKIPATHWAYS_20260211%WP5053%HOMO SAPIENS	DEVELOPMENT OF URETERIC DERIVED COLLECTING SYSTEM%WIKIPATHWAYS_20260211%WP5053%HOMO SAPIENS		28	-0.31693983	-0.961745	0.5096899	0.84116066	1.0	3437	tags=36%, list=25%, signal=48%	
BCR SIGNALING PATHWAY%PATHWHIZ%PW070885	BCR SIGNALING PATHWAY%PATHWHIZ%PW070885		27	-0.31731108	-0.9616595	0.5148414	0.84084266	1.0	2852	tags=33%, list=21%, signal=42%	
PID_IL3_PATHWAY%MSIGDB_C2%PID_IL3_PATHWAY	PID_IL3_PATHWAY%MSIGDB_C2%PID_IL3_PATHWAY		18	-0.3511106	-0.96147877	0.50338817	0.8408042	1.0	3253	tags=50%, list=24%, signal=66%	
RETT SYNDROME%WIKIPATHWAYS_20260211%WP4312%HOMO SAPIENS	RETT SYNDROME%WIKIPATHWAYS_20260211%WP4312%HOMO SAPIENS		38	-0.29282764	-0.96113783	0.5169082	0.8412419	1.0	2595	tags=32%, list=19%, signal=39%	
G-CSF%IOB%G-CSF	G-CSF%IOB%G-CSF		25	-0.3265415	-0.9603774	0.50281954	0.8429872	1.0	2852	tags=36%, list=21%, signal=46%	
5Q35 COPY NUMBER VARIATION%WIKIPATHWAYS_20260211%WP5380%HOMO SAPIENS	5Q35 COPY NUMBER VARIATION%WIKIPATHWAYS_20260211%WP5380%HOMO SAPIENS		70	-0.26261413	-0.95953304	0.5269461	0.8449027	1.0	907	tags=14%, list=7%, signal=15%	
KETONE BIOSYNTHETIC PROCESS%GOBP%GO:0042181	KETONE BIOSYNTHETIC PROCESS%GOBP%GO:0042181		20	-0.3434498	-0.9595266	0.52657	0.8443472	1.0	3324	tags=40%, list=25%, signal=53%	
REGULATION OF MRNA SPLICING, VIA SPLICEOSOME%GOBP%GO:0048024	REGULATION OF MRNA SPLICING, VIA SPLICEOSOME%GOBP%GO:0048024		101	-0.24587654	-0.9594575	0.54865617	0.8439659	1.0	2865	tags=29%, list=21%, signal=36%	
REGULATION OF STEROL BIOSYNTHETIC PROCESS%GOBP%GO:0106118	REGULATION OF STEROL BIOSYNTHETIC PROCESS%GOBP%GO:0106118		19	-0.34483457	-0.9588767	0.5208333	0.8451078	1.0	3474	tags=53%, list=26%, signal=71%	
REGULATION OF PROTEIN LOCALIZATION TO CELL SURFACE%GOBP%GO:2000008	REGULATION OF PROTEIN LOCALIZATION TO CELL SURFACE%GOBP%GO:2000008		28	-0.31542015	-0.9581101	0.5221675	0.84686	1.0	1333	tags=18%, list=10%, signal=20%	
TELENCEPHALON DEVELOPMENT%GOBP%GO:0021537	TELENCEPHALON DEVELOPMENT%GOBP%GO:0021537		78	-0.25847453	-0.95780504	0.5242248	0.84720415	1.0	1653	tags=15%, list=12%, signal=17%	
ESTROGEN-DEPENDENT NUCLEAR EVENTS DOWNSTREAM OF ESR-MEMBRANE SIGNALING%REACTOME DATABASE ID RELEASE 95%9634638	ESTROGEN-DEPENDENT NUCLEAR EVENTS DOWNSTREAM OF ESR-MEMBRANE SIGNALING%REACTOME DATABASE ID RELEASE 95%9634638		18	-0.3466514	-0.95776564	0.5121007	0.84674656	1.0	3218	tags=33%, list=24%, signal=44%	
ENERGY HOMEOSTASIS%GOBP%GO:0097009	ENERGY HOMEOSTASIS%GOBP%GO:0097009		34	-0.30083573	-0.9572008	0.5256167	0.84782845	1.0	605	tags=12%, list=4%, signal=12%	
SULFUR COMPOUND TRANSPORT%GOBP%GO:0072348	SULFUR COMPOUND TRANSPORT%GOBP%GO:0072348		35	-0.30020398	-0.9570787	0.5141188	0.8476232	1.0	3686	tags=46%, list=27%, signal=63%	
FOCAL ADHESION PI3K AKT MTOR SIGNALING%WIKIPATHWAYS_20260211%WP3932%HOMO SAPIENS	FOCAL ADHESION PI3K AKT MTOR SIGNALING%WIKIPATHWAYS_20260211%WP3932%HOMO SAPIENS		191	-0.22638491	-0.95667243	0.59153634	0.8482639	1.0	3177	tags=29%, list=24%, signal=37%	
POSITIVE REGULATION OF TRANSCRIPTION BY RNA POLYMERASE III%GOBP%GO:0045945	POSITIVE REGULATION OF TRANSCRIPTION BY RNA POLYMERASE III%GOBP%GO:0045945		18	-0.35343677	-0.95656437	0.51689863	0.84802157	1.0	1403	tags=22%, list=10%, signal=25%	
METABOLISM OF STEROID HORMONES%REACTOME%R-HSA-196071.5	METABOLISM OF STEROID HORMONES%REACTOME%R-HSA-196071.5		17	-0.35248715	-0.95609057	0.5094905	0.848888	1.0	3705	tags=59%, list=27%, signal=81%	
HAIR FOLLICLE DEVELOPMENT CYTODIFFERENTIATION STAGE 3 OF 3%WIKIPATHWAYS_20260211%WP2840%HOMO SAPIENS	HAIR FOLLICLE DEVELOPMENT CYTODIFFERENTIATION STAGE 3 OF 3%WIKIPATHWAYS_20260211%WP2840%HOMO SAPIENS		43	-0.29017976	-0.95555025	0.5376648	0.84988064	1.0	1994	tags=26%, list=15%, signal=30%	
RNA STABILIZATION%GOBP%GO:0043489	RNA STABILIZATION%GOBP%GO:0043489		56	-0.2712374	-0.95500714	0.5306315	0.8509295	1.0	3420	tags=34%, list=25%, signal=45%	
DEFECTIVE B3GALTL CAUSES PPS%REACTOME DATABASE ID RELEASE 95%5083635	DEFECTIVE B3GALTL CAUSES PPS%REACTOME DATABASE ID RELEASE 95%5083635		24	-0.33243945	-0.954824	0.52114064	0.85089564	1.0	2405	tags=33%, list=18%, signal=40%	
REGULATION OF ALCOHOL BIOSYNTHETIC PROCESS%GOBP%GO:1902930	REGULATION OF ALCOHOL BIOSYNTHETIC PROCESS%GOBP%GO:1902930		28	-0.31126204	-0.9548184	0.5225677	0.85034215	1.0	3474	tags=46%, list=26%, signal=62%	
REGULATION OF G PROTEIN-COUPLED RECEPTOR SIGNALING PATHWAY%GOBP%GO:0008277	REGULATION OF G PROTEIN-COUPLED RECEPTOR SIGNALING PATHWAY%GOBP%GO:0008277		88	-0.25065333	-0.95479876	0.55100095	0.8498282	1.0	3355	tags=27%, list=25%, signal=36%	
SOMATIC DIVERSIFICATION OF IMMUNE RECEPTORS VIA GERMLINE RECOMBINATION WITHIN A SINGLE LOCUS%GOBP%GO:0002562	SOMATIC DIVERSIFICATION OF IMMUNE RECEPTORS VIA GERMLINE RECOMBINATION WITHIN A SINGLE LOCUS%GOBP%GO:0002562		18	-0.35158002	-0.9542558	0.5174693	0.8509088	1.0	2004	tags=33%, list=15%, signal=39%	
MODIFIED AMINO ACID METABOLIC PROCESS%GOBP%GO:0006575	MODIFIED AMINO ACID METABOLIC PROCESS%GOBP%GO:0006575		106	-0.24494544	-0.9542284	0.5660019	0.8504185	1.0	798	tags=10%, list=6%, signal=11%	
NEGATIVE REGULATION OF EXTRINSIC APOPTOTIC SIGNALING PATHWAY VIA DEATH DOMAIN RECEPTORS%GOBP%GO:1902042	NEGATIVE REGULATION OF EXTRINSIC APOPTOTIC SIGNALING PATHWAY VIA DEATH DOMAIN RECEPTORS%GOBP%GO:1902042		20	-0.34289104	-0.9540502	0.5190476	0.8503723	1.0	638	tags=15%, list=5%, signal=16%	
CELLULAR RESPONSE TO RADIATION%GOBP%GO:0071478	CELLULAR RESPONSE TO RADIATION%GOBP%GO:0071478		111	-0.24220455	-0.9536376	0.57197696	0.85103345	1.0	1634	tags=17%, list=12%, signal=19%	
CELLULAR RESPONSE TO STEROID HORMONE STIMULUS%GOBP%GO:0071383	CELLULAR RESPONSE TO STEROID HORMONE STIMULUS%GOBP%GO:0071383		62	-0.26720774	-0.9534069	0.5246679	0.8511698	1.0	1737	tags=19%, list=13%, signal=22%	
REGULATION OF CHOLESTEROL BIOSYNTHETIC PROCESS%GOBP%GO:0045540	REGULATION OF CHOLESTEROL BIOSYNTHETIC PROCESS%GOBP%GO:0045540		19	-0.34483457	-0.95337576	0.5089463	0.85069466	1.0	3474	tags=53%, list=26%, signal=71%	
CANONICAL WNT SIGNALING PATHWAY%GOBP%GO:0060070	CANONICAL WNT SIGNALING PATHWAY%GOBP%GO:0060070		47	-0.28137147	-0.9522654	0.53759396	0.85342777	1.0	2841	tags=28%, list=21%, signal=35%	
O-GLYCOSYLATION OF TSR DOMAIN-CONTAINING PROTEINS%REACTOME%R-HSA-5173214.3	O-GLYCOSYLATION OF TSR DOMAIN-CONTAINING PROTEINS%REACTOME%R-HSA-5173214.3		25	-0.32379937	-0.9521234	0.53193516	0.8532795	1.0	2405	tags=32%, list=18%, signal=39%	
REACTIVE OXYGEN SPECIES METABOLIC PROCESS%GOBP%GO:0072593	REACTIVE OXYGEN SPECIES METABOLIC PROCESS%GOBP%GO:0072593		48	-0.28368357	-0.95172346	0.5531514	0.853891	1.0	1823	tags=19%, list=13%, signal=22%	
REGULATION OF MUSCLE CONTRACTION%GOBP%GO:0006937	REGULATION OF MUSCLE CONTRACTION%GOBP%GO:0006937		93	-0.24885066	-0.9514648	0.5485437	0.85409564	1.0	443	tags=8%, list=3%, signal=8%	
EFFECT OF PROGERIN ON GENES INVOLVED IN PROGERIA%WIKIPATHWAYS_20260211%WP4320%HOMO SAPIENS	EFFECT OF PROGERIN ON GENES INVOLVED IN PROGERIA%WIKIPATHWAYS_20260211%WP4320%HOMO SAPIENS		16	-0.3584251	-0.9512271	0.5182342	0.8542551	1.0	3551	tags=44%, list=26%, signal=59%	
PROTEIN LOCALIZATION TO NUCLEUS%GOBP%GO:0034504	PROTEIN LOCALIZATION TO NUCLEUS%GOBP%GO:0034504		131	-0.23748703	-0.95099646	0.5889401	0.8543571	1.0	3702	tags=37%, list=27%, signal=50%	
RESPONSE TO ALCOHOL%GOBP%GO:0097305	RESPONSE TO ALCOHOL%GOBP%GO:0097305		57	-0.2697677	-0.95042634	0.53809065	0.85549635	1.0	1492	tags=18%, list=11%, signal=20%	
REGULATION OF HORMONE SECRETION%GOBP%GO:0046883	REGULATION OF HORMONE SECRETION%GOBP%GO:0046883		104	-0.2432979	-0.9500343	0.5724004	0.85610116	1.0	2960	tags=24%, list=22%, signal=31%	
DUAL INCISION IN GG-NER%REACTOME%R-HSA-5696400.3	DUAL INCISION IN GG-NER%REACTOME%R-HSA-5696400.3		39	-0.2900661	-0.9500243	0.5363129	0.85555935	1.0	3144	tags=38%, list=23%, signal=50%	
COOPERATION OF PREFOLDIN AND TRIC CCT IN ACTIN AND TUBULIN FOLDING%REACTOME DATABASE ID RELEASE 95%389958	COOPERATION OF PREFOLDIN AND TRIC CCT IN ACTIN AND TUBULIN FOLDING%REACTOME DATABASE ID RELEASE 95%389958		29	-0.30996916	-0.94991857	0.53432834	0.8553119	1.0	598	tags=14%, list=4%, signal=14%	
NEGATIVE REGULATION OF DOUBLE-STRAND BREAK REPAIR%GOBP%GO:2000780	NEGATIVE REGULATION OF DOUBLE-STRAND BREAK REPAIR%GOBP%GO:2000780		27	-0.31640857	-0.9498783	0.5403071	0.85486823	1.0	2992	tags=33%, list=22%, signal=43%	
PEPTIDYL-THREONINE PHOSPHORYLATION%GOBP%GO:0018107	PEPTIDYL-THREONINE PHOSPHORYLATION%GOBP%GO:0018107		19	-0.3426776	-0.9491564	0.5267606	0.85643274	1.0	2638	tags=37%, list=20%, signal=46%	
EMBRYONIC DIGESTIVE TRACT DEVELOPMENT%GOBP%GO:0048566	EMBRYONIC DIGESTIVE TRACT DEVELOPMENT%GOBP%GO:0048566		16	-0.36254314	-0.9491336	0.5407855	0.8559328	1.0	189	tags=13%, list=1%, signal=13%	
CYTOPROTECTION BY HMOX1%REACTOME DATABASE ID RELEASE 95%9707564	CYTOPROTECTION BY HMOX1%REACTOME DATABASE ID RELEASE 95%9707564		45	-0.28089833	-0.94849706	0.5496183	0.8572659	1.0	2640	tags=27%, list=20%, signal=33%	
RHOBTB GTPASE CYCLE%REACTOME%R-HSA-9706574.4	RHOBTB GTPASE CYCLE%REACTOME%R-HSA-9706574.4		35	-0.29577857	-0.94796777	0.53592813	0.85827494	1.0	1758	tags=17%, list=13%, signal=20%	
EPITHELIAL TO MESENCHYMAL TRANSITION IN COLORECTAL CANCER%WIKIPATHWAYS_20260211%WP4239%HOMO SAPIENS	EPITHELIAL TO MESENCHYMAL TRANSITION IN COLORECTAL CANCER%WIKIPATHWAYS_20260211%WP4239%HOMO SAPIENS		97	-0.24569395	-0.94788176	0.57129	0.85796756	1.0	1943	tags=19%, list=14%, signal=22%	
POSITIVE REGULATION OF ERBB SIGNALING PATHWAY%GOBP%GO:1901186	POSITIVE REGULATION OF ERBB SIGNALING PATHWAY%GOBP%GO:1901186		24	-0.3261039	-0.9474248	0.52478135	0.85875434	1.0	1197	tags=21%, list=9%, signal=23%	
REGULATION OF AMYLOID PRECURSOR PROTEIN CATABOLIC PROCESS%GOBP%GO:1902991	REGULATION OF AMYLOID PRECURSOR PROTEIN CATABOLIC PROCESS%GOBP%GO:1902991		34	-0.29949668	-0.9473655	0.53719807	0.8583662	1.0	1736	tags=24%, list=13%, signal=27%	
BIOGENIC AMINE METABOLIC PROCESS%GOBP%GO:0006576	BIOGENIC AMINE METABOLIC PROCESS%GOBP%GO:0006576		25	-0.32016814	-0.9469746	0.5278884	0.85895914	1.0	2906	tags=44%, list=22%, signal=56%	
RESPONSE TO FIBROBLAST GROWTH FACTOR%GOBP%GO:0071774	RESPONSE TO FIBROBLAST GROWTH FACTOR%GOBP%GO:0071774		41	-0.29044625	-0.9459706	0.5390476	0.8613468	1.0	2344	tags=24%, list=17%, signal=29%	
SIGNALING BY NODAL%REACTOME%R-HSA-1181150.3	SIGNALING BY NODAL%REACTOME%R-HSA-1181150.3		15	-0.36685973	-0.9458049	0.5311245	0.8613008	1.0	169	tags=13%, list=1%, signal=13%	
REGULATION OF T-HELPER 17 TYPE IMMUNE RESPONSE%GOBP%GO:2000316	REGULATION OF T-HELPER 17 TYPE IMMUNE RESPONSE%GOBP%GO:2000316		19	-0.34248772	-0.9448552	0.535503	0.8635631	1.0	1175	tags=16%, list=9%, signal=17%	
TRABECULA MORPHOGENESIS%GOBP%GO:0061383	TRABECULA MORPHOGENESIS%GOBP%GO:0061383		18	-0.3457099	-0.944674	0.53268296	0.8635408	1.0	3252	tags=39%, list=24%, signal=51%	
EXTRA-NUCLEAR ESTROGEN SIGNALING%REACTOME DATABASE ID RELEASE 95%9009391	EXTRA-NUCLEAR ESTROGEN SIGNALING%REACTOME DATABASE ID RELEASE 95%9009391		58	-0.2677539	-0.9437797	0.5741675	0.8656085	1.0	3352	tags=29%, list=25%, signal=39%	
NON-INTEGRIN MEMBRANE-ECM INTERACTIONS%REACTOME%R-HSA-3000171.6	NON-INTEGRIN MEMBRANE-ECM INTERACTIONS%REACTOME%R-HSA-3000171.6		50	-0.27604246	-0.94325113	0.56490874	0.86661625	1.0	1955	tags=28%, list=14%, signal=33%	
POSITIVE REGULATION OF MICROTUBULE POLYMERIZATION OR DEPOLYMERIZATION%GOBP%GO:0031112	POSITIVE REGULATION OF MICROTUBULE POLYMERIZATION OR DEPOLYMERIZATION%GOBP%GO:0031112		28	-0.3110826	-0.9426886	0.5317919	0.8677	1.0	2085	tags=25%, list=15%, signal=29%	
OTHER SEMAPHORIN INTERACTIONS%REACTOME%R-HSA-416700.3	OTHER SEMAPHORIN INTERACTIONS%REACTOME%R-HSA-416700.3		15	-0.36062104	-0.9426817	0.53486055	0.86714953	1.0	2180	tags=33%, list=16%, signal=40%	
OXIDATIVE STRESS RESPONSE%WIKIPATHWAYS_20260211%WP408%HOMO SAPIENS	OXIDATIVE STRESS RESPONSE%WIKIPATHWAYS_20260211%WP408%HOMO SAPIENS		16	-0.36301437	-0.94220644	0.5423564	0.86799914	1.0	1541	tags=19%, list=11%, signal=21%	
BIOCARTA_ERK_PATHWAY%MSIGDB_C2%BIOCARTA_ERK_PATHWAY	BIOCARTA_ERK_PATHWAY%MSIGDB_C2%BIOCARTA_ERK_PATHWAY		20	-0.33358058	-0.94147223	0.5520833	0.8696065	1.0	2852	tags=30%, list=21%, signal=38%	
CARBOHYDRATE BIOSYNTHETIC PROCESS%GOBP%GO:0016051	CARBOHYDRATE BIOSYNTHETIC PROCESS%GOBP%GO:0016051		55	-0.27034453	-0.9410577	0.5578358	0.870238	1.0	2008	tags=20%, list=15%, signal=23%	
LYMPHOCYTE MEDIATED IMMUNITY%GOBP%GO:0002449	LYMPHOCYTE MEDIATED IMMUNITY%GOBP%GO:0002449		56	-0.26962632	-0.9407784	0.56743735	0.8705039	1.0	1490	tags=16%, list=11%, signal=18%	
REGULATION OF T CELL PROLIFERATION%GOBP%GO:0042129	REGULATION OF T CELL PROLIFERATION%GOBP%GO:0042129		62	-0.26139903	-0.9405715	0.5635514	0.87054294	1.0	1323	tags=11%, list=10%, signal=12%	
REGULATION OF INSULIN SECRETION INVOLVED IN CELLULAR RESPONSE TO GLUCOSE STIMULUS%GOBP%GO:0061178	REGULATION OF INSULIN SECRETION INVOLVED IN CELLULAR RESPONSE TO GLUCOSE STIMULUS%GOBP%GO:0061178		19	-0.33785596	-0.9404327	0.5393586	0.87038136	1.0	2960	tags=42%, list=22%, signal=54%	
UNFOLDED PROTEIN RESPONSE (UPR)%REACTOME%R-HSA-381119.4	UNFOLDED PROTEIN RESPONSE (UPR)%REACTOME%R-HSA-381119.4		86	-0.24885705	-0.939846	0.6054872	0.87153304	1.0	1615	tags=19%, list=12%, signal=21%	
PEPTIDYL-THREONINE MODIFICATION%GOBP%GO:0018210	PEPTIDYL-THREONINE MODIFICATION%GOBP%GO:0018210		19	-0.3426776	-0.9393872	0.5371486	0.8723235	1.0	2638	tags=37%, list=20%, signal=46%	
KIDNEY DEVELOPMENT%REACTOME DATABASE ID RELEASE 95%9830369	KIDNEY DEVELOPMENT%REACTOME DATABASE ID RELEASE 95%9830369		25	-0.315892	-0.9393126	0.53431374	0.8719941	1.0	3437	tags=36%, list=25%, signal=48%	
PLACENTA DEVELOPMENT%GOBP%GO:0001890	PLACENTA DEVELOPMENT%GOBP%GO:0001890		37	-0.2931305	-0.9392562	0.5610236	0.8715988	1.0	2142	tags=22%, list=16%, signal=26%	
PLATELET ACTIVATION, SIGNALING AND AGGREGATION%REACTOME DATABASE ID RELEASE 95%76002	PLATELET ACTIVATION, SIGNALING AND AGGREGATION%REACTOME DATABASE ID RELEASE 95%76002		183	-0.22379707	-0.9384126	0.640367	0.87349516	1.0	1573	tags=14%, list=12%, signal=16%	
REGULATION OF T-HELPER 17 CELL DIFFERENTIATION%GOBP%GO:2000319	REGULATION OF T-HELPER 17 CELL DIFFERENTIATION%GOBP%GO:2000319		17	-0.34921843	-0.9383877	0.56299216	0.87299633	1.0	1175	tags=18%, list=9%, signal=19%	
EXTRINSIC APOPTOTIC SIGNALING PATHWAY%GOBP%GO:0097191	EXTRINSIC APOPTOTIC SIGNALING PATHWAY%GOBP%GO:0097191		62	-0.26339105	-0.9382849	0.5780795	0.87272877	1.0	638	tags=11%, list=5%, signal=12%	
BIOCARTA_IL2_PATHWAY%MSIGDB_C2%BIOCARTA_IL2_PATHWAY	BIOCARTA_IL2_PATHWAY%MSIGDB_C2%BIOCARTA_IL2_PATHWAY		15	-0.3694923	-0.938192	0.55111974	0.8724148	1.0	783	tags=13%, list=6%, signal=14%	
NON-CANONICAL WNT SIGNALING PATHWAY%GOBP%GO:0035567	NON-CANONICAL WNT SIGNALING PATHWAY%GOBP%GO:0035567		34	-0.29537943	-0.9380853	0.56626505	0.872155	1.0	2342	tags=21%, list=17%, signal=25%	
POSITIVE REGULATION OF LYMPHOCYTE MIGRATION%GOBP%GO:2000403	POSITIVE REGULATION OF LYMPHOCYTE MIGRATION%GOBP%GO:2000403		22	-0.3261413	-0.9371089	0.5555556	0.8744798	1.0	3606	tags=32%, list=27%, signal=43%	
REGULATION OF MITOTIC SPINDLE ASSEMBLY%GOBP%GO:1901673	REGULATION OF MITOTIC SPINDLE ASSEMBLY%GOBP%GO:1901673		22	-0.32929775	-0.9368963	0.5409674	0.87455416	1.0	1577	tags=23%, list=12%, signal=26%	
NEGATIVE REGULATION OF OSTEOBLAST DIFFERENTIATION%GOBP%GO:0045668	NEGATIVE REGULATION OF OSTEOBLAST DIFFERENTIATION%GOBP%GO:0045668		27	-0.3134465	-0.9368687	0.53294575	0.8740692	1.0	1444	tags=22%, list=11%, signal=25%	
KIT RECEPTOR SIGNALING%WIKIPATHWAYS_20260211%WP304%HOMO SAPIENS	KIT RECEPTOR SIGNALING%WIKIPATHWAYS_20260211%WP304%HOMO SAPIENS		39	-0.28760114	-0.9367947	0.56492245	0.87372094	1.0	3290	tags=33%, list=24%, signal=44%	
MONOSACCHARIDE CATABOLIC PROCESS%GOBP%GO:0046365	MONOSACCHARIDE CATABOLIC PROCESS%GOBP%GO:0046365		33	-0.29591396	-0.93669266	0.5768854	0.8734503	1.0	3065	tags=33%, list=23%, signal=43%	
MIDBRAIN DEVELOPMENT%GOBP%GO:0030901	MIDBRAIN DEVELOPMENT%GOBP%GO:0030901		48	-0.274103	-0.9352209	0.5561173	0.87717205	1.0	1682	tags=17%, list=12%, signal=19%	
POSITIVE REGULATION OF VIRAL PROCESS%GOBP%GO:0048524	POSITIVE REGULATION OF VIRAL PROCESS%GOBP%GO:0048524		49	-0.27293748	-0.93456376	0.5925563	0.8785481	1.0	1094	tags=14%, list=8%, signal=15%	
MECHANOREGULATION AND PATHOLOGY OF YAP TAZ VIA HIPPO AND NON HIPPO MECHANISMS%WIKIPATHWAYS_20260211%WP4534%HOMO SAPIENS	MECHANOREGULATION AND PATHOLOGY OF YAP TAZ VIA HIPPO AND NON HIPPO MECHANISMS%WIKIPATHWAYS_20260211%WP4534%HOMO SAPIENS		29	-0.30573225	-0.934515	0.55009824	0.87812495	1.0	2748	tags=34%, list=20%, signal=43%	
ENDOTHELIAL CELL MIGRATION%GOBP%GO:0043542	ENDOTHELIAL CELL MIGRATION%GOBP%GO:0043542		44	-0.27876163	-0.93267936	0.5696325	0.88294035	1.0	3253	tags=32%, list=24%, signal=42%	
CELLULAR RESPONSE TO ALCOHOL%GOBP%GO:0097306	CELLULAR RESPONSE TO ALCOHOL%GOBP%GO:0097306		43	-0.28018045	-0.932152	0.58242846	0.88393605	1.0	2900	tags=33%, list=21%, signal=41%	
EPIGENETIC PROGRAMMING OF GENE EXPRESSION%GOBP%GO:0043045	EPIGENETIC PROGRAMMING OF GENE EXPRESSION%GOBP%GO:0043045		15	-0.36128125	-0.9320841	0.5491968	0.8835673	1.0	1627	tags=27%, list=12%, signal=30%	
PID_HDAC_CLASSI_PATHWAY%MSIGDB_C2%PID_HDAC_CLASSI_PATHWAY	PID_HDAC_CLASSI_PATHWAY%MSIGDB_C2%PID_HDAC_CLASSI_PATHWAY		52	-0.2702617	-0.9318393	0.58524424	0.8837067	1.0	3638	tags=37%, list=27%, signal=50%	
COLLAGEN FIBRIL ORGANIZATION%GOBP%GO:0030199	COLLAGEN FIBRIL ORGANIZATION%GOBP%GO:0030199		45	-0.2779171	-0.93125814	0.5768116	0.88482386	1.0	3147	tags=29%, list=23%, signal=38%	
PID_IL2_1PATHWAY%MSIGDB_C2%PID_IL2_1PATHWAY	PID_IL2_1PATHWAY%MSIGDB_C2%PID_IL2_1PATHWAY		41	-0.28317603	-0.9311882	0.5913978	0.8844619	1.0	3253	tags=32%, list=24%, signal=42%	
REGULATION OF RECEPTOR INTERNALIZATION%GOBP%GO:0002090	REGULATION OF RECEPTOR INTERNALIZATION%GOBP%GO:0002090		41	-0.28388044	-0.9304205	0.5777998	0.8861079	1.0	2291	tags=24%, list=17%, signal=29%	
CEREBRAL CORTEX CELL MIGRATION%GOBP%GO:0021795	CEREBRAL CORTEX CELL MIGRATION%GOBP%GO:0021795		16	-0.35093352	-0.9301311	0.5581623	0.8863961	1.0	770	tags=19%, list=6%, signal=20%	
REGULATION OF RAS PROTEIN SIGNAL TRANSDUCTION%GOBP%GO:0046578	REGULATION OF RAS PROTEIN SIGNAL TRANSDUCTION%GOBP%GO:0046578		31	-0.30346343	-0.9299095	0.56508875	0.8864877	1.0	1992	tags=19%, list=15%, signal=23%	
SIGNALING BY NON-RECEPTOR TYROSINE KINASES%REACTOME DATABASE ID RELEASE 95%9006927	SIGNALING BY NON-RECEPTOR TYROSINE KINASES%REACTOME DATABASE ID RELEASE 95%9006927		45	-0.27363393	-0.92973506	0.5838323	0.88643867	1.0	2368	tags=22%, list=18%, signal=27%	
REGULATION OF ENDOTHELIAL CELL MIGRATION%GOBP%GO:0010594	REGULATION OF ENDOTHELIAL CELL MIGRATION%GOBP%GO:0010594		124	-0.23335424	-0.92969096	0.63129	0.8859889	1.0	2718	tags=23%, list=20%, signal=28%	
NEGATIVE REGULATION OF HIPPO SIGNALING%GOBP%GO:0035331	NEGATIVE REGULATION OF HIPPO SIGNALING%GOBP%GO:0035331		24	-0.3190802	-0.9290344	0.54750246	0.887281	1.0	1669	tags=25%, list=12%, signal=28%	
REGULATION OF DENDRITE DEVELOPMENT%GOBP%GO:0050773	REGULATION OF DENDRITE DEVELOPMENT%GOBP%GO:0050773		47	-0.27231455	-0.92882067	0.5721344	0.8873219	1.0	2026	tags=23%, list=15%, signal=27%	
REGULATION OF GTPASE ACTIVITY%GOBP%GO:0043087	REGULATION OF GTPASE ACTIVITY%GOBP%GO:0043087		100	-0.24302898	-0.92825437	0.6270718	0.8883644	1.0	1668	tags=18%, list=12%, signal=20%	
PEROXISOMAL MEMBRANE TRANSPORT%GOBP%GO:0015919	PEROXISOMAL MEMBRANE TRANSPORT%GOBP%GO:0015919		19	-0.33452967	-0.92814785	0.5694165	0.8881095	1.0	2557	tags=37%, list=19%, signal=45%	
HALLMARK_EPITHELIAL_MESENCHYMAL_TRANSITION%MSIGDBHALLMARK%HALLMARK_EPITHELIAL_MESENCHYMAL_TRANSITION	HALLMARK_EPITHELIAL_MESENCHYMAL_TRANSITION%MSIGDBHALLMARK%HALLMARK_EPITHELIAL_MESENCHYMAL_TRANSITION		134	-0.2295889	-0.9278733	0.6183206	0.8883559	1.0	1994	tags=17%, list=15%, signal=20%	
PID_IL8_CXCR2_PATHWAY%MSIGDB_C2%PID_IL8_CXCR2_PATHWAY	PID_IL8_CXCR2_PATHWAY%MSIGDB_C2%PID_IL8_CXCR2_PATHWAY		18	-0.3449791	-0.92779946	0.5711501	0.8879974	1.0	2496	tags=33%, list=18%, signal=41%	
INTEGRATIVE ANALYSIS OF TREG GLIAL INTERACTIONS %WIKIPATHWAYS_20260211%WP5561%HOMO SAPIENS	INTEGRATIVE ANALYSIS OF TREG GLIAL INTERACTIONS %WIKIPATHWAYS_20260211%WP5561%HOMO SAPIENS		59	-0.26218697	-0.9277584	0.5862745	0.8875562	1.0	245	tags=7%, list=2%, signal=7%	
PEROXISOMAL TRANSPORT%GOBP%GO:0043574	PEROXISOMAL TRANSPORT%GOBP%GO:0043574		19	-0.33452967	-0.92766905	0.5516908	0.8872397	1.0	2557	tags=37%, list=19%, signal=45%	
POSITIVE REGULATION OF ERK1 AND ERK2 CASCADE%GOBP%GO:0070374	POSITIVE REGULATION OF ERK1 AND ERK2 CASCADE%GOBP%GO:0070374		80	-0.25065666	-0.926855	0.5990566	0.88903075	1.0	3618	tags=34%, list=27%, signal=46%	
CELL-SUBSTRATE ADHESION%GOBP%GO:0031589	CELL-SUBSTRATE ADHESION%GOBP%GO:0031589		116	-0.2354397	-0.9265817	0.63875824	0.8892682	1.0	2320	tags=25%, list=17%, signal=30%	
ANTERIOR/POSTERIOR PATTERN SPECIFICATION%GOBP%GO:0009952	ANTERIOR/POSTERIOR PATTERN SPECIFICATION%GOBP%GO:0009952		58	-0.26551336	-0.92640203	0.6007752	0.88925326	1.0	3034	tags=29%, list=22%, signal=38%	
CELLULAR RESPONSE TO TRANSFORMING GROWTH FACTOR BETA STIMULUS%GOBP%GO:0071560	CELLULAR RESPONSE TO TRANSFORMING GROWTH FACTOR BETA STIMULUS%GOBP%GO:0071560		82	-0.24513964	-0.9262257	0.6219865	0.88920176	1.0	3321	tags=35%, list=25%, signal=47%	
REGULATION OF NEURON MIGRATION%GOBP%GO:2001222	REGULATION OF NEURON MIGRATION%GOBP%GO:2001222		27	-0.31038326	-0.92599595	0.56654346	0.8893	1.0	1551	tags=26%, list=11%, signal=29%	
TRANSCRIPTIONAL REGULATION OF WHITE ADIPOCYTE DIFFERENTIATION%REACTOME%R-HSA-381340.5	TRANSCRIPTIONAL REGULATION OF WHITE ADIPOCYTE DIFFERENTIATION%REACTOME%R-HSA-381340.5		73	-0.250471	-0.9257457	0.5994398	0.8894912	1.0	3283	tags=32%, list=24%, signal=41%	
B-WICH COMPLEX POSITIVELY REGULATES RRNA EXPRESSION%REACTOME%R-HSA-5250924.4	B-WICH COMPLEX POSITIVELY REGULATES RRNA EXPRESSION%REACTOME%R-HSA-5250924.4		27	-0.30607718	-0.9243748	0.5795796	0.89288104	1.0	2658	tags=33%, list=20%, signal=41%	
RESPONSE TO EPIDERMAL GROWTH FACTOR%GOBP%GO:0070849	RESPONSE TO EPIDERMAL GROWTH FACTOR%GOBP%GO:0070849		28	-0.30368942	-0.923174	0.5719921	0.89576024	1.0	908	tags=14%, list=7%, signal=15%	
NUCLEAR ENVELOPE ORGANIZATION%GOBP%GO:0006998	NUCLEAR ENVELOPE ORGANIZATION%GOBP%GO:0006998		52	-0.26793724	-0.92233264	0.60339946	0.89762014	1.0	2326	tags=27%, list=17%, signal=32%	
REGULATION OF BETA-CELL DEVELOPMENT%REACTOME DATABASE ID RELEASE 95%186712	REGULATION OF BETA-CELL DEVELOPMENT%REACTOME DATABASE ID RELEASE 95%186712		23	-0.31805444	-0.92192566	0.57075024	0.89820564	1.0	3345	tags=35%, list=25%, signal=46%	
NEURODEGENERATIVE DISEASES%REACTOME DATABASE ID RELEASE 95%8863678	NEURODEGENERATIVE DISEASES%REACTOME DATABASE ID RELEASE 95%8863678		19	-0.3329161	-0.9217367	0.5615616	0.8981822	1.0	1316	tags=21%, list=10%, signal=23%	
POSITIVE REGULATION OF SPROUTING ANGIOGENESIS%GOBP%GO:1903672	POSITIVE REGULATION OF SPROUTING ANGIOGENESIS%GOBP%GO:1903672		16	-0.35060203	-0.9217336	0.56634617	0.8976197	1.0	2476	tags=25%, list=18%, signal=31%	
NEGATIVE REGULATION OF TRANSMEMBRANE RECEPTOR PROTEIN SERINE/THREONINE KINASE SIGNALING PATHWAY%GOBP%GO:0090101	NEGATIVE REGULATION OF TRANSMEMBRANE RECEPTOR PROTEIN SERINE/THREONINE KINASE SIGNALING PATHWAY%GOBP%GO:0090101		93	-0.23967409	-0.9214906	0.63779527	0.89773613	1.0	2166	tags=18%, list=16%, signal=22%	
EGR2 AND SOX10-MEDIATED INITIATION OF SCHWANN CELL MYELINATION%REACTOME%R-HSA-9619665.3	EGR2 AND SOX10-MEDIATED INITIATION OF SCHWANN CELL MYELINATION%REACTOME%R-HSA-9619665.3		25	-0.31438163	-0.92102706	0.5952381	0.89851165	1.0	3030	tags=48%, list=22%, signal=62%	
DEREGULATED CDK5 TRIGGERS MULTIPLE NEURODEGENERATIVE PATHWAYS IN ALZHEIMER'S DISEASE MODELS%REACTOME DATABASE ID RELEASE 95%8862803	DEREGULATED CDK5 TRIGGERS MULTIPLE NEURODEGENERATIVE PATHWAYS IN ALZHEIMER'S DISEASE MODELS%REACTOME DATABASE ID RELEASE 95%8862803		19	-0.3329161	-0.920864	0.57171714	0.89841044	1.0	1316	tags=21%, list=10%, signal=23%	
S1P RECEPTOR SIGNAL TRANSDUCTION%WIKIPATHWAYS_20260211%WP26%HOMO SAPIENS	S1P RECEPTOR SIGNAL TRANSDUCTION%WIKIPATHWAYS_20260211%WP26%HOMO SAPIENS		16	-0.34856534	-0.92014235	0.5903258	0.89989465	1.0	3018	tags=38%, list=22%, signal=48%	
MACROPHAGE DIFFERENTIATION%GOBP%GO:0030225	MACROPHAGE DIFFERENTIATION%GOBP%GO:0030225		19	-0.33132502	-0.9200047	0.57455266	0.89973426	1.0	638	tags=11%, list=5%, signal=11%	
REGULATION OF HEART RATE BY CARDIAC CONDUCTION%GOBP%GO:0086091	REGULATION OF HEART RATE BY CARDIAC CONDUCTION%GOBP%GO:0086091		25	-0.3137698	-0.91956127	0.58897483	0.90041476	1.0	140	tags=8%, list=1%, signal=8%	
ADP SIGNALLING THROUGH P2Y PURINOCEPTOR 12%REACTOME DATABASE ID RELEASE 95%392170	ADP SIGNALLING THROUGH P2Y PURINOCEPTOR 12%REACTOME DATABASE ID RELEASE 95%392170		18	-0.33691987	-0.91948503	0.57293665	0.9000631	1.0	1258	tags=17%, list=9%, signal=18%	
PID_IL2_STAT5_PATHWAY%MSIGDB_C2%PID_IL2_STAT5_PATHWAY	PID_IL2_STAT5_PATHWAY%MSIGDB_C2%PID_IL2_STAT5_PATHWAY		22	-0.3195043	-0.9191736	0.5618861	0.9004011	1.0	3762	tags=45%, list=28%, signal=63%	
EGF EGFR SIGNALING%WIKIPATHWAYS_20260211%WP437%HOMO SAPIENS	EGF EGFR SIGNALING%WIKIPATHWAYS_20260211%WP437%HOMO SAPIENS		112	-0.23127966	-0.91810703	0.6371595	0.9029277	1.0	3044	tags=28%, list=23%, signal=35%	
NEGATIVE REGULATION OF MUSCLE CELL APOPTOTIC PROCESS%GOBP%GO:0010656	NEGATIVE REGULATION OF MUSCLE CELL APOPTOTIC PROCESS%GOBP%GO:0010656		18	-0.33429724	-0.9178157	0.5769231	0.9032134	1.0	2065	tags=22%, list=15%, signal=26%	
TCR SIGNALING IN NAIVE CD4+ T CELLS%PATHWAY INTERACTION DATABASE NCI-NATURE CURATED DATA%TCR SIGNALING IN NAIVE CD4+ T CELLS	TCR SIGNALING IN NAIVE CD4+ T CELLS%PATHWAY INTERACTION DATABASE NCI-NATURE CURATED DATA%TCR SIGNALING IN NAIVE CD4+ T CELLS		44	-0.2735085	-0.91754603	0.6027001	0.903411	1.0	1245	tags=16%, list=9%, signal=17%	
SIGNALING BY ALK IN CANCER%REACTOME%R-HSA-9700206.5	SIGNALING BY ALK IN CANCER%REACTOME%R-HSA-9700206.5		78	-0.24679348	-0.91735554	0.6278607	0.9033923	1.0	1141	tags=13%, list=8%, signal=14%	
CHEMOKINE SIGNALING%WIKIPATHWAYS_20260211%WP3929%HOMO SAPIENS	CHEMOKINE SIGNALING%WIKIPATHWAYS_20260211%WP3929%HOMO SAPIENS		92	-0.24189061	-0.91723114	0.6565465	0.9031873	1.0	1284	tags=14%, list=10%, signal=16%	
PHOTODYNAMIC THERAPY INDUCED NFE2L2 NRF2 SURVIVAL SIGNALING%WIKIPATHWAYS_20260211%WP3612%HOMO SAPIENS	PHOTODYNAMIC THERAPY INDUCED NFE2L2 NRF2 SURVIVAL SIGNALING%WIKIPATHWAYS_20260211%WP3612%HOMO SAPIENS		19	-0.33497837	-0.9155549	0.5871212	0.9073795	1.0	4834	tags=53%, list=36%, signal=82%	
ICOSANOID BIOSYNTHETIC PROCESS%GOBP%GO:0046456	ICOSANOID BIOSYNTHETIC PROCESS%GOBP%GO:0046456		22	-0.31888494	-0.9147989	0.58429116	0.9089732	1.0	978	tags=18%, list=7%, signal=20%	
REGULATION OF MORPHOGENESIS OF A BRANCHING STRUCTURE%GOBP%GO:0060688	REGULATION OF MORPHOGENESIS OF A BRANCHING STRUCTURE%GOBP%GO:0060688		21	-0.3167509	-0.914627	0.602	0.90891135	1.0	986	tags=14%, list=7%, signal=15%	
APOPTOTIC SIGNALING PATHWAY%GOBP%GO:0097190	APOPTOTIC SIGNALING PATHWAY%GOBP%GO:0097190		195	-0.21524261	-0.91461915	0.70566386	0.9083665	1.0	892	tags=10%, list=7%, signal=10%	
INACTIVATION OF APC C VIA DIRECT INHIBITION OF THE APC C COMPLEX%REACTOME%R-HSA-141430.3	INACTIVATION OF APC C VIA DIRECT INHIBITION OF THE APC C COMPLEX%REACTOME%R-HSA-141430.3		21	-0.32208118	-0.9146113	0.5613208	0.90781754	1.0	2151	tags=24%, list=16%, signal=28%	
SIGNALING BY PTK6%REACTOME DATABASE ID RELEASE 95%8848021	SIGNALING BY PTK6%REACTOME DATABASE ID RELEASE 95%8848021		45	-0.27363393	-0.91448104	0.6071094	0.90762043	1.0	2368	tags=22%, list=18%, signal=27%	
HEXOSE BIOSYNTHETIC PROCESS%GOBP%GO:0019319	HEXOSE BIOSYNTHETIC PROCESS%GOBP%GO:0019319		27	-0.3051979	-0.9139133	0.5841785	0.9086986	1.0	1649	tags=19%, list=12%, signal=21%	
NOTCH SIGNALING%WIKIPATHWAYS_20260211%WP61%HOMO SAPIENS	NOTCH SIGNALING%WIKIPATHWAYS_20260211%WP61%HOMO SAPIENS		39	-0.27718627	-0.91356725	0.5933852	0.9091156	1.0	3345	tags=33%, list=25%, signal=44%	
CELL-EXTRACELLULAR MATRIX INTERACTIONS%REACTOME DATABASE ID RELEASE 95%446353	CELL-EXTRACELLULAR MATRIX INTERACTIONS%REACTOME DATABASE ID RELEASE 95%446353		16	-0.34290394	-0.9135218	0.58237547	0.90867656	1.0	1592	tags=25%, list=12%, signal=28%	
NUCLEOSIDE MONOPHOSPHATE METABOLIC PROCESS%GOBP%GO:0009123	NUCLEOSIDE MONOPHOSPHATE METABOLIC PROCESS%GOBP%GO:0009123		36	-0.28741053	-0.9128543	0.60368216	0.9100362	1.0	1754	tags=19%, list=13%, signal=22%	
SIGNALING BY ALK FUSIONS AND ACTIVATED POINT MUTANTS%REACTOME%R-HSA-9725370.3	SIGNALING BY ALK FUSIONS AND ACTIVATED POINT MUTANTS%REACTOME%R-HSA-9725370.3		78	-0.24679348	-0.9127431	0.6159004	0.90979505	1.0	1141	tags=13%, list=8%, signal=14%	
OVARIAN INFERTILITY%WIKIPATHWAYS_20260211%WP34%HOMO SAPIENS	OVARIAN INFERTILITY%WIKIPATHWAYS_20260211%WP34%HOMO SAPIENS		20	-0.32272023	-0.91199106	0.6042084	0.9114185	1.0	2157	tags=20%, list=16%, signal=24%	
REGULATION OF MYELINATION%GOBP%GO:0031641	REGULATION OF MYELINATION%GOBP%GO:0031641		19	-0.33072317	-0.9116927	0.59467757	0.91174436	1.0	2861	tags=32%, list=21%, signal=40%	
HEDGEHOG%NETPATH%HEDGEHOG	HEDGEHOG%NETPATH%HEDGEHOG		17	-0.3397066	-0.9105849	0.5877193	0.91436976	1.0	2864	tags=41%, list=21%, signal=52%	
REGULATION OF LAMELLIPODIUM ORGANIZATION%GOBP%GO:1902743	REGULATION OF LAMELLIPODIUM ORGANIZATION%GOBP%GO:1902743		38	-0.28011614	-0.9104404	0.6004036	0.9142062	1.0	3253	tags=26%, list=24%, signal=35%	
NEGATIVE REGULATION OF TRANSFORMING GROWTH FACTOR BETA RECEPTOR SIGNALING PATHWAY%GOBP%GO:0030512	NEGATIVE REGULATION OF TRANSFORMING GROWTH FACTOR BETA RECEPTOR SIGNALING PATHWAY%GOBP%GO:0030512		65	-0.25301322	-0.9098173	0.64285713	0.91541755	1.0	2668	tags=22%, list=20%, signal=27%	
WNT SIGNALING IN KIDNEY DISEASE%WIKIPATHWAYS_20260211%WP4150%HOMO SAPIENS	WNT SIGNALING IN KIDNEY DISEASE%WIKIPATHWAYS_20260211%WP4150%HOMO SAPIENS		22	-0.31616366	-0.9097129	0.5807087	0.91514504	1.0	2841	tags=32%, list=21%, signal=40%	
GAMMA CARBOXYLATION, HYPUSINYLATION, HYDROXYLATION, AND ARYLSULFATASE ACTIVATION%REACTOME DATABASE ID RELEASE 95%163841	GAMMA CARBOXYLATION, HYPUSINYLATION, HYDROXYLATION, AND ARYLSULFATASE ACTIVATION%REACTOME DATABASE ID RELEASE 95%163841		50	-0.26422882	-0.90968347	0.6319312	0.914663	1.0	953	tags=14%, list=7%, signal=15%	
BIOCARTA_INTEGRIN_PATHWAY%MSIGDB_C2%BIOCARTA_INTEGRIN_PATHWAY	BIOCARTA_INTEGRIN_PATHWAY%MSIGDB_C2%BIOCARTA_INTEGRIN_PATHWAY		27	-0.3021717	-0.9096043	0.6137931	0.91431564	1.0	3183	tags=33%, list=24%, signal=44%	
VIRAL MESSENGER RNA SYNTHESIS%REACTOME DATABASE ID RELEASE 95%168325	VIRAL MESSENGER RNA SYNTHESIS%REACTOME DATABASE ID RELEASE 95%168325		40	-0.2784285	-0.9094292	0.61974585	0.9142545	1.0	2161	tags=28%, list=16%, signal=33%	
RESPONSE TO TRANSFORMING GROWTH FACTOR BETA%GOBP%GO:0071559	RESPONSE TO TRANSFORMING GROWTH FACTOR BETA%GOBP%GO:0071559		88	-0.23966676	-0.90927655	0.65937203	0.9141174	1.0	3355	tags=35%, list=25%, signal=47%	
REGULATORY CIRCUITS OF STAT3 SIGNALING%WIKIPATHWAYS_20260211%WP4538%HOMO SAPIENS	REGULATORY CIRCUITS OF STAT3 SIGNALING%WIKIPATHWAYS_20260211%WP4538%HOMO SAPIENS		54	-0.26125506	-0.90911067	0.6333992	0.91401684	1.0	2638	tags=24%, list=20%, signal=30%	
DEADENYLATION-DEPENDENT MRNA DECAY%REACTOME%R-HSA-429914.4	DEADENYLATION-DEPENDENT MRNA DECAY%REACTOME%R-HSA-429914.4		49	-0.26688895	-0.90859205	0.6159769	0.91495293	1.0	2384	tags=24%, list=18%, signal=30%	
PYROPTOSIS%REACTOME DATABASE ID RELEASE 95%5620971	PYROPTOSIS%REACTOME DATABASE ID RELEASE 95%5620971		19	-0.33232206	-0.9077757	0.5851927	0.9167181	1.0	1976	tags=26%, list=15%, signal=31%	
VITAMIN D IN INFLAMMATORY DISEASES%WIKIPATHWAYS_20260211%WP4482%HOMO SAPIENS	VITAMIN D IN INFLAMMATORY DISEASES%WIKIPATHWAYS_20260211%WP4482%HOMO SAPIENS		18	-0.33145544	-0.90775996	0.5979381	0.9161929	1.0	1231	tags=17%, list=9%, signal=18%	
REGULATION OF CDC42 ACTIVITY%PATHWAY INTERACTION DATABASE NCI-NATURE CURATED DATA%REGULATION OF CDC42 ACTIVITY	REGULATION OF CDC42 ACTIVITY%PATHWAY INTERACTION DATABASE NCI-NATURE CURATED DATA%REGULATION OF CDC42 ACTIVITY		29	-0.2997521	-0.9069437	0.5844278	0.9179586	1.0	2938	tags=31%, list=22%, signal=40%	
RNA 3'-END PROCESSING%GOBP%GO:0031123	RNA 3'-END PROCESSING%GOBP%GO:0031123		69	-0.24927455	-0.90692174	0.6521336	0.9174542	1.0	3022	tags=32%, list=22%, signal=41%	
EMBRYONIC SKELETAL SYSTEM DEVELOPMENT%GOBP%GO:0048706	EMBRYONIC SKELETAL SYSTEM DEVELOPMENT%GOBP%GO:0048706		46	-0.26857546	-0.9059374	0.6345794	0.9196395	1.0	955	tags=13%, list=7%, signal=14%	
INHIBITION OF THE PROTEOLYTIC ACTIVITY OF APC C REQUIRED FOR THE ONSET OF ANAPHASE BY MITOTIC SPINDLE CHECKPOINT COMPONENTS%REACTOME DATABASE ID RELEASE 95%141405	INHIBITION OF THE PROTEOLYTIC ACTIVITY OF APC C REQUIRED FOR THE ONSET OF ANAPHASE BY MITOTIC SPINDLE CHECKPOINT COMPONENTS%REACTOME DATABASE ID RELEASE 95%141405		21	-0.32208118	-0.905617	0.5940212	0.9199587	1.0	2151	tags=24%, list=16%, signal=28%	
REGULATION OF CARTILAGE DEVELOPMENT%GOBP%GO:0061035	REGULATION OF CARTILAGE DEVELOPMENT%GOBP%GO:0061035		27	-0.29954213	-0.9054342	0.6060606	0.91990334	1.0	417	tags=7%, list=3%, signal=8%	
BIOLOGICAL PROCESS INVOLVED IN INTERACTION WITH HOST%GOBP%GO:0051701	BIOLOGICAL PROCESS INVOLVED IN INTERACTION WITH HOST%GOBP%GO:0051701		58	-0.25650227	-0.9049295	0.62414134	0.9207896	1.0	328	tags=9%, list=2%, signal=9%	
SYNTHESIS OF GLYCOSYLPHOSPHATIDYLINOSITOL (GPI)%REACTOME%R-HSA-162710.6	SYNTHESIS OF GLYCOSYLPHOSPHATIDYLINOSITOL (GPI)%REACTOME%R-HSA-162710.6		16	-0.3431191	-0.9047556	0.5831643	0.920701	1.0	2869	tags=38%, list=21%, signal=48%	
PHENYTOIN (ANTIARRHYTHMIC) ACTION PATHWAY%PATHWHIZ%PW000380	PHENYTOIN (ANTIARRHYTHMIC) ACTION PATHWAY%PATHWHIZ%PW000380		43	-0.27057058	-0.9045866	0.63243765	0.92060566	1.0	3316	tags=37%, list=25%, signal=49%	
CRANIAL NERVE DEVELOPMENT%GOBP%GO:0021545	CRANIAL NERVE DEVELOPMENT%GOBP%GO:0021545		20	-0.32577008	-0.904561	0.6065259	0.92010915	1.0	891	tags=10%, list=7%, signal=11%	
POSITIVE REGULATION OF D-GLUCOSE IMPORT ACROSS PLASMA MEMBRANE%GOBP%GO:0046326	POSITIVE REGULATION OF D-GLUCOSE IMPORT ACROSS PLASMA MEMBRANE%GOBP%GO:0046326		17	-0.33271375	-0.90429133	0.6016016	0.92029095	1.0	3289	tags=29%, list=24%, signal=39%	
KETONE METABOLIC PROCESS%GOBP%GO:0042180	KETONE METABOLIC PROCESS%GOBP%GO:0042180		42	-0.27398616	-0.9036419	0.63032705	0.9215886	1.0	3366	tags=36%, list=25%, signal=47%	
MRNA STABILIZATION%GOBP%GO:0048255	MRNA STABILIZATION%GOBP%GO:0048255		44	-0.26964167	-0.90353346	0.62355214	0.92132205	1.0	2616	tags=25%, list=19%, signal=31%	
TRANSCRIPTIONAL AND POST-TRANSLATIONAL REGULATION OF MITF-M EXPRESSION AND ACTIVITY%REACTOME DATABASE ID RELEASE 95%9856649	TRANSCRIPTIONAL AND POST-TRANSLATIONAL REGULATION OF MITF-M EXPRESSION AND ACTIVITY%REACTOME DATABASE ID RELEASE 95%9856649		40	-0.27435935	-0.90346783	0.61830574	0.92093605	1.0	2580	tags=23%, list=19%, signal=28%	
MIDBODY ABSCISSION%GOBP%GO:0061952	MIDBODY ABSCISSION%GOBP%GO:0061952		22	-0.317019	-0.9032827	0.59122634	0.92086726	1.0	1759	tags=27%, list=13%, signal=31%	
CYTOKINE CYTOKINE RECEPTOR INTERACTION%WIKIPATHWAYS_20260211%WP5473%HOMO SAPIENS	CYTOKINE CYTOKINE RECEPTOR INTERACTION%WIKIPATHWAYS_20260211%WP5473%HOMO SAPIENS		90	-0.23866373	-0.90321493	0.6691871	0.92049724	1.0	4025	tags=33%, list=30%, signal=47%	
POSITIVE REGULATION OF CHOLESTEROL EFFLUX%GOBP%GO:0010875	POSITIVE REGULATION OF CHOLESTEROL EFFLUX%GOBP%GO:0010875		16	-0.34550476	-0.902597	0.5968689	0.9216718	1.0	1473	tags=19%, list=11%, signal=21%	
ORGAN GROWTH%GOBP%GO:0035265	ORGAN GROWTH%GOBP%GO:0035265		24	-0.30780512	-0.90195537	0.6135217	0.922912	1.0	3047	tags=38%, list=23%, signal=48%	
AXONEME ASSEMBLY%GOBP%GO:0035082	AXONEME ASSEMBLY%GOBP%GO:0035082		41	-0.2724665	-0.9017644	0.6273585	0.92288536	1.0	1185	tags=15%, list=9%, signal=16%	
CXCR3-MEDIATED SIGNALING EVENTS%PATHWAY INTERACTION DATABASE NCI-NATURE CURATED DATA%CXCR3-MEDIATED SIGNALING EVENTS	CXCR3-MEDIATED SIGNALING EVENTS%PATHWAY INTERACTION DATABASE NCI-NATURE CURATED DATA%CXCR3-MEDIATED SIGNALING EVENTS		32	-0.29160184	-0.90084213	0.62537163	0.92493683	1.0	1581	tags=19%, list=12%, signal=21%	
VEGFR1 SPECIFIC SIGNALS%PATHWAY INTERACTION DATABASE NCI-NATURE CURATED DATA%VEGFR1 SPECIFIC SIGNALS	VEGFR1 SPECIFIC SIGNALS%PATHWAY INTERACTION DATABASE NCI-NATURE CURATED DATA%VEGFR1 SPECIFIC SIGNALS		26	-0.30334195	-0.9005115	0.6221374	0.9253014	1.0	1590	tags=15%, list=12%, signal=17%	
INTEGRIN-MEDIATED SIGNALING PATHWAY%GOBP%GO:0007229	INTEGRIN-MEDIATED SIGNALING PATHWAY%GOBP%GO:0007229		65	-0.25041193	-0.90024805	0.67720306	0.9254913	1.0	2405	tags=26%, list=18%, signal=32%	
MACROMOLECULE DEACYLATION%GOBP%GO:0098732	MACROMOLECULE DEACYLATION%GOBP%GO:0098732		19	-0.32480752	-0.9001346	0.5832493	0.92524207	1.0	1155	tags=16%, list=9%, signal=17%	
PRESENILIN ACTION IN NOTCH AND WNT SIGNALING%PATHWAY INTERACTION DATABASE NCI-NATURE CURATED DATA%PRESENILIN ACTION IN NOTCH AND WNT SIGNALING	PRESENILIN ACTION IN NOTCH AND WNT SIGNALING%PATHWAY INTERACTION DATABASE NCI-NATURE CURATED DATA%PRESENILIN ACTION IN NOTCH AND WNT SIGNALING		43	-0.2694055	-0.89982766	0.6403756	0.9255399	1.0	3017	tags=28%, list=22%, signal=36%	
MYOTUBE DIFFERENTIATION%GOBP%GO:0014902	MYOTUBE DIFFERENTIATION%GOBP%GO:0014902		27	-0.30017236	-0.8995492	0.6012024	0.9257477	1.0	2482	tags=30%, list=18%, signal=36%	
INFLAMMATORY RESPONSE PATHWAY%WIKIPATHWAYS_20260211%WP453%HOMO SAPIENS	INFLAMMATORY RESPONSE PATHWAY%WIKIPATHWAYS_20260211%WP453%HOMO SAPIENS		15	-0.35071686	-0.89920026	0.6211672	0.9261518	1.0	3030	tags=40%, list=22%, signal=52%	
REGULATION OF EPIDERMAL GROWTH FACTOR RECEPTOR SIGNALING PATHWAY%GOBP%GO:0042058	REGULATION OF EPIDERMAL GROWTH FACTOR RECEPTOR SIGNALING PATHWAY%GOBP%GO:0042058		58	-0.25461453	-0.8991448	0.6526946	0.92575306	1.0	1481	tags=16%, list=11%, signal=17%	
GLYCOSYLPHOSPHATIDYL INOSITOL ANCHOR PATHWAY%WIKIPATHWAYS_20260211%WP5505%HOMO SAPIENS	GLYCOSYLPHOSPHATIDYL INOSITOL ANCHOR PATHWAY%WIKIPATHWAYS_20260211%WP5505%HOMO SAPIENS		23	-0.30965224	-0.8988119	0.60567516	0.9261176	1.0	2869	tags=35%, list=21%, signal=44%	
CALCIUM REGULATION IN CARDIAC CELLS%WIKIPATHWAYS_20260211%WP536%HOMO SAPIENS	CALCIUM REGULATION IN CARDIAC CELLS%WIKIPATHWAYS_20260211%WP536%HOMO SAPIENS		87	-0.23635216	-0.8987829	0.67582417	0.92564213	1.0	506	tags=10%, list=4%, signal=11%	
GLIOBLASTOMA SIGNALING%WIKIPATHWAYS_20260211%WP2261%HOMO SAPIENS	GLIOBLASTOMA SIGNALING%WIKIPATHWAYS_20260211%WP2261%HOMO SAPIENS		66	-0.24818194	-0.8979606	0.65968066	0.9273752	1.0	1245	tags=12%, list=9%, signal=13%	
EPIBOLY%GOBP%GO:0090504	EPIBOLY%GOBP%GO:0090504		19	-0.3205687	-0.8978972	0.60728747	0.9269879	1.0	3789	tags=37%, list=28%, signal=51%	
PROTEIN TRANSPORT ALONG MICROTUBULE%GOBP%GO:0098840	PROTEIN TRANSPORT ALONG MICROTUBULE%GOBP%GO:0098840		15	-0.34305757	-0.8975809	0.60603017	0.92729473	1.0	301	tags=13%, list=2%, signal=14%	
MUSCLE ADAPTATION%GOBP%GO:0043500	MUSCLE ADAPTATION%GOBP%GO:0043500		18	-0.32818925	-0.8975596	0.6101523	0.92678833	1.0	1152	tags=11%, list=9%, signal=12%	
LIPID OXIDATION%GOBP%GO:0034440	LIPID OXIDATION%GOBP%GO:0034440		53	-0.25785452	-0.89690137	0.6373206	0.9280549	1.0	2921	tags=28%, list=22%, signal=36%	
OSTEOARTHRITIC CHONDROCYTE HYPERTROPHY%WIKIPATHWAYS_20260211%WP5373%HOMO SAPIENS	OSTEOARTHRITIC CHONDROCYTE HYPERTROPHY%WIKIPATHWAYS_20260211%WP5373%HOMO SAPIENS		33	-0.2850424	-0.8968621	0.63972735	0.9276042	1.0	3305	tags=33%, list=24%, signal=44%	
RND1 GTPASE CYCLE%REACTOME%R-HSA-9696273.2	RND1 GTPASE CYCLE%REACTOME%R-HSA-9696273.2		38	-0.27684912	-0.89662045	0.65187377	0.92771536	1.0	2124	tags=26%, list=16%, signal=31%	
VASCULAR PROCESS IN CIRCULATORY SYSTEM%GOBP%GO:0003018	VASCULAR PROCESS IN CIRCULATORY SYSTEM%GOBP%GO:0003018		135	-0.22024544	-0.89641356	0.71626616	0.92771304	1.0	1822	tags=15%, list=13%, signal=17%	
PID_EPO_PATHWAY%MSIGDB_C2%PID_EPO_PATHWAY	PID_EPO_PATHWAY%MSIGDB_C2%PID_EPO_PATHWAY		25	-0.3071669	-0.89637446	0.6164519	0.92725575	1.0	1109	tags=16%, list=8%, signal=17%	
DIGESTIVE TRACT DEVELOPMENT%GOBP%GO:0048565	DIGESTIVE TRACT DEVELOPMENT%GOBP%GO:0048565		37	-0.27989748	-0.8963678	0.62752646	0.9267141	1.0	1974	tags=19%, list=15%, signal=22%	
POSITIVE REGULATION OF TRANSMEMBRANE TRANSPORT%GOBP%GO:0034764	POSITIVE REGULATION OF TRANSMEMBRANE TRANSPORT%GOBP%GO:0034764		91	-0.23391429	-0.8958611	0.68613863	0.9275286	1.0	1646	tags=14%, list=12%, signal=16%	
HALLMARK_ALLOGRAFT_REJECTION%MSIGDBHALLMARK%HALLMARK_ALLOGRAFT_REJECTION	HALLMARK_ALLOGRAFT_REJECTION%MSIGDBHALLMARK%HALLMARK_ALLOGRAFT_REJECTION		91	-0.23602583	-0.89572847	0.7035225	0.9273392	1.0	802	tags=9%, list=6%, signal=9%	
17Q12 COPY NUMBER VARIATION SYNDROME%WIKIPATHWAYS_20260211%WP5287%HOMO SAPIENS	17Q12 COPY NUMBER VARIATION SYNDROME%WIKIPATHWAYS_20260211%WP5287%HOMO SAPIENS		48	-0.2612985	-0.8955012	0.64798427	0.9274012	1.0	3811	tags=35%, list=28%, signal=49%	
NEGATIVE REGULATION OF PEPTIDYL-TYROSINE PHOSPHORYLATION%GOBP%GO:0050732	NEGATIVE REGULATION OF PEPTIDYL-TYROSINE PHOSPHORYLATION%GOBP%GO:0050732		18	-0.33361387	-0.8948507	0.6203796	0.92863226	1.0	3222	tags=44%, list=24%, signal=58%	
GLYCOSAMINOGLYCAN BIOSYNTHETIC PROCESS%GOBP%GO:0006024	GLYCOSAMINOGLYCAN BIOSYNTHETIC PROCESS%GOBP%GO:0006024		19	-0.3249425	-0.89474	0.6142578	0.9283693	1.0	2028	tags=26%, list=15%, signal=31%	
POSITIVE REGULATION OF VASCULAR ASSOCIATED SMOOTH MUSCLE CELL PROLIFERATION%GOBP%GO:1904707	POSITIVE REGULATION OF VASCULAR ASSOCIATED SMOOTH MUSCLE CELL PROLIFERATION%GOBP%GO:1904707		19	-0.32369465	-0.8942729	0.6001908	0.9290749	1.0	2477	tags=37%, list=18%, signal=45%	
NEGATIVE REGULATION OF FIBROBLAST PROLIFERATION%GOBP%GO:0048147	NEGATIVE REGULATION OF FIBROBLAST PROLIFERATION%GOBP%GO:0048147		17	-0.32820594	-0.89408374	0.6051625	0.92903155	1.0	2453	tags=24%, list=18%, signal=29%	
DETERMINATION OF HEART LEFT/RIGHT ASYMMETRY%GOBP%GO:0061371	DETERMINATION OF HEART LEFT/RIGHT ASYMMETRY%GOBP%GO:0061371		28	-0.2929281	-0.89346075	0.6342183	0.93020284	1.0	3252	tags=43%, list=24%, signal=56%	
REGULATION OF PHOSPHATIDYLINOSITOL 3-KINASE/PROTEIN KINASE B SIGNAL TRANSDUCTION%GOBP%GO:0051896	REGULATION OF PHOSPHATIDYLINOSITOL 3-KINASE/PROTEIN KINASE B SIGNAL TRANSDUCTION%GOBP%GO:0051896		152	-0.21794872	-0.8934369	0.74540174	0.92971194	1.0	3283	tags=30%, list=24%, signal=39%	
REGULATION OF RESPONSE TO NUTRIENT LEVELS%GOBP%GO:0032107	REGULATION OF RESPONSE TO NUTRIENT LEVELS%GOBP%GO:0032107		17	-0.3316721	-0.8928301	0.62865496	0.93078417	1.0	4230	tags=47%, list=31%, signal=68%	
REGULATION OF MYOTUBE DIFFERENTIATION%GOBP%GO:0010830	REGULATION OF MYOTUBE DIFFERENTIATION%GOBP%GO:0010830		22	-0.3154893	-0.8927572	0.63355833	0.9304385	1.0	2616	tags=32%, list=19%, signal=39%	
SIGNALING BY SCF-KIT%REACTOME%R-HSA-1433557.6	SIGNALING BY SCF-KIT%REACTOME%R-HSA-1433557.6		30	-0.29150036	-0.8919104	0.6282051	0.93220407	1.0	3290	tags=30%, list=24%, signal=40%	
ALPHA6BETA4INTEGRIN%IOB%ALPHA6BETA4INTEGRIN	ALPHA6BETA4INTEGRIN%IOB%ALPHA6BETA4INTEGRIN		44	-0.26717517	-0.8918901	0.6600379	0.9316968	1.0	3253	tags=39%, list=24%, signal=51%	
REGULATION OF TP53 ACTIVITY THROUGH ACETYLATION%REACTOME%R-HSA-6804758.5	REGULATION OF TP53 ACTIVITY THROUGH ACETYLATION%REACTOME%R-HSA-6804758.5		29	-0.29385078	-0.8917501	0.6214149	0.93152493	1.0	3638	tags=34%, list=27%, signal=47%	
PEPTIDYL-TYROSINE PHOSPHORYLATION%GOBP%GO:0018108	PEPTIDYL-TYROSINE PHOSPHORYLATION%GOBP%GO:0018108		32	-0.2839494	-0.8916942	0.6544256	0.93112206	1.0	3667	tags=31%, list=27%, signal=43%	
TELENCEPHALON CELL MIGRATION%GOBP%GO:0022029	TELENCEPHALON CELL MIGRATION%GOBP%GO:0022029		17	-0.3361956	-0.89145297	0.6201172	0.93122715	1.0	770	tags=18%, list=6%, signal=19%	
VITAMIN D RECEPTOR PATHWAY%WIKIPATHWAYS_20260211%WP2877%HOMO SAPIENS	VITAMIN D RECEPTOR PATHWAY%WIKIPATHWAYS_20260211%WP2877%HOMO SAPIENS		85	-0.23358181	-0.8913861	0.68869734	0.93085486	1.0	1491	tags=13%, list=11%, signal=14%	
PID_GMCSF_PATHWAY%MSIGDB_C2%PID_GMCSF_PATHWAY	PID_GMCSF_PATHWAY%MSIGDB_C2%PID_GMCSF_PATHWAY		25	-0.29909962	-0.89126414	0.6352498	0.9306042	1.0	802	tags=12%, list=6%, signal=13%	
REGENERATION%GOBP%GO:0031099	REGENERATION%GOBP%GO:0031099		27	-0.30196288	-0.8911771	0.6245136	0.9302919	1.0	3156	tags=41%, list=23%, signal=53%	
REGULATION OF AXON EXTENSION%GOBP%GO:0030516	REGULATION OF AXON EXTENSION%GOBP%GO:0030516		33	-0.28495017	-0.8910902	0.62673265	0.92997766	1.0	1596	tags=24%, list=12%, signal=27%	
PEPTIDYL-TYROSINE MODIFICATION%GOBP%GO:0018212	PEPTIDYL-TYROSINE MODIFICATION%GOBP%GO:0018212		34	-0.2756029	-0.8905128	0.641527	0.9310138	1.0	3667	tags=32%, list=27%, signal=44%	
CS-GAG BIOSYNTHESIS%REACTOME DATABASE ID RELEASE 95%2022870	CS-GAG BIOSYNTHESIS%REACTOME DATABASE ID RELEASE 95%2022870		18	-0.32773528	-0.8903592	0.6172107	0.9309038	1.0	3255	tags=44%, list=24%, signal=58%	
SIGNALING BY NOTCH%REACTOME%R-HSA-157118.7	SIGNALING BY NOTCH%REACTOME%R-HSA-157118.7		150	-0.21828344	-0.8902807	0.7364929	0.93057203	1.0	2576	tags=23%, list=19%, signal=28%	
NEGATIVE REGULATION OF PROTEIN-CONTAINING COMPLEX ASSEMBLY%GOBP%GO:0031333	NEGATIVE REGULATION OF PROTEIN-CONTAINING COMPLEX ASSEMBLY%GOBP%GO:0031333		88	-0.23412111	-0.8902165	0.7159926	0.93019503	1.0	761	tags=10%, list=6%, signal=11%	
NEGATIVE REGULATION OF NEURON APOPTOTIC PROCESS%GOBP%GO:0043524	NEGATIVE REGULATION OF NEURON APOPTOTIC PROCESS%GOBP%GO:0043524		65	-0.24897744	-0.89001983	0.6736441	0.93014574	1.0	968	tags=11%, list=7%, signal=12%	
DNA MODIFICATION%GOBP%GO:0006304	DNA MODIFICATION%GOBP%GO:0006304		24	-0.3054532	-0.88952804	0.64167476	0.93094707	1.0	4660	tags=71%, list=34%, signal=108%	
NEGATIVE REGULATION OF CALCIUM ION TRANSPORT%GOBP%GO:0051926	NEGATIVE REGULATION OF CALCIUM ION TRANSPORT%GOBP%GO:0051926		27	-0.29484808	-0.8893323	0.6308278	0.9309378	1.0	2482	tags=26%, list=18%, signal=32%	
NUCLEAR MEMBRANE ORGANIZATION%GOBP%GO:0071763	NUCLEAR MEMBRANE ORGANIZATION%GOBP%GO:0071763		44	-0.26633948	-0.8889254	0.6647059	0.9314917	1.0	2326	tags=27%, list=17%, signal=33%	
GLUTAMATE RECEPTOR SIGNALING PATHWAY%GOBP%GO:0007215	GLUTAMATE RECEPTOR SIGNALING PATHWAY%GOBP%GO:0007215		20	-0.3197884	-0.88809806	0.6235178	0.9331702	1.0	3219	tags=40%, list=24%, signal=52%	
BIOCARTA_G1_PATHWAY%MSIGDB_C2%BIOCARTA_G1_PATHWAY	BIOCARTA_G1_PATHWAY%MSIGDB_C2%BIOCARTA_G1_PATHWAY		19	-0.31906277	-0.88794273	0.61247635	0.93304497	1.0	3894	tags=53%, list=29%, signal=74%	
SIGNALING BY ERBB2 KD MUTANTS%REACTOME%R-HSA-9664565.3	SIGNALING BY ERBB2 KD MUTANTS%REACTOME%R-HSA-9664565.3		16	-0.33291692	-0.8872132	0.61697924	0.93448675	1.0	783	tags=13%, list=6%, signal=13%	
MELANOSOME ORGANIZATION%GOBP%GO:0032438	MELANOSOME ORGANIZATION%GOBP%GO:0032438		33	-0.28147894	-0.88700634	0.6703911	0.9344957	1.0	2295	tags=27%, list=17%, signal=33%	
VEGFR2 MEDIATED VASCULAR PERMEABILITY%REACTOME%R-HSA-5218920.4	VEGFR2 MEDIATED VASCULAR PERMEABILITY%REACTOME%R-HSA-5218920.4		24	-0.30382374	-0.8868343	0.64314115	0.9344308	1.0	1581	tags=17%, list=12%, signal=19%	
CHAPERONIN-MEDIATED PROTEIN FOLDING%REACTOME DATABASE ID RELEASE 95%390466	CHAPERONIN-MEDIATED PROTEIN FOLDING%REACTOME DATABASE ID RELEASE 95%390466		79	-0.23876391	-0.88679886	0.6997992	0.93397313	1.0	676	tags=10%, list=5%, signal=11%	
MICROTUBULE-BASED PROTEIN TRANSPORT%GOBP%GO:0099118	MICROTUBULE-BASED PROTEIN TRANSPORT%GOBP%GO:0099118		15	-0.34305757	-0.8864109	0.6046748	0.9344873	1.0	301	tags=13%, list=2%, signal=14%	
NEF-MEDIATES DOWN MODULATION OF CELL SURFACE RECEPTORS BY RECRUITING THEM TO CLATHRIN ADAPTERS%REACTOME%R-HSA-164938.5	NEF-MEDIATES DOWN MODULATION OF CELL SURFACE RECEPTORS BY RECRUITING THEM TO CLATHRIN ADAPTERS%REACTOME%R-HSA-164938.5		19	-0.3193052	-0.8859083	0.62823063	0.9353006	1.0	175	tags=5%, list=1%, signal=5%	
PROTEIN LOCALIZATION TO CELL JUNCTION%GOBP%GO:1902414	PROTEIN LOCALIZATION TO CELL JUNCTION%GOBP%GO:1902414		44	-0.2630511	-0.88552636	0.66542053	0.9357487	1.0	2451	tags=27%, list=18%, signal=33%	
INTEGRATION OF ENERGY METABOLISM%REACTOME%R-HSA-163685.7	INTEGRATION OF ENERGY METABOLISM%REACTOME%R-HSA-163685.7		83	-0.23689456	-0.8852733	0.7055937	0.9358655	1.0	2900	tags=27%, list=21%, signal=34%	
EMBRYONIC EYE MORPHOGENESIS%GOBP%GO:0048048	EMBRYONIC EYE MORPHOGENESIS%GOBP%GO:0048048		15	-0.3343465	-0.88518107	0.6166008	0.93555444	1.0	3265	tags=33%, list=24%, signal=44%	
VALINE, LEUCINE, AND ISOLEUCINE DEGRADATION%PATHWHIZ%PW000051	VALINE, LEUCINE, AND ISOLEUCINE DEGRADATION%PATHWHIZ%PW000051		26	-0.2928505	-0.8851222	0.6513849	0.9351604	1.0	1225	tags=19%, list=9%, signal=21%	
G-PROTEIN ACTIVATION%REACTOME DATABASE ID RELEASE 95%202040	G-PROTEIN ACTIVATION%REACTOME DATABASE ID RELEASE 95%202040		17	-0.32882205	-0.8837226	0.64306784	0.9384144	1.0	3881	tags=35%, list=29%, signal=49%	
CYCLIN DEPENDENT KINASE 4 6 INHIBITORS IN BREAST CANCER%WIKIPATHWAYS_20260211%WP5497%HOMO SAPIENS	CYCLIN DEPENDENT KINASE 4 6 INHIBITORS IN BREAST CANCER%WIKIPATHWAYS_20260211%WP5497%HOMO SAPIENS		28	-0.29141226	-0.8831511	0.64994985	0.9394248	1.0	4194	tags=43%, list=31%, signal=62%	
PID_LYMPH_ANGIOGENESIS_PATHWAY%MSIGDB_C2%PID_LYMPH_ANGIOGENESIS_PATHWAY	PID_LYMPH_ANGIOGENESIS_PATHWAY%MSIGDB_C2%PID_LYMPH_ANGIOGENESIS_PATHWAY		21	-0.30996418	-0.88306034	0.6270219	0.93910587	1.0	3253	tags=43%, list=24%, signal=56%	
HALLMARK_GLYCOLYSIS%MSIGDBHALLMARK%HALLMARK_GLYCOLYSIS	HALLMARK_GLYCOLYSIS%MSIGDBHALLMARK%HALLMARK_GLYCOLYSIS		135	-0.21785863	-0.88293874	0.7775735	0.93886274	1.0	3246	tags=33%, list=24%, signal=42%	
UBIQUINONE METABOLIC PROCESS%GOBP%GO:0006743	UBIQUINONE METABOLIC PROCESS%GOBP%GO:0006743		16	-0.33756283	-0.88293374	0.6097561	0.9383249	1.0	2875	tags=38%, list=21%, signal=48%	
REGULATION OF RECEPTOR SIGNALING PATHWAY VIA JAK-STAT%GOBP%GO:0046425	REGULATION OF RECEPTOR SIGNALING PATHWAY VIA JAK-STAT%GOBP%GO:0046425		38	-0.2734771	-0.882879	0.6514181	0.9379149	1.0	214	tags=8%, list=2%, signal=8%	
NEPHRON DEVELOPMENT%GOBP%GO:0072006	NEPHRON DEVELOPMENT%GOBP%GO:0072006		56	-0.252632	-0.8828425	0.687441	0.9374503	1.0	3437	tags=25%, list=25%, signal=33%	
TRANSCRIPTION INITIATION-COUPLED CHROMATIN REMODELING%GOBP%GO:0045815	TRANSCRIPTION INITIATION-COUPLED CHROMATIN REMODELING%GOBP%GO:0045815		42	-0.2661718	-0.8828384	0.663525	0.93691033	1.0	3341	tags=31%, list=25%, signal=41%	
SENSORY PERCEPTION%REACTOME%R-HSA-9709957.5	SENSORY PERCEPTION%REACTOME%R-HSA-9709957.5		122	-0.22021042	-0.8827362	0.7528958	0.93662137	1.0	1497	tags=16%, list=11%, signal=17%	
EARLY SARS-COV-2 INFECTION EVENTS%REACTOME%R-HSA-9772572.4	EARLY SARS-COV-2 INFECTION EVENTS%REACTOME%R-HSA-9772572.4		32	-0.28004026	-0.8823192	0.67346936	0.9371987	1.0	1577	tags=19%, list=12%, signal=21%	
POSITIVE REGULATION OF CYTOSOLIC CALCIUM ION CONCENTRATION%GOBP%GO:0007204	POSITIVE REGULATION OF CYTOSOLIC CALCIUM ION CONCENTRATION%GOBP%GO:0007204		50	-0.2567788	-0.8822395	0.6798457	0.9368463	1.0	1419	tags=14%, list=11%, signal=16%	
MONONUCLEAR CELL PROLIFERATION%GOBP%GO:0032943	MONONUCLEAR CELL PROLIFERATION%GOBP%GO:0032943		20	-0.31324193	-0.8820542	0.6283988	0.93678296	1.0	1572	tags=20%, list=12%, signal=23%	
G BETA:GAMMA SIGNALLING THROUGH BTK%REACTOME DATABASE ID RELEASE 95%8964315	G BETA:GAMMA SIGNALLING THROUGH BTK%REACTOME DATABASE ID RELEASE 95%8964315		15	-0.33781582	-0.8818767	0.6373851	0.9367042	1.0	3881	tags=33%, list=29%, signal=47%	
PIGMENT GRANULE ORGANIZATION%GOBP%GO:0048753	PIGMENT GRANULE ORGANIZATION%GOBP%GO:0048753		33	-0.28147894	-0.8814721	0.6578431	0.9372257	1.0	2295	tags=27%, list=17%, signal=33%	
PID_HES_HEY_PATHWAY%MSIGDB_C2%PID_HES_HEY_PATHWAY	PID_HES_HEY_PATHWAY%MSIGDB_C2%PID_HES_HEY_PATHWAY		34	-0.2822995	-0.8812989	0.6591797	0.9371215	1.0	3921	tags=41%, list=29%, signal=58%	
REGULATION OF NLRP3 INFLAMMASOME COMPLEX ASSEMBLY%GOBP%GO:1900225	REGULATION OF NLRP3 INFLAMMASOME COMPLEX ASSEMBLY%GOBP%GO:1900225		30	-0.2860531	-0.8811854	0.6451613	0.9368829	1.0	1637	tags=20%, list=12%, signal=23%	
SIGNALING EVENTS MEDIATED BY HDAC CLASS I%PATHWAY INTERACTION DATABASE NCI-NATURE CURATED DATA%SIGNALING EVENTS MEDIATED BY HDAC CLASS I	SIGNALING EVENTS MEDIATED BY HDAC CLASS I%PATHWAY INTERACTION DATABASE NCI-NATURE CURATED DATA%SIGNALING EVENTS MEDIATED BY HDAC CLASS I		61	-0.24417254	-0.8809896	0.71400964	0.93682426	1.0	3296	tags=33%, list=24%, signal=43%	
NOTCH SIGNALING PATHWAY%GOBP%GO:0007219	NOTCH SIGNALING PATHWAY%GOBP%GO:0007219		38	-0.27233866	-0.88059604	0.6520894	0.9373314	1.0	3266	tags=34%, list=24%, signal=45%	
LEUKOCYTE INTRINSIC HIPPO PATHWAY FUNCTIONS%WIKIPATHWAYS_20260211%WP4542%HOMO SAPIENS	LEUKOCYTE INTRINSIC HIPPO PATHWAY FUNCTIONS%WIKIPATHWAYS_20260211%WP4542%HOMO SAPIENS		20	-0.31455442	-0.88052416	0.64333653	0.9369691	1.0	2800	tags=35%, list=21%, signal=44%	
SIGNALING BY NUCLEAR RECEPTORS%REACTOME DATABASE ID RELEASE 95%9006931	SIGNALING BY NUCLEAR RECEPTORS%REACTOME DATABASE ID RELEASE 95%9006931		185	-0.20937762	-0.88051933	0.80598366	0.9364341	1.0	3352	tags=30%, list=25%, signal=40%	
SIGNALING BY TGFBR3%REACTOME DATABASE ID RELEASE 95%9839373	SIGNALING BY TGFBR3%REACTOME DATABASE ID RELEASE 95%9839373		44	-0.26173165	-0.8798956	0.6758818	0.9375292	1.0	1113	tags=14%, list=8%, signal=15%	
GLOBAL GENOME NUCLEOTIDE EXCISION REPAIR (GG-NER)%REACTOME%R-HSA-5696399.2	GLOBAL GENOME NUCLEOTIDE EXCISION REPAIR (GG-NER)%REACTOME%R-HSA-5696399.2		82	-0.23389287	-0.8796441	0.73379177	0.9376414	1.0	3144	tags=30%, list=23%, signal=39%	
PROPIONIC ACIDEMIA%PATHWHIZ%PW000062	PROPIONIC ACIDEMIA%PATHWHIZ%PW000062		26	-0.2928505	-0.87945426	0.6441006	0.93759805	1.0	1225	tags=19%, list=9%, signal=21%	
3-HYDROXY-3-METHYLGLUTARYL-COA LYASE DEFICIENCY%PATHWHIZ%PW000063	3-HYDROXY-3-METHYLGLUTARYL-COA LYASE DEFICIENCY%PATHWHIZ%PW000063		26	-0.2928505	-0.8793782	0.6412289	0.93726057	1.0	1225	tags=19%, list=9%, signal=21%	
SIGNAL TRANSDUCTION BY L1%REACTOME DATABASE ID RELEASE 95%445144	SIGNAL TRANSDUCTION BY L1%REACTOME DATABASE ID RELEASE 95%445144		20	-0.31855014	-0.87904054	0.6442953	0.9376296	1.0	1596	tags=20%, list=12%, signal=23%	
3-HYDROXYISOBUTYRIC ACID DEHYDROGENASE DEFICIENCY%SMPDB%SMP0000521	3-HYDROXYISOBUTYRIC ACID DEHYDROGENASE DEFICIENCY%SMPDB%SMP0000521		26	-0.2928505	-0.87869483	0.6518929	0.9379802	1.0	1225	tags=19%, list=9%, signal=21%	
BUTYRATE RESPONSE FACTOR 1 (BRF1) BINDS AND DESTABILIZES MRNA%REACTOME DATABASE ID RELEASE 95%450385	BUTYRATE RESPONSE FACTOR 1 (BRF1) BINDS AND DESTABILIZES MRNA%REACTOME DATABASE ID RELEASE 95%450385		17	-0.32265735	-0.878362	0.6298763	0.93829644	1.0	1883	tags=24%, list=14%, signal=27%	
CILIUM MOVEMENT%GOBP%GO:0003341	CILIUM MOVEMENT%GOBP%GO:0003341		116	-0.22086774	-0.8781172	0.7543186	0.9383849	1.0	3701	tags=30%, list=27%, signal=41%	
PID_DELTA_NP63_PATHWAY%MSIGDB_C2%PID_DELTA_NP63_PATHWAY	PID_DELTA_NP63_PATHWAY%MSIGDB_C2%PID_DELTA_NP63_PATHWAY		30	-0.28862575	-0.8780484	0.6619452	0.93801695	1.0	2011	tags=23%, list=15%, signal=27%	
LUNG DEVELOPMENT%GOBP%GO:0030324	LUNG DEVELOPMENT%GOBP%GO:0030324		32	-0.2783871	-0.8779591	0.649174	0.93770623	1.0	2881	tags=25%, list=21%, signal=32%	
ADIPOGENESIS%WIKIPATHWAYS_20260211%WP236%HOMO SAPIENS	ADIPOGENESIS%WIKIPATHWAYS_20260211%WP236%HOMO SAPIENS		82	-0.23301578	-0.8775767	0.7214217	0.93816745	1.0	2917	tags=28%, list=22%, signal=36%	
3-METHYLGLUTACONIC ACIDURIA TYPE I%SMPDB%SMP0000139	3-METHYLGLUTACONIC ACIDURIA TYPE I%SMPDB%SMP0000139		26	-0.2928505	-0.8769647	0.63609755	0.93924093	1.0	1225	tags=19%, list=9%, signal=21%	
2-METHYL-3-HYDROXYBUTYRYL-COA DEHYDROGENASE DEFICIENCY%PATHWHIZ%PW000061	2-METHYL-3-HYDROXYBUTYRYL-COA DEHYDROGENASE DEFICIENCY%PATHWHIZ%PW000061		26	-0.2928505	-0.8766735	0.6510067	0.9394578	1.0	1225	tags=19%, list=9%, signal=21%	
TRAIL SIGNALING PATHWAY%PATHWAY INTERACTION DATABASE NCI-NATURE CURATED DATA%TRAIL SIGNALING PATHWAY	TRAIL SIGNALING PATHWAY%PATHWAY INTERACTION DATABASE NCI-NATURE CURATED DATA%TRAIL SIGNALING PATHWAY		21	-0.30770743	-0.87651294	0.6692382	0.9393386	1.0	1388	tags=19%, list=10%, signal=21%	
REGULATION OF ANDROGEN RECEPTOR ACTIVITY%PATHWAY INTERACTION DATABASE NCI-NATURE CURATED DATA%REGULATION OF ANDROGEN RECEPTOR ACTIVITY	REGULATION OF ANDROGEN RECEPTOR ACTIVITY%PATHWAY INTERACTION DATABASE NCI-NATURE CURATED DATA%REGULATION OF ANDROGEN RECEPTOR ACTIVITY		46	-0.2579497	-0.87543154	0.6849315	0.9416091	1.0	3798	tags=39%, list=28%, signal=54%	
DIGESTIVE SYSTEM DEVELOPMENT%GOBP%GO:0055123	DIGESTIVE SYSTEM DEVELOPMENT%GOBP%GO:0055123		38	-0.27059093	-0.8754311	0.67996013	0.9410658	1.0	1974	tags=18%, list=15%, signal=22%	
VEGFR3 SIGNALING IN LYMPHATIC ENDOTHELIUM%PATHWAY INTERACTION DATABASE NCI-NATURE CURATED DATA%VEGFR3 SIGNALING IN LYMPHATIC ENDOTHELIUM	VEGFR3 SIGNALING IN LYMPHATIC ENDOTHELIUM%PATHWAY INTERACTION DATABASE NCI-NATURE CURATED DATA%VEGFR3 SIGNALING IN LYMPHATIC ENDOTHELIUM		24	-0.29898545	-0.874872	0.65308154	0.94197226	1.0	3253	tags=38%, list=24%, signal=49%	
GMCSF-MEDIATED SIGNALING EVENTS%PATHWAY INTERACTION DATABASE NCI-NATURE CURATED DATA%GMCSF-MEDIATED SIGNALING EVENTS	GMCSF-MEDIATED SIGNALING EVENTS%PATHWAY INTERACTION DATABASE NCI-NATURE CURATED DATA%GMCSF-MEDIATED SIGNALING EVENTS		29	-0.28634208	-0.87473696	0.65217394	0.9417724	1.0	802	tags=14%, list=6%, signal=15%	
TRANS-SYNAPTIC SIGNALING%GOBP%GO:0099537	TRANS-SYNAPTIC SIGNALING%GOBP%GO:0099537		200	-0.20586914	-0.87451017	0.82287824	0.9418	1.0	2675	tags=20%, list=20%, signal=25%	
3-METHYLCROTONYL-COA CARBOXYLASE DEFICIENCY TYPE I%SMPDB%SMP0000237	3-METHYLCROTONYL-COA CARBOXYLASE DEFICIENCY TYPE I%SMPDB%SMP0000237		26	-0.2928505	-0.87360024	0.6520894	0.9436211	1.0	1225	tags=19%, list=9%, signal=21%	
REGULATION OF MONONUCLEAR CELL PROLIFERATION%GOBP%GO:0032944	REGULATION OF MONONUCLEAR CELL PROLIFERATION%GOBP%GO:0032944		82	-0.23138167	-0.8735113	0.76365346	0.94329965	1.0	1542	tags=11%, list=11%, signal=12%	
POSITIVE REGULATION OF T CELL DIFFERENTIATION%GOBP%GO:0045582	POSITIVE REGULATION OF T CELL DIFFERENTIATION%GOBP%GO:0045582		61	-0.24493995	-0.87267345	0.71130955	0.94491404	1.0	3299	tags=33%, list=24%, signal=43%	
PROTEIN LOCALIZATION TO CILIUM%GOBP%GO:0061512	PROTEIN LOCALIZATION TO CILIUM%GOBP%GO:0061512		58	-0.24764332	-0.8725217	0.70604914	0.9447549	1.0	3652	tags=33%, list=27%, signal=45%	
METHYLMALONATE SEMIALDEHYDE DEHYDROGENASE DEFICIENCY%SMPDB%SMP0000384	METHYLMALONATE SEMIALDEHYDE DEHYDROGENASE DEFICIENCY%SMPDB%SMP0000384		26	-0.2928505	-0.87251204	0.66634053	0.94423777	1.0	1225	tags=19%, list=9%, signal=21%	
PROTEIN-PROTEIN INTERACTIONS AT SYNAPSES%REACTOME%R-HSA-6794362.6	PROTEIN-PROTEIN INTERACTIONS AT SYNAPSES%REACTOME%R-HSA-6794362.6		58	-0.24900004	-0.8724882	0.7248255	0.94376296	1.0	2478	tags=24%, list=18%, signal=29%	
POSITIVE REGULATION OF LEUKOCYTE PROLIFERATION%GOBP%GO:0070665	POSITIVE REGULATION OF LEUKOCYTE PROLIFERATION%GOBP%GO:0070665		64	-0.2438929	-0.872325	0.71613544	0.9436334	1.0	1542	tags=11%, list=11%, signal=12%	
NEGATIVE REGULATION OF MRNA SPLICING, VIA SPLICEOSOME%GOBP%GO:0048025	NEGATIVE REGULATION OF MRNA SPLICING, VIA SPLICEOSOME%GOBP%GO:0048025		25	-0.29296526	-0.87229794	0.6592664	0.94316643	1.0	2865	tags=32%, list=21%, signal=41%	
RIBONUCLEOSIDE DIPHOSPHATE METABOLIC PROCESS%GOBP%GO:0009185	RIBONUCLEOSIDE DIPHOSPHATE METABOLIC PROCESS%GOBP%GO:0009185		47	-0.2590792	-0.8722258	0.6938967	0.94282687	1.0	3065	tags=28%, list=23%, signal=36%	
GLUCAGON-TYPE LIGAND RECEPTORS%REACTOME DATABASE ID RELEASE 95%420092	GLUCAGON-TYPE LIGAND RECEPTORS%REACTOME DATABASE ID RELEASE 95%420092		18	-0.31926933	-0.8722031	0.6584887	0.9423442	1.0	3881	tags=33%, list=29%, signal=47%	
NOTCH2 ACTIVATION AND TRANSMISSION OF SIGNAL TO THE NUCLEUS%REACTOME%R-HSA-2979096.6	NOTCH2 ACTIVATION AND TRANSMISSION OF SIGNAL TO THE NUCLEUS%REACTOME%R-HSA-2979096.6		21	-0.3070557	-0.8721429	0.6416584	0.94195753	1.0	1813	tags=24%, list=13%, signal=27%	
OVERLAP BETWEEN SIGNAL TRANSDUCTION PATHWAYS CONTRIBUTING TO LMNA LAMINOPATHIES%WIKIPATHWAYS_20260211%WP4879%HOMO SAPIENS	OVERLAP BETWEEN SIGNAL TRANSDUCTION PATHWAYS CONTRIBUTING TO LMNA LAMINOPATHIES%WIKIPATHWAYS_20260211%WP4879%HOMO SAPIENS		37	-0.26944017	-0.8718183	0.69274807	0.9422683	1.0	3283	tags=32%, list=24%, signal=43%	
SIGNALING BY FGFR1 IN DISEASE%REACTOME%R-HSA-5655302.4	SIGNALING BY FGFR1 IN DISEASE%REACTOME%R-HSA-5655302.4		28	-0.2912475	-0.87169975	0.67615306	0.9420454	1.0	1363	tags=18%, list=10%, signal=20%	
ISOBUTYRYL-COA DEHYDROGENASE DEFICIENCY%SMPDB%SMP0000523	ISOBUTYRYL-COA DEHYDROGENASE DEFICIENCY%SMPDB%SMP0000523		26	-0.2928505	-0.8716552	0.66463417	0.9416258	1.0	1225	tags=19%, list=9%, signal=21%	
REGULATION OF ANGIOGENESIS%GOBP%GO:0045765	REGULATION OF ANGIOGENESIS%GOBP%GO:0045765		171	-0.20956142	-0.87161374	0.8013183	0.9411891	1.0	3355	tags=29%, list=25%, signal=38%	
ERBB SIGNALING%WIKIPATHWAYS_20260211%WP673%HOMO SAPIENS	ERBB SIGNALING%WIKIPATHWAYS_20260211%WP673%HOMO SAPIENS		63	-0.24575515	-0.8714631	0.7046534	0.94104236	1.0	3018	tags=29%, list=22%, signal=37%	
LENS DEVELOPMENT IN CAMERA-TYPE EYE%GOBP%GO:0002088	LENS DEVELOPMENT IN CAMERA-TYPE EYE%GOBP%GO:0002088		21	-0.30643365	-0.87133646	0.65968066	0.9408243	1.0	1653	tags=24%, list=12%, signal=27%	
REGULATION OF PROTEIN LOCALIZATION TO MEMBRANE%GOBP%GO:1905475	REGULATION OF PROTEIN LOCALIZATION TO MEMBRANE%GOBP%GO:1905475		111	-0.2204379	-0.87118083	0.74902725	0.940705	1.0	3289	tags=30%, list=24%, signal=39%	
NETRIN-MEDIATED SIGNALING EVENTS%PATHWAY INTERACTION DATABASE NCI-NATURE CURATED DATA%NETRIN-MEDIATED SIGNALING EVENTS	NETRIN-MEDIATED SIGNALING EVENTS%PATHWAY INTERACTION DATABASE NCI-NATURE CURATED DATA%NETRIN-MEDIATED SIGNALING EVENTS		31	-0.27837044	-0.8707902	0.6722772	0.94118065	1.0	1014	tags=16%, list=8%, signal=17%	
BARBED-END ACTIN FILAMENT CAPPING%GOBP%GO:0051016	BARBED-END ACTIN FILAMENT CAPPING%GOBP%GO:0051016		16	-0.32653913	-0.87020534	0.6257669	0.94214225	1.0	294	tags=13%, list=2%, signal=13%	
ESTABLISHMENT OF EPITHELIAL CELL POLARITY%GOBP%GO:0090162	ESTABLISHMENT OF EPITHELIAL CELL POLARITY%GOBP%GO:0090162		16	-0.32750374	-0.8700148	0.6373106	0.9420914	1.0	1425	tags=19%, list=11%, signal=21%	
3-METHYLGLUTACONIC ACIDURIA TYPE III%SMPDB%SMP0000140	3-METHYLGLUTACONIC ACIDURIA TYPE III%SMPDB%SMP0000140		26	-0.2928505	-0.86968917	0.6522158	0.9423604	1.0	1225	tags=19%, list=9%, signal=21%	
POSITIVE REGULATION OF RELEASE OF SEQUESTERED CALCIUM ION INTO CYTOSOL%GOBP%GO:0051281	POSITIVE REGULATION OF RELEASE OF SEQUESTERED CALCIUM ION INTO CYTOSOL%GOBP%GO:0051281		15	-0.3442832	-0.86968356	0.6389158	0.94183916	1.0	13	tags=7%, list=0%, signal=7%	
POSITIVE REGULATION OF D-GLUCOSE TRANSMEMBRANE TRANSPORT%GOBP%GO:0010828	POSITIVE REGULATION OF D-GLUCOSE TRANSMEMBRANE TRANSPORT%GOBP%GO:0010828		23	-0.29883912	-0.8695735	0.6585127	0.9415671	1.0	2186	tags=22%, list=16%, signal=26%	
ISOVALERIC ACIDURIA%PATHWHIZ%PW000091	ISOVALERIC ACIDURIA%PATHWHIZ%PW000091		26	-0.2928505	-0.8695682	0.6637255	0.94104266	1.0	1225	tags=19%, list=9%, signal=21%	
NUCLEOTIDE TRANSPORT%GOBP%GO:0006862	NUCLEOTIDE TRANSPORT%GOBP%GO:0006862		31	-0.2821119	-0.8694714	0.67261904	0.94076025	1.0	1090	tags=19%, list=8%, signal=21%	
POSITIVE REGULATION OF PROTEIN LOCALIZATION TO CELL PERIPHERY%GOBP%GO:1904377	POSITIVE REGULATION OF PROTEIN LOCALIZATION TO CELL PERIPHERY%GOBP%GO:1904377		54	-0.25060654	-0.86944366	0.70321363	0.94029355	1.0	2536	tags=22%, list=19%, signal=27%	
REGULATION OF LYMPHOCYTE PROLIFERATION%GOBP%GO:0050670	REGULATION OF LYMPHOCYTE PROLIFERATION%GOBP%GO:0050670		81	-0.23147868	-0.8692754	0.76792455	0.94018376	1.0	1542	tags=11%, list=11%, signal=12%	
MAPLE SYRUP URINE DISEASE%PATHWHIZ%PW000064	MAPLE SYRUP URINE DISEASE%PATHWHIZ%PW000064		26	-0.2928505	-0.869249	0.6879163	0.9397232	1.0	1225	tags=19%, list=9%, signal=21%	
RENAL TUBULE DEVELOPMENT%GOBP%GO:0061326	RENAL TUBULE DEVELOPMENT%GOBP%GO:0061326		27	-0.28754508	-0.8686435	0.65425026	0.940723	1.0	3437	tags=26%, list=25%, signal=35%	
GLUCOSE CATABOLIC PROCESS%GOBP%GO:0006007	GLUCOSE CATABOLIC PROCESS%GOBP%GO:0006007		16	-0.3307661	-0.8681657	0.652356	0.9413963	1.0	3065	tags=38%, list=23%, signal=48%	
BETA-KETOTHIOLASE DEFICIENCY%SMPDB%SMP0000173	BETA-KETOTHIOLASE DEFICIENCY%SMPDB%SMP0000173		26	-0.2928505	-0.86815065	0.6666667	0.94089913	1.0	1225	tags=19%, list=9%, signal=21%	
ENDOTHELIAL CELL DEVELOPMENT%GOBP%GO:0001885	ENDOTHELIAL CELL DEVELOPMENT%GOBP%GO:0001885		26	-0.2881118	-0.86805815	0.6741028	0.9406048	1.0	109	tags=8%, list=1%, signal=8%	
FORMATION OF PRIMARY GERM LAYER%GOBP%GO:0001704	FORMATION OF PRIMARY GERM LAYER%GOBP%GO:0001704		55	-0.24744956	-0.8680417	0.7206166	0.94011307	1.0	3165	tags=25%, list=23%, signal=33%	
REGULATION OF RECEPTOR SIGNALING PATHWAY VIA STAT%GOBP%GO:1904892	REGULATION OF RECEPTOR SIGNALING PATHWAY VIA STAT%GOBP%GO:1904892		45	-0.25494292	-0.86800134	0.7085661	0.9396841	1.0	214	tags=7%, list=2%, signal=7%	
REGULATORY NCRNA PROCESSING%GOBP%GO:0070918	REGULATORY NCRNA PROCESSING%GOBP%GO:0070918		40	-0.26925176	-0.8679954	0.683605	0.9391685	1.0	3566	tags=38%, list=26%, signal=51%	
POSITIVE REGULATION OF MIRNA METABOLIC PROCESS%GOBP%GO:2000630	POSITIVE REGULATION OF MIRNA METABOLIC PROCESS%GOBP%GO:2000630		46	-0.2592349	-0.86793846	0.70373833	0.9387717	1.0	3283	tags=30%, list=24%, signal=40%	
NEURON FATE COMMITMENT%GOBP%GO:0048663	NEURON FATE COMMITMENT%GOBP%GO:0048663		15	-0.33556598	-0.86779016	0.65200764	0.9386301	1.0	2705	tags=27%, list=20%, signal=33%	
SELENIUM MICRONUTRIENT NETWORK%WIKIPATHWAYS_20260211%WP15%HOMO SAPIENS	SELENIUM MICRONUTRIENT NETWORK%WIKIPATHWAYS_20260211%WP15%HOMO SAPIENS		27	-0.28938347	-0.8677472	0.6699703	0.9382027	1.0	1646	tags=22%, list=12%, signal=25%	
ACTIN FILAMENT CAPPING%GOBP%GO:0051693	ACTIN FILAMENT CAPPING%GOBP%GO:0051693		16	-0.32653913	-0.86747926	0.644335	0.9383472	1.0	294	tags=13%, list=2%, signal=13%	
NATURAL KILLER CELL MEDIATED IMMUNITY%GOBP%GO:0002228	NATURAL KILLER CELL MEDIATED IMMUNITY%GOBP%GO:0002228		22	-0.3035471	-0.86730224	0.6589595	0.9382653	1.0	1490	tags=18%, list=11%, signal=20%	
APC-CDC20 MEDIATED DEGRADATION OF NEK2A%REACTOME DATABASE ID RELEASE 95%179409	APC-CDC20 MEDIATED DEGRADATION OF NEK2A%REACTOME DATABASE ID RELEASE 95%179409		26	-0.28881484	-0.86606795	0.6585366	0.94083077	1.0	2151	tags=23%, list=16%, signal=27%	
ISOVALERIC ACIDEMIA%PATHWHIZ%PW000500	ISOVALERIC ACIDEMIA%PATHWHIZ%PW000500		26	-0.2928505	-0.86513406	0.6714559	0.94262886	1.0	1225	tags=19%, list=9%, signal=21%	
KERATAN SULFATE KERATIN METABOLISM%REACTOME%R-HSA-1638074.4	KERATAN SULFATE KERATIN METABOLISM%REACTOME%R-HSA-1638074.4		27	-0.28786314	-0.8650744	0.67644083	0.94224256	1.0	1755	tags=26%, list=13%, signal=30%	
MYOBLAST DIFFERENTIATION%GOBP%GO:0045445	MYOBLAST DIFFERENTIATION%GOBP%GO:0045445		20	-0.30786565	-0.8648897	0.6701031	0.9421782	1.0	2394	tags=30%, list=18%, signal=36%	
DNA DOUBLE-STRAND BREAK PROCESSING%GOBP%GO:0000729	DNA DOUBLE-STRAND BREAK PROCESSING%GOBP%GO:0000729		15	-0.3375086	-0.8643978	0.6391051	0.942871	1.0	660	tags=20%, list=5%, signal=21%	
TISSUE HOMEOSTASIS%GOBP%GO:0001894	TISSUE HOMEOSTASIS%GOBP%GO:0001894		86	-0.22649926	-0.86439294	0.7512008	0.9423545	1.0	2223	tags=17%, list=16%, signal=21%	
13Q12 12 COPY NUMBER VARIATION%WIKIPATHWAYS_20260211%WP5406%HOMO SAPIENS	13Q12 12 COPY NUMBER VARIATION%WIKIPATHWAYS_20260211%WP5406%HOMO SAPIENS		24	-0.29237697	-0.8643796	0.67832845	0.94186014	1.0	2638	tags=33%, list=20%, signal=41%	
3-HYDROXYISOBUTYRIC ACIDURIA%PATHWHIZ%PW000498	3-HYDROXYISOBUTYRIC ACIDURIA%PATHWHIZ%PW000498		26	-0.2928505	-0.8642968	0.6735093	0.9415371	1.0	1225	tags=19%, list=9%, signal=21%	
CARDIAC MUSCLE CELL ACTION POTENTIAL INVOLVED IN CONTRACTION%GOBP%GO:0086002	CARDIAC MUSCLE CELL ACTION POTENTIAL INVOLVED IN CONTRACTION%GOBP%GO:0086002		25	-0.29413787	-0.8639378	0.68509376	0.94189674	1.0	1999	tags=28%, list=15%, signal=33%	
NEGATIVE REGULATION OF LIPID LOCALIZATION%GOBP%GO:1905953	NEGATIVE REGULATION OF LIPID LOCALIZATION%GOBP%GO:1905953		20	-0.31196114	-0.8638705	0.65865386	0.9415325	1.0	847	tags=10%, list=6%, signal=11%	
NEGATIVE REGULATION OF ACTIN FILAMENT POLYMERIZATION%GOBP%GO:0030837	NEGATIVE REGULATION OF ACTIN FILAMENT POLYMERIZATION%GOBP%GO:0030837		26	-0.29202536	-0.8636197	0.6762452	0.9416356	1.0	319	tags=12%, list=2%, signal=12%	
REGULATION OF MITOCHONDRIAL GENE EXPRESSION%GOBP%GO:0062125	REGULATION OF MITOCHONDRIAL GENE EXPRESSION%GOBP%GO:0062125		27	-0.2882314	-0.86235416	0.6917671	0.9442554	1.0	1237	tags=15%, list=9%, signal=16%	
PHOTORECEPTOR CELL DEVELOPMENT%GOBP%GO:0042461	PHOTORECEPTOR CELL DEVELOPMENT%GOBP%GO:0042461		23	-0.30032766	-0.862353	0.66906476	0.94373095	1.0	4486	tags=39%, list=33%, signal=58%	
NEGATIVE REGULATION OF EPITHELIAL CELL DIFFERENTIATION%GOBP%GO:0030857	NEGATIVE REGULATION OF EPITHELIAL CELL DIFFERENTIATION%GOBP%GO:0030857		20	-0.30548313	-0.8619672	0.6602871	0.94417703	1.0	741	tags=10%, list=5%, signal=11%	
ERBB SIGNALING PATHWAY%GOBP%GO:0038127	ERBB SIGNALING PATHWAY%GOBP%GO:0038127		43	-0.25923142	-0.8618727	0.71059906	0.94388944	1.0	2942	tags=26%, list=22%, signal=33%	
3-METHYLGLUTACONIC ACIDURIA TYPE IV%SMPDB%SMP0000141	3-METHYLGLUTACONIC ACIDURIA TYPE IV%SMPDB%SMP0000141		26	-0.2928505	-0.86133707	0.666348	0.9446852	1.0	1225	tags=19%, list=9%, signal=21%	
EXTRACELLULAR VESICLE MEDIATED SIGNALING IN RECIPIENT CELLS%WIKIPATHWAYS_20260211%WP2870%HOMO SAPIENS	EXTRACELLULAR VESICLE MEDIATED SIGNALING IN RECIPIENT CELLS%WIKIPATHWAYS_20260211%WP2870%HOMO SAPIENS		19	-0.31012917	-0.86113954	0.6739336	0.94465035	1.0	245	tags=11%, list=2%, signal=11%	
REGULATION OF RHO PROTEIN SIGNAL TRANSDUCTION%GOBP%GO:0035023	REGULATION OF RHO PROTEIN SIGNAL TRANSDUCTION%GOBP%GO:0035023		65	-0.24117434	-0.8604558	0.7457627	0.9458539	1.0	2123	tags=20%, list=16%, signal=24%	
CRANIAL SKELETAL SYSTEM DEVELOPMENT%GOBP%GO:1904888	CRANIAL SKELETAL SYSTEM DEVELOPMENT%GOBP%GO:1904888		17	-0.32212982	-0.86009175	0.6553398	0.9462127	1.0	1759	tags=24%, list=13%, signal=27%	
CELLULAR COMPONENT DISASSEMBLY INVOLVED IN EXECUTION PHASE OF APOPTOSIS%GOBP%GO:0006921	CELLULAR COMPONENT DISASSEMBLY INVOLVED IN EXECUTION PHASE OF APOPTOSIS%GOBP%GO:0006921		17	-0.31732735	-0.8600001	0.65084076	0.9459118	1.0	3884	tags=53%, list=29%, signal=74%	
NUCLEAR PORE ORGANIZATION%GOBP%GO:0006999	NUCLEAR PORE ORGANIZATION%GOBP%GO:0006999		15	-0.33180892	-0.8574231	0.68003917	0.9516656	1.0	2967	tags=47%, list=22%, signal=60%	
O-LINKED GLYCOSYLATION%REACTOME DATABASE ID RELEASE 95%5173105	O-LINKED GLYCOSYLATION%REACTOME DATABASE ID RELEASE 95%5173105		75	-0.23199424	-0.8573947	0.7571977	0.9512079	1.0	2713	tags=23%, list=20%, signal=28%	
G-PROTEIN BETA:GAMMA SIGNALLING%REACTOME%R-HSA-397795.6	G-PROTEIN BETA:GAMMA SIGNALLING%REACTOME%R-HSA-397795.6		25	-0.28894165	-0.85722107	0.7032321	0.95109665	1.0	1258	tags=12%, list=9%, signal=13%	
REGULATION OF VASCULATURE DEVELOPMENT%GOBP%GO:1901342	REGULATION OF VASCULATURE DEVELOPMENT%GOBP%GO:1901342		174	-0.20538779	-0.8571049	0.84643847	0.9508468	1.0	3355	tags=29%, list=25%, signal=38%	
FAS LIGAND PATHWAY AND STRESS INDUCTION OF HEAT SHOCK PROTEINS%WIKIPATHWAYS_20260211%WP314%HOMO SAPIENS	FAS LIGAND PATHWAY AND STRESS INDUCTION OF HEAT SHOCK PROTEINS%WIKIPATHWAYS_20260211%WP314%HOMO SAPIENS		29	-0.2813106	-0.8566094	0.6870229	0.9515232	1.0	2739	tags=24%, list=20%, signal=30%	
TEMPERATURE HOMEOSTASIS%GOBP%GO:0001659	TEMPERATURE HOMEOSTASIS%GOBP%GO:0001659		21	-0.3044929	-0.8564865	0.6730769	0.9512954	1.0	945	tags=14%, list=7%, signal=15%	
METHYLMALONIC ACIDURIA%SMPDB%SMP0000200	METHYLMALONIC ACIDURIA%SMPDB%SMP0000200		26	-0.2928505	-0.85597724	0.6894231	0.951997	1.0	1225	tags=19%, list=9%, signal=21%	
FORMATION OF THE DYSTROPHIN-GLYCOPROTEIN COMPLEX (DGC)%REACTOME DATABASE ID RELEASE 95%9913351	FORMATION OF THE DYSTROPHIN-GLYCOPROTEIN COMPLEX (DGC)%REACTOME DATABASE ID RELEASE 95%9913351		26	-0.287023	-0.85564744	0.68989205	0.9522804	1.0	2299	tags=27%, list=17%, signal=32%	
CARDIAC MUSCLE CELL ACTION POTENTIAL%GOBP%GO:0086001	CARDIAC MUSCLE CELL ACTION POTENTIAL%GOBP%GO:0086001		34	-0.2704521	-0.85556453	0.7	0.95195234	1.0	1999	tags=24%, list=15%, signal=28%	
REGULATION OF CHOLESTEROL TRANSPORT%GOBP%GO:0032374	REGULATION OF CHOLESTEROL TRANSPORT%GOBP%GO:0032374		33	-0.27061084	-0.85532343	0.7057654	0.95201576	1.0	855	tags=12%, list=6%, signal=13%	
PROSTACYCLIN SIGNALLING THROUGH PROSTACYCLIN RECEPTOR%REACTOME DATABASE ID RELEASE 95%392851	PROSTACYCLIN SIGNALLING THROUGH PROSTACYCLIN RECEPTOR%REACTOME DATABASE ID RELEASE 95%392851		17	-0.3221111	-0.8544581	0.6589435	0.9536068	1.0	3881	tags=29%, list=29%, signal=41%	
ENDODERM DIFFERENTIATION%WIKIPATHWAYS_20260211%WP2853%HOMO SAPIENS	ENDODERM DIFFERENTIATION%WIKIPATHWAYS_20260211%WP2853%HOMO SAPIENS		100	-0.2210934	-0.8536185	0.79545456	0.95511585	1.0	1775	tags=16%, list=13%, signal=18%	
NEURON APOPTOTIC PROCESS%GOBP%GO:0051402	NEURON APOPTOTIC PROCESS%GOBP%GO:0051402		21	-0.30273515	-0.8535958	0.6915616	0.95464337	1.0	2663	tags=29%, list=20%, signal=36%	
PHOSPHOLIPASE C-ACTIVATING G PROTEIN-COUPLED RECEPTOR SIGNALING PATHWAY%GOBP%GO:0007200	PHOSPHOLIPASE C-ACTIVATING G PROTEIN-COUPLED RECEPTOR SIGNALING PATHWAY%GOBP%GO:0007200		39	-0.26086646	-0.85327315	0.72637796	0.9548953	1.0	3400	tags=28%, list=25%, signal=38%	
LYMPHOCYTE PROLIFERATION%GOBP%GO:0046651	LYMPHOCYTE PROLIFERATION%GOBP%GO:0046651		19	-0.31436223	-0.8531523	0.66955686	0.95466495	1.0	1572	tags=21%, list=12%, signal=24%	
REGULATION OF STEROL TRANSPORT%GOBP%GO:0032371	REGULATION OF STEROL TRANSPORT%GOBP%GO:0032371		33	-0.27061084	-0.8530361	0.707457	0.9544155	1.0	855	tags=12%, list=6%, signal=13%	
IFN-GAMMA%IOB%IFN-GAMMA	IFN-GAMMA%IOB%IFN-GAMMA		20	-0.30336428	-0.8530052	0.6736737	0.95395875	1.0	2917	tags=30%, list=22%, signal=38%	
PI5P, PP2A AND IER3 REGULATE PI3K AKT SIGNALING%REACTOME%R-HSA-6811558.5	PI5P, PP2A AND IER3 REGULATE PI3K AKT SIGNALING%REACTOME%R-HSA-6811558.5		64	-0.23669155	-0.85289973	0.75307477	0.9536857	1.0	259	tags=6%, list=2%, signal=6%	
FOXO FAMILY SIGNALING%PATHWAY INTERACTION DATABASE NCI-NATURE CURATED DATA%FOXO FAMILY SIGNALING	FOXO FAMILY SIGNALING%PATHWAY INTERACTION DATABASE NCI-NATURE CURATED DATA%FOXO FAMILY SIGNALING		44	-0.25377804	-0.8524917	0.720339	0.95414543	1.0	2857	tags=30%, list=21%, signal=37%	
BIOCARTA_BCR_PATHWAY%MSIGDB_C2%BIOCARTA_BCR_PATHWAY	BIOCARTA_BCR_PATHWAY%MSIGDB_C2%BIOCARTA_BCR_PATHWAY		23	-0.29616347	-0.8523323	0.6851312	0.9539974	1.0	2852	tags=30%, list=21%, signal=39%	
METABOLIC EPILEPTIC DISORDERS%WIKIPATHWAYS_20260211%WP5355%HOMO SAPIENS	METABOLIC EPILEPTIC DISORDERS%WIKIPATHWAYS_20260211%WP5355%HOMO SAPIENS		57	-0.24232517	-0.85201806	0.73455596	0.9542028	1.0	1545	tags=16%, list=11%, signal=18%	
POSITIVE REGULATION OF CYTOKINE-MEDIATED SIGNALING PATHWAY%GOBP%GO:0001961	POSITIVE REGULATION OF CYTOKINE-MEDIATED SIGNALING PATHWAY%GOBP%GO:0001961		34	-0.26809302	-0.85182977	0.7301426	0.9541348	1.0	3936	tags=38%, list=29%, signal=54%	
ANATOMICAL STRUCTURE HOMEOSTASIS%GOBP%GO:0060249	ANATOMICAL STRUCTURE HOMEOSTASIS%GOBP%GO:0060249		86	-0.22649926	-0.85127944	0.77097076	0.9549184	1.0	2223	tags=17%, list=16%, signal=21%	
SIGNALING BY WNT IN CANCER%REACTOME DATABASE ID RELEASE 95%4791275	SIGNALING BY WNT IN CANCER%REACTOME DATABASE ID RELEASE 95%4791275		31	-0.26853096	-0.85116416	0.7026477	0.95465666	1.0	1637	tags=19%, list=12%, signal=22%	
ARTERY DEVELOPMENT%GOBP%GO:0060840	ARTERY DEVELOPMENT%GOBP%GO:0060840		38	-0.26186883	-0.8511372	0.7198825	0.95419383	1.0	2764	tags=24%, list=20%, signal=30%	
NEGATIVE REGULATION OF ORGANELLE ASSEMBLY%GOBP%GO:1902116	NEGATIVE REGULATION OF ORGANELLE ASSEMBLY%GOBP%GO:1902116		44	-0.25625852	-0.8511104	0.73003805	0.95373416	1.0	2778	tags=25%, list=21%, signal=31%	
PID_ENDOTHELIN_PATHWAY%MSIGDB_C2%PID_ENDOTHELIN_PATHWAY	PID_ENDOTHELIN_PATHWAY%MSIGDB_C2%PID_ENDOTHELIN_PATHWAY		37	-0.26440006	-0.8506642	0.7244318	0.9542425	1.0	2638	tags=22%, list=20%, signal=27%	
LEUKOCYTE PROLIFERATION%GOBP%GO:0070661	LEUKOCYTE PROLIFERATION%GOBP%GO:0070661		24	-0.2910882	-0.85061604	0.7083734	0.9538335	1.0	1572	tags=17%, list=12%, signal=19%	
POSITIVE REGULATION OF CELL MORPHOGENESIS%GOBP%GO:0010770	POSITIVE REGULATION OF CELL MORPHOGENESIS%GOBP%GO:0010770		15	-0.33127427	-0.85042906	0.66221374	0.9537582	1.0	1469	tags=20%, list=11%, signal=22%	
POSITIVE REGULATION OF CELL ACTIVATION%GOBP%GO:0050867	POSITIVE REGULATION OF CELL ACTIVATION%GOBP%GO:0050867		171	-0.20386346	-0.85037214	0.86715865	0.95337313	1.0	1542	tags=12%, list=11%, signal=13%	
NEGATIVE REGULATION OF CALCIUM ION TRANSMEMBRANE TRANSPORT%GOBP%GO:1903170	NEGATIVE REGULATION OF CALCIUM ION TRANSMEMBRANE TRANSPORT%GOBP%GO:1903170		21	-0.29912925	-0.8501865	0.6857977	0.9532883	1.0	2482	tags=29%, list=18%, signal=35%	
CENTRAL NERVOUS SYSTEM NEURON AXONOGENESIS%GOBP%GO:0021955	CENTRAL NERVOUS SYSTEM NEURON AXONOGENESIS%GOBP%GO:0021955		15	-0.3257945	-0.84966826	0.6699801	0.954012	1.0	511	tags=13%, list=4%, signal=14%	
NEUROTROPHIC FACTOR-MEDIATED TRK RECEPTOR SIGNALING%PATHWAY INTERACTION DATABASE NCI-NATURE CURATED DATA%NEUROTROPHIC FACTOR-MEDIATED TRK RECEPTOR SIGNALING	NEUROTROPHIC FACTOR-MEDIATED TRK RECEPTOR SIGNALING%PATHWAY INTERACTION DATABASE NCI-NATURE CURATED DATA%NEUROTROPHIC FACTOR-MEDIATED TRK RECEPTOR SIGNALING		55	-0.24393985	-0.849658	0.7405615	0.9535103	1.0	2455	tags=22%, list=18%, signal=27%	
MESONEPHRIC TUBULE MORPHOGENESIS%GOBP%GO:0072171	MESONEPHRIC TUBULE MORPHOGENESIS%GOBP%GO:0072171		17	-0.31692412	-0.8494896	0.6786427	0.95339346	1.0	3437	tags=29%, list=25%, signal=39%	
SENSORY PERCEPTION OF SOUND%GOBP%GO:0007605	SENSORY PERCEPTION OF SOUND%GOBP%GO:0007605		67	-0.23376778	-0.84894025	0.7768281	0.9541439	1.0	2945	tags=27%, list=22%, signal=34%	
REGULATION OF ERK1 AND ERK2 CASCADE%GOBP%GO:0070372	REGULATION OF ERK1 AND ERK2 CASCADE%GOBP%GO:0070372		134	-0.21017769	-0.8489273	0.8403756	0.953654	1.0	3339	tags=26%, list=25%, signal=34%	
CALCINEURIN-REGULATED NFAT-DEPENDENT TRANSCRIPTION IN LYMPHOCYTES%PATHWAY INTERACTION DATABASE NCI-NATURE CURATED DATA%CALCINEURIN-REGULATED NFAT-DEPENDENT TRANSCRIPTION IN LYMPHOCYTES	CALCINEURIN-REGULATED NFAT-DEPENDENT TRANSCRIPTION IN LYMPHOCYTES%PATHWAY INTERACTION DATABASE NCI-NATURE CURATED DATA%CALCINEURIN-REGULATED NFAT-DEPENDENT TRANSCRIPTION IN LYMPHOCYTES		30	-0.2748644	-0.84882	0.7247525	0.9533979	1.0	1631	tags=17%, list=12%, signal=19%	
RESPONSE TO NUTRIENT%GOBP%GO:0007584	RESPONSE TO NUTRIENT%GOBP%GO:0007584		34	-0.2684211	-0.8486587	0.7140115	0.9532427	1.0	2944	tags=32%, list=22%, signal=41%	
NEOVASCULARIZATION PROCESSES%WIKIPATHWAYS_20260211%WP4331%HOMO SAPIENS	NEOVASCULARIZATION PROCESSES%WIKIPATHWAYS_20260211%WP4331%HOMO SAPIENS		25	-0.28814107	-0.848196	0.69187146	0.95379144	1.0	2638	tags=24%, list=20%, signal=30%	
PANCREAS DEVELOPMENT%GOBP%GO:0031016	PANCREAS DEVELOPMENT%GOBP%GO:0031016		22	-0.29407617	-0.8474632	0.70410156	0.9549822	1.0	1185	tags=14%, list=9%, signal=15%	
BIOMINERAL TISSUE DEVELOPMENT%GOBP%GO:0031214	BIOMINERAL TISSUE DEVELOPMENT%GOBP%GO:0031214		22	-0.299993	-0.847462	0.68681866	0.9544627	1.0	2164	tags=32%, list=16%, signal=38%	
REGULATION OF NEURAL PRECURSOR CELL PROLIFERATION%GOBP%GO:2000177	REGULATION OF NEURAL PRECURSOR CELL PROLIFERATION%GOBP%GO:2000177		28	-0.27572268	-0.8472621	0.6949654	0.95441073	1.0	1653	tags=14%, list=12%, signal=16%	
CELLULAR RESPONSE TO RETINOIC ACID%GOBP%GO:0071300	CELLULAR RESPONSE TO RETINOIC ACID%GOBP%GO:0071300		30	-0.27494028	-0.84692866	0.7144259	0.954695	1.0	1465	tags=17%, list=11%, signal=19%	
REGULATION OF PROTEIN LOCALIZATION TO PLASMA MEMBRANE%GOBP%GO:1903076	REGULATION OF PROTEIN LOCALIZATION TO PLASMA MEMBRANE%GOBP%GO:1903076		88	-0.22157735	-0.8465998	0.8058161	0.95493245	1.0	657	tags=10%, list=5%, signal=11%	
REGULATION OF BODY FLUID LEVELS%GOBP%GO:0050878	REGULATION OF BODY FLUID LEVELS%GOBP%GO:0050878		152	-0.20658512	-0.84637386	0.85406923	0.9549282	1.0	3272	tags=27%, list=24%, signal=35%	
PID_AR_TF_PATHWAY%MSIGDB_C2%PID_AR_TF_PATHWAY	PID_AR_TF_PATHWAY%MSIGDB_C2%PID_AR_TF_PATHWAY		39	-0.26070255	-0.8458204	0.727003	0.9557137	1.0	4310	tags=46%, list=32%, signal=68%	
TP53 REGULATES TRANSCRIPTION OF ADDITIONAL CELL CYCLE GENES WHOSE EXACT ROLE IN THE P53 PATHWAY REMAIN UNCERTAIN%REACTOME%R-HSA-6804115.2	TP53 REGULATES TRANSCRIPTION OF ADDITIONAL CELL CYCLE GENES WHOSE EXACT ROLE IN THE P53 PATHWAY REMAIN UNCERTAIN%REACTOME%R-HSA-6804115.2		19	-0.30834955	-0.8457445	0.6724976	0.9553806	1.0	1171	tags=16%, list=9%, signal=17%	
POSITIVE REGULATION OF HEMOPOIESIS%GOBP%GO:1903708	POSITIVE REGULATION OF HEMOPOIESIS%GOBP%GO:1903708		100	-0.21697988	-0.84542537	0.80733085	0.95559853	1.0	2905	tags=25%, list=21%, signal=32%	
NEGATIVE REGULATION OF DNA REPAIR%GOBP%GO:0045738	NEGATIVE REGULATION OF DNA REPAIR%GOBP%GO:0045738		29	-0.27569893	-0.8451303	0.7201528	0.9557602	1.0	2992	tags=31%, list=22%, signal=40%	
RESPONSE TO LIGHT STIMULUS%GOBP%GO:0009416	RESPONSE TO LIGHT STIMULUS%GOBP%GO:0009416		159	-0.20558754	-0.845087	0.8767639	0.95533746	1.0	3285	tags=28%, list=24%, signal=37%	
DENGUE VIRUS ATTACHMENT AND ENTRY%REACTOME DATABASE ID RELEASE 95%9918485	DENGUE VIRUS ATTACHMENT AND ENTRY%REACTOME DATABASE ID RELEASE 95%9918485		35	-0.26692307	-0.84460264	0.72289157	0.9559168	1.0	704	tags=11%, list=5%, signal=12%	
GANGLIOSIDE METABOLIC PROCESS%GOBP%GO:0001573	GANGLIOSIDE METABOLIC PROCESS%GOBP%GO:0001573		19	-0.3099146	-0.844452	0.6927711	0.9557647	1.0	2399	tags=32%, list=18%, signal=38%	
REGULATION OF PROTEIN IMPORT INTO NUCLEUS%GOBP%GO:0042306	REGULATION OF PROTEIN IMPORT INTO NUCLEUS%GOBP%GO:0042306		37	-0.26065335	-0.84427637	0.742126	0.9556438	1.0	1140	tags=14%, list=8%, signal=15%	
REGULATION OF GLUCOSE METABOLIC PROCESS%GOBP%GO:0010906	REGULATION OF GLUCOSE METABOLIC PROCESS%GOBP%GO:0010906		54	-0.24010341	-0.8440755	0.7640343	0.95556533	1.0	2056	tags=19%, list=15%, signal=22%	
NEGATIVE REGULATION OF LIPID BIOSYNTHETIC PROCESS%GOBP%GO:0051055	NEGATIVE REGULATION OF LIPID BIOSYNTHETIC PROCESS%GOBP%GO:0051055		39	-0.26039222	-0.8435825	0.7398058	0.9561879	1.0	149	tags=8%, list=1%, signal=8%	
ALPHA6BETA4INTEGRIN%NETPATH%ALPHA6BETA4INTEGRIN	ALPHA6BETA4INTEGRIN%NETPATH%ALPHA6BETA4INTEGRIN		49	-0.24759276	-0.84340006	0.7672584	0.9560928	1.0	3253	tags=37%, list=24%, signal=48%	
JNK CASCADE%GOBP%GO:0007254	JNK CASCADE%GOBP%GO:0007254		28	-0.27925876	-0.8426903	0.694499	0.9572224	1.0	2740	tags=32%, list=20%, signal=40%	
NEPHRON TUBULE DEVELOPMENT%GOBP%GO:0072080	NEPHRON TUBULE DEVELOPMENT%GOBP%GO:0072080		25	-0.2855643	-0.8425732	0.7	0.95697236	1.0	837	tags=8%, list=6%, signal=9%	
PID_HEDGEHOG_GLI_PATHWAY%MSIGDB_C2%PID_HEDGEHOG_GLI_PATHWAY	PID_HEDGEHOG_GLI_PATHWAY%MSIGDB_C2%PID_HEDGEHOG_GLI_PATHWAY		34	-0.26962972	-0.8425379	0.7277328	0.9565421	1.0	2024	tags=21%, list=15%, signal=24%	
BMP SIGNALING PATHWAY%GOBP%GO:0030509	BMP SIGNALING PATHWAY%GOBP%GO:0030509		37	-0.2612713	-0.8425022	0.7290875	0.9561024	1.0	1867	tags=19%, list=14%, signal=22%	
POSITIVE REGULATION OF LEUKOCYTE DIFFERENTIATION%GOBP%GO:1902107	POSITIVE REGULATION OF LEUKOCYTE DIFFERENTIATION%GOBP%GO:1902107		100	-0.21697988	-0.84200716	0.8347996	0.95674056	1.0	2905	tags=25%, list=21%, signal=32%	
EPHRIN B REVERSE SIGNALING%PATHWAY INTERACTION DATABASE NCI-NATURE CURATED DATA%EPHRIN B REVERSE SIGNALING	EPHRIN B REVERSE SIGNALING%PATHWAY INTERACTION DATABASE NCI-NATURE CURATED DATA%EPHRIN B REVERSE SIGNALING		21	-0.2956631	-0.8416019	0.6998088	0.9571644	1.0	3253	tags=43%, list=24%, signal=56%	
ESTROGEN SIGNALING%WIKIPATHWAYS_20260211%WP712%HOMO SAPIENS	ESTROGEN SIGNALING%WIKIPATHWAYS_20260211%WP712%HOMO SAPIENS		17	-0.31232324	-0.8413202	0.69787645	0.9572967	1.0	2616	tags=35%, list=19%, signal=44%	
NAD METABOLISM IN ONCOGENE INDUCED SENESCENCE AND MITOCHONDRIAL DYSFUNCTION ASSOCIATED SENESCENCE%WIKIPATHWAYS_20260211%WP5046%HOMO SAPIENS	NAD METABOLISM IN ONCOGENE INDUCED SENESCENCE AND MITOCHONDRIAL DYSFUNCTION ASSOCIATED SENESCENCE%WIKIPATHWAYS_20260211%WP5046%HOMO SAPIENS		16	-0.31691024	-0.8412829	0.6854839	0.9568694	1.0	3011	tags=25%, list=22%, signal=32%	
RECEPTOR CLUSTERING%GOBP%GO:0043113	RECEPTOR CLUSTERING%GOBP%GO:0043113		24	-0.28827918	-0.8409623	0.696031	0.95709634	1.0	3655	tags=46%, list=27%, signal=63%	
ANK2 PATHWAY IN EPILEPSY DEVELOPMENT%WIKIPATHWAYS_20260211%WP5557%HOMO SAPIENS	ANK2 PATHWAY IN EPILEPSY DEVELOPMENT%WIKIPATHWAYS_20260211%WP5557%HOMO SAPIENS		16	-0.31867352	-0.840897	0.69569474	0.9567339	1.0	31	tags=6%, list=0%, signal=6%	
PULMONARY VALVE MORPHOGENESIS%GOBP%GO:0003184	PULMONARY VALVE MORPHOGENESIS%GOBP%GO:0003184		16	-0.31810105	-0.8405596	0.6888889	0.9569886	1.0	2128	tags=25%, list=16%, signal=30%	
POSITIVE REGULATION OF LYMPHOCYTE ACTIVATION%GOBP%GO:0051251	POSITIVE REGULATION OF LYMPHOCYTE ACTIVATION%GOBP%GO:0051251		157	-0.20246449	-0.8405467	0.89719623	0.9565045	1.0	3299	tags=25%, list=24%, signal=33%	
QUINONE METABOLIC PROCESS%GOBP%GO:1901661	QUINONE METABOLIC PROCESS%GOBP%GO:1901661		17	-0.31651703	-0.84042066	0.69373775	0.9562781	1.0	2875	tags=35%, list=21%, signal=45%	
REGULATION OF ERBB SIGNALING PATHWAY%GOBP%GO:1901184	REGULATION OF ERBB SIGNALING PATHWAY%GOBP%GO:1901184		62	-0.23531345	-0.8403182	0.77203065	0.956002	1.0	1481	tags=15%, list=11%, signal=16%	
TRANSPOSABLE ELEMENT SILENCING%GOBP%GO:0010526	TRANSPOSABLE ELEMENT SILENCING%GOBP%GO:0010526		21	-0.2947633	-0.84027755	0.71354705	0.95558715	1.0	4127	tags=48%, list=31%, signal=68%	
NEGATIVE REGULATION OF NEURON PROJECTION DEVELOPMENT%GOBP%GO:0010977	NEGATIVE REGULATION OF NEURON PROJECTION DEVELOPMENT%GOBP%GO:0010977		53	-0.2442149	-0.839871	0.75885165	0.9559905	1.0	2026	tags=23%, list=15%, signal=27%	
DNA DOUBLE STRAND BREAK RESPONSE%REACTOME%R-HSA-5693606.4	DNA DOUBLE STRAND BREAK RESPONSE%REACTOME%R-HSA-5693606.4		40	-0.25582433	-0.83933467	0.7633136	0.95667404	1.0	2638	tags=28%, list=20%, signal=34%	
SIGNALING BY ERBB2 IN CANCER%REACTOME DATABASE ID RELEASE 95%1227990	SIGNALING BY ERBB2 IN CANCER%REACTOME DATABASE ID RELEASE 95%1227990		17	-0.3153537	-0.839263	0.7023121	0.9563207	1.0	783	tags=12%, list=6%, signal=12%	
NUCLEOSIDE DIPHOSPHATE METABOLIC PROCESS%GOBP%GO:0009132	NUCLEOSIDE DIPHOSPHATE METABOLIC PROCESS%GOBP%GO:0009132		53	-0.24204338	-0.8390947	0.7688588	0.9561771	1.0	3198	tags=28%, list=24%, signal=37%	
NEPHRIN NEPH1 SIGNALING IN THE KIDNEY PODOCYTE%PATHWAY INTERACTION DATABASE NCI-NATURE CURATED DATA%NEPHRIN NEPH1 SIGNALING IN THE KIDNEY PODOCYTE	NEPHRIN NEPH1 SIGNALING IN THE KIDNEY PODOCYTE%PATHWAY INTERACTION DATABASE NCI-NATURE CURATED DATA%NEPHRIN NEPH1 SIGNALING IN THE KIDNEY PODOCYTE		23	-0.2875203	-0.8379423	0.7030948	0.9582377	1.0	3272	tags=43%, list=24%, signal=57%	
CARBOXYLIC ACID TRANSMEMBRANE TRANSPORT%GOBP%GO:1905039	CARBOXYLIC ACID TRANSMEMBRANE TRANSPORT%GOBP%GO:1905039		72	-0.22922865	-0.8378197	0.776204	0.9580001	1.0	3686	tags=38%, list=27%, signal=51%	
MRNA CIS SPLICING, VIA SPLICEOSOME%GOBP%GO:0045292	MRNA CIS SPLICING, VIA SPLICEOSOME%GOBP%GO:0045292		19	-0.30906954	-0.8373018	0.6989247	0.95870453	1.0	2042	tags=26%, list=15%, signal=31%	
LPA RECEPTOR MEDIATED EVENTS%PATHWAY INTERACTION DATABASE NCI-NATURE CURATED DATA%LPA RECEPTOR MEDIATED EVENTS	LPA RECEPTOR MEDIATED EVENTS%PATHWAY INTERACTION DATABASE NCI-NATURE CURATED DATA%LPA RECEPTOR MEDIATED EVENTS		58	-0.24062009	-0.83719486	0.7584869	0.9584358	1.0	3230	tags=29%, list=24%, signal=38%	
ODONTOGENESIS%GOBP%GO:0042476	ODONTOGENESIS%GOBP%GO:0042476		35	-0.25769007	-0.8368696	0.7509328	0.95866	1.0	2273	tags=26%, list=17%, signal=31%	
NEGATIVE REGULATION OF G PROTEIN-COUPLED RECEPTOR SIGNALING PATHWAY%GOBP%GO:0045744	NEGATIVE REGULATION OF G PROTEIN-COUPLED RECEPTOR SIGNALING PATHWAY%GOBP%GO:0045744		41	-0.25801086	-0.83679086	0.7588235	0.9583177	1.0	3230	tags=29%, list=24%, signal=38%	
MORPHOGENESIS OF A BRANCHING STRUCTURE%GOBP%GO:0001763	MORPHOGENESIS OF A BRANCHING STRUCTURE%GOBP%GO:0001763		36	-0.26431257	-0.83636373	0.7464115	0.9587422	1.0	109	tags=6%, list=1%, signal=6%	
BIOCARTA_HER2_PATHWAY%MSIGDB_C2%BIOCARTA_HER2_PATHWAY	BIOCARTA_HER2_PATHWAY%MSIGDB_C2%BIOCARTA_HER2_PATHWAY		20	-0.29520836	-0.8357992	0.7268293	0.9594879	1.0	3253	tags=30%, list=24%, signal=39%	
MODIFIED AMINO ACID BIOSYNTHETIC PROCESS%GOBP%GO:0042398	MODIFIED AMINO ACID BIOSYNTHETIC PROCESS%GOBP%GO:0042398		26	-0.28102362	-0.8355937	0.71398747	0.9594376	1.0	723	tags=12%, list=5%, signal=12%	
NEGATIVE REGULATION OF SMOOTHENED SIGNALING PATHWAY%GOBP%GO:0045879	NEGATIVE REGULATION OF SMOOTHENED SIGNALING PATHWAY%GOBP%GO:0045879		21	-0.29760158	-0.83555007	0.71057886	0.9590232	1.0	1286	tags=19%, list=10%, signal=21%	
FOLLICLE STIMULATING HORMONE FSH SIGNALING%WIKIPATHWAYS_20260211%WP2035%HOMO SAPIENS	FOLLICLE STIMULATING HORMONE FSH SIGNALING%WIKIPATHWAYS_20260211%WP2035%HOMO SAPIENS		17	-0.31307858	-0.8346619	0.70612246	0.96050006	1.0	3667	tags=47%, list=27%, signal=65%	
COMPLEMENT SYSTEM IN NEURONAL DEVELOPMENT AND PLASTICITY%WIKIPATHWAYS_20260211%WP5090%HOMO SAPIENS	COMPLEMENT SYSTEM IN NEURONAL DEVELOPMENT AND PLASTICITY%WIKIPATHWAYS_20260211%WP5090%HOMO SAPIENS		55	-0.2383374	-0.8345611	0.78289473	0.96021205	1.0	3283	tags=27%, list=24%, signal=36%	
REGULATION OF CALCIUM ION-DEPENDENT EXOCYTOSIS%GOBP%GO:0017158	REGULATION OF CALCIUM ION-DEPENDENT EXOCYTOSIS%GOBP%GO:0017158		25	-0.28190857	-0.8337887	0.71779746	0.9614074	1.0	2663	tags=32%, list=20%, signal=40%	
NEGATIVE REGULATION OF CELLULAR RESPONSE TO GROWTH FACTOR STIMULUS%GOBP%GO:0090288	NEGATIVE REGULATION OF CELLULAR RESPONSE TO GROWTH FACTOR STIMULUS%GOBP%GO:0090288		59	-0.23485647	-0.83325356	0.78	0.9620433	1.0	2193	tags=17%, list=16%, signal=20%	
RESPIRATORY SYNCYTIAL VIRUS (RSV) GENOME REPLICATION, TRANSCRIPTION AND TRANSLATION%REACTOME%R-HSA-9820965.1	RESPIRATORY SYNCYTIAL VIRUS (RSV) GENOME REPLICATION, TRANSCRIPTION AND TRANSLATION%REACTOME%R-HSA-9820965.1		17	-0.3125689	-0.8329196	0.7106549	0.96227616	1.0	2580	tags=29%, list=19%, signal=36%	
APOPTOSIS%WIKIPATHWAYS_20260211%WP254%HOMO SAPIENS	APOPTOSIS%WIKIPATHWAYS_20260211%WP254%HOMO SAPIENS		62	-0.23460117	-0.83254576	0.7887597	0.96259123	1.0	1720	tags=16%, list=13%, signal=18%	
DEFECTIVE INTRINSIC PATHWAY FOR APOPTOSIS%REACTOME DATABASE ID RELEASE 95%9734009	DEFECTIVE INTRINSIC PATHWAY FOR APOPTOSIS%REACTOME DATABASE ID RELEASE 95%9734009		22	-0.29090804	-0.8323148	0.71456885	0.9625947	1.0	1316	tags=18%, list=10%, signal=20%	
DETECTION OF ABIOTIC STIMULUS%GOBP%GO:0009582	DETECTION OF ABIOTIC STIMULUS%GOBP%GO:0009582		45	-0.24970147	-0.83227336	0.76724136	0.96217257	1.0	293	tags=7%, list=2%, signal=7%	
ACTIVATION OF GABAB RECEPTORS%REACTOME%R-HSA-991365.6	ACTIVATION OF GABAB RECEPTORS%REACTOME%R-HSA-991365.6		33	-0.26689258	-0.8321362	0.7326923	0.9619515	1.0	3996	tags=39%, list=30%, signal=56%	
DNA DAMAGE TELOMERE STRESS INDUCED SENESCENCE%REACTOME DATABASE ID RELEASE 95%2559586	DNA DAMAGE TELOMERE STRESS INDUCED SENESCENCE%REACTOME DATABASE ID RELEASE 95%2559586		27	-0.27922666	-0.8317175	0.7483124	0.9623791	1.0	1829	tags=26%, list=14%, signal=30%	
NEGATIVE REGULATION OF ACTIN FILAMENT DEPOLYMERIZATION%GOBP%GO:0030835	NEGATIVE REGULATION OF ACTIN FILAMENT DEPOLYMERIZATION%GOBP%GO:0030835		19	-0.29930484	-0.83161217	0.6977648	0.9620982	1.0	294	tags=11%, list=2%, signal=11%	
CELL KILLING%GOBP%GO:0001906	CELL KILLING%GOBP%GO:0001906		33	-0.2614251	-0.83150214	0.76138616	0.96183187	1.0	1490	tags=18%, list=11%, signal=20%	
GABA B RECEPTOR ACTIVATION%REACTOME%R-HSA-977444.5	GABA B RECEPTOR ACTIVATION%REACTOME%R-HSA-977444.5		33	-0.26689258	-0.83129954	0.74113137	0.96176285	1.0	3996	tags=39%, list=30%, signal=56%	
NEUROINFLAMMATORY RESPONSE%GOBP%GO:0150076	NEUROINFLAMMATORY RESPONSE%GOBP%GO:0150076		16	-0.3166277	-0.8307955	0.69805825	0.96235627	1.0	194	tags=13%, list=1%, signal=13%	
N-GLYCAN ANTENNAE ELONGATION IN THE MEDIAL TRANS-GOLGI%REACTOME%R-HSA-975576.3	N-GLYCAN ANTENNAE ELONGATION IN THE MEDIAL TRANS-GOLGI%REACTOME%R-HSA-975576.3		20	-0.29775384	-0.83069664	0.72081715	0.9620586	1.0	3324	tags=45%, list=25%, signal=60%	
MUSCLE TISSUE MORPHOGENESIS%GOBP%GO:0060415	MUSCLE TISSUE MORPHOGENESIS%GOBP%GO:0060415		33	-0.2604687	-0.83058834	0.74346566	0.9617862	1.0	3296	tags=27%, list=24%, signal=36%	
HALLMARK_TGF_BETA_SIGNALING%MSIGDBHALLMARK%HALLMARK_TGF_BETA_SIGNALING	HALLMARK_TGF_BETA_SIGNALING%MSIGDBHALLMARK%HALLMARK_TGF_BETA_SIGNALING		42	-0.25107992	-0.83043677	0.7574591	0.961612	1.0	3295	tags=33%, list=24%, signal=44%	
CELL POPULATION PROLIFERATION%GOBP%GO:0008283	CELL POPULATION PROLIFERATION%GOBP%GO:0008283		188	-0.19530709	-0.8303357	0.91927826	0.9613097	1.0	1704	tags=13%, list=13%, signal=14%	
POSITIVE REGULATION OF LYMPHOCYTE DIFFERENTIATION%GOBP%GO:0045621	POSITIVE REGULATION OF LYMPHOCYTE DIFFERENTIATION%GOBP%GO:0045621		69	-0.22501592	-0.8300645	0.8119738	0.961398	1.0	3299	tags=30%, list=24%, signal=40%	
RESPONSE TO MECHANICAL STIMULUS%GOBP%GO:0009612	RESPONSE TO MECHANICAL STIMULUS%GOBP%GO:0009612		78	-0.2220933	-0.8295008	0.8049952	0.96210736	1.0	3253	tags=29%, list=24%, signal=39%	
IFN-ALPHA%IOB%IFN-ALPHA	IFN-ALPHA%IOB%IFN-ALPHA		27	-0.27655548	-0.82914084	0.7440239	0.96237653	1.0	2384	tags=22%, list=18%, signal=27%	
SIGNALING BY FLT3 FUSION PROTEINS%REACTOME DATABASE ID RELEASE 95%9703465	SIGNALING BY FLT3 FUSION PROTEINS%REACTOME DATABASE ID RELEASE 95%9703465		16	-0.31542632	-0.8288809	0.7091596	0.9624288	1.0	1363	tags=19%, list=10%, signal=21%	
MUSCLE ORGAN MORPHOGENESIS%GOBP%GO:0048644	MUSCLE ORGAN MORPHOGENESIS%GOBP%GO:0048644		33	-0.2604687	-0.8288272	0.7748092	0.96204597	1.0	3296	tags=27%, list=24%, signal=36%	
PID_WNT_CANONICAL_PATHWAY%MSIGDB_C2%PID_WNT_CANONICAL_PATHWAY	PID_WNT_CANONICAL_PATHWAY%MSIGDB_C2%PID_WNT_CANONICAL_PATHWAY		15	-0.3199902	-0.8285055	0.6845842	0.9622538	1.0	2841	tags=40%, list=21%, signal=51%	
REGULATION OF TOLL-LIKE RECEPTOR SIGNALING PATHWAY%GOBP%GO:0034121	REGULATION OF TOLL-LIKE RECEPTOR SIGNALING PATHWAY%GOBP%GO:0034121		22	-0.2893204	-0.8284961	0.72410357	0.9617687	1.0	2101	tags=23%, list=16%, signal=27%	
NANOPARTICLE MEDIATED ACTIVATION OF RECEPTOR SIGNALING%WIKIPATHWAYS_20260211%WP2643%HOMO SAPIENS	NANOPARTICLE MEDIATED ACTIVATION OF RECEPTOR SIGNALING%WIKIPATHWAYS_20260211%WP2643%HOMO SAPIENS		24	-0.28075725	-0.8282083	0.74898374	0.96187896	1.0	3018	tags=42%, list=22%, signal=54%	
REGULATION OF TRANSMEMBRANE TRANSPORTER ACTIVITY%GOBP%GO:0022898	REGULATION OF TRANSMEMBRANE TRANSPORTER ACTIVITY%GOBP%GO:0022898		43	-0.24991725	-0.82684755	0.7760618	0.96429807	1.0	2256	tags=19%, list=17%, signal=22%	
LEUKOCYTE MEDIATED IMMUNITY%GOBP%GO:0002443	LEUKOCYTE MEDIATED IMMUNITY%GOBP%GO:0002443		71	-0.22805302	-0.82629627	0.8323699	0.9650199	1.0	3153	tags=27%, list=23%, signal=35%	
RHO GTPASES ACTIVATE ROCKS%REACTOME%R-HSA-5627117.5	RHO GTPASES ACTIVATE ROCKS%REACTOME%R-HSA-5627117.5		19	-0.29868427	-0.82613975	0.7173913	0.9648554	1.0	2285	tags=26%, list=17%, signal=32%	
RESPONSE TO INTERLEUKIN-4%GOBP%GO:0070670	RESPONSE TO INTERLEUKIN-4%GOBP%GO:0070670		15	-0.32012993	-0.8258635	0.7108674	0.96493316	1.0	2804	tags=33%, list=21%, signal=42%	
KCNQ2 AND KCNQ3 RELATED EPILEPSY%WIKIPATHWAYS_20260211%WP5599%HOMO SAPIENS	KCNQ2 AND KCNQ3 RELATED EPILEPSY%WIKIPATHWAYS_20260211%WP5599%HOMO SAPIENS		21	-0.28939572	-0.8244345	0.7316832	0.9674731	1.0	458	tags=10%, list=3%, signal=10%	
PID_NFAT_TFPATHWAY%MSIGDB_C2%PID_NFAT_TFPATHWAY	PID_NFAT_TFPATHWAY%MSIGDB_C2%PID_NFAT_TFPATHWAY		24	-0.28006047	-0.82430637	0.7444337	0.9672406	1.0	416	tags=8%, list=3%, signal=9%	
POSITIVE REGULATION OF GLUCOSE METABOLIC PROCESS%GOBP%GO:0010907	POSITIVE REGULATION OF GLUCOSE METABOLIC PROCESS%GOBP%GO:0010907		26	-0.27358428	-0.82403636	0.73828125	0.96730953	1.0	1646	tags=19%, list=12%, signal=22%	
LIPID TRANSLOCATION%GOBP%GO:0034204	LIPID TRANSLOCATION%GOBP%GO:0034204		28	-0.2724607	-0.8235466	0.74536586	0.9678498	1.0	262	tags=7%, list=2%, signal=7%	
MICROTUBULE CYTOSKELETON REGULATION%WIKIPATHWAYS_20260211%WP2038%HOMO SAPIENS	MICROTUBULE CYTOSKELETON REGULATION%WIKIPATHWAYS_20260211%WP2038%HOMO SAPIENS		29	-0.27255142	-0.8234432	0.75831705	0.9675659	1.0	3892	tags=48%, list=29%, signal=68%	
NEGATIVE REGULATION OF CELL PROJECTION ORGANIZATION%GOBP%GO:0031345	NEGATIVE REGULATION OF CELL PROJECTION ORGANIZATION%GOBP%GO:0031345		92	-0.21580656	-0.8227022	0.8557964	0.96860045	1.0	2026	tags=18%, list=15%, signal=22%	
MITOCHONDRIAL TRNA AMINOACYLATION%REACTOME%R-HSA-379726.3	MITOCHONDRIAL TRNA AMINOACYLATION%REACTOME%R-HSA-379726.3		18	-0.29797223	-0.82225907	0.7218345	0.96901643	1.0	1176	tags=11%, list=9%, signal=12%	
PID_AR_PATHWAY%MSIGDB_C2%PID_AR_PATHWAY	PID_AR_PATHWAY%MSIGDB_C2%PID_AR_PATHWAY		42	-0.24872951	-0.8219891	0.78289473	0.9690652	1.0	1484	tags=14%, list=11%, signal=16%	
REGULATION OF FIBROBLAST GROWTH FACTOR RECEPTOR SIGNALING PATHWAY%GOBP%GO:0040036	REGULATION OF FIBROBLAST GROWTH FACTOR RECEPTOR SIGNALING PATHWAY%GOBP%GO:0040036		19	-0.29544982	-0.821781	0.7478006	0.9689961	1.0	3448	tags=37%, list=26%, signal=49%	
ENDOTHELINS%PATHWAY INTERACTION DATABASE NCI-NATURE CURATED DATA%ENDOTHELINS	ENDOTHELINS%PATHWAY INTERACTION DATABASE NCI-NATURE CURATED DATA%ENDOTHELINS		49	-0.23889244	-0.8214279	0.7862524	0.9692138	1.0	3691	tags=29%, list=27%, signal=39%	
POSITIVE REGULATION OF LEUKOCYTE ACTIVATION%GOBP%GO:0002696	POSITIVE REGULATION OF LEUKOCYTE ACTIVATION%GOBP%GO:0002696		165	-0.1978443	-0.8210845	0.91382575	0.96942896	1.0	3299	tags=25%, list=24%, signal=32%	
PHOTODYNAMIC THERAPY INDUCED NF KB SURVIVAL SIGNALING%WIKIPATHWAYS_20260211%WP3617%HOMO SAPIENS	PHOTODYNAMIC THERAPY INDUCED NF KB SURVIVAL SIGNALING%WIKIPATHWAYS_20260211%WP3617%HOMO SAPIENS		20	-0.29667088	-0.82094306	0.7260693	0.96921813	1.0	1720	tags=25%, list=13%, signal=29%	
STEM CELL DIFFERENTIATION%GOBP%GO:0048863	STEM CELL DIFFERENTIATION%GOBP%GO:0048863		83	-0.22116512	-0.8209289	0.845098	0.9687454	1.0	2404	tags=19%, list=18%, signal=23%	
REGULATION OF NUCLEOBASE-CONTAINING COMPOUND TRANSPORT%GOBP%GO:0032239	REGULATION OF NUCLEOBASE-CONTAINING COMPOUND TRANSPORT%GOBP%GO:0032239		16	-0.30763412	-0.82039475	0.7341651	0.96934783	1.0	2042	tags=25%, list=15%, signal=29%	
GABA RECEPTOR ACTIVATION%REACTOME%R-HSA-977443.7	GABA RECEPTOR ACTIVATION%REACTOME%R-HSA-977443.7		37	-0.25699574	-0.8203151	0.7648202	0.9690057	1.0	4031	tags=41%, list=30%, signal=58%	
MYOGENESIS%REACTOME DATABASE ID RELEASE 95%525793	MYOGENESIS%REACTOME DATABASE ID RELEASE 95%525793		24	-0.28252673	-0.8194779	0.74725276	0.9702425	1.0	2616	tags=29%, list=19%, signal=36%	
POSITIVE REGULATION OF GLIOGENESIS%GOBP%GO:0014015	POSITIVE REGULATION OF GLIOGENESIS%GOBP%GO:0014015		20	-0.29493657	-0.8193995	0.74509805	0.9698895	1.0	1444	tags=20%, list=11%, signal=22%	
ENDOCARDIAL CUSHION MORPHOGENESIS%GOBP%GO:0003203	ENDOCARDIAL CUSHION MORPHOGENESIS%GOBP%GO:0003203		27	-0.27028042	-0.8193316	0.7379576	0.9695189	1.0	1444	tags=15%, list=11%, signal=17%	
HEART MORPHOGENESIS%GOBP%GO:0003007	HEART MORPHOGENESIS%GOBP%GO:0003007		121	-0.2047218	-0.81916624	0.89418495	0.96935993	1.0	3296	tags=27%, list=24%, signal=36%	
T CELL RECEPTOR SIGNALING PATHWAY%SMPDB%SMP0066977	T CELL RECEPTOR SIGNALING PATHWAY%SMPDB%SMP0066977		35	-0.25706825	-0.81897867	0.7635135	0.9692499	1.0	3253	tags=31%, list=24%, signal=41%	
POSTSYNAPSE ORGANIZATION%GOBP%GO:0099173	POSTSYNAPSE ORGANIZATION%GOBP%GO:0099173		39	-0.25144622	-0.8185069	0.7741935	0.9696922	1.0	1646	tags=23%, list=12%, signal=26%	
ALPHA 6 BETA 4 SIGNALING%WIKIPATHWAYS_20260211%WP244%HOMO SAPIENS	ALPHA 6 BETA 4 SIGNALING%WIKIPATHWAYS_20260211%WP244%HOMO SAPIENS		25	-0.27341968	-0.81841195	0.7657658	0.9693789	1.0	3030	tags=40%, list=22%, signal=51%	
ANTIVIRAL AND ANTI INFLAMMATORY EFFECTS OF NRF2 ON SARS COV 2 PATHWAY%WIKIPATHWAYS_20260211%WP5113%HOMO SAPIENS	ANTIVIRAL AND ANTI INFLAMMATORY EFFECTS OF NRF2 ON SARS COV 2 PATHWAY%WIKIPATHWAYS_20260211%WP5113%HOMO SAPIENS		21	-0.29251733	-0.81649166	0.75581396	0.9728063	1.0	4208	tags=43%, list=31%, signal=62%	
C-MYB TRANSCRIPTION FACTOR NETWORK%PATHWAY INTERACTION DATABASE NCI-NATURE CURATED DATA%C-MYB TRANSCRIPTION FACTOR NETWORK	C-MYB TRANSCRIPTION FACTOR NETWORK%PATHWAY INTERACTION DATABASE NCI-NATURE CURATED DATA%C-MYB TRANSCRIPTION FACTOR NETWORK		66	-0.22675559	-0.81638235	0.822736	0.97252065	1.0	2917	tags=26%, list=22%, signal=33%	
SENSORY PROCESSING OF SOUND BY OUTER HAIR CELLS OF THE COCHLEA%REACTOME DATABASE ID RELEASE 95%9662361	SENSORY PROCESSING OF SOUND BY OUTER HAIR CELLS OF THE COCHLEA%REACTOME DATABASE ID RELEASE 95%9662361		34	-0.25810415	-0.81636125	0.778744	0.97205704	1.0	2591	tags=24%, list=19%, signal=29%	
NOTCH%IOB%NOTCH	NOTCH%IOB%NOTCH		50	-0.23908325	-0.8162263	0.80588233	0.97183096	1.0	3480	tags=38%, list=26%, signal=51%	
SUPEROXIDE METABOLIC PROCESS%GOBP%GO:0006801	SUPEROXIDE METABOLIC PROCESS%GOBP%GO:0006801		25	-0.27364513	-0.8161242	0.755665	0.9715447	1.0	2252	tags=24%, list=17%, signal=29%	
REGULATION OF LYMPHOCYTE APOPTOTIC PROCESS%GOBP%GO:0070228	REGULATION OF LYMPHOCYTE APOPTOTIC PROCESS%GOBP%GO:0070228		22	-0.28556076	-0.8160637	0.7507219	0.97116095	1.0	550	tags=9%, list=4%, signal=9%	
NON GENOMIC ACTIONS OF 1 25 DIHYDROXYVITAMIN D3%WIKIPATHWAYS_20260211%WP4341%HOMO SAPIENS	NON GENOMIC ACTIONS OF 1 25 DIHYDROXYVITAMIN D3%WIKIPATHWAYS_20260211%WP4341%HOMO SAPIENS		55	-0.23386906	-0.8160229	0.8234714	0.9707355	1.0	2638	tags=25%, list=20%, signal=31%	
NEUREXINS AND NEUROLIGINS%REACTOME%R-HSA-6794361.6	NEUREXINS AND NEUROLIGINS%REACTOME%R-HSA-6794361.6		41	-0.24769883	-0.81506747	0.80490106	0.97217506	1.0	2291	tags=20%, list=17%, signal=23%	
REGULATION OF HEART RATE%GOBP%GO:0002027	REGULATION OF HEART RATE%GOBP%GO:0002027		56	-0.23188509	-0.81363225	0.8368522	0.9746183	1.0	140	tags=5%, list=1%, signal=5%	
NUCLEOTIDE TRANSMEMBRANE TRANSPORT%GOBP%GO:1901679	NUCLEOTIDE TRANSMEMBRANE TRANSPORT%GOBP%GO:1901679		19	-0.29574594	-0.8131745	0.7490196	0.9750344	1.0	2333	tags=32%, list=17%, signal=38%	
INTRAFLAGELLAR TRANSPORT%REACTOME%R-HSA-5620924.5	INTRAFLAGELLAR TRANSPORT%REACTOME%R-HSA-5620924.5		31	-0.26107562	-0.81283706	0.77853656	0.9752066	1.0	2965	tags=32%, list=22%, signal=41%	
NEUROTRANSMITTER TRANSPORT%GOBP%GO:0006836	NEUROTRANSMITTER TRANSPORT%GOBP%GO:0006836		65	-0.2257753	-0.81277996	0.8362791	0.9748207	1.0	2920	tags=26%, list=22%, signal=33%	
G ALPHA (S) SIGNALLING EVENTS%REACTOME DATABASE ID RELEASE 95%418555	G ALPHA (S) SIGNALLING EVENTS%REACTOME DATABASE ID RELEASE 95%418555		75	-0.21873242	-0.8126025	0.86614937	0.974649	1.0	4029	tags=41%, list=30%, signal=59%	
GNRH SIGNALING PATHWAY%PATHWHIZ%PW064816	GNRH SIGNALING PATHWAY%PATHWHIZ%PW064816		38	-0.25183317	-0.8125974	0.7864373	0.9741586	1.0	3684	tags=34%, list=27%, signal=47%	
CASPASE ACTIVATION VIA EXTRINSIC APOPTOTIC SIGNALLING PATHWAY%REACTOME DATABASE ID RELEASE 95%5357769	CASPASE ACTIVATION VIA EXTRINSIC APOPTOTIC SIGNALLING PATHWAY%REACTOME DATABASE ID RELEASE 95%5357769		19	-0.2918993	-0.8123484	0.7485323	0.97417057	1.0	1388	tags=16%, list=10%, signal=18%	
GM-CSF%IOB%GM-CSF	GM-CSF%IOB%GM-CSF		43	-0.2429394	-0.81128347	0.7934363	0.9757728	1.0	2922	tags=30%, list=22%, signal=38%	
ANTEROGRADE TRANS-SYNAPTIC SIGNALING%GOBP%GO:0098916	ANTEROGRADE TRANS-SYNAPTIC SIGNALING%GOBP%GO:0098916		193	-0.19152944	-0.81019527	0.9461467	0.97741836	1.0	2033	tags=15%, list=15%, signal=17%	
REGULATION OF RNA EXPORT FROM NUCLEUS%GOBP%GO:0046831	REGULATION OF RNA EXPORT FROM NUCLEUS%GOBP%GO:0046831		15	-0.3113162	-0.8100248	0.73006725	0.97726387	1.0	2042	tags=27%, list=15%, signal=31%	
GLUTATHIONE METABOLIC PROCESS%GOBP%GO:0006749	GLUTATHIONE METABOLIC PROCESS%GOBP%GO:0006749		29	-0.26536852	-0.80983126	0.76321137	0.9771648	1.0	265	tags=7%, list=2%, signal=7%	
FLAGELLATED SPERM MOTILITY%GOBP%GO:0030317	FLAGELLATED SPERM MOTILITY%GOBP%GO:0030317		95	-0.21045935	-0.80976814	0.89746004	0.97679514	1.0	3701	tags=29%, list=27%, signal=40%	
DETECTION OF STIMULUS INVOLVED IN SENSORY PERCEPTION%GOBP%GO:0050906	DETECTION OF STIMULUS INVOLVED IN SENSORY PERCEPTION%GOBP%GO:0050906		26	-0.26951185	-0.80906314	0.7758112	0.97766495	1.0	1419	tags=15%, list=11%, signal=17%	
BIOCARTA_PPARA_PATHWAY%MSIGDB_C2%BIOCARTA_PPARA_PATHWAY	BIOCARTA_PPARA_PATHWAY%MSIGDB_C2%BIOCARTA_PPARA_PATHWAY		31	-0.2602657	-0.8088271	0.7785171	0.9776424	1.0	1287	tags=16%, list=10%, signal=18%	
HEAD AND NECK SQUAMOUS CELL CARCINOMA%WIKIPATHWAYS_20260211%WP4674%HOMO SAPIENS	HEAD AND NECK SQUAMOUS CELL CARCINOMA%WIKIPATHWAYS_20260211%WP4674%HOMO SAPIENS		59	-0.22894035	-0.8087837	0.8355513	0.9772348	1.0	3253	tags=32%, list=24%, signal=42%	
NEGATIVE REGULATION OF FAT CELL DIFFERENTIATION%GOBP%GO:0045599	NEGATIVE REGULATION OF FAT CELL DIFFERENTIATION%GOBP%GO:0045599		33	-0.25628915	-0.80846757	0.789272	0.9773405	1.0	3283	tags=39%, list=24%, signal=52%	
HETEROPHILIC CELL-CELL ADHESION%GOBP%GO:0007157	HETEROPHILIC CELL-CELL ADHESION%GOBP%GO:0007157		20	-0.28537935	-0.8084101	0.755287	0.97695124	1.0	540	tags=10%, list=4%, signal=10%	
PID_ARF6_PATHWAY%MSIGDB_C2%PID_ARF6_PATHWAY	PID_ARF6_PATHWAY%MSIGDB_C2%PID_ARF6_PATHWAY		23	-0.27971318	-0.8082278	0.75718534	0.97680044	1.0	245	tags=9%, list=2%, signal=9%	
REGULATION OF VIRAL LIFE CYCLE%GOBP%GO:1903900	REGULATION OF VIRAL LIFE CYCLE%GOBP%GO:1903900		83	-0.21629946	-0.80815643	0.88185257	0.976437	1.0	761	tags=10%, list=6%, signal=10%	
CELLULAR RESPONSE TO OXIDATIVE STRESS%GOBP%GO:0034599	CELLULAR RESPONSE TO OXIDATIVE STRESS%GOBP%GO:0034599		139	-0.19909263	-0.8080661	0.9203704	0.97610456	1.0	2808	tags=24%, list=21%, signal=30%	
NUCLEOTIDE BINDING OLIGOMERIZATION DOMAIN NOD PATHWAY%WIKIPATHWAYS_20260211%WP1433%HOMO SAPIENS	NUCLEOTIDE BINDING OLIGOMERIZATION DOMAIN NOD PATHWAY%WIKIPATHWAYS_20260211%WP1433%HOMO SAPIENS		21	-0.28280562	-0.80760974	0.7632613	0.9764764	1.0	802	tags=10%, list=6%, signal=10%	
INTEGRIN MEDIATED CELL ADHESION%WIKIPATHWAYS_20260211%WP185%HOMO SAPIENS	INTEGRIN MEDIATED CELL ADHESION%WIKIPATHWAYS_20260211%WP185%HOMO SAPIENS		68	-0.22092833	-0.807545	0.86116505	0.97610956	1.0	3183	tags=32%, list=24%, signal=42%	
ANTIMICROBIAL HUMORAL RESPONSE%GOBP%GO:0019730	ANTIMICROBIAL HUMORAL RESPONSE%GOBP%GO:0019730		25	-0.27147892	-0.806322	0.7594203	0.97798383	1.0	2208	tags=20%, list=16%, signal=24%	
METABOLISM OF SPHINGOLIPIDS IN ER AND GOLGI APPARATUS%WIKIPATHWAYS_20260211%WP4142%HOMO SAPIENS	METABOLISM OF SPHINGOLIPIDS IN ER AND GOLGI APPARATUS%WIKIPATHWAYS_20260211%WP4142%HOMO SAPIENS		16	-0.30729678	-0.8061896	0.7531831	0.97773015	1.0	1361	tags=13%, list=10%, signal=14%	
CHEMICAL SYNAPTIC TRANSMISSION%GOBP%GO:0007268	CHEMICAL SYNAPTIC TRANSMISSION%GOBP%GO:0007268		193	-0.19152944	-0.8052242	0.9579439	0.9791229	1.0	2033	tags=15%, list=15%, signal=17%	
REGULATION OF POTASSIUM ION TRANSMEMBRANE TRANSPORT%GOBP%GO:1901379	REGULATION OF POTASSIUM ION TRANSMEMBRANE TRANSPORT%GOBP%GO:1901379		37	-0.24723265	-0.80488235	0.7968902	0.97927845	1.0	1510	tags=16%, list=11%, signal=18%	
SPERM MOTILITY%GOBP%GO:0097722	SPERM MOTILITY%GOBP%GO:0097722		95	-0.21045935	-0.8048331	0.89184064	0.9788797	1.0	3701	tags=29%, list=27%, signal=40%	
VALIDATED TRANSCRIPTIONAL TARGETS OF DELTANP63 ISOFORMS%PATHWAY INTERACTION DATABASE NCI-NATURE CURATED DATA%VALIDATED TRANSCRIPTIONAL TARGETS OF DELTANP63 ISOFORMS	VALIDATED TRANSCRIPTIONAL TARGETS OF DELTANP63 ISOFORMS%PATHWAY INTERACTION DATABASE NCI-NATURE CURATED DATA%VALIDATED TRANSCRIPTIONAL TARGETS OF DELTANP63 ISOFORMS		36	-0.24929409	-0.80402535	0.81026137	0.97993606	1.0	2011	tags=19%, list=15%, signal=23%	
POSITIVE REGULATION OF MICROTUBULE POLYMERIZATION%GOBP%GO:0031116	POSITIVE REGULATION OF MICROTUBULE POLYMERIZATION%GOBP%GO:0031116		25	-0.27102253	-0.8036746	0.76256156	0.9800997	1.0	2085	tags=24%, list=15%, signal=28%	
ANGIOGENESIS OVERVIEW%WIKIPATHWAYS_20260211%WP1993%HOMO SAPIENS	ANGIOGENESIS OVERVIEW%WIKIPATHWAYS_20260211%WP1993%HOMO SAPIENS		46	-0.23706202	-0.8032702	0.8306679	0.9803706	1.0	3129	tags=28%, list=23%, signal=37%	
SULFUR AMINO ACID METABOLISM%REACTOME DATABASE ID RELEASE 95%1614635	SULFUR AMINO ACID METABOLISM%REACTOME DATABASE ID RELEASE 95%1614635		23	-0.2804613	-0.8017917	0.769158	0.9826965	1.0	2381	tags=26%, list=18%, signal=32%	
FORMATION OF TUBULIN FOLDING INTERMEDIATES BY CCT TRIC%REACTOME%R-HSA-389960.4	FORMATION OF TUBULIN FOLDING INTERMEDIATES BY CCT TRIC%REACTOME%R-HSA-389960.4		22	-0.28097123	-0.80155456	0.7598086	0.98263705	1.0	598	tags=14%, list=4%, signal=14%	
MESENCHYME MORPHOGENESIS%GOBP%GO:0072132	MESENCHYME MORPHOGENESIS%GOBP%GO:0072132		30	-0.2571873	-0.8004076	0.80331063	0.9842979	1.0	1444	tags=13%, list=11%, signal=15%	
SIGNALING BY PHOSPHORYLATED JUXTAMEMBRANE, EXTRACELLULAR AND KINASE DOMAIN KIT MUTANTS%REACTOME%R-HSA-9670439.2	SIGNALING BY PHOSPHORYLATED JUXTAMEMBRANE, EXTRACELLULAR AND KINASE DOMAIN KIT MUTANTS%REACTOME%R-HSA-9670439.2		15	-0.3094123	-0.7996022	0.74081844	0.98531574	1.0	744	tags=13%, list=6%, signal=14%	
G ALPHA (Z) SIGNALLING EVENTS%REACTOME DATABASE ID RELEASE 95%418597	G ALPHA (Z) SIGNALLING EVENTS%REACTOME DATABASE ID RELEASE 95%418597		38	-0.24650769	-0.7991203	0.80566037	0.9857351	1.0	3881	tags=32%, list=29%, signal=44%	
PROTEIN FOLDING%REACTOME%R-HSA-391251.3	PROTEIN FOLDING%REACTOME%R-HSA-391251.3		85	-0.21169639	-0.79824495	0.8744229	0.9868561	1.0	676	tags=9%, list=5%, signal=10%	
SIGNALING BY KIT IN DISEASE%REACTOME%R-HSA-9669938.5	SIGNALING BY KIT IN DISEASE%REACTOME%R-HSA-9669938.5		15	-0.3094123	-0.798077	0.75612146	0.9866751	1.0	744	tags=13%, list=6%, signal=14%	
GASTRULATION%GOBP%GO:0007369	GASTRULATION%GOBP%GO:0007369		64	-0.22248909	-0.79784	0.85672796	0.98662335	1.0	3165	tags=23%, list=23%, signal=30%	
CHONDROCYTE DIFFERENTIATION%GOBP%GO:0002062	CHONDROCYTE DIFFERENTIATION%GOBP%GO:0002062		30	-0.25641048	-0.7976463	0.79402983	0.9864768	1.0	3431	tags=37%, list=25%, signal=49%	
REGULATION OF REGULATED SECRETORY PATHWAY%GOBP%GO:1903305	REGULATION OF REGULATED SECRETORY PATHWAY%GOBP%GO:1903305		59	-0.22692667	-0.7970402	0.8517786	0.9870962	1.0	2663	tags=20%, list=20%, signal=25%	
RIBOSOMAL SMALL SUBUNIT ASSEMBLY%GOBP%GO:0000028	RIBOSOMAL SMALL SUBUNIT ASSEMBLY%GOBP%GO:0000028		19	-0.28294685	-0.7969224	0.7757805	0.9868294	1.0	3625	tags=32%, list=27%, signal=43%	
IL4%NETPATH%IL4	IL4%NETPATH%IL4		30	-0.259973	-0.79551303	0.789225	0.98891646	1.0	1085	tags=17%, list=8%, signal=18%	
PROTEIN LOCALIZATION TO PEROXISOME%GOBP%GO:0072662	PROTEIN LOCALIZATION TO PEROXISOME%GOBP%GO:0072662		16	-0.30173802	-0.794712	0.7631068	0.9898937	1.0	2557	tags=38%, list=19%, signal=46%	
RESPIRATORY TUBE DEVELOPMENT%GOBP%GO:0030323	RESPIRATORY TUBE DEVELOPMENT%GOBP%GO:0030323		34	-0.25423247	-0.7943457	0.8045541	0.9900664	1.0	1185	tags=12%, list=9%, signal=13%	
BLOOD VESSEL ENDOTHELIAL CELL MIGRATION%GOBP%GO:0043534	BLOOD VESSEL ENDOTHELIAL CELL MIGRATION%GOBP%GO:0043534		19	-0.28681564	-0.7943211	0.7647648	0.9896143	1.0	332	tags=11%, list=2%, signal=11%	
PID_RAS_PATHWAY%MSIGDB_C2%PID_RAS_PATHWAY	PID_RAS_PATHWAY%MSIGDB_C2%PID_RAS_PATHWAY		19	-0.28793845	-0.79420364	0.7638889	0.98934203	1.0	3005	tags=37%, list=22%, signal=47%	
PID_FOXO_PATHWAY%MSIGDB_C2%PID_FOXO_PATHWAY	PID_FOXO_PATHWAY%MSIGDB_C2%PID_FOXO_PATHWAY		34	-0.25318664	-0.7941719	0.8109405	0.9888996	1.0	3899	tags=41%, list=29%, signal=58%	
NEGATIVE REGULATION OF RECEPTOR-MEDIATED ENDOCYTOSIS%GOBP%GO:0048261	NEGATIVE REGULATION OF RECEPTOR-MEDIATED ENDOCYTOSIS%GOBP%GO:0048261		21	-0.27988076	-0.79389113	0.7748279	0.98891485	1.0	2291	tags=24%, list=17%, signal=29%	
TISSUE REGENERATION%GOBP%GO:0042246	TISSUE REGENERATION%GOBP%GO:0042246		16	-0.2979326	-0.7933718	0.7727718	0.98933595	1.0	814	tags=19%, list=6%, signal=20%	
AMINOGLYCAN BIOSYNTHETIC PROCESS%GOBP%GO:0006023	AMINOGLYCAN BIOSYNTHETIC PROCESS%GOBP%GO:0006023		23	-0.27575353	-0.79314417	0.7703349	0.98925734	1.0	2028	tags=22%, list=15%, signal=26%	
VEGFA-VEGFR2 PATHWAY%REACTOME DATABASE ID RELEASE 95%4420097	VEGFA-VEGFR2 PATHWAY%REACTOME DATABASE ID RELEASE 95%4420097		81	-0.2102382	-0.7929542	0.8822966	0.98909545	1.0	2616	tags=22%, list=19%, signal=27%	
INTERLEUKIN-7 SIGNALING%REACTOME DATABASE ID RELEASE 95%1266695	INTERLEUKIN-7 SIGNALING%REACTOME DATABASE ID RELEASE 95%1266695		19	-0.28377375	-0.79186463	0.7815534	0.9905178	1.0	2772	tags=26%, list=21%, signal=33%	
RNA POLYMERASE I TRANSCRIPTION INITIATION%REACTOME DATABASE ID RELEASE 95%73762	RNA POLYMERASE I TRANSCRIPTION INITIATION%REACTOME DATABASE ID RELEASE 95%73762		43	-0.23621288	-0.79172415	0.8320388	0.990264	1.0	3638	tags=44%, list=27%, signal=60%	
PHOTORECEPTOR CELL MAINTENANCE%GOBP%GO:0045494	PHOTORECEPTOR CELL MAINTENANCE%GOBP%GO:0045494		28	-0.26155457	-0.7914822	0.8166828	0.9901839	1.0	4486	tags=54%, list=33%, signal=80%	
INTERLEUKIN-2 FAMILY SIGNALING%REACTOME DATABASE ID RELEASE 95%451927	INTERLEUKIN-2 FAMILY SIGNALING%REACTOME DATABASE ID RELEASE 95%451927		26	-0.2647431	-0.79138106	0.78905475	0.98987573	1.0	783	tags=12%, list=6%, signal=12%	
HALLMARK_WNT_BETA_CATENIN_SIGNALING%MSIGDBHALLMARK%HALLMARK_WNT_BETA_CATENIN_SIGNALING	HALLMARK_WNT_BETA_CATENIN_SIGNALING%MSIGDBHALLMARK%HALLMARK_WNT_BETA_CATENIN_SIGNALING		29	-0.25691223	-0.7913033	0.7983115	0.9895191	1.0	2782	tags=31%, list=21%, signal=39%	
THE ROLE OF NEF IN HIV-1 REPLICATION AND DISEASE PATHOGENESIS%REACTOME%R-HSA-164952.3	THE ROLE OF NEF IN HIV-1 REPLICATION AND DISEASE PATHOGENESIS%REACTOME%R-HSA-164952.3		23	-0.27143666	-0.79090214	0.80020493	0.98972726	1.0	1052	tags=9%, list=8%, signal=9%	
ARACHIDONATE METABOLISM%REACTOME DATABASE ID RELEASE 95%2142753	ARACHIDONATE METABOLISM%REACTOME DATABASE ID RELEASE 95%2142753		29	-0.26222163	-0.7901987	0.8068834	0.9904718	1.0	1822	tags=24%, list=13%, signal=28%	
PURINE-CONTAINING COMPOUND CATABOLIC PROCESS%GOBP%GO:0072523	PURINE-CONTAINING COMPOUND CATABOLIC PROCESS%GOBP%GO:0072523		70	-0.21583939	-0.7891655	0.87904763	0.99178106	1.0	3065	tags=26%, list=23%, signal=33%	
ABERRANT REGULATION OF MITOTIC EXIT IN CANCER DUE TO RB1 DEFECTS%REACTOME DATABASE ID RELEASE 95%9687136	ABERRANT REGULATION OF MITOTIC EXIT IN CANCER DUE TO RB1 DEFECTS%REACTOME DATABASE ID RELEASE 95%9687136		20	-0.28113675	-0.7870163	0.787037	0.99501187	1.0	2151	tags=20%, list=16%, signal=24%	
GAP-FILLING DNA REPAIR SYNTHESIS AND LIGATION IN TC-NER%REACTOME%R-HSA-6782210.3	GAP-FILLING DNA REPAIR SYNTHESIS AND LIGATION IN TC-NER%REACTOME%R-HSA-6782210.3		60	-0.22270837	-0.7867892	0.8884724	0.9949022	1.0	2302	tags=25%, list=17%, signal=30%	
INTRINSIC APOPTOTIC SIGNALING PATHWAY%GOBP%GO:0097193	INTRINSIC APOPTOTIC SIGNALING PATHWAY%GOBP%GO:0097193		121	-0.19717589	-0.78675896	0.9426152	0.9944546	1.0	892	tags=9%, list=7%, signal=10%	
CRMPS IN SEMA3A SIGNALING%REACTOME DATABASE ID RELEASE 95%399956	CRMPS IN SEMA3A SIGNALING%REACTOME DATABASE ID RELEASE 95%399956		15	-0.30191204	-0.7866105	0.7483317	0.99420923	1.0	3859	tags=40%, list=29%, signal=56%	
SIGNAL RELEASE%GOBP%GO:0023061	SIGNAL RELEASE%GOBP%GO:0023061		75	-0.21146819	-0.78660053	0.9149357	0.9937335	1.0	2920	tags=23%, list=22%, signal=29%	
AP-1 TRANSCRIPTION FACTOR NETWORK%PATHWAY INTERACTION DATABASE NCI-NATURE CURATED DATA%AP-1 TRANSCRIPTION FACTOR NETWORK	AP-1 TRANSCRIPTION FACTOR NETWORK%PATHWAY INTERACTION DATABASE NCI-NATURE CURATED DATA%AP-1 TRANSCRIPTION FACTOR NETWORK		57	-0.22555566	-0.7863162	0.8649174	0.9937345	1.0	1891	tags=16%, list=14%, signal=18%	
2Q11 2 COPY NUMBER VARIATION SYNDROME%WIKIPATHWAYS_20260211%WP5221%HOMO SAPIENS	2Q11 2 COPY NUMBER VARIATION SYNDROME%WIKIPATHWAYS_20260211%WP5221%HOMO SAPIENS		22	-0.2767405	-0.7863098	0.78413653	0.99325114	1.0	914	tags=14%, list=7%, signal=15%	
REGULATION OF TP53 EXPRESSION AND DEGRADATION%REACTOME%R-HSA-6806003.4	REGULATION OF TP53 EXPRESSION AND DEGRADATION%REACTOME%R-HSA-6806003.4		36	-0.24497347	-0.7862935	0.8267183	0.99278396	1.0	2146	tags=19%, list=16%, signal=23%	
CHEMICAL SYNAPTIC TRANSMISSION, POSTSYNAPTIC%GOBP%GO:0099565	CHEMICAL SYNAPTIC TRANSMISSION, POSTSYNAPTIC%GOBP%GO:0099565		16	-0.29647598	-0.7854364	0.7837051	0.99377865	1.0	2024	tags=19%, list=15%, signal=22%	
POSITIVE REGULATION OF RHO PROTEIN SIGNAL TRANSDUCTION%GOBP%GO:0035025	POSITIVE REGULATION OF RHO PROTEIN SIGNAL TRANSDUCTION%GOBP%GO:0035025		23	-0.2755242	-0.7849423	0.7909441	0.99409074	1.0	1487	tags=17%, list=11%, signal=20%	
GLYCOSPHINGOLIPID BIOSYNTHETIC PROCESS%GOBP%GO:0006688	GLYCOSPHINGOLIPID BIOSYNTHETIC PROCESS%GOBP%GO:0006688		30	-0.25393775	-0.7847571	0.8264706	0.9939205	1.0	2399	tags=23%, list=18%, signal=28%	
PHOTODYNAMIC THERAPY INDUCED AP 1 SURVIVAL SIGNALING%WIKIPATHWAYS_20260211%WP3611%HOMO SAPIENS	PHOTODYNAMIC THERAPY INDUCED AP 1 SURVIVAL SIGNALING%WIKIPATHWAYS_20260211%WP3611%HOMO SAPIENS		36	-0.24653733	-0.7841892	0.83044314	0.99437964	1.0	2639	tags=28%, list=20%, signal=34%	
SIGNALING BY LIGAND-RESPONSIVE EGFR VARIANTS IN CANCER%REACTOME%R-HSA-5637815.3	SIGNALING BY LIGAND-RESPONSIVE EGFR VARIANTS IN CANCER%REACTOME%R-HSA-5637815.3		17	-0.29265225	-0.783787	0.772	0.99457663	1.0	783	tags=12%, list=6%, signal=12%	
INTRAFLAGELLAR TRANSPORT PROTEINS BINDING TO DYNEIN%WIKIPATHWAYS_20260211%WP4532%HOMO SAPIENS	INTRAFLAGELLAR TRANSPORT PROTEINS BINDING TO DYNEIN%WIKIPATHWAYS_20260211%WP4532%HOMO SAPIENS		17	-0.28837729	-0.7832757	0.8001949	0.9949599	1.0	1364	tags=18%, list=10%, signal=20%	
AZATHIOPRINE ACTION PATHWAY%SMPDB%SMP0000427	AZATHIOPRINE ACTION PATHWAY%SMPDB%SMP0000427		38	-0.23793054	-0.7829984	0.84960157	0.99493486	1.0	3143	tags=29%, list=23%, signal=38%	
PHOSPHODIESTERASES IN NEURONAL FUNCTION%WIKIPATHWAYS_20260211%WP4222%HOMO SAPIENS	PHOSPHODIESTERASES IN NEURONAL FUNCTION%WIKIPATHWAYS_20260211%WP4222%HOMO SAPIENS		23	-0.26793703	-0.7829115	0.80077	0.9945971	1.0	3454	tags=35%, list=26%, signal=47%	
POSITIVE REGULATION OF NITRIC OXIDE BIOSYNTHETIC PROCESS%GOBP%GO:0045429	POSITIVE REGULATION OF NITRIC OXIDE BIOSYNTHETIC PROCESS%GOBP%GO:0045429		21	-0.2771493	-0.78142995	0.7788945	0.9965591	1.0	2666	tags=29%, list=20%, signal=36%	
INTERACTOME OF POLYCOMB REPRESSIVE COMPLEX 2 PRC2 %WIKIPATHWAYS_20260211%WP2916%HOMO SAPIENS	INTERACTOME OF POLYCOMB REPRESSIVE COMPLEX 2 PRC2 %WIKIPATHWAYS_20260211%WP2916%HOMO SAPIENS		15	-0.29627678	-0.7814037	0.78571427	0.99610454	1.0	2036	tags=27%, list=15%, signal=31%	
FAS (CD95) SIGNALING PATHWAY%PATHWAY INTERACTION DATABASE NCI-NATURE CURATED DATA%FAS (CD95) SIGNALING PATHWAY	FAS (CD95) SIGNALING PATHWAY%PATHWAY INTERACTION DATABASE NCI-NATURE CURATED DATA%FAS (CD95) SIGNALING PATHWAY		28	-0.25903845	-0.7813561	0.82669324	0.9956925	1.0	2740	tags=29%, list=20%, signal=36%	
CANONICAL WNT SIGNALING PATHWAY%PATHWAY INTERACTION DATABASE NCI-NATURE CURATED DATA%CANONICAL WNT SIGNALING PATHWAY	CANONICAL WNT SIGNALING PATHWAY%PATHWAY INTERACTION DATABASE NCI-NATURE CURATED DATA%CANONICAL WNT SIGNALING PATHWAY		18	-0.28389964	-0.7811199	0.78388625	0.99559337	1.0	2841	tags=33%, list=21%, signal=42%	
DISORDERS OF MITOCHONDRIAL HOMEOSTATIS DYNAMICS PROTEIN IMPORT AND QUALITY CONTROL%WIKIPATHWAYS_20260211%WP5504%HOMO SAPIENS	DISORDERS OF MITOCHONDRIAL HOMEOSTATIS DYNAMICS PROTEIN IMPORT AND QUALITY CONTROL%WIKIPATHWAYS_20260211%WP5504%HOMO SAPIENS		47	-0.22930032	-0.78107655	0.8607714	0.9951755	1.0	2609	tags=23%, list=19%, signal=29%	
REGULATION OF TP53 DEGRADATION%REACTOME%R-HSA-6804757.3	REGULATION OF TP53 DEGRADATION%REACTOME%R-HSA-6804757.3		36	-0.24497347	-0.7798759	0.8518868	0.9966697	1.0	2146	tags=19%, list=16%, signal=23%	
REGULATION OF POSTSYNAPTIC MEMBRANE POTENTIAL%GOBP%GO:0060078	REGULATION OF POSTSYNAPTIC MEMBRANE POTENTIAL%GOBP%GO:0060078		16	-0.29647598	-0.7797586	0.78754944	0.9963789	1.0	2024	tags=19%, list=15%, signal=22%	
REGULATION OF SMAD PROTEIN SIGNAL TRANSDUCTION%GOBP%GO:0060390	REGULATION OF SMAD PROTEIN SIGNAL TRANSDUCTION%GOBP%GO:0060390		45	-0.23246603	-0.7792701	0.8614341	0.99669147	1.0	1110	tags=11%, list=8%, signal=12%	
RHOA SIGNALING PATHWAY%PATHWAY INTERACTION DATABASE NCI-NATURE CURATED DATA%RHOA SIGNALING PATHWAY	RHOA SIGNALING PATHWAY%PATHWAY INTERACTION DATABASE NCI-NATURE CURATED DATA%RHOA SIGNALING PATHWAY		40	-0.2356022	-0.77869064	0.8453202	0.997128	1.0	3965	tags=38%, list=29%, signal=53%	
FATTY ACID OXIDATION%GOBP%GO:0019395	FATTY ACID OXIDATION%GOBP%GO:0019395		52	-0.2254255	-0.778351	0.8705314	0.99720144	1.0	2921	tags=27%, list=22%, signal=34%	
FORMATION OF WDR5-CONTAINING HISTONE-MODIFYING COMPLEXES%REACTOME%R-HSA-9772755.2	FORMATION OF WDR5-CONTAINING HISTONE-MODIFYING COMPLEXES%REACTOME%R-HSA-9772755.2		40	-0.23629393	-0.77799296	0.86079836	0.9972945	1.0	3471	tags=38%, list=26%, signal=50%	
NEGATIVE REGULATION OF TRANSCRIPTION ELONGATION BY RNA POLYMERASE II%GOBP%GO:0034244	NEGATIVE REGULATION OF TRANSCRIPTION ELONGATION BY RNA POLYMERASE II%GOBP%GO:0034244		17	-0.2920609	-0.77790284	0.7802645	0.9969579	1.0	3162	tags=29%, list=23%, signal=38%	
EXPRESSION OF BMAL (ARNTL), CLOCK, AND NPAS2%REACTOME DATABASE ID RELEASE 95%9931509	EXPRESSION OF BMAL (ARNTL), CLOCK, AND NPAS2%REACTOME DATABASE ID RELEASE 95%9931509		31	-0.24807028	-0.7773352	0.8499507	0.9974256	1.0	4310	tags=42%, list=32%, signal=61%	
MRNA MODIFICATION%GOBP%GO:0016556	MRNA MODIFICATION%GOBP%GO:0016556		20	-0.28033477	-0.7766612	0.78802747	0.9980326	1.0	1909	tags=20%, list=14%, signal=23%	
CELLULAR RESPONSE TO LOW-DENSITY LIPOPROTEIN PARTICLE STIMULUS%GOBP%GO:0071404	CELLULAR RESPONSE TO LOW-DENSITY LIPOPROTEIN PARTICLE STIMULUS%GOBP%GO:0071404		19	-0.28112042	-0.77548015	0.7873563	0.99946135	1.0	3283	tags=32%, list=24%, signal=42%	
REGULATION OF POTASSIUM ION TRANSPORT%GOBP%GO:0043266	REGULATION OF POTASSIUM ION TRANSPORT%GOBP%GO:0043266		41	-0.23327188	-0.775185	0.86584204	0.9994481	1.0	3352	tags=32%, list=25%, signal=42%	
CONSTITUTIVE SIGNALING BY LIGAND-RESPONSIVE EGFR CANCER VARIANTS%REACTOME%R-HSA-1236382.3	CONSTITUTIVE SIGNALING BY LIGAND-RESPONSIVE EGFR CANCER VARIANTS%REACTOME%R-HSA-1236382.3		17	-0.29265225	-0.7746984	0.78614455	0.9997355	1.0	783	tags=12%, list=6%, signal=12%	
RECYCLING PATHWAY OF L1%REACTOME%R-HSA-437239.3	RECYCLING PATHWAY OF L1%REACTOME%R-HSA-437239.3		25	-0.26342914	-0.77467054	0.8183613	0.9992874	1.0	1596	tags=16%, list=12%, signal=18%	
G BETA:GAMMA SIGNALLING THROUGH PI3KGAMMA%REACTOME DATABASE ID RELEASE 95%392451	G BETA:GAMMA SIGNALLING THROUGH PI3KGAMMA%REACTOME DATABASE ID RELEASE 95%392451		20	-0.28246993	-0.77421564	0.79611653	0.99950796	1.0	3881	tags=30%, list=29%, signal=42%	
ANTIGEN PROCESSING AND PRESENTATION OF EXOGENOUS PEPTIDE ANTIGEN%GOBP%GO:0002478	ANTIGEN PROCESSING AND PRESENTATION OF EXOGENOUS PEPTIDE ANTIGEN%GOBP%GO:0002478		24	-0.26804858	-0.77415514	0.82703215	0.99911517	1.0	4275	tags=29%, list=32%, signal=43%	
THIOGUANINE ACTION PATHWAY%PATHWHIZ%PW000429	THIOGUANINE ACTION PATHWAY%PATHWHIZ%PW000429		38	-0.23793054	-0.7741511	0.8545102	0.9986313	1.0	3143	tags=29%, list=23%, signal=38%	
PURINE RIBONUCLEOTIDE CATABOLIC PROCESS%GOBP%GO:0009154	PURINE RIBONUCLEOTIDE CATABOLIC PROCESS%GOBP%GO:0009154		48	-0.22905697	-0.7737752	0.87818694	0.9987362	1.0	3065	tags=31%, list=23%, signal=40%	
NEURON RECOGNITION%GOBP%GO:0008038	NEURON RECOGNITION%GOBP%GO:0008038		21	-0.27242523	-0.77349174	0.82189053	0.9987014	1.0	1330	tags=19%, list=10%, signal=21%	
SPROUTING ANGIOGENESIS%GOBP%GO:0002040	SPROUTING ANGIOGENESIS%GOBP%GO:0002040		43	-0.23540679	-0.77327895	0.8678161	0.9985387	1.0	1861	tags=16%, list=14%, signal=19%	
PROTEIN O-LINKED GLYCOSYLATION VIA N-ACETYL-GALACTOSAMINE%GOBP%GO:0016266	PROTEIN O-LINKED GLYCOSYLATION VIA N-ACETYL-GALACTOSAMINE%GOBP%GO:0016266		24	-0.26516154	-0.77322525	0.81492245	0.99813163	1.0	3677	tags=38%, list=27%, signal=51%	
BIOCARTA_WNT_PATHWAY%MSIGDB_C2%BIOCARTA_WNT_PATHWAY	BIOCARTA_WNT_PATHWAY%MSIGDB_C2%BIOCARTA_WNT_PATHWAY		19	-0.27689224	-0.7724714	0.8017928	0.998822	1.0	2841	tags=37%, list=21%, signal=47%	
MERCAPTOPURINE ACTION PATHWAY%PATHWHIZ%PW000267	MERCAPTOPURINE ACTION PATHWAY%PATHWHIZ%PW000267		38	-0.23793054	-0.77180624	0.84142715	0.9993669	1.0	3143	tags=29%, list=23%, signal=38%	
PID_HIF2PATHWAY%MSIGDB_C2%PID_HIF2PATHWAY	PID_HIF2PATHWAY%MSIGDB_C2%PID_HIF2PATHWAY		17	-0.28352374	-0.77063215	0.7964427	1.0	1.0	1408	tags=18%, list=10%, signal=20%	
PULMONARY VALVE DEVELOPMENT%GOBP%GO:0003177	PULMONARY VALVE DEVELOPMENT%GOBP%GO:0003177		20	-0.2741043	-0.770376	0.8005923	1.0	1.0	2128	tags=20%, list=16%, signal=24%	
POSITIVE REGULATION OF RESPONSE TO ENDOPLASMIC RETICULUM STRESS%GOBP%GO:1905898	POSITIVE REGULATION OF RESPONSE TO ENDOPLASMIC RETICULUM STRESS%GOBP%GO:1905898		31	-0.24906263	-0.7699853	0.8466934	1.0	1.0	517	tags=6%, list=4%, signal=7%	
REGULATION OF CELLULAR SENESCENCE%GOBP%GO:2000772	REGULATION OF CELLULAR SENESCENCE%GOBP%GO:2000772		28	-0.25332546	-0.7696279	0.8224852	1.0	1.0	915	tags=14%, list=7%, signal=15%	
OBSOLETE POSITIVE REGULATION OF PROTEIN TARGETING TO MITOCHONDRION%GOBP%GO:1903955	OBSOLETE POSITIVE REGULATION OF PROTEIN TARGETING TO MITOCHONDRION%GOBP%GO:1903955		28	-0.25165376	-0.76958627	0.8470363	1.0	1.0	847	tags=14%, list=6%, signal=15%	
POSITIVE REGULATION OF INTERLEUKIN-1 PRODUCTION%GOBP%GO:0032732	POSITIVE REGULATION OF INTERLEUKIN-1 PRODUCTION%GOBP%GO:0032732		32	-0.24917638	-0.76929784	0.83732057	1.0	1.0	2422	tags=19%, list=18%, signal=23%	
ANGIOPOIETIN LIKE PROTEIN 8 REGULATORY PATHWAY%WIKIPATHWAYS_20260211%WP3915%HOMO SAPIENS	ANGIOPOIETIN LIKE PROTEIN 8 REGULATORY PATHWAY%WIKIPATHWAYS_20260211%WP3915%HOMO SAPIENS		94	-0.2013545	-0.76603645	0.9234275	1.0	1.0	2995	tags=26%, list=22%, signal=33%	
VISUAL PHOTOTRANSDUCTION%REACTOME%R-HSA-2187338.3	VISUAL PHOTOTRANSDUCTION%REACTOME%R-HSA-2187338.3		49	-0.2254832	-0.7658995	0.8785311	1.0	1.0	1497	tags=16%, list=11%, signal=18%	
4P16 3 COPY NUMBER VARIATION%WIKIPATHWAYS_20260211%WP5365%HOMO SAPIENS	4P16 3 COPY NUMBER VARIATION%WIKIPATHWAYS_20260211%WP5365%HOMO SAPIENS		24	-0.26264912	-0.76497364	0.8201581	1.0	1.0	2939	tags=25%, list=22%, signal=32%	
GLYCOLYTIC PROCESS%GOBP%GO:0006096	GLYCOLYTIC PROCESS%GOBP%GO:0006096		31	-0.24440232	-0.7648659	0.84818804	1.0	1.0	3065	tags=32%, list=23%, signal=42%	
NEGATIVE REGULATION OF EPITHELIAL CELL PROLIFERATION%GOBP%GO:0050680	NEGATIVE REGULATION OF EPITHELIAL CELL PROLIFERATION%GOBP%GO:0050680		64	-0.21361788	-0.7645912	0.90699905	1.0	1.0	2673	tags=19%, list=20%, signal=23%	
RUNX1 REGULATES GENES INVOLVED IN MEGAKARYOCYTE DIFFERENTIATION AND PLATELET FUNCTION%REACTOME DATABASE ID RELEASE 95%8936459	RUNX1 REGULATES GENES INVOLVED IN MEGAKARYOCYTE DIFFERENTIATION AND PLATELET FUNCTION%REACTOME DATABASE ID RELEASE 95%8936459		34	-0.24287985	-0.7637406	0.8539216	1.0	1.0	3377	tags=35%, list=25%, signal=47%	
REGULATION OF GRANULOCYTE CHEMOTAXIS%GOBP%GO:0071622	REGULATION OF GRANULOCYTE CHEMOTAXIS%GOBP%GO:0071622		28	-0.25295582	-0.76289105	0.84110373	1.0	1.0	417	tags=7%, list=3%, signal=7%	
RESPONSE TO LIPOPROTEIN PARTICLE%GOBP%GO:0055094	RESPONSE TO LIPOPROTEIN PARTICLE%GOBP%GO:0055094		19	-0.28112042	-0.7623799	0.81906617	1.0	1.0	3283	tags=32%, list=24%, signal=42%	
SUMOYLATION OF TRANSCRIPTION FACTORS%REACTOME DATABASE ID RELEASE 95%3232118	SUMOYLATION OF TRANSCRIPTION FACTORS%REACTOME DATABASE ID RELEASE 95%3232118		16	-0.29244336	-0.762306	0.8105769	1.0	1.0	731	tags=13%, list=5%, signal=13%	
LEFT/RIGHT PATTERN FORMATION%GOBP%GO:0060972	LEFT/RIGHT PATTERN FORMATION%GOBP%GO:0060972		52	-0.21957248	-0.76170623	0.89805824	1.0	1.0	3252	tags=31%, list=24%, signal=40%	
KIDNEY EPITHELIUM DEVELOPMENT%GOBP%GO:0072073	KIDNEY EPITHELIUM DEVELOPMENT%GOBP%GO:0072073		40	-0.2322439	-0.76133406	0.8691049	1.0	1.0	3437	tags=28%, list=25%, signal=37%	
NEUROTRANSMITTER RECEPTORS AND POSTSYNAPTIC SIGNAL TRANSMISSION%REACTOME%R-HSA-112314.10	NEUROTRANSMITTER RECEPTORS AND POSTSYNAPTIC SIGNAL TRANSMISSION%REACTOME%R-HSA-112314.10		117	-0.19287401	-0.7610156	0.9639889	1.0	1.0	3219	tags=25%, list=24%, signal=32%	
REGULATION OF VESICLE FUSION%GOBP%GO:0031338	REGULATION OF VESICLE FUSION%GOBP%GO:0031338		21	-0.26943073	-0.7606193	0.82638216	1.0	1.0	2358	tags=24%, list=17%, signal=29%	
M-DECAY: DEGRADATION OF MATERNAL MRNAS BY MATERNALLY STORED FACTORS%REACTOME DATABASE ID RELEASE 95%9820841	M-DECAY: DEGRADATION OF MATERNAL MRNAS BY MATERNALLY STORED FACTORS%REACTOME DATABASE ID RELEASE 95%9820841		21	-0.27049178	-0.76051676	0.830622	1.0	1.0	3319	tags=38%, list=25%, signal=50%	
CELL REDOX HOMEOSTASIS%GOBP%GO:0045454	CELL REDOX HOMEOSTASIS%GOBP%GO:0045454		32	-0.2424487	-0.760355	0.86206895	1.0	1.0	1541	tags=16%, list=11%, signal=18%	
URETERIC BUD MORPHOGENESIS%GOBP%GO:0060675	URETERIC BUD MORPHOGENESIS%GOBP%GO:0060675		15	-0.29356498	-0.7602884	0.79667646	1.0	1.0	3437	tags=27%, list=25%, signal=36%	
POSITIVE REGULATION OF B CELL PROLIFERATION%GOBP%GO:0030890	POSITIVE REGULATION OF B CELL PROLIFERATION%GOBP%GO:0030890		16	-0.2864841	-0.7601616	0.8052326	1.0	1.0	2340	tags=25%, list=17%, signal=30%	
PROSTANOID METABOLIC PROCESS%GOBP%GO:0006692	PROSTANOID METABOLIC PROCESS%GOBP%GO:0006692		22	-0.26565847	-0.7593816	0.8092979	1.0	1.0	2349	tags=23%, list=17%, signal=27%	
POSITIVE REGULATION OF LAMELLIPODIUM ASSEMBLY%GOBP%GO:0010592	POSITIVE REGULATION OF LAMELLIPODIUM ASSEMBLY%GOBP%GO:0010592		21	-0.2679552	-0.75915	0.836715	1.0	1.0	3253	tags=29%, list=24%, signal=38%	
DETERMINATION OF LEFT/RIGHT SYMMETRY%GOBP%GO:0007368	DETERMINATION OF LEFT/RIGHT SYMMETRY%GOBP%GO:0007368		51	-0.22186778	-0.7586564	0.9049505	1.0	1.0	3252	tags=31%, list=24%, signal=41%	
SPECIFICATION OF SYMMETRY%GOBP%GO:0009799	SPECIFICATION OF SYMMETRY%GOBP%GO:0009799		53	-0.21682836	-0.7583831	0.90091	1.0	1.0	3252	tags=30%, list=24%, signal=40%	
DETERMINATION OF BILATERAL SYMMETRY%GOBP%GO:0009855	DETERMINATION OF BILATERAL SYMMETRY%GOBP%GO:0009855		53	-0.21682836	-0.75816476	0.90900195	1.0	1.0	3252	tags=30%, list=24%, signal=40%	
PID_NEPHRIN_NEPH1_PATHWAY%MSIGDB_C2%PID_NEPHRIN_NEPH1_PATHWAY	PID_NEPHRIN_NEPH1_PATHWAY%MSIGDB_C2%PID_NEPHRIN_NEPH1_PATHWAY		24	-0.25978	-0.7579683	0.831068	1.0	1.0	3981	tags=50%, list=29%, signal=71%	
SODIUM CHANNEL IN EPILEPSY%WIKIPATHWAYS_20260211%WP5598%HOMO SAPIENS	SODIUM CHANNEL IN EPILEPSY%WIKIPATHWAYS_20260211%WP5598%HOMO SAPIENS		24	-0.25984004	-0.75767016	0.8265403	1.0	1.0	308	tags=8%, list=2%, signal=9%	
PHYSICO CHEMICAL FEATURES AND TOXICITY ASSOCIATED PATHWAYS%WIKIPATHWAYS_20260211%WP3680%HOMO SAPIENS	PHYSICO CHEMICAL FEATURES AND TOXICITY ASSOCIATED PATHWAYS%WIKIPATHWAYS_20260211%WP3680%HOMO SAPIENS		47	-0.22457023	-0.7573213	0.89337176	1.0	1.0	2942	tags=26%, list=22%, signal=33%	
POSITIVE REGULATION OF GENE EXPRESSION, EPIGENETIC%GOBP%GO:0141137	POSITIVE REGULATION OF GENE EXPRESSION, EPIGENETIC%GOBP%GO:0141137		45	-0.22461262	-0.75727755	0.89542484	1.0	1.0	3341	tags=31%, list=25%, signal=41%	
SIGNALING BY EGFR IN CANCER%REACTOME%R-HSA-1643713.4	SIGNALING BY EGFR IN CANCER%REACTOME%R-HSA-1643713.4		18	-0.2803102	-0.756786	0.8202357	1.0	1.0	783	tags=11%, list=6%, signal=12%	
INHIBITION OF GNAQ REGULATED SIGNALING IN UVEAL MELANOMA%WIKIPATHWAYS_20260211%WP5490%HOMO SAPIENS	INHIBITION OF GNAQ REGULATED SIGNALING IN UVEAL MELANOMA%WIKIPATHWAYS_20260211%WP5490%HOMO SAPIENS		25	-0.25589687	-0.756416	0.8364532	1.0	1.0	556	tags=12%, list=4%, signal=12%	
HEPATITIS B INFECTION%WIKIPATHWAYS_20260211%WP4666%HOMO SAPIENS	HEPATITIS B INFECTION%WIKIPATHWAYS_20260211%WP4666%HOMO SAPIENS		104	-0.19308592	-0.7560851	0.96336997	1.0	1.0	3283	tags=28%, list=24%, signal=37%	
GOUT OR KELLEY-SEEGMILLER SYNDROME%SMPDB%SMP0000365	GOUT OR KELLEY-SEEGMILLER SYNDROME%SMPDB%SMP0000365		31	-0.24030896	-0.75607395	0.85771143	1.0	1.0	2068	tags=19%, list=15%, signal=23%	
EXPORT ACROSS PLASMA MEMBRANE%GOBP%GO:0140115	EXPORT ACROSS PLASMA MEMBRANE%GOBP%GO:0140115		34	-0.23908448	-0.75574356	0.8877654	1.0	1.0	1891	tags=18%, list=14%, signal=20%	
NEPHROTIC SYNDROME%WIKIPATHWAYS_20260211%WP4758%HOMO SAPIENS	NEPHROTIC SYNDROME%WIKIPATHWAYS_20260211%WP4758%HOMO SAPIENS		27	-0.2531878	-0.75550205	0.84752476	1.0	1.0	3879	tags=41%, list=29%, signal=57%	
NUCLEAR RECEPTORS%WIKIPATHWAYS_20260211%WP170%HOMO SAPIENS	NUCLEAR RECEPTORS%WIKIPATHWAYS_20260211%WP170%HOMO SAPIENS		19	-0.27198508	-0.75509447	0.82879376	1.0	1.0	2572	tags=21%, list=19%, signal=26%	
PID_LYSOPHOSPHOLIPID_PATHWAY%MSIGDB_C2%PID_LYSOPHOSPHOLIPID_PATHWAY	PID_LYSOPHOSPHOLIPID_PATHWAY%MSIGDB_C2%PID_LYSOPHOSPHOLIPID_PATHWAY		45	-0.22534117	-0.7547761	0.88964844	1.0	1.0	2629	tags=24%, list=19%, signal=30%	
PREFOLDIN MEDIATED TRANSFER OF SUBSTRATE TO CCT TRIC%REACTOME%R-HSA-389957.4	PREFOLDIN MEDIATED TRANSFER OF SUBSTRATE TO CCT TRIC%REACTOME%R-HSA-389957.4		26	-0.25632942	-0.754667	0.86341465	1.0	1.0	598	tags=12%, list=4%, signal=12%	
XANTHINE DEHYDROGENASE DEFICIENCY (XANTHINURIA)%SMPDB%SMP0000220	XANTHINE DEHYDROGENASE DEFICIENCY (XANTHINURIA)%SMPDB%SMP0000220		31	-0.24030896	-0.7541377	0.86213785	1.0	1.0	2068	tags=19%, list=15%, signal=23%	
NEPHRON EPITHELIUM DEVELOPMENT%GOBP%GO:0072009	NEPHRON EPITHELIUM DEVELOPMENT%GOBP%GO:0072009		38	-0.2327594	-0.7538805	0.87597656	1.0	1.0	3437	tags=26%, list=25%, signal=35%	
SIGNAL TRANSDUCTION THROUGH IL1R%WIKIPATHWAYS_20260211%WP4496%HOMO SAPIENS	SIGNAL TRANSDUCTION THROUGH IL1R%WIKIPATHWAYS_20260211%WP4496%HOMO SAPIENS		23	-0.25940517	-0.75360745	0.83786505	1.0	1.0	3312	tags=35%, list=25%, signal=46%	
ADP CATABOLIC PROCESS%GOBP%GO:0046032	ADP CATABOLIC PROCESS%GOBP%GO:0046032		31	-0.24440232	-0.75354546	0.8582231	1.0	1.0	3065	tags=32%, list=23%, signal=42%	
STRESS-ACTIVATED PROTEIN KINASE SIGNALING CASCADE%GOBP%GO:0031098	STRESS-ACTIVATED PROTEIN KINASE SIGNALING CASCADE%GOBP%GO:0031098		16	-0.2870568	-0.75351566	0.8236453	1.0	1.0	2740	tags=38%, list=20%, signal=47%	
BDNF SIGNALING IN NEURODEVELOPMENT%WIKIPATHWAYS_20260211%WP5541%HOMO SAPIENS	BDNF SIGNALING IN NEURODEVELOPMENT%WIKIPATHWAYS_20260211%WP5541%HOMO SAPIENS		93	-0.19645096	-0.75335914	0.94736844	1.0	1.0	2995	tags=26%, list=22%, signal=33%	
MEMBRANE ASSEMBLY%GOBP%GO:0071709	MEMBRANE ASSEMBLY%GOBP%GO:0071709		48	-0.21906847	-0.7523222	0.8947368	1.0	1.0	958	tags=13%, list=7%, signal=13%	
INTERLEUKIN-4 AND INTERLEUKIN-13 SIGNALING%REACTOME DATABASE ID RELEASE 95%6785807	INTERLEUKIN-4 AND INTERLEUKIN-13 SIGNALING%REACTOME DATABASE ID RELEASE 95%6785807		72	-0.20321967	-0.7520005	0.9318403	1.0	1.0	3375	tags=25%, list=25%, signal=33%	
ADENINE PHOSPHORIBOSYLTRANSFERASE DEFICIENCY (APRT)%PATHWHIZ%PW000511	ADENINE PHOSPHORIBOSYLTRANSFERASE DEFICIENCY (APRT)%PATHWHIZ%PW000511		31	-0.24030896	-0.7512787	0.85998106	1.0	1.0	2068	tags=19%, list=15%, signal=23%	
REGULATION OF MITOCHONDRIAL TRANSLATION%GOBP%GO:0070129	REGULATION OF MITOCHONDRIAL TRANSLATION%GOBP%GO:0070129		21	-0.26547277	-0.7512591	0.82330096	1.0	1.0	1237	tags=14%, list=9%, signal=16%	
MEMBRANE DEPOLARIZATION DURING ACTION POTENTIAL%GOBP%GO:0086010	MEMBRANE DEPOLARIZATION DURING ACTION POTENTIAL%GOBP%GO:0086010		16	-0.2862131	-0.75109565	0.8148505	1.0	1.0	1834	tags=19%, list=14%, signal=22%	
PROSTAGLANDIN METABOLIC PROCESS%GOBP%GO:0006693	PROSTAGLANDIN METABOLIC PROCESS%GOBP%GO:0006693		19	-0.2657331	-0.75083405	0.8578579	1.0	1.0	2349	tags=21%, list=17%, signal=25%	
POTASSIUM ION TRANSPORT%GOBP%GO:0006813	POTASSIUM ION TRANSPORT%GOBP%GO:0006813		81	-0.2007577	-0.75076145	0.95034754	1.0	1.0	3248	tags=26%, list=24%, signal=34%	
RNA POLYMERASE I PROMOTER CLEARANCE%REACTOME DATABASE ID RELEASE 95%73854	RNA POLYMERASE I PROMOTER CLEARANCE%REACTOME DATABASE ID RELEASE 95%73854		46	-0.22138569	-0.75076085	0.8997188	1.0	1.0	3638	tags=41%, list=27%, signal=56%	
AICA-RIBOSIDURIA%PATHWHIZ%PW000082	AICA-RIBOSIDURIA%PATHWHIZ%PW000082		31	-0.24030896	-0.7504698	0.8563218	1.0	1.0	2068	tags=19%, list=15%, signal=23%	
IL-7%NETPATH%IL-7	IL-7%NETPATH%IL-7		17	-0.28033718	-0.7501277	0.8450148	1.0	1.0	783	tags=12%, list=6%, signal=12%	
DOWNSTREAM SIGNAL TRANSDUCTION%REACTOME DATABASE ID RELEASE 95%186763	DOWNSTREAM SIGNAL TRANSDUCTION%REACTOME DATABASE ID RELEASE 95%186763		24	-0.25214818	-0.7491626	0.8578384	1.0	1.0	744	tags=8%, list=6%, signal=9%	
NEGATIVE REGULATION OF ENDOTHELIAL CELL APOPTOTIC PROCESS%GOBP%GO:2000352	NEGATIVE REGULATION OF ENDOTHELIAL CELL APOPTOTIC PROCESS%GOBP%GO:2000352		15	-0.29039907	-0.74894786	0.8114169	1.0	1.0	4102	tags=47%, list=30%, signal=67%	
T CELL RECEPTOR SIGNALING%WIKIPATHWAYS_20260211%WP69%HOMO SAPIENS	T CELL RECEPTOR SIGNALING%WIKIPATHWAYS_20260211%WP69%HOMO SAPIENS		54	-0.21564202	-0.7482146	0.9147059	1.0	1.0	2852	tags=22%, list=21%, signal=28%	
ADENOSINE DEAMINASE DEFICIENCY%PATHWHIZ%PW000075	ADENOSINE DEAMINASE DEFICIENCY%PATHWHIZ%PW000075		31	-0.24030896	-0.74806005	0.86133605	1.0	1.0	2068	tags=19%, list=15%, signal=23%	
RNA POLYMERASE I TRANSCRIPTION%REACTOME%R-HSA-73864.5	RNA POLYMERASE I TRANSCRIPTION%REACTOME%R-HSA-73864.5		46	-0.22138569	-0.7478308	0.88495576	1.0	1.0	3638	tags=41%, list=27%, signal=56%	
CHONDROITIN SULFATE PROTEOGLYCAN METABOLIC PROCESS%GOBP%GO:0050654	CHONDROITIN SULFATE PROTEOGLYCAN METABOLIC PROCESS%GOBP%GO:0050654		25	-0.25477335	-0.7476593	0.8575788	1.0	1.0	3729	tags=52%, list=28%, signal=72%	
ADENYLOSUCCINATE LYASE DEFICIENCY%SMPDB%SMP0000167	ADENYLOSUCCINATE LYASE DEFICIENCY%SMPDB%SMP0000167		31	-0.24030896	-0.7476465	0.85784316	1.0	1.0	2068	tags=19%, list=15%, signal=23%	
RESPONSE TO GLUCOSE%GOBP%GO:0009749	RESPONSE TO GLUCOSE%GOBP%GO:0009749		43	-0.22503708	-0.74722606	0.88955224	1.0	1.0	3083	tags=26%, list=23%, signal=33%	
REGULATION OF ACTIN FILAMENT DEPOLYMERIZATION%GOBP%GO:0030834	REGULATION OF ACTIN FILAMENT DEPOLYMERIZATION%GOBP%GO:0030834		26	-0.25122458	-0.7468098	0.8522838	1.0	1.0	294	tags=8%, list=2%, signal=8%	
SECRETORY GRANULE ORGANIZATION%GOBP%GO:0033363	SECRETORY GRANULE ORGANIZATION%GOBP%GO:0033363		37	-0.23129585	-0.7461949	0.90453684	1.0	1.0	2295	tags=19%, list=17%, signal=23%	
DISORDERS OF DEVELOPMENTAL BIOLOGY%REACTOME DATABASE ID RELEASE 95%9675151	DISORDERS OF DEVELOPMENTAL BIOLOGY%REACTOME DATABASE ID RELEASE 95%9675151		16	-0.28606725	-0.74587834	0.82228625	1.0	1.0	3120	tags=44%, list=23%, signal=57%	
PURINE NUCLEOSIDE PHOSPHORYLASE DEFICIENCY%SMPDB%SMP0000210	PURINE NUCLEOSIDE PHOSPHORYLASE DEFICIENCY%SMPDB%SMP0000210		31	-0.24030896	-0.7454741	0.8797654	1.0	1.0	2068	tags=19%, list=15%, signal=23%	
IL2%NETPATH%IL2	IL2%NETPATH%IL2		52	-0.21508703	-0.7452966	0.9222546	1.0	1.0	3253	tags=31%, list=24%, signal=40%	
RHOH GTPASE CYCLE%REACTOME%R-HSA-9013407.3	RHOH GTPASE CYCLE%REACTOME%R-HSA-9013407.3		30	-0.24110697	-0.7444139	0.8827586	1.0	1.0	1521	tags=13%, list=11%, signal=15%	
XANTHINURIA TYPE II%PATHWHIZ%PW000489	XANTHINURIA TYPE II%PATHWHIZ%PW000489		31	-0.24030896	-0.74425954	0.875	1.0	1.0	2068	tags=19%, list=15%, signal=23%	
LESCH-NYHAN SYNDROME (LNS)%SMPDB%SMP0000364	LESCH-NYHAN SYNDROME (LNS)%SMPDB%SMP0000364		31	-0.24030896	-0.74395025	0.85435	1.0	1.0	2068	tags=19%, list=15%, signal=23%	
PURINE METABOLISM%PATHWHIZ%PW000052	PURINE METABOLISM%PATHWHIZ%PW000052		31	-0.24030896	-0.74368936	0.88195777	1.0	1.0	2068	tags=19%, list=15%, signal=23%	
RESPONSE TO MONOSACCHARIDE%GOBP%GO:0034284	RESPONSE TO MONOSACCHARIDE%GOBP%GO:0034284		44	-0.22314556	-0.74327874	0.90588236	1.0	1.0	3083	tags=25%, list=23%, signal=32%	
RESPONSE TO HEXOSE%GOBP%GO:0009746	RESPONSE TO HEXOSE%GOBP%GO:0009746		44	-0.22314556	-0.7432104	0.888999	1.0	1.0	3083	tags=25%, list=23%, signal=32%	
GROWTH HORMONE RECEPTOR SIGNALING%REACTOME DATABASE ID RELEASE 95%982772	GROWTH HORMONE RECEPTOR SIGNALING%REACTOME DATABASE ID RELEASE 95%982772		17	-0.27941188	-0.7429864	0.8455446	1.0	1.0	744	tags=12%, list=6%, signal=12%	
XANTHINURIA TYPE I%SMPDB%SMP0000512	XANTHINURIA TYPE I%SMPDB%SMP0000512		31	-0.24030896	-0.7427329	0.87204725	1.0	1.0	2068	tags=19%, list=15%, signal=23%	
ENDOCRINE SYSTEM DEVELOPMENT%GOBP%GO:0035270	ENDOCRINE SYSTEM DEVELOPMENT%GOBP%GO:0035270		27	-0.24749835	-0.74265075	0.874502	1.0	1.0	2065	tags=22%, list=15%, signal=26%	
MOLYBDENUM COFACTOR DEFICIENCY%SMPDB%SMP0000203	MOLYBDENUM COFACTOR DEFICIENCY%SMPDB%SMP0000203		31	-0.24030896	-0.74252135	0.87906504	1.0	1.0	2068	tags=19%, list=15%, signal=23%	
MITOCHONDRIAL DNA DEPLETION SYNDROME-3%SMPDB%SMP0000536	MITOCHONDRIAL DNA DEPLETION SYNDROME-3%SMPDB%SMP0000536		31	-0.24030896	-0.74245286	0.8802619	1.0	1.0	2068	tags=19%, list=15%, signal=23%	
REGULATION OF VIRAL PROCESS%GOBP%GO:0050792	REGULATION OF VIRAL PROCESS%GOBP%GO:0050792		101	-0.19168855	-0.74212	0.9601088	1.0	1.0	761	tags=8%, list=6%, signal=8%	
NEGATIVE REGULATION OF BMP SIGNALING PATHWAY%GOBP%GO:0030514	NEGATIVE REGULATION OF BMP SIGNALING PATHWAY%GOBP%GO:0030514		27	-0.24659322	-0.7420102	0.8564405	1.0	1.0	1974	tags=15%, list=15%, signal=17%	
GLYCOLIPID BIOSYNTHETIC PROCESS%GOBP%GO:0009247	GLYCOLIPID BIOSYNTHETIC PROCESS%GOBP%GO:0009247		58	-0.21044299	-0.7418621	0.93289226	1.0	1.0	2869	tags=26%, list=21%, signal=33%	
PID_KIT_PATHWAY%MSIGDB_C2%PID_KIT_PATHWAY	PID_KIT_PATHWAY%MSIGDB_C2%PID_KIT_PATHWAY		37	-0.23135723	-0.74144185	0.86973554	1.0	1.0	809	tags=11%, list=6%, signal=11%	
FLT3 SIGNALING%REACTOME DATABASE ID RELEASE 95%9607240	FLT3 SIGNALING%REACTOME DATABASE ID RELEASE 95%9607240		30	-0.23823728	-0.7404663	0.87326735	1.0	1.0	3290	tags=27%, list=24%, signal=35%	
MRNA TRANSPORT%GOBP%GO:0051028	MRNA TRANSPORT%GOBP%GO:0051028		67	-0.20716473	-0.73976344	0.9441771	1.0	1.0	3142	tags=27%, list=23%, signal=35%	
MYOADENYLATE DEAMINASE DEFICIENCY%PATHWHIZ%PW000513	MYOADENYLATE DEAMINASE DEFICIENCY%PATHWHIZ%PW000513		31	-0.24030896	-0.73936516	0.8792757	1.0	1.0	2068	tags=19%, list=15%, signal=23%	
NFE2L2 REGULATING ANTI-OXIDANT DETOXIFICATION ENZYMES%REACTOME%R-HSA-9818027.3	NFE2L2 REGULATING ANTI-OXIDANT DETOXIFICATION ENZYMES%REACTOME%R-HSA-9818027.3		16	-0.27664986	-0.7385942	0.82999045	1.0	1.0	4310	tags=44%, list=32%, signal=64%	
BIOCARTA_IGF1_PATHWAY%MSIGDB_C2%BIOCARTA_IGF1_PATHWAY	BIOCARTA_IGF1_PATHWAY%MSIGDB_C2%BIOCARTA_IGF1_PATHWAY		16	-0.28175172	-0.73666346	0.8468293	1.0	1.0	3253	tags=25%, list=24%, signal=33%	
PID_RHOA_PATHWAY%MSIGDB_C2%PID_RHOA_PATHWAY	PID_RHOA_PATHWAY%MSIGDB_C2%PID_RHOA_PATHWAY		31	-0.23954311	-0.7364722	0.8829268	1.0	1.0	3965	tags=39%, list=29%, signal=55%	
CILIUM-DEPENDENT CELL MOTILITY%GOBP%GO:0060285	CILIUM-DEPENDENT CELL MOTILITY%GOBP%GO:0060285		104	-0.18900687	-0.7361667	0.96663576	1.0	1.0	3701	tags=28%, list=27%, signal=38%	
BETAXOLOL ACTION PATHWAY%SMPDB%SMP0000299	BETAXOLOL ACTION PATHWAY%SMPDB%SMP0000299		30	-0.2356942	-0.7351404	0.8965517	1.0	1.0	1999	tags=23%, list=15%, signal=27%	
ADP METABOLIC PROCESS%GOBP%GO:0046031	ADP METABOLIC PROCESS%GOBP%GO:0046031		34	-0.23228633	-0.7350467	0.9006816	1.0	1.0	3065	tags=32%, list=23%, signal=42%	
CILIUM OR FLAGELLUM-DEPENDENT CELL MOTILITY%GOBP%GO:0001539	CILIUM OR FLAGELLUM-DEPENDENT CELL MOTILITY%GOBP%GO:0001539		104	-0.18900687	-0.7347859	0.97707736	1.0	1.0	3701	tags=28%, list=27%, signal=38%	
ATENOLOL ACTION PATHWAY%SMPDB%SMP0000298	ATENOLOL ACTION PATHWAY%SMPDB%SMP0000298		30	-0.2356942	-0.7347129	0.89015543	1.0	1.0	1999	tags=23%, list=15%, signal=27%	
NIFEDIPINE ACTION PATHWAY%PATHWHIZ%PW000394	NIFEDIPINE ACTION PATHWAY%PATHWHIZ%PW000394		30	-0.2356942	-0.73471093	0.8791946	1.0	1.0	1999	tags=23%, list=15%, signal=27%	
PROTEIN PROCESSING%GOBP%GO:0016485	PROTEIN PROCESSING%GOBP%GO:0016485		96	-0.19134259	-0.73456776	0.9682243	1.0	1.0	3229	tags=24%, list=24%, signal=31%	
PHASE 0 - RAPID DEPOLARISATION%REACTOME%R-HSA-5576892.4	PHASE 0 - RAPID DEPOLARISATION%REACTOME%R-HSA-5576892.4		21	-0.25981975	-0.7342845	0.8557599	1.0	1.0	2134	tags=24%, list=16%, signal=28%	
ISOPRENALINE ACTION PATHWAY%SMPDB%SMP0000663	ISOPRENALINE ACTION PATHWAY%SMPDB%SMP0000663		30	-0.2356942	-0.73327506	0.8813886	1.0	1.0	1999	tags=23%, list=15%, signal=27%	
CAMKK2 PATHWAY%WIKIPATHWAYS_20260211%WP4874%HOMO SAPIENS	CAMKK2 PATHWAY%WIKIPATHWAYS_20260211%WP4874%HOMO SAPIENS		72	-0.20041046	-0.7327854	0.95324427	1.0	1.0	1649	tags=13%, list=12%, signal=14%	
FELODIPINE ACTION PATHWAY%PATHWHIZ%PW000392	FELODIPINE ACTION PATHWAY%PATHWHIZ%PW000392		30	-0.2356942	-0.7327664	0.88151175	1.0	1.0	1999	tags=23%, list=15%, signal=27%	
STRESS GRANULE ASSEMBLY%GOBP%GO:0034063	STRESS GRANULE ASSEMBLY%GOBP%GO:0034063		26	-0.24773584	-0.73264384	0.88334996	1.0	1.0	2085	tags=19%, list=15%, signal=23%	
TRNA MODIFICATION IN THE NUCLEUS AND CYTOSOL%REACTOME%R-HSA-6782315.9	TRNA MODIFICATION IN THE NUCLEUS AND CYTOSOL%REACTOME%R-HSA-6782315.9		38	-0.22724383	-0.732451	0.90101755	1.0	1.0	1909	tags=18%, list=14%, signal=21%	
ISRADIPINE ACTION PATHWAY%PATHWHIZ%PW000393	ISRADIPINE ACTION PATHWAY%PATHWHIZ%PW000393		30	-0.2356942	-0.7321049	0.9029622	1.0	1.0	1999	tags=23%, list=15%, signal=27%	
ESMOLOL ACTION PATHWAY%SMPDB%SMP0000301	ESMOLOL ACTION PATHWAY%SMPDB%SMP0000301		30	-0.2356942	-0.73177713	0.8960155	1.0	1.0	1999	tags=23%, list=15%, signal=27%	
BEVANTOLOL ACTION PATHWAY%PATHWHIZ%PW000645	BEVANTOLOL ACTION PATHWAY%PATHWHIZ%PW000645		30	-0.2356942	-0.7315796	0.89980733	1.0	1.0	1999	tags=23%, list=15%, signal=27%	
BISOPROLOL ACTION PATHWAY%SMPDB%SMP0000300	BISOPROLOL ACTION PATHWAY%SMPDB%SMP0000300		30	-0.2356942	-0.7313407	0.8934741	1.0	1.0	1999	tags=23%, list=15%, signal=27%	
INTERLEUKIN-3, INTERLEUKIN-5 AND GM-CSF SIGNALING%REACTOME%R-HSA-512988.8	INTERLEUKIN-3, INTERLEUKIN-5 AND GM-CSF SIGNALING%REACTOME%R-HSA-512988.8		28	-0.24169299	-0.7313026	0.86732674	1.0	1.0	783	tags=11%, list=6%, signal=11%	
BIOCARTA_RACCYCD_PATHWAY%MSIGDB_C2%BIOCARTA_RACCYCD_PATHWAY	BIOCARTA_RACCYCD_PATHWAY%MSIGDB_C2%BIOCARTA_RACCYCD_PATHWAY		23	-0.253639	-0.73054713	0.8807512	1.0	1.0	880	tags=13%, list=7%, signal=14%	
REGULATION OF HIPPO SIGNALING%GOBP%GO:0035330	REGULATION OF HIPPO SIGNALING%GOBP%GO:0035330		40	-0.22199349	-0.7301177	0.9101796	1.0	1.0	1669	tags=15%, list=12%, signal=17%	
AMLODIPINE ACTION PATHWAY%PATHWHIZ%PW000391	AMLODIPINE ACTION PATHWAY%PATHWHIZ%PW000391		30	-0.2356942	-0.7301103	0.8818974	1.0	1.0	1999	tags=23%, list=15%, signal=27%	
GLYCOSPHINGOLIPID BIOSYNTHESIS%REACTOME DATABASE ID RELEASE 95%9840309	GLYCOSPHINGOLIPID BIOSYNTHESIS%REACTOME DATABASE ID RELEASE 95%9840309		16	-0.27690756	-0.72925335	0.84277344	1.0	1.0	1755	tags=19%, list=13%, signal=22%	
PDGFR BETA PATHWAY%WIKIPATHWAYS_20260211%WP3972%HOMO SAPIENS	PDGFR BETA PATHWAY%WIKIPATHWAYS_20260211%WP3972%HOMO SAPIENS		21	-0.25997153	-0.72865796	0.86778593	1.0	1.0	1245	tags=14%, list=9%, signal=16%	
RETINOID METABOLIC PROCESS%GOBP%GO:0001523	RETINOID METABOLIC PROCESS%GOBP%GO:0001523		34	-0.22919732	-0.72855216	0.89691716	1.0	1.0	2934	tags=29%, list=22%, signal=37%	
CLASS I PEROXISOMAL MEMBRANE PROTEIN IMPORT%REACTOME%R-HSA-9603798.3	CLASS I PEROXISOMAL MEMBRANE PROTEIN IMPORT%REACTOME%R-HSA-9603798.3		18	-0.2668163	-0.72843903	0.85555553	1.0	1.0	2621	tags=33%, list=19%, signal=41%	
CARVEDILOL ACTION PATHWAY%SMPDB%SMP0000367	CARVEDILOL ACTION PATHWAY%SMPDB%SMP0000367		30	-0.2356942	-0.72802615	0.90170133	1.0	1.0	1999	tags=23%, list=15%, signal=27%	
FLECAINIDE ACTION PATHWAY%SMPDB%SMP0000331	FLECAINIDE ACTION PATHWAY%SMPDB%SMP0000331		30	-0.2356942	-0.7278908	0.8939544	1.0	1.0	1999	tags=23%, list=15%, signal=27%	
TOCAINIDE ACTION PATHWAY%SMPDB%SMP0000330	TOCAINIDE ACTION PATHWAY%SMPDB%SMP0000330		30	-0.2356942	-0.72771	0.8962892	1.0	1.0	1999	tags=23%, list=15%, signal=27%	
ARBUTAMINE ACTION PATHWAY%SMPDB%SMP0000664	ARBUTAMINE ACTION PATHWAY%SMPDB%SMP0000664		30	-0.2356942	-0.7276577	0.9	1.0	1.0	1999	tags=23%, list=15%, signal=27%	
FOSPHENYTOIN (ANTIARRHYTHMIC) ACTION PATHWAY%PATHWHIZ%PW000379	FOSPHENYTOIN (ANTIARRHYTHMIC) ACTION PATHWAY%PATHWHIZ%PW000379		30	-0.2356942	-0.72763073	0.88491297	1.0	1.0	1999	tags=23%, list=15%, signal=27%	
PINDOLOL ACTION PATHWAY%PATHWHIZ%PW000374	PINDOLOL ACTION PATHWAY%PATHWHIZ%PW000374		30	-0.2356942	-0.7269907	0.91074854	1.0	1.0	1999	tags=23%, list=15%, signal=27%	
DOBUTAMINE ACTION PATHWAY%PATHWHIZ%PW000639	DOBUTAMINE ACTION PATHWAY%PATHWHIZ%PW000639		30	-0.2356942	-0.72697395	0.8982036	1.0	1.0	1999	tags=23%, list=15%, signal=27%	
STRIATED MUSCLE CONTRACTION%PATHWHIZ%PW000564	STRIATED MUSCLE CONTRACTION%PATHWHIZ%PW000564		30	-0.2356942	-0.726941	0.88899803	0.9998513	1.0	1999	tags=23%, list=15%, signal=27%	
METOPROLOL ACTION PATHWAY%PATHWHIZ%PW000370	METOPROLOL ACTION PATHWAY%PATHWHIZ%PW000370		30	-0.2356942	-0.7266185	0.88737863	0.99973613	1.0	1999	tags=23%, list=15%, signal=27%	
NADOLOL ACTION PATHWAY%PATHWHIZ%PW000371	NADOLOL ACTION PATHWAY%PATHWHIZ%PW000371		30	-0.2356942	-0.7263673	0.8816047	0.9995562	1.0	1999	tags=23%, list=15%, signal=27%	
RXR AND RAR HETERODIMERIZATION WITH OTHER NUCLEAR RECEPTOR%PATHWAY INTERACTION DATABASE NCI-NATURE CURATED DATA%RXR AND RAR HETERODIMERIZATION WITH OTHER NUCLEAR RECEPTOR	RXR AND RAR HETERODIMERIZATION WITH OTHER NUCLEAR RECEPTOR%PATHWAY INTERACTION DATABASE NCI-NATURE CURATED DATA%RXR AND RAR HETERODIMERIZATION WITH OTHER NUCLEAR RECEPTOR		22	-0.25539866	-0.7263522	0.87279844	0.9991086	1.0	3283	tags=27%, list=24%, signal=36%	
METIPRANOLOL ACTION PATHWAY%PATHWHIZ%PW000644	METIPRANOLOL ACTION PATHWAY%PATHWHIZ%PW000644		30	-0.2356942	-0.72634166	0.8917379	0.99865985	1.0	1999	tags=23%, list=15%, signal=27%	
EPINEPHRINE ACTION PATHWAY%PATHWHIZ%PW000638	EPINEPHRINE ACTION PATHWAY%PATHWHIZ%PW000638		30	-0.2356942	-0.7260926	0.9010669	0.9984681	1.0	1999	tags=23%, list=15%, signal=27%	
NIMODIPINE ACTION PATHWAY%PATHWHIZ%PW000395	NIMODIPINE ACTION PATHWAY%PATHWHIZ%PW000395		30	-0.2356942	-0.7259557	0.8827727	0.9981528	1.0	1999	tags=23%, list=15%, signal=27%	
NEBIVOLOL ACTION PATHWAY%SMPDB%SMP0000366	NEBIVOLOL ACTION PATHWAY%SMPDB%SMP0000366		30	-0.2356942	-0.7257563	0.89852214	0.99792063	1.0	1999	tags=23%, list=15%, signal=27%	
LOCOMOTORY BEHAVIOR%GOBP%GO:0007626	LOCOMOTORY BEHAVIOR%GOBP%GO:0007626		28	-0.24193473	-0.7256367	0.8806983	0.9975887	1.0	285	tags=7%, list=2%, signal=7%	
PID_AP1_PATHWAY%MSIGDB_C2%PID_AP1_PATHWAY	PID_AP1_PATHWAY%MSIGDB_C2%PID_AP1_PATHWAY		49	-0.21339467	-0.72556055	0.94095236	0.99720913	1.0	1891	tags=14%, list=14%, signal=17%	
IL6%NETPATH%IL6	IL6%NETPATH%IL6		51	-0.21181941	-0.7255559	0.935259	0.9967551	1.0	3183	tags=27%, list=24%, signal=36%	
OXPRENOLOL ACTION PATHWAY%PATHWHIZ%PW000372	OXPRENOLOL ACTION PATHWAY%PATHWHIZ%PW000372		30	-0.2356942	-0.72554666	0.905804	0.9963081	1.0	1999	tags=23%, list=15%, signal=27%	
CELLULAR RESPONSE TO VASCULAR ENDOTHELIAL GROWTH FACTOR STIMULUS%GOBP%GO:0035924	CELLULAR RESPONSE TO VASCULAR ENDOTHELIAL GROWTH FACTOR STIMULUS%GOBP%GO:0035924		34	-0.23039907	-0.7248948	0.89422137	0.99653697	1.0	3448	tags=26%, list=26%, signal=35%	
VERAPAMIL ACTION PATHWAY%SMPDB%SMP0000375	VERAPAMIL ACTION PATHWAY%SMPDB%SMP0000375		30	-0.2356942	-0.72486675	0.89867425	0.9961055	1.0	1999	tags=23%, list=15%, signal=27%	
IBUTILIDE ACTION PATHWAY%SMPDB%SMP0000332	IBUTILIDE ACTION PATHWAY%SMPDB%SMP0000332		30	-0.2356942	-0.72481936	0.9041227	0.9957004	1.0	1999	tags=23%, list=15%, signal=27%	
LEVOBUNOLOL ACTION PATHWAY%SMPDB%SMP0000666	LEVOBUNOLOL ACTION PATHWAY%SMPDB%SMP0000666		30	-0.2356942	-0.7247857	0.88740456	0.99528307	1.0	1999	tags=23%, list=15%, signal=27%	
NISOLDIPINE ACTION PATHWAY%PATHWHIZ%PW000396	NISOLDIPINE ACTION PATHWAY%PATHWHIZ%PW000396		30	-0.2356942	-0.72470117	0.88921005	0.994917	1.0	1999	tags=23%, list=15%, signal=27%	
QUINIDINE ACTION PATHWAY%SMPDB%SMP0000323	QUINIDINE ACTION PATHWAY%SMPDB%SMP0000323		30	-0.2356942	-0.72454077	0.8953722	0.994624	1.0	1999	tags=23%, list=15%, signal=27%	
PROPRANOLOL ACTION PATHWAY%SMPDB%SMP0000307	PROPRANOLOL ACTION PATHWAY%SMPDB%SMP0000307		30	-0.2356942	-0.7234524	0.89738625	0.9952964	1.0	1999	tags=23%, list=15%, signal=27%	
PENBUTOLOL ACTION PATHWAY%SMPDB%SMP0000305	PENBUTOLOL ACTION PATHWAY%SMPDB%SMP0000305		30	-0.2356942	-0.72336024	0.8931665	0.9949438	1.0	1999	tags=23%, list=15%, signal=27%	
LABETALOL ACTION PATHWAY%PATHWHIZ%PW000389	LABETALOL ACTION PATHWAY%PATHWHIZ%PW000389		30	-0.2356942	-0.72316366	0.9004785	0.99469924	1.0	1999	tags=23%, list=15%, signal=27%	
CARTEOLOL ACTION PATHWAY%PATHWHIZ%PW000634	CARTEOLOL ACTION PATHWAY%PATHWHIZ%PW000634		30	-0.2356942	-0.7228426	0.9000989	0.9945845	1.0	1999	tags=23%, list=15%, signal=27%	
REGULATION OF HORMONE METABOLIC PROCESS%GOBP%GO:0032350	REGULATION OF HORMONE METABOLIC PROCESS%GOBP%GO:0032350		17	-0.26753876	-0.72232133	0.8484556	0.99468756	1.0	4235	tags=41%, list=31%, signal=60%	
DILTIAZEM ACTION PATHWAY%SMPDB%SMP0000359	DILTIAZEM ACTION PATHWAY%SMPDB%SMP0000359		30	-0.2356942	-0.72227746	0.8965517	0.9942773	1.0	1999	tags=23%, list=15%, signal=27%	
BOPINDOLOL ACTION PATHWAY%SMPDB%SMP0000657	BOPINDOLOL ACTION PATHWAY%SMPDB%SMP0000657		30	-0.2356942	-0.72213787	0.9007021	0.9939658	1.0	1999	tags=23%, list=15%, signal=27%	
BIOCARTA_NGF_PATHWAY%MSIGDB_C2%BIOCARTA_NGF_PATHWAY	BIOCARTA_NGF_PATHWAY%MSIGDB_C2%BIOCARTA_NGF_PATHWAY		16	-0.27551076	-0.7221238	0.853229	0.9935263	1.0	3253	tags=31%, list=24%, signal=41%	
PROCAINAMIDE (ANTIARRHYTHMIC) ACTION PATHWAY%PATHWHIZ%PW000377	PROCAINAMIDE (ANTIARRHYTHMIC) ACTION PATHWAY%PATHWHIZ%PW000377		30	-0.2356942	-0.7219442	0.8937198	0.99325186	1.0	1999	tags=23%, list=15%, signal=27%	
PRACTOLOL ACTION PATHWAY%PATHWHIZ%PW000646	PRACTOLOL ACTION PATHWAY%PATHWHIZ%PW000646		30	-0.2356942	-0.72191715	0.9079208	0.99282897	1.0	1999	tags=23%, list=15%, signal=27%	
NITRENDIPINE ACTION PATHWAY%SMPDB%SMP0000382	NITRENDIPINE ACTION PATHWAY%SMPDB%SMP0000382		30	-0.2356942	-0.72178394	0.89334637	0.99250555	1.0	1999	tags=23%, list=15%, signal=27%	
INTRINSIC APOPTOTIC SIGNALING PATHWAY BY P53 CLASS MEDIATOR%GOBP%GO:0072332	INTRINSIC APOPTOTIC SIGNALING PATHWAY BY P53 CLASS MEDIATOR%GOBP%GO:0072332		33	-0.22702932	-0.7216384	0.8996176	0.9921992	1.0	641	tags=9%, list=5%, signal=10%	
MEXILETINE ACTION PATHWAY%PATHWHIZ%PW000382	MEXILETINE ACTION PATHWAY%PATHWHIZ%PW000382		30	-0.2356942	-0.7211966	0.9015444	0.9921959	1.0	1999	tags=23%, list=15%, signal=27%	
EMBRYONIC SKELETAL SYSTEM MORPHOGENESIS%GOBP%GO:0048704	EMBRYONIC SKELETAL SYSTEM MORPHOGENESIS%GOBP%GO:0048704		31	-0.23006208	-0.7210171	0.9063387	0.9919276	1.0	4146	tags=45%, list=31%, signal=65%	
BIOCARTA_GLEEVEC_PATHWAY%MSIGDB_C2%BIOCARTA_GLEEVEC_PATHWAY	BIOCARTA_GLEEVEC_PATHWAY%MSIGDB_C2%BIOCARTA_GLEEVEC_PATHWAY		19	-0.26297048	-0.72061604	0.8752456	0.99190193	1.0	3253	tags=26%, list=24%, signal=35%	
SENSORY PROCESSING OF SOUND%REACTOME%R-HSA-9659379.3	SENSORY PROCESSING OF SOUND%REACTOME%R-HSA-9659379.3		49	-0.21123353	-0.72030234	0.9304099	0.9917763	1.0	2591	tags=24%, list=19%, signal=30%	
DETECTION OF MECHANICAL STIMULUS%GOBP%GO:0050982	DETECTION OF MECHANICAL STIMULUS%GOBP%GO:0050982		22	-0.25137424	-0.7202826	0.8762089	0.9913454	1.0	1419	tags=14%, list=11%, signal=15%	
LIDOCAINE (ANTIARRHYTHMIC) ACTION PATHWAY%PATHWHIZ%PW000381	LIDOCAINE (ANTIARRHYTHMIC) ACTION PATHWAY%PATHWHIZ%PW000381		30	-0.23569424	-0.72023904	0.90433925	0.9909416	1.0	1999	tags=23%, list=15%, signal=27%	
MRNA DECAY BY 5' TO 3' EXORIBONUCLEASE%REACTOME DATABASE ID RELEASE 95%430039	MRNA DECAY BY 5' TO 3' EXORIBONUCLEASE%REACTOME DATABASE ID RELEASE 95%430039		15	-0.2782962	-0.71977675	0.8562934	0.9909691	1.0	2052	tags=27%, list=15%, signal=31%	
TIMOLOL ACTION PATHWAY%PATHWHIZ%PW000636	TIMOLOL ACTION PATHWAY%PATHWHIZ%PW000636		30	-0.2356942	-0.7197674	0.90660375	0.9905295	1.0	1999	tags=23%, list=15%, signal=27%	
RUNX2 REGULATES OSTEOBLAST DIFFERENTIATION%REACTOME%R-HSA-8940973.2	RUNX2 REGULATES OSTEOBLAST DIFFERENTIATION%REACTOME%R-HSA-8940973.2		20	-0.2545468	-0.7192442	0.88081396	0.9906078	1.0	2748	tags=30%, list=20%, signal=38%	
ALPRENOLOL ACTION PATHWAY%SMPDB%SMP0000297	ALPRENOLOL ACTION PATHWAY%SMPDB%SMP0000297		30	-0.2356942	-0.7189811	0.9035533	0.990407	1.0	1999	tags=23%, list=15%, signal=27%	
PID_AMB2_NEUTROPHILS_PATHWAY%MSIGDB_C2%PID_AMB2_NEUTROPHILS_PATHWAY	PID_AMB2_NEUTROPHILS_PATHWAY%MSIGDB_C2%PID_AMB2_NEUTROPHILS_PATHWAY		21	-0.25282717	-0.718981	0.87475914	0.98995805	1.0	3667	tags=38%, list=27%, signal=52%	
SOTALOL ACTION PATHWAY%SMPDB%SMP0000660	SOTALOL ACTION PATHWAY%SMPDB%SMP0000660		30	-0.2356942	-0.7188421	0.9142857	0.98964506	1.0	1999	tags=23%, list=15%, signal=27%	
REGULATION OF DENDRITIC SPINE MORPHOGENESIS%GOBP%GO:0061001	REGULATION OF DENDRITIC SPINE MORPHOGENESIS%GOBP%GO:0061001		25	-0.24180748	-0.7184235	0.89790076	0.9896308	1.0	1429	tags=16%, list=11%, signal=18%	
DISOPYRAMIDE ACTION PATHWAY%SMPDB%SMP0000325	DISOPYRAMIDE ACTION PATHWAY%SMPDB%SMP0000325		30	-0.2356942	-0.7182633	0.9121094	0.9893428	1.0	1999	tags=23%, list=15%, signal=27%	
ARF6 SIGNALING EVENTS%PATHWAY INTERACTION DATABASE NCI-NATURE CURATED DATA%ARF6 SIGNALING EVENTS	ARF6 SIGNALING EVENTS%PATHWAY INTERACTION DATABASE NCI-NATURE CURATED DATA%ARF6 SIGNALING EVENTS		29	-0.23758459	-0.7180277	0.8981571	0.98913074	1.0	924	tags=10%, list=7%, signal=11%	
POTENTIAL THERAPEUTICS FOR SARS%REACTOME%R-HSA-9679191.5	POTENTIAL THERAPEUTICS FOR SARS%REACTOME%R-HSA-9679191.5		77	-0.19481507	-0.71687216	0.9694882	0.98983246	1.0	2535	tags=18%, list=19%, signal=22%	
IL27-MEDIATED SIGNALING EVENTS%PATHWAY INTERACTION DATABASE NCI-NATURE CURATED DATA%IL27-MEDIATED SIGNALING EVENTS	IL27-MEDIATED SIGNALING EVENTS%PATHWAY INTERACTION DATABASE NCI-NATURE CURATED DATA%IL27-MEDIATED SIGNALING EVENTS		15	-0.2785273	-0.7165746	0.8620352	0.9896721	1.0	942	tags=13%, list=7%, signal=14%	
BIOCARTA_PTDINS_PATHWAY%MSIGDB_C2%BIOCARTA_PTDINS_PATHWAY	BIOCARTA_PTDINS_PATHWAY%MSIGDB_C2%BIOCARTA_PTDINS_PATHWAY		20	-0.2556965	-0.7165681	0.8725024	0.98923075	1.0	2922	tags=35%, list=22%, signal=45%	
BUPRANOLOL ACTION PATHWAY%SMPDB%SMP0000670	BUPRANOLOL ACTION PATHWAY%SMPDB%SMP0000670		30	-0.2356942	-0.7164508	0.90715665	0.98890233	1.0	1999	tags=23%, list=15%, signal=27%	
BIOCARTA_EGF_PATHWAY%MSIGDB_C2%BIOCARTA_EGF_PATHWAY	BIOCARTA_EGF_PATHWAY%MSIGDB_C2%BIOCARTA_EGF_PATHWAY		22	-0.25013027	-0.71600395	0.89793915	0.98889804	1.0	1245	tags=14%, list=9%, signal=15%	
REGULATION OF MEMBRANE LIPID DISTRIBUTION%GOBP%GO:0097035	REGULATION OF MEMBRANE LIPID DISTRIBUTION%GOBP%GO:0097035		34	-0.22749001	-0.71551657	0.91884327	0.9889328	1.0	958	tags=9%, list=7%, signal=9%	
FC RECEPTOR SIGNALING PATHWAY%GOBP%GO:0038093	FC RECEPTOR SIGNALING PATHWAY%GOBP%GO:0038093		28	-0.23575123	-0.71515214	0.9110672	0.98883414	1.0	3183	tags=36%, list=24%, signal=47%	
ACEBUTOLOL ACTION PATHWAY%SMPDB%SMP0000296	ACEBUTOLOL ACTION PATHWAY%SMPDB%SMP0000296		30	-0.2356942	-0.7150411	0.9117647	0.98848915	1.0	1999	tags=23%, list=15%, signal=27%	
SOMATIC RECOMBINATION OF IMMUNOGLOBULIN GENE SEGMENTS%GOBP%GO:0016447	SOMATIC RECOMBINATION OF IMMUNOGLOBULIN GENE SEGMENTS%GOBP%GO:0016447		15	-0.27247992	-0.71476984	0.8650485	0.9883051	1.0	2004	tags=27%, list=15%, signal=31%	
EBSTEIN BARR VIRUS LMP1 SIGNALING%WIKIPATHWAYS_20260211%WP262%HOMO SAPIENS	EBSTEIN BARR VIRUS LMP1 SIGNALING%WIKIPATHWAYS_20260211%WP262%HOMO SAPIENS		19	-0.25926244	-0.714502	0.89543724	0.9881202	1.0	3230	tags=32%, list=24%, signal=41%	
DEFENSE RESPONSE TO GRAM-POSITIVE BACTERIUM%GOBP%GO:0050830	DEFENSE RESPONSE TO GRAM-POSITIVE BACTERIUM%GOBP%GO:0050830		26	-0.24028495	-0.71247023	0.90603364	0.989627	1.0	2576	tags=19%, list=19%, signal=24%	
L1CAM INTERACTIONS%REACTOME%R-HSA-373760.4	L1CAM INTERACTIONS%REACTOME%R-HSA-373760.4		80	-0.1919119	-0.7122635	0.97109824	0.98938125	1.0	1978	tags=16%, list=15%, signal=19%	
INTERFERON TYPE I SIGNALING%WIKIPATHWAYS_20260211%WP585%HOMO SAPIENS	INTERFERON TYPE I SIGNALING%WIKIPATHWAYS_20260211%WP585%HOMO SAPIENS		43	-0.21426444	-0.71195674	0.93816423	0.9892237	1.0	3183	tags=26%, list=24%, signal=33%	
TURBULENT (OSCILLATORY, DISTURBED) FLOW SHEAR STRESS ACTIVATES SIGNALING BY PIEZO1 AND INTEGRINS IN ENDOTHELIAL CELLS%REACTOME DATABASE ID RELEASE 95%9860927	TURBULENT (OSCILLATORY, DISTURBED) FLOW SHEAR STRESS ACTIVATES SIGNALING BY PIEZO1 AND INTEGRINS IN ENDOTHELIAL CELLS%REACTOME DATABASE ID RELEASE 95%9860927		27	-0.23671985	-0.7117042	0.89533776	0.9890225	1.0	3807	tags=37%, list=28%, signal=51%	
MEMBRANE DEPOLARIZATION%GOBP%GO:0051899	MEMBRANE DEPOLARIZATION%GOBP%GO:0051899		27	-0.23716286	-0.7107122	0.89848197	0.98950064	1.0	3323	tags=30%, list=25%, signal=39%	
IL2-MEDIATED SIGNALING EVENTS%PATHWAY INTERACTION DATABASE NCI-NATURE CURATED DATA%IL2-MEDIATED SIGNALING EVENTS	IL2-MEDIATED SIGNALING EVENTS%PATHWAY INTERACTION DATABASE NCI-NATURE CURATED DATA%IL2-MEDIATED SIGNALING EVENTS		45	-0.21197024	-0.7106715	0.93650794	0.98909473	1.0	3253	tags=29%, list=24%, signal=38%	
MAINTENANCE OF CELL NUMBER%GOBP%GO:0098727	MAINTENANCE OF CELL NUMBER%GOBP%GO:0098727		34	-0.22169267	-0.7103429	0.9331367	0.9889591	1.0	2891	tags=21%, list=21%, signal=26%	
REGULATION OF REACTIVE OXYGEN SPECIES BIOSYNTHETIC PROCESS%GOBP%GO:1903426	REGULATION OF REACTIVE OXYGEN SPECIES BIOSYNTHETIC PROCESS%GOBP%GO:1903426		22	-0.24776492	-0.7102535	0.87766993	0.9885989	1.0	3512	tags=32%, list=26%, signal=43%	
INTERLEUKIN 1 IL 1 STRUCTURAL PATHWAY%WIKIPATHWAYS_20260211%WP2637%HOMO SAPIENS	INTERLEUKIN 1 IL 1 STRUCTURAL PATHWAY%WIKIPATHWAYS_20260211%WP2637%HOMO SAPIENS		38	-0.22020875	-0.70959324	0.92428714	0.9887594	1.0	2966	tags=29%, list=22%, signal=37%	
NEGATIVE REGULATION OF PROTEIN UBIQUITINATION%GOBP%GO:0031397	NEGATIVE REGULATION OF PROTEIN UBIQUITINATION%GOBP%GO:0031397		54	-0.20566757	-0.7091449	0.95746785	0.98874116	1.0	2205	tags=19%, list=16%, signal=22%	
HYDROGEN PEROXIDE METABOLIC PROCESS%GOBP%GO:0042743	HYDROGEN PEROXIDE METABOLIC PROCESS%GOBP%GO:0042743		16	-0.26940563	-0.7090893	0.8780252	0.9883522	1.0	3955	tags=50%, list=29%, signal=71%	
HOST PATHOGEN INTERACTION OF HUMAN CORONAVIRUSES APOPTOSIS%WIKIPATHWAYS_20260211%WP4864%HOMO SAPIENS	HOST PATHOGEN INTERACTION OF HUMAN CORONAVIRUSES APOPTOSIS%WIKIPATHWAYS_20260211%WP4864%HOMO SAPIENS		16	-0.2677788	-0.70810765	0.88772595	0.98881304	1.0	2922	tags=38%, list=22%, signal=48%	
DOWNSTREAM SIGNALING OF ACTIVATED FGFR4%REACTOME DATABASE ID RELEASE 95%5654716	DOWNSTREAM SIGNALING OF ACTIVATED FGFR4%REACTOME DATABASE ID RELEASE 95%5654716		16	-0.26722232	-0.70691556	0.88020307	0.9894541	1.0	132	tags=6%, list=1%, signal=6%	
NRF2 PATHWAY%WIKIPATHWAYS_20260211%WP2884%HOMO SAPIENS	NRF2 PATHWAY%WIKIPATHWAYS_20260211%WP2884%HOMO SAPIENS		69	-0.19371943	-0.7059336	0.96744186	0.98988754	1.0	1844	tags=13%, list=14%, signal=15%	
REGULATION OF VIRAL GENOME REPLICATION%GOBP%GO:0045069	REGULATION OF VIRAL GENOME REPLICATION%GOBP%GO:0045069		61	-0.19792077	-0.70349735	0.96538824	0.99159384	1.0	4079	tags=41%, list=30%, signal=58%	
POSITIVE REGULATION OF RESPONSE TO CYTOKINE STIMULUS%GOBP%GO:0060760	POSITIVE REGULATION OF RESPONSE TO CYTOKINE STIMULUS%GOBP%GO:0060760		38	-0.21585289	-0.70290464	0.9443893	0.9916752	1.0	4264	tags=39%, list=32%, signal=58%	
POSITIVE REGULATION OF HORMONE SECRETION%GOBP%GO:0046887	POSITIVE REGULATION OF HORMONE SECRETION%GOBP%GO:0046887		57	-0.20134763	-0.7027838	0.95146614	0.9913403	1.0	2922	tags=19%, list=22%, signal=25%	
PID_ARF_3PATHWAY%MSIGDB_C2%PID_ARF_3PATHWAY	PID_ARF_3PATHWAY%MSIGDB_C2%PID_ARF_3PATHWAY		15	-0.26684812	-0.70277524	0.8831823	0.9909043	1.0	175	tags=7%, list=1%, signal=7%	
STEM CELL POPULATION MAINTENANCE%GOBP%GO:0019827	STEM CELL POPULATION MAINTENANCE%GOBP%GO:0019827		34	-0.22169267	-0.7026438	0.93573517	0.9905837	1.0	2891	tags=21%, list=21%, signal=26%	
RIBONUCLEOTIDE CATABOLIC PROCESS%GOBP%GO:0009261	RIBONUCLEOTIDE CATABOLIC PROCESS%GOBP%GO:0009261		53	-0.20107074	-0.70216274	0.9589552	0.9905625	1.0	3065	tags=28%, list=23%, signal=36%	
CELLULAR RESPONSE TO NUTRIENT%GOBP%GO:0031670	CELLULAR RESPONSE TO NUTRIENT%GOBP%GO:0031670		20	-0.25043356	-0.70214987	0.887674	0.9901309	1.0	2056	tags=25%, list=15%, signal=29%	
O-LINKED GLYCOSYLATION OF MUCINS%REACTOME DATABASE ID RELEASE 95%913709	O-LINKED GLYCOSYLATION OF MUCINS%REACTOME DATABASE ID RELEASE 95%913709		34	-0.22063683	-0.7015067	0.9127907	0.99025536	1.0	3810	tags=35%, list=28%, signal=49%	
BIOCARTA_IL1R_PATHWAY%MSIGDB_C2%BIOCARTA_IL1R_PATHWAY	BIOCARTA_IL1R_PATHWAY%MSIGDB_C2%BIOCARTA_IL1R_PATHWAY		22	-0.24108347	-0.69947445	0.9099099	0.99153364	1.0	3283	tags=32%, list=24%, signal=42%	
REGULATION OF PLATELET-DERIVED GROWTH FACTOR RECEPTOR SIGNALING PATHWAY%GOBP%GO:0010640	REGULATION OF PLATELET-DERIVED GROWTH FACTOR RECEPTOR SIGNALING PATHWAY%GOBP%GO:0010640		18	-0.25625503	-0.69913226	0.8961424	0.9913764	1.0	1473	tags=17%, list=11%, signal=19%	
POSITIVE REGULATION OF MRNA PROCESSING%GOBP%GO:0050685	POSITIVE REGULATION OF MRNA PROCESSING%GOBP%GO:0050685		15	-0.26851028	-0.69829816	0.88804555	0.99162847	1.0	2730	tags=40%, list=20%, signal=50%	
G1 PHASE%REACTOME%R-HSA-69236.6	G1 PHASE%REACTOME%R-HSA-69236.6		46	-0.20448966	-0.69742566	0.9638917	0.9919044	1.0	2069	tags=20%, list=15%, signal=23%	
RESPONSE TO GAMMA RADIATION%GOBP%GO:0010332	RESPONSE TO GAMMA RADIATION%GOBP%GO:0010332		21	-0.24743883	-0.6969086	0.91377604	0.99187535	1.0	3421	tags=24%, list=25%, signal=32%	
AXON EXTENSION%GOBP%GO:0048675	AXON EXTENSION%GOBP%GO:0048675		18	-0.25306267	-0.6965367	0.89908254	0.99174035	1.0	2663	tags=22%, list=20%, signal=28%	
NEGATIVE REGULATION OF CILIUM ASSEMBLY%GOBP%GO:1902018	NEGATIVE REGULATION OF CILIUM ASSEMBLY%GOBP%GO:1902018		23	-0.244075	-0.69583726	0.89134616	0.9918763	1.0	2778	tags=22%, list=21%, signal=27%	
CILIUM MOVEMENT INVOLVED IN CELL MOTILITY%GOBP%GO:0060294	CILIUM MOVEMENT INVOLVED IN CELL MOTILITY%GOBP%GO:0060294		102	-0.17788443	-0.69356006	0.991404	0.99330485	1.0	3701	tags=27%, list=27%, signal=38%	
CELL SURFACE RECEPTOR SIGNALING PATHWAY VIA JAK-STAT%GOBP%GO:0007259	CELL SURFACE RECEPTOR SIGNALING PATHWAY VIA JAK-STAT%GOBP%GO:0007259		42	-0.20861828	-0.69335467	0.9486166	0.99302953	1.0	3912	tags=33%, list=29%, signal=47%	
NEGATIVE REGULATION OF OXIDATIVE STRESS-INDUCED INTRINSIC APOPTOTIC SIGNALING PATHWAY%GOBP%GO:1902176	NEGATIVE REGULATION OF OXIDATIVE STRESS-INDUCED INTRINSIC APOPTOTIC SIGNALING PATHWAY%GOBP%GO:1902176		21	-0.24626246	-0.6924854	0.9050505	0.99327826	1.0	848	tags=10%, list=6%, signal=10%	
BIOCARTA_NFKB_PATHWAY%MSIGDB_C2%BIOCARTA_NFKB_PATHWAY	BIOCARTA_NFKB_PATHWAY%MSIGDB_C2%BIOCARTA_NFKB_PATHWAY		18	-0.25314912	-0.69241637	0.8851675	0.9928834	1.0	2861	tags=28%, list=21%, signal=35%	
PID_NECTIN_PATHWAY%MSIGDB_C2%PID_NECTIN_PATHWAY	PID_NECTIN_PATHWAY%MSIGDB_C2%PID_NECTIN_PATHWAY		19	-0.25536388	-0.6922192	0.8976143	0.9925952	1.0	3789	tags=32%, list=28%, signal=44%	
SKELETAL MUSCLE TISSUE DEVELOPMENT%GOBP%GO:0007519	SKELETAL MUSCLE TISSUE DEVELOPMENT%GOBP%GO:0007519		41	-0.20786019	-0.69202954	0.9459194	0.9922971	1.0	3437	tags=27%, list=25%, signal=36%	
BIOCARTA_P53HYPOXIA_PATHWAY%MSIGDB_C2%BIOCARTA_P53HYPOXIA_PATHWAY	BIOCARTA_P53HYPOXIA_PATHWAY%MSIGDB_C2%BIOCARTA_P53HYPOXIA_PATHWAY		15	-0.26307276	-0.69193196	0.90176815	0.99193335	1.0	3187	tags=33%, list=24%, signal=44%	
CELLULAR RESPONSE TO VIRUS%GOBP%GO:0098586	CELLULAR RESPONSE TO VIRUS%GOBP%GO:0098586		30	-0.22355773	-0.6909256	0.9389313	0.99226886	1.0	3508	tags=30%, list=26%, signal=40%	
POSITIVE REGULATION OF NLRP3 INFLAMMASOME COMPLEX ASSEMBLY%GOBP%GO:1900227	POSITIVE REGULATION OF NLRP3 INFLAMMASOME COMPLEX ASSEMBLY%GOBP%GO:1900227		19	-0.250996	-0.68828756	0.9138614	0.993863	1.0	3281	tags=37%, list=24%, signal=49%	
DEFECTS IN TOLL-LIKE RECEPTOR CASCADES%REACTOME DATABASE ID RELEASE 95%5602358	DEFECTS IN TOLL-LIKE RECEPTOR CASCADES%REACTOME DATABASE ID RELEASE 95%5602358		21	-0.24298128	-0.6882383	0.9018646	0.9934633	1.0	2476	tags=19%, list=18%, signal=23%	
CARDIOGENESIS%REACTOME%R-HSA-9733709.1	CARDIOGENESIS%REACTOME%R-HSA-9733709.1		20	-0.24462244	-0.68731135	0.8973129	0.9937247	1.0	2128	tags=25%, list=16%, signal=30%	
CYCLIN D ASSOCIATED EVENTS IN G1%REACTOME DATABASE ID RELEASE 95%69231	CYCLIN D ASSOCIATED EVENTS IN G1%REACTOME DATABASE ID RELEASE 95%69231		46	-0.20448966	-0.6871201	0.9537299	0.99342257	1.0	2069	tags=20%, list=15%, signal=23%	
POSITIVE REGULATION OF INSULIN SECRETION%GOBP%GO:0032024	POSITIVE REGULATION OF INSULIN SECRETION%GOBP%GO:0032024		34	-0.21941836	-0.6862482	0.9502924	0.9936328	1.0	2922	tags=26%, list=22%, signal=34%	
WARBURG EFFECT MODULATED BY DEUBIQUITINATING ENZYMES AND THEIR SUBSTRATES%WIKIPATHWAYS_20260211%WP5216%HOMO SAPIENS	WARBURG EFFECT MODULATED BY DEUBIQUITINATING ENZYMES AND THEIR SUBSTRATES%WIKIPATHWAYS_20260211%WP5216%HOMO SAPIENS		17	-0.2557303	-0.6852668	0.9081134	0.9939102	1.0	3253	tags=29%, list=24%, signal=39%	
PID_P38_ALPHA_BETA_DOWNSTREAM_PATHWAY%MSIGDB_C2%PID_P38_ALPHA_BETA_DOWNSTREAM_PATHWAY	PID_P38_ALPHA_BETA_DOWNSTREAM_PATHWAY%MSIGDB_C2%PID_P38_ALPHA_BETA_DOWNSTREAM_PATHWAY		22	-0.23856919	-0.6852065	0.91729325	0.9935148	1.0	2966	tags=36%, list=22%, signal=47%	
CELLULAR SENESCENCE%GOBP%GO:0090398	CELLULAR SENESCENCE%GOBP%GO:0090398		41	-0.20821407	-0.6850862	0.95311004	0.9931623	1.0	2740	tags=27%, list=20%, signal=34%	
DRUG ADME%REACTOME DATABASE ID RELEASE 95%9748784	DRUG ADME%REACTOME DATABASE ID RELEASE 95%9748784		45	-0.20625958	-0.6847507	0.9536489	0.9929623	1.0	2722	tags=22%, list=20%, signal=28%	
CELL MIGRATION INVOLVED IN SPROUTING ANGIOGENESIS%GOBP%GO:0002042	CELL MIGRATION INVOLVED IN SPROUTING ANGIOGENESIS%GOBP%GO:0002042		15	-0.2667402	-0.683898	0.8867735	0.9931375	1.0	179	tags=7%, list=1%, signal=7%	
CCR5%IOB%CCR5	CCR5%IOB%CCR5		17	-0.2544432	-0.6833378	0.90909094	0.99310917	1.0	802	tags=12%, list=6%, signal=12%	
BIOCARTA_AT1R_PATHWAY%MSIGDB_C2%BIOCARTA_AT1R_PATHWAY	BIOCARTA_AT1R_PATHWAY%MSIGDB_C2%BIOCARTA_AT1R_PATHWAY		20	-0.23842359	-0.6819003	0.92771083	0.99370015	1.0	1245	tags=15%, list=9%, signal=16%	
NUCLEAR RNA DECAY%REACTOME DATABASE ID RELEASE 95%9930044	NUCLEAR RNA DECAY%REACTOME DATABASE ID RELEASE 95%9930044		32	-0.22033504	-0.6814396	0.94257426	0.99358684	1.0	2042	tags=16%, list=15%, signal=18%	
NEGATIVE REGULATION OF THE PI3K AKT NETWORK%REACTOME%R-HSA-199418.5	NEGATIVE REGULATION OF THE PI3K AKT NETWORK%REACTOME%R-HSA-199418.5		71	-0.18624517	-0.68125814	0.9864472	0.9932764	1.0	259	tags=6%, list=2%, signal=6%	
REGULATION OF PD-L1(CD274) TRANSCRIPTION%REACTOME%R-HSA-9909649.2	REGULATION OF PD-L1(CD274) TRANSCRIPTION%REACTOME%R-HSA-9909649.2		41	-0.20738152	-0.6807479	0.9536232	0.99319935	1.0	1993	tags=15%, list=15%, signal=17%	
MUSCLE ORGAN DEVELOPMENT%GOBP%GO:0007517	MUSCLE ORGAN DEVELOPMENT%GOBP%GO:0007517		117	-0.17242698	-0.6802312	0.9955157	0.993122	1.0	3437	tags=25%, list=25%, signal=33%	
NEGATIVE REGULATION OF HORMONE SECRETION%GOBP%GO:0046888	NEGATIVE REGULATION OF HORMONE SECRETION%GOBP%GO:0046888		22	-0.24071966	-0.68012506	0.9221902	0.9927611	1.0	2766	tags=27%, list=20%, signal=34%	
PURINE RIBONUCLEOSIDE DIPHOSPHATE CATABOLIC PROCESS%GOBP%GO:0009181	PURINE RIBONUCLEOSIDE DIPHOSPHATE CATABOLIC PROCESS%GOBP%GO:0009181		33	-0.21589476	-0.6800401	0.9465501	0.99238104	1.0	3065	tags=30%, list=23%, signal=39%	
DISEASES OF IMMUNE SYSTEM%REACTOME DATABASE ID RELEASE 95%5260271	DISEASES OF IMMUNE SYSTEM%REACTOME DATABASE ID RELEASE 95%5260271		21	-0.24298128	-0.6794332	0.91609085	0.9923632	1.0	2476	tags=19%, list=18%, signal=23%	
PURINE NUCLEOSIDE DIPHOSPHATE CATABOLIC PROCESS%GOBP%GO:0009137	PURINE NUCLEOSIDE DIPHOSPHATE CATABOLIC PROCESS%GOBP%GO:0009137		33	-0.21589476	-0.6787509	0.9487923	0.99238265	1.0	3065	tags=30%, list=23%, signal=39%	
POSITIVE REGULATION OF PEPTIDE SECRETION%GOBP%GO:0002793	POSITIVE REGULATION OF PEPTIDE SECRETION%GOBP%GO:0002793		40	-0.20628478	-0.6784633	0.9556004	0.9921444	1.0	2922	tags=25%, list=22%, signal=32%	
REGULATION OF OXIDATIVE PHOSPHORYLATION%GOBP%GO:0002082	REGULATION OF OXIDATIVE PHOSPHORYLATION%GOBP%GO:0002082		15	-0.2640416	-0.6775288	0.89296335	0.99233747	1.0	1865	tags=20%, list=14%, signal=23%	
REGULATION OF PEPTIDYL-TYROSINE PHOSPHORYLATION%GOBP%GO:0050730	REGULATION OF PEPTIDYL-TYROSINE PHOSPHORYLATION%GOBP%GO:0050730		50	-0.19576217	-0.6770658	0.96340257	0.9922206	1.0	245	tags=6%, list=2%, signal=6%	
GPI ANCHOR BIOSYNTHETIC PROCESS%GOBP%GO:0006506	GPI ANCHOR BIOSYNTHETIC PROCESS%GOBP%GO:0006506		23	-0.23277718	-0.67614496	0.93427706	0.9924213	1.0	2869	tags=30%, list=21%, signal=39%	
PROTEIN INSERTION INTO MITOCHONDRIAL INNER MEMBRANE%GOBP%GO:0045039	PROTEIN INSERTION INTO MITOCHONDRIAL INNER MEMBRANE%GOBP%GO:0045039		15	-0.26305926	-0.6757881	0.9160305	0.9922255	1.0	235	tags=7%, list=2%, signal=7%	
IMMUNE INFILTRATION IN PANCREATIC CANCER%WIKIPATHWAYS_20260211%WP5285%HOMO SAPIENS	IMMUNE INFILTRATION IN PANCREATIC CANCER%WIKIPATHWAYS_20260211%WP5285%HOMO SAPIENS		17	-0.25052312	-0.675751	0.9238378	0.99181736	1.0	136	tags=6%, list=1%, signal=6%	
RNA CAPPING%GOBP%GO:0036260	RNA CAPPING%GOBP%GO:0036260		15	-0.2592383	-0.6752055	0.888454	0.9917513	1.0	1738	tags=20%, list=13%, signal=23%	
SIGNAL AMPLIFICATION%REACTOME%R-HSA-392518.3	SIGNAL AMPLIFICATION%REACTOME%R-HSA-392518.3		24	-0.2305305	-0.6751835	0.9324727	0.9913309	1.0	4163	tags=42%, list=31%, signal=60%	
KITRECEPTOR%IOB%KITRECEPTOR	KITRECEPTOR%IOB%KITRECEPTOR		50	-0.19681555	-0.67495626	0.9699097	0.9910477	1.0	3253	tags=28%, list=24%, signal=37%	
RETINA HOMEOSTASIS%GOBP%GO:0001895	RETINA HOMEOSTASIS%GOBP%GO:0001895		31	-0.21770918	-0.6745594	0.9468599	0.9908817	1.0	4486	tags=52%, list=33%, signal=77%	
POSITIVE REGULATION OF PEPTIDE HORMONE SECRETION%GOBP%GO:0090277	POSITIVE REGULATION OF PEPTIDE HORMONE SECRETION%GOBP%GO:0090277		40	-0.20628478	-0.6744779	0.9556213	0.9905061	1.0	2922	tags=25%, list=22%, signal=32%	
REGULATION OF POSTSYNAPTIC MEMBRANE NEUROTRANSMITTER RECEPTOR LEVELS%GOBP%GO:0099072	REGULATION OF POSTSYNAPTIC MEMBRANE NEUROTRANSMITTER RECEPTOR LEVELS%GOBP%GO:0099072		18	-0.24545288	-0.67392415	0.92253524	0.9904268	1.0	2451	tags=22%, list=18%, signal=27%	
SENESCENCE ASSOCIATED SECRETORY PHENOTYPE SASP %WIKIPATHWAYS_20260211%WP3391%HOMO SAPIENS	SENESCENCE ASSOCIATED SECRETORY PHENOTYPE SASP %WIKIPATHWAYS_20260211%WP3391%HOMO SAPIENS		42	-0.20391914	-0.67386115	0.9687815	0.9900385	1.0	3894	tags=36%, list=29%, signal=50%	
POSITIVE REGULATION OF FOCAL ADHESION ASSEMBLY%GOBP%GO:0051894	POSITIVE REGULATION OF FOCAL ADHESION ASSEMBLY%GOBP%GO:0051894		16	-0.2569524	-0.6738481	0.9017224	0.9896158	1.0	3444	tags=31%, list=25%, signal=42%	
REGULATION OF HEMOSTASIS%GOBP%GO:1900046	REGULATION OF HEMOSTASIS%GOBP%GO:1900046		35	-0.21190386	-0.6737766	0.9554455	0.9892326	1.0	4241	tags=37%, list=31%, signal=54%	
POSITIVE REGULATION OF REGULATED SECRETORY PATHWAY%GOBP%GO:1903307	POSITIVE REGULATION OF REGULATED SECRETORY PATHWAY%GOBP%GO:1903307		30	-0.22157812	-0.67196894	0.9361277	0.98998815	1.0	2455	tags=17%, list=18%, signal=20%	
FORMATION OF THE BETA-CATENIN:TCF TRANSACTIVATING COMPLEX%REACTOME DATABASE ID RELEASE 95%201722	FORMATION OF THE BETA-CATENIN:TCF TRANSACTIVATING COMPLEX%REACTOME DATABASE ID RELEASE 95%201722		32	-0.2141609	-0.671966	0.9411187	0.9895572	1.0	2862	tags=25%, list=21%, signal=32%	
IL3%NETPATH%IL3	IL3%NETPATH%IL3		30	-0.21894486	-0.6715277	0.9404297	0.9894172	1.0	2455	tags=27%, list=18%, signal=33%	
BIOCARTA_IL2RB_PATHWAY%MSIGDB_C2%BIOCARTA_IL2RB_PATHWAY	BIOCARTA_IL2RB_PATHWAY%MSIGDB_C2%BIOCARTA_IL2RB_PATHWAY		24	-0.22990856	-0.671477	0.9305963	0.9890155	1.0	783	tags=8%, list=6%, signal=9%	
NEGATIVE REGULATION OF PLASMA MEMBRANE BOUNDED CELL PROJECTION ASSEMBLY%GOBP%GO:0120033	NEGATIVE REGULATION OF PLASMA MEMBRANE BOUNDED CELL PROJECTION ASSEMBLY%GOBP%GO:0120033		32	-0.21392961	-0.67008895	0.9493545	0.98947114	1.0	2778	tags=19%, list=21%, signal=24%	
POSITIVE REGULATION OF NEURAL PRECURSOR CELL PROLIFERATION%GOBP%GO:2000179	POSITIVE REGULATION OF NEURAL PRECURSOR CELL PROLIFERATION%GOBP%GO:2000179		16	-0.2584183	-0.6676654	0.91650295	0.99054015	1.0	417	tags=6%, list=3%, signal=6%	
APOPTOTIC NUCLEAR CHANGES%GOBP%GO:0030262	APOPTOTIC NUCLEAR CHANGES%GOBP%GO:0030262		15	-0.2555653	-0.6675561	0.9136546	0.99017787	1.0	3884	tags=53%, list=29%, signal=75%	
ASSEMBLY AND CELL SURFACE PRESENTATION OF NMDA RECEPTORS%REACTOME DATABASE ID RELEASE 95%9609736	ASSEMBLY AND CELL SURFACE PRESENTATION OF NMDA RECEPTORS%REACTOME DATABASE ID RELEASE 95%9609736		19	-0.24074455	-0.666876	0.9169922	0.99015856	1.0	2291	tags=21%, list=17%, signal=25%	
PI3K AKT SIGNALING IN CANCER%REACTOME DATABASE ID RELEASE 95%2219528	PI3K AKT SIGNALING IN CANCER%REACTOME DATABASE ID RELEASE 95%2219528		67	-0.18476202	-0.665805	0.9847328	0.9903674	1.0	3797	tags=30%, list=28%, signal=41%	
GPI ANCHOR METABOLIC PROCESS%GOBP%GO:0006505	GPI ANCHOR METABOLIC PROCESS%GOBP%GO:0006505		23	-0.23277718	-0.6650107	0.93647736	0.9904088	1.0	2869	tags=30%, list=21%, signal=39%	
PURINE RIBONUCLEOSIDE DIPHOSPHATE METABOLIC PROCESS%GOBP%GO:0009179	PURINE RIBONUCLEOSIDE DIPHOSPHATE METABOLIC PROCESS%GOBP%GO:0009179		36	-0.20676959	-0.66448456	0.9610266	0.99029225	1.0	3065	tags=31%, list=23%, signal=39%	
MATERNAL TO ZYGOTIC TRANSITION (MZT)%REACTOME%R-HSA-9816359.2	MATERNAL TO ZYGOTIC TRANSITION (MZT)%REACTOME%R-HSA-9816359.2		38	-0.20340368	-0.6638269	0.96456695	0.99025655	1.0	3319	tags=29%, list=25%, signal=38%	
G BETA:GAMMA SIGNALLING THROUGH CDC42%REACTOME DATABASE ID RELEASE 95%8964616	G BETA:GAMMA SIGNALLING THROUGH CDC42%REACTOME DATABASE ID RELEASE 95%8964616		18	-0.2434782	-0.6616082	0.90485626	0.99111015	1.0	1258	tags=11%, list=9%, signal=12%	
PURINE NUCLEOTIDE CATABOLIC PROCESS%GOBP%GO:0006195	PURINE NUCLEOTIDE CATABOLIC PROCESS%GOBP%GO:0006195		55	-0.19088072	-0.6607224	0.9758687	0.99117434	1.0	3065	tags=27%, list=23%, signal=35%	
NEGATIVE REGULATION OF VIRAL GENOME REPLICATION%GOBP%GO:0045071	NEGATIVE REGULATION OF VIRAL GENOME REPLICATION%GOBP%GO:0045071		38	-0.20295838	-0.65917087	0.9732673	0.9916273	1.0	4079	tags=42%, list=30%, signal=60%	
PHAGOCYTOSIS, ENGULFMENT%GOBP%GO:0006911	PHAGOCYTOSIS, ENGULFMENT%GOBP%GO:0006911		18	-0.23901655	-0.6587871	0.93869346	0.9914135	1.0	4048	tags=50%, list=30%, signal=71%	
HIPPOCAMPAL SYNAPTOGENESIS AND NEUROGENESIS%WIKIPATHWAYS_20260211%WP5231%HOMO SAPIENS	HIPPOCAMPAL SYNAPTOGENESIS AND NEUROGENESIS%WIKIPATHWAYS_20260211%WP5231%HOMO SAPIENS		18	-0.24492319	-0.65833735	0.918408	0.9912369	1.0	3539	tags=44%, list=26%, signal=60%	
NEGATIVE REGULATION OF FERROPTOSIS%GOBP%GO:0110076	NEGATIVE REGULATION OF FERROPTOSIS%GOBP%GO:0110076		17	-0.24386945	-0.6543504	0.9294809	0.9929836	1.0	1362	tags=18%, list=10%, signal=20%	
REGULATION OF VASCULAR PERMEABILITY%GOBP%GO:0043114	REGULATION OF VASCULAR PERMEABILITY%GOBP%GO:0043114		25	-0.22078787	-0.65402806	0.9564376	0.9927195	1.0	3667	tags=40%, list=27%, signal=55%	
BIOCARTA_TCR_PATHWAY%MSIGDB_C2%BIOCARTA_TCR_PATHWAY	BIOCARTA_TCR_PATHWAY%MSIGDB_C2%BIOCARTA_TCR_PATHWAY		30	-0.21158	-0.6534593	0.957102	0.99260473	1.0	1498	tags=13%, list=11%, signal=15%	
DETECTION OF EXTERNAL STIMULUS%GOBP%GO:0009581	DETECTION OF EXTERNAL STIMULUS%GOBP%GO:0009581		43	-0.19628374	-0.6533573	0.97659177	0.99222386	1.0	1419	tags=9%, list=11%, signal=10%	
ANTIGEN PROCESSING AND PRESENTATION OF PEPTIDE ANTIGEN%GOBP%GO:0048002	ANTIGEN PROCESSING AND PRESENTATION OF PEPTIDE ANTIGEN%GOBP%GO:0048002		40	-0.20092271	-0.6530077	0.971029	0.9919749	1.0	1443	tags=8%, list=11%, signal=8%	
KITRECEPTOR%NETPATH%KITRECEPTOR	KITRECEPTOR%NETPATH%KITRECEPTOR		47	-0.19117777	-0.6494937	0.9848914	0.9933736	1.0	3253	tags=28%, list=24%, signal=36%	
POSITIVE REGULATION OF SIGNAL TRANSDUCTION BY P53 CLASS MEDIATOR%GOBP%GO:1901798	POSITIVE REGULATION OF SIGNAL TRANSDUCTION BY P53 CLASS MEDIATOR%GOBP%GO:1901798		31	-0.20780955	-0.6494907	0.96398103	0.9929447	1.0	2677	tags=19%, list=20%, signal=24%	
NATURAL KILLER CELL ACTIVATION%GOBP%GO:0030101	NATURAL KILLER CELL ACTIVATION%GOBP%GO:0030101		22	-0.22287142	-0.64880234	0.9478347	0.9928656	1.0	412	tags=9%, list=3%, signal=9%	
PYRIDINE NUCLEOTIDE CATABOLIC PROCESS%GOBP%GO:0019364	PYRIDINE NUCLEOTIDE CATABOLIC PROCESS%GOBP%GO:0019364		34	-0.20436609	-0.6474958	0.9656526	0.9930845	1.0	3065	tags=29%, list=23%, signal=38%	
REGULATION OF CELLULAR RESPIRATION%GOBP%GO:0043457	REGULATION OF CELLULAR RESPIRATION%GOBP%GO:0043457		27	-0.21419853	-0.64675194	0.9568204	0.99302065	1.0	3011	tags=26%, list=22%, signal=33%	
DOWNREGULATION OF ERBB2 SIGNALING%REACTOME%R-HSA-8863795.3	DOWNREGULATION OF ERBB2 SIGNALING%REACTOME%R-HSA-8863795.3		21	-0.22833478	-0.6459193	0.94035786	0.9930115	1.0	245	tags=5%, list=2%, signal=5%	
ANTIGEN PROCESSING AND PRESENTATION OF EXOGENOUS ANTIGEN%GOBP%GO:0019884	ANTIGEN PROCESSING AND PRESENTATION OF EXOGENOUS ANTIGEN%GOBP%GO:0019884		25	-0.21884678	-0.6450086	0.9512195	0.99303025	1.0	2703	tags=16%, list=20%, signal=20%	
NUCLEOSIDE DIPHOSPHATE CATABOLIC PROCESS%GOBP%GO:0009134	NUCLEOSIDE DIPHOSPHATE CATABOLIC PROCESS%GOBP%GO:0009134		39	-0.19579603	-0.6445343	0.9735812	0.9928324	1.0	3198	tags=28%, list=24%, signal=37%	
CELL SURFACE RECEPTOR SIGNALING PATHWAY VIA STAT%GOBP%GO:0097696	CELL SURFACE RECEPTOR SIGNALING PATHWAY VIA STAT%GOBP%GO:0097696		48	-0.18937126	-0.6439813	0.9833179	0.9926684	1.0	3912	tags=29%, list=29%, signal=41%	
RIBONUCLEOSIDE DIPHOSPHATE CATABOLIC PROCESS%GOBP%GO:0009191	RIBONUCLEOSIDE DIPHOSPHATE CATABOLIC PROCESS%GOBP%GO:0009191		37	-0.20026779	-0.6422616	0.97616684	0.9930433	1.0	3065	tags=27%, list=23%, signal=35%	
TSH%NETPATH%TSH	TSH%NETPATH%TSH		16	-0.24299389	-0.64128995	0.93206793	0.9930523	1.0	1465	tags=13%, list=11%, signal=14%	
REGULATION OF CHEMOKINE PRODUCTION%GOBP%GO:0032642	REGULATION OF CHEMOKINE PRODUCTION%GOBP%GO:0032642		35	-0.20095994	-0.6407431	0.9789876	0.99288255	1.0	3508	tags=31%, list=26%, signal=42%	
SIGNALING BY ERBB2%REACTOME DATABASE ID RELEASE 95%1227986	SIGNALING BY ERBB2%REACTOME DATABASE ID RELEASE 95%1227986		39	-0.19520144	-0.6400647	0.9760956	0.99275064	1.0	4241	tags=33%, list=31%, signal=48%	
NEGATIVE REGULATION OF CAMP/PKA SIGNAL TRANSDUCTION%GOBP%GO:0141162	NEGATIVE REGULATION OF CAMP/PKA SIGNAL TRANSDUCTION%GOBP%GO:0141162		21	-0.22843146	-0.6396226	0.94357365	0.99252796	1.0	3454	tags=38%, list=26%, signal=51%	
ALDEHYDE METABOLIC PROCESS%GOBP%GO:0006081	ALDEHYDE METABOLIC PROCESS%GOBP%GO:0006081		40	-0.19243683	-0.63897264	0.9728945	0.99238634	1.0	1666	tags=15%, list=12%, signal=17%	
REGULATION OF EPITHELIAL CELL APOPTOTIC PROCESS%GOBP%GO:1904035	REGULATION OF EPITHELIAL CELL APOPTOTIC PROCESS%GOBP%GO:1904035		17	-0.23992272	-0.63891774	0.94747084	0.9919858	1.0	3232	tags=41%, list=24%, signal=54%	
TARGETED THERAPY IN BREAST CANCER%WIKIPATHWAYS_20260211%WP5496%HOMO SAPIENS	TARGETED THERAPY IN BREAST CANCER%WIKIPATHWAYS_20260211%WP5496%HOMO SAPIENS		18	-0.23625548	-0.63818127	0.9513145	0.9918847	1.0	4682	tags=44%, list=35%, signal=68%	
THROMBOXANE SIGNALLING THROUGH TP RECEPTOR%REACTOME DATABASE ID RELEASE 95%428930	THROMBOXANE SIGNALLING THROUGH TP RECEPTOR%REACTOME DATABASE ID RELEASE 95%428930		20	-0.23082146	-0.63814765	0.93861383	0.99147457	1.0	4163	tags=40%, list=31%, signal=58%	
PID_ERBB2_ERBB3_PATHWAY%MSIGDB_C2%PID_ERBB2_ERBB3_PATHWAY	PID_ERBB2_ERBB3_PATHWAY%MSIGDB_C2%PID_ERBB2_ERBB3_PATHWAY		35	-0.19929606	-0.636244	0.97529644	0.9918776	1.0	4682	tags=49%, list=35%, signal=74%	
REGULATION OF LAMELLIPODIUM ASSEMBLY%GOBP%GO:0010591	REGULATION OF LAMELLIPODIUM ASSEMBLY%GOBP%GO:0010591		28	-0.20870219	-0.63493913	0.96209913	0.9920287	1.0	3253	tags=25%, list=24%, signal=33%	
ANTIMICROBIAL HUMORAL IMMUNE RESPONSE MEDIATED BY ANTIMICROBIAL PEPTIDE%GOBP%GO:0061844	ANTIMICROBIAL HUMORAL IMMUNE RESPONSE MEDIATED BY ANTIMICROBIAL PEPTIDE%GOBP%GO:0061844		15	-0.2423315	-0.6306119	0.9571568	0.993389	1.0	3236	tags=33%, list=24%, signal=44%	
INSULIN SIGNALLING%PATHWHIZ%PW000454	INSULIN SIGNALLING%PATHWHIZ%PW000454		16	-0.23386209	-0.6293434	0.9522882	0.9934765	1.0	2852	tags=31%, list=21%, signal=40%	
CARDIAC ATRIUM MORPHOGENESIS%GOBP%GO:0003209	CARDIAC ATRIUM MORPHOGENESIS%GOBP%GO:0003209		16	-0.2366602	-0.62828153	0.94809014	0.9934623	1.0	3296	tags=31%, list=24%, signal=41%	
NEGATIVE REGULATION OF NOTCH SIGNALING PATHWAY%GOBP%GO:0045746	NEGATIVE REGULATION OF NOTCH SIGNALING PATHWAY%GOBP%GO:0045746		25	-0.21088177	-0.62818074	0.96884423	0.9930708	1.0	2784	tags=24%, list=21%, signal=30%	
SYNTHESIS OF CERAMIDES AND 1 DEOXYCERAMIDES%WIKIPATHWAYS_20260211%WP5194%HOMO SAPIENS	SYNTHESIS OF CERAMIDES AND 1 DEOXYCERAMIDES%WIKIPATHWAYS_20260211%WP5194%HOMO SAPIENS		16	-0.24059486	-0.62755597	0.93731344	0.9928826	1.0	2947	tags=25%, list=22%, signal=32%	
MIRNA ROLE IN IMMUNE RESPONSE IN SEPSIS%WIKIPATHWAYS_20260211%WP4329%HOMO SAPIENS	MIRNA ROLE IN IMMUNE RESPONSE IN SEPSIS%WIKIPATHWAYS_20260211%WP4329%HOMO SAPIENS		21	-0.22082238	-0.62537	0.9637255	0.99331224	1.0	3230	tags=29%, list=24%, signal=37%	
UNFOLDED PROTEIN RESPONSE%WIKIPATHWAYS_20260211%WP4925%HOMO SAPIENS	UNFOLDED PROTEIN RESPONSE%WIKIPATHWAYS_20260211%WP4925%HOMO SAPIENS		18	-0.22834007	-0.6230417	0.9518443	0.99374366	1.0	373	tags=6%, list=3%, signal=6%	
FC RECEPTOR MEDIATED STIMULATORY SIGNALING PATHWAY%GOBP%GO:0002431	FC RECEPTOR MEDIATED STIMULATORY SIGNALING PATHWAY%GOBP%GO:0002431		15	-0.24064383	-0.622723	0.9507389	0.9934355	1.0	3667	tags=40%, list=27%, signal=55%	
REGULATION OF VASCULAR ENDOTHELIAL GROWTH FACTOR PRODUCTION%GOBP%GO:0010574	REGULATION OF VASCULAR ENDOTHELIAL GROWTH FACTOR PRODUCTION%GOBP%GO:0010574		23	-0.214805	-0.62185323	0.9717899	0.9933336	1.0	149	tags=4%, list=1%, signal=4%	
REGULATION OF BICELLULAR TIGHT JUNCTION ASSEMBLY%GOBP%GO:2000810	REGULATION OF BICELLULAR TIGHT JUNCTION ASSEMBLY%GOBP%GO:2000810		16	-0.23802562	-0.6215157	0.956957	0.993025	1.0	1195	tags=13%, list=9%, signal=14%	
HEART TRABECULA MORPHOGENESIS%GOBP%GO:0061384	HEART TRABECULA MORPHOGENESIS%GOBP%GO:0061384		15	-0.2414463	-0.620651	0.94305694	0.9929163	1.0	4480	tags=53%, list=33%, signal=80%	
PROTEIN LOCALIZATION TO CILIARY TRANSITION ZONE%GOBP%GO:1904491	PROTEIN LOCALIZATION TO CILIARY TRANSITION ZONE%GOBP%GO:1904491		21	-0.21920705	-0.6205458	0.95604396	0.9925289	1.0	3633	tags=33%, list=27%, signal=46%	
PROTEIN DEACYLATION%GOBP%GO:0035601	PROTEIN DEACYLATION%GOBP%GO:0035601		18	-0.23022385	-0.6198006	0.9543198	0.99236894	1.0	1155	tags=11%, list=9%, signal=12%	
BIOCARTA_AKT_PATHWAY%MSIGDB_C2%BIOCARTA_AKT_PATHWAY	BIOCARTA_AKT_PATHWAY%MSIGDB_C2%BIOCARTA_AKT_PATHWAY		15	-0.23935272	-0.61723095	0.95126706	0.9928281	1.0	3253	tags=33%, list=24%, signal=44%	
POSITIVE REGULATION OF VASCULAR ENDOTHELIAL GROWTH FACTOR PRODUCTION%GOBP%GO:0010575	POSITIVE REGULATION OF VASCULAR ENDOTHELIAL GROWTH FACTOR PRODUCTION%GOBP%GO:0010575		23	-0.214805	-0.6158372	0.9563492	0.9928949	1.0	149	tags=4%, list=1%, signal=4%	
REGULATION OF NF-KAPPA B SIGNALING%REACTOME%R-HSA-9758274.2	REGULATION OF NF-KAPPA B SIGNALING%REACTOME%R-HSA-9758274.2		17	-0.23030761	-0.61567116	0.9499499	0.99252695	1.0	2101	tags=18%, list=16%, signal=21%	
TCR SIGNALING IN NAIVE CD8+ T CELLS%PATHWAY INTERACTION DATABASE NCI-NATURE CURATED DATA%TCR SIGNALING IN NAIVE CD8+ T CELLS	TCR SIGNALING IN NAIVE CD8+ T CELLS%PATHWAY INTERACTION DATABASE NCI-NATURE CURATED DATA%TCR SIGNALING IN NAIVE CD8+ T CELLS		36	-0.19376084	-0.61465275	0.9760718	0.9924366	1.0	1245	tags=11%, list=9%, signal=12%	
REGULATION OF FIBROBLAST PROLIFERATION%GOBP%GO:0048145	REGULATION OF FIBROBLAST PROLIFERATION%GOBP%GO:0048145		36	-0.1892043	-0.6126984	0.98380953	0.992628	1.0	3681	tags=28%, list=27%, signal=38%	
REGULATION OF CYTOKINE PRODUCTION INVOLVED IN INFLAMMATORY RESPONSE%GOBP%GO:1900015	REGULATION OF CYTOKINE PRODUCTION INVOLVED IN INFLAMMATORY RESPONSE%GOBP%GO:1900015		34	-0.19035019	-0.60932785	0.9860835	0.99326545	1.0	2900	tags=24%, list=21%, signal=30%	
NEGATIVE REGULATION OF DNA-TEMPLATED TRANSCRIPTION, ELONGATION%GOBP%GO:0032785	NEGATIVE REGULATION OF DNA-TEMPLATED TRANSCRIPTION, ELONGATION%GOBP%GO:0032785		23	-0.20851928	-0.6088445	0.9711155	0.9929917	1.0	3162	tags=30%, list=23%, signal=40%	
ERBB2 ERBB3 SIGNALING EVENTS%PATHWAY INTERACTION DATABASE NCI-NATURE CURATED DATA%ERBB2 ERBB3 SIGNALING EVENTS	ERBB2 ERBB3 SIGNALING EVENTS%PATHWAY INTERACTION DATABASE NCI-NATURE CURATED DATA%ERBB2 ERBB3 SIGNALING EVENTS		38	-0.18879047	-0.60855544	0.9872923	0.9926624	1.0	4682	tags=45%, list=35%, signal=68%	
RAS SIGNALING PATHWAY%SMPDB%SMP0063784	RAS SIGNALING PATHWAY%SMPDB%SMP0063784		24	-0.20804162	-0.60750216	0.9798658	0.9925627	1.0	4106	tags=33%, list=30%, signal=48%	
MITOCHONDRIAL TRANSPORT%GOBP%GO:0006839	MITOCHONDRIAL TRANSPORT%GOBP%GO:0006839		27	-0.20319909	-0.60647476	0.98002	0.99244756	1.0	4252	tags=44%, list=31%, signal=65%	
INSULIN RECEPTOR SIGNALLING CASCADE%REACTOME DATABASE ID RELEASE 95%74751	INSULIN RECEPTOR SIGNALLING CASCADE%REACTOME DATABASE ID RELEASE 95%74751		34	-0.19143789	-0.6059882	0.9809045	0.99216855	1.0	3850	tags=29%, list=28%, signal=41%	
SENSORY PERCEPTION OF PAIN%GOBP%GO:0019233	SENSORY PERCEPTION OF PAIN%GOBP%GO:0019233		16	-0.22928882	-0.6047692	0.95083576	0.99209356	1.0	2605	tags=25%, list=19%, signal=31%	
LONG-CHAIN FATTY ACID TRANSPORT%GOBP%GO:0015909	LONG-CHAIN FATTY ACID TRANSPORT%GOBP%GO:0015909		22	-0.20959862	-0.6033572	0.96705425	0.99208224	1.0	2728	tags=23%, list=20%, signal=28%	
REGULATION OF MYELOID LEUKOCYTE MEDIATED IMMUNITY%GOBP%GO:0002886	REGULATION OF MYELOID LEUKOCYTE MEDIATED IMMUNITY%GOBP%GO:0002886		18	-0.21910386	-0.5940004	0.97582203	0.9942009	1.0	3508	tags=28%, list=26%, signal=37%	
G PROTEIN SIGNALING%WIKIPATHWAYS_20260211%WP35%HOMO SAPIENS	G PROTEIN SIGNALING%WIKIPATHWAYS_20260211%WP35%HOMO SAPIENS		59	-0.16636229	-0.58736944	0.99609375	0.9953785	1.0	2629	tags=17%, list=19%, signal=21%	
REGULATION OF SMOOTH MUSCLE CELL APOPTOTIC PROCESS%GOBP%GO:0034391	REGULATION OF SMOOTH MUSCLE CELL APOPTOTIC PROCESS%GOBP%GO:0034391		15	-0.2224968	-0.57855296	0.964	0.996871	1.0	4102	tags=33%, list=30%, signal=48%	
MICROGLIA PATHOGEN PHAGOCYTOSIS PATHWAY%WIKIPATHWAYS_20260211%WP3937%HOMO SAPIENS	MICROGLIA PATHOGEN PHAGOCYTOSIS PATHWAY%WIKIPATHWAYS_20260211%WP3937%HOMO SAPIENS		16	-0.21834269	-0.57824314	0.97013485	0.9965127	1.0	3981	tags=38%, list=29%, signal=53%	
PI3K CASCADE%REACTOME DATABASE ID RELEASE 95%109704	PI3K CASCADE%REACTOME DATABASE ID RELEASE 95%109704		26	-0.19406697	-0.578055	0.9858089	0.99613047	1.0	132	tags=4%, list=1%, signal=4%	
N GLYCAN BIOSYNTHESIS%WIKIPATHWAYS_20260211%WP5153%HOMO SAPIENS	N GLYCAN BIOSYNTHESIS%WIKIPATHWAYS_20260211%WP5153%HOMO SAPIENS		46	-0.16685334	-0.5725566	0.99603176	0.99677795	1.0	3145	tags=24%, list=23%, signal=31%	
SUMOYLATION OF INTRACELLULAR RECEPTORS%REACTOME DATABASE ID RELEASE 95%4090294	SUMOYLATION OF INTRACELLULAR RECEPTORS%REACTOME DATABASE ID RELEASE 95%4090294		19	-0.20472081	-0.56741905	0.9788136	0.997271	1.0	2075	tags=16%, list=15%, signal=19%	
EPITHELIAL CELL DIFFERENTIATION INVOLVED IN KIDNEY DEVELOPMENT%GOBP%GO:0035850	EPITHELIAL CELL DIFFERENTIATION INVOLVED IN KIDNEY DEVELOPMENT%GOBP%GO:0035850		17	-0.2089758	-0.5649211	0.98375636	0.99726766	1.0	2891	tags=24%, list=21%, signal=30%	
SIGNALING BY TYPE 1 INSULIN-LIKE GROWTH FACTOR 1 RECEPTOR (IGF1R)%REACTOME DATABASE ID RELEASE 95%2404192	SIGNALING BY TYPE 1 INSULIN-LIKE GROWTH FACTOR 1 RECEPTOR (IGF1R)%REACTOME DATABASE ID RELEASE 95%2404192		32	-0.17241068	-0.5474618	0.9939271	0.99939317	1.0	3850	tags=25%, list=28%, signal=35%	
IGF1R SIGNALING CASCADE%REACTOME DATABASE ID RELEASE 95%2428924	IGF1R SIGNALING CASCADE%REACTOME DATABASE ID RELEASE 95%2428924		31	-0.17329398	-0.5446218	0.99029124	0.9993406	1.0	3850	tags=26%, list=28%, signal=36%	
REGULATION OF ENDOTHELIAL CELL APOPTOTIC PROCESS%GOBP%GO:2000351	REGULATION OF ENDOTHELIAL CELL APOPTOTIC PROCESS%GOBP%GO:2000351		28	-0.17848663	-0.5394066	0.9961203	0.99953294	1.0	4102	tags=39%, list=30%, signal=56%	
NECTIN ADHESION PATHWAY%PATHWAY INTERACTION DATABASE NCI-NATURE CURATED DATA%NECTIN ADHESION PATHWAY	NECTIN ADHESION PATHWAY%PATHWAY INTERACTION DATABASE NCI-NATURE CURATED DATA%NECTIN ADHESION PATHWAY		24	-0.18314885	-0.53770053	0.9902818	0.9993111	1.0	3789	tags=29%, list=28%, signal=40%	
PDGFR-ALPHA SIGNALING PATHWAY%PATHWAY INTERACTION DATABASE NCI-NATURE CURATED DATA%PDGFR-ALPHA SIGNALING PATHWAY	PDGFR-ALPHA SIGNALING PATHWAY%PATHWAY INTERACTION DATABASE NCI-NATURE CURATED DATA%PDGFR-ALPHA SIGNALING PATHWAY		20	-0.19315094	-0.53703433	0.9889447	0.9989617	1.0	3253	tags=30%, list=24%, signal=39%	
IRS-RELATED EVENTS TRIGGERED BY IGF1R%REACTOME DATABASE ID RELEASE 95%2428928	IRS-RELATED EVENTS TRIGGERED BY IGF1R%REACTOME DATABASE ID RELEASE 95%2428928		31	-0.17329398	-0.53658956	0.9961575	0.99858826	1.0	3850	tags=26%, list=28%, signal=36%	
CELL DIFFERENTIATION INVOLVED IN KIDNEY DEVELOPMENT%GOBP%GO:0061005	CELL DIFFERENTIATION INVOLVED IN KIDNEY DEVELOPMENT%GOBP%GO:0061005		19	-0.19576733	-0.5316244	0.99007934	0.99868226	1.0	3431	tags=26%, list=25%, signal=35%	
INTERLEUKIN-10 SIGNALING%REACTOME%R-HSA-6783783.5	INTERLEUKIN-10 SIGNALING%REACTOME%R-HSA-6783783.5		20	-0.18946353	-0.5295034	0.9941973	0.99847317	1.0	4025	tags=30%, list=30%, signal=43%	
IRS-MEDIATED SIGNALLING%REACTOME DATABASE ID RELEASE 95%112399	IRS-MEDIATED SIGNALLING%REACTOME DATABASE ID RELEASE 95%112399		29	-0.17406623	-0.52913386	0.9951923	0.9980894	1.0	132	tags=3%, list=1%, signal=3%	
HINDBRAIN DEVELOPMENT%GOBP%GO:0030902	HINDBRAIN DEVELOPMENT%GOBP%GO:0030902		29	-0.1736182	-0.52845895	0.99510765	0.9977292	1.0	1619	tags=10%, list=12%, signal=12%	
HALLMARK_HEDGEHOG_SIGNALING%MSIGDBHALLMARK%HALLMARK_HEDGEHOG_SIGNALING	HALLMARK_HEDGEHOG_SIGNALING%MSIGDBHALLMARK%HALLMARK_HEDGEHOG_SIGNALING		27	-0.1711044	-0.510392	0.9960513	0.99879766	1.0	3469	tags=26%, list=26%, signal=35%	
INTERLEUKIN-6 FAMILY SIGNALING%REACTOME%R-HSA-6783589.8	INTERLEUKIN-6 FAMILY SIGNALING%REACTOME%R-HSA-6783589.8		20	-0.16526613	-0.46871665	0.9980276	1.0	1.0	2340	tags=15%, list=17%, signal=18%	
NPAS4 REGULATES EXPRESSION OF TARGET GENES%REACTOME%R-HSA-9768919.3	NPAS4 REGULATES EXPRESSION OF TARGET GENES%REACTOME%R-HSA-9768919.3		15	-0.1762727	-0.46361548	0.996997	1.0	1.0	2663	tags=20%, list=20%, signal=25%	
TRIGLYCERIDE HOMEOSTASIS%GOBP%GO:0070328	TRIGLYCERIDE HOMEOSTASIS%GOBP%GO:0070328		18	-0.16007572	-0.443159	1.0	1.0	1.0	4248	tags=28%, list=31%, signal=40%	
ACYLGLYCEROL HOMEOSTASIS%GOBP%GO:0055090	ACYLGLYCEROL HOMEOSTASIS%GOBP%GO:0055090		18	-0.16007572	-0.44260243	0.9990099	0.9998482	1.0	4248	tags=28%, list=31%, signal=40%	
REGULATION OF LIPID STORAGE%GOBP%GO:0010883	REGULATION OF LIPID STORAGE%GOBP%GO:0010883		26	-0.1457079	-0.42610735	1.0	0.9996638	1.0	4385	tags=35%, list=32%, signal=51%	
