NAME	GS<br> follow link to MSigDB	GS DETAILS	SIZE	ES	NES	NOM p-val	FDR q-val	FWER p-val	RANK AT MAX	LEADING EDGE	
ENDOPLASMIC RETICULUM TO GOLGI VESICLE-MEDIATED TRANSPORT%GOBP%GO:0006888	ENDOPLASMIC RETICULUM TO GOLGI VESICLE-MEDIATED TRANSPORT%GOBP%GO:0006888	Details ...	108	0.57367855	2.2628386	0.0	0.002284443	0.002	2854	tags=48%, list=21%, signal=61%	
HH MUTANTS ABROGATE LIGAND SECRETION%REACTOME DATABASE ID RELEASE 95%5387390	HH MUTANTS ABROGATE LIGAND SECRETION%REACTOME DATABASE ID RELEASE 95%5387390	Details ...	42	0.64089584	2.1653848	0.0	0.0068949033	0.012	3102	tags=60%, list=23%, signal=77%	
DEGRADATION OF GLI2 BY THE PROTEASOME%REACTOME DATABASE ID RELEASE 95%5610783	DEGRADATION OF GLI2 BY THE PROTEASOME%REACTOME DATABASE ID RELEASE 95%5610783	Details ...	45	0.6295307	2.151868	0.0	0.0061333617	0.016	3355	tags=60%, list=25%, signal=80%	
HH MUTANTS ARE DEGRADED BY ERAD%REACTOME DATABASE ID RELEASE 95%5362768	HH MUTANTS ARE DEGRADED BY ERAD%REACTOME DATABASE ID RELEASE 95%5362768	Details ...	41	0.6418038	2.1354578	0.0	0.007046936	0.0245	3102	tags=61%, list=23%, signal=79%	
DEGRADATION OF CRY AND PER PROTEINS%REACTOME DATABASE ID RELEASE 95%9932298	DEGRADATION OF CRY AND PER PROTEINS%REACTOME DATABASE ID RELEASE 95%9932298	Details ...	47	0.6233889	2.1284244	0.0	0.006555311	0.0285	3104	tags=57%, list=23%, signal=74%	
RIBOSOME-ASSOCIATED QUALITY CONTROL%REACTOME%R-HSA-9948299.2	RIBOSOME-ASSOCIATED QUALITY CONTROL%REACTOME%R-HSA-9948299.2	Details ...	132	0.51995665	2.1271727	0.0	0.005462759	0.0285	3102	tags=48%, list=23%, signal=61%	
PROTEASOME DEGRADATION%WIKIPATHWAYS_20260211%WP183%HOMO SAPIENS	PROTEASOME DEGRADATION%WIKIPATHWAYS_20260211%WP183%HOMO SAPIENS	Details ...	38	0.6481305	2.1122956	0.0	0.005750255	0.035	3102	tags=55%, list=23%, signal=72%	
VESICLE COATING%GOBP%GO:0006901	VESICLE COATING%GOBP%GO:0006901	Details ...	34	0.6483561	2.094646	0.0	0.0064711417	0.044	2692	tags=56%, list=20%, signal=70%	
REGULATION OF RUNX2 EXPRESSION AND ACTIVITY%REACTOME DATABASE ID RELEASE 95%8939902	REGULATION OF RUNX2 EXPRESSION AND ACTIVITY%REACTOME DATABASE ID RELEASE 95%8939902	Details ...	52	0.5999151	2.0803492	0.0	0.007538741	0.057	3102	tags=46%, list=23%, signal=60%	
GSK3B-MEDIATED PROTEASOMAL DEGRADATION OF PD-L1(CD274)%REACTOME DATABASE ID RELEASE 95%9929356	GSK3B-MEDIATED PROTEASOMAL DEGRADATION OF PD-L1(CD274)%REACTOME DATABASE ID RELEASE 95%9929356	Details ...	43	0.6115331	2.0774868	0.0	0.007187506	0.0605	3372	tags=63%, list=25%, signal=83%	
GSK3B AND BTRC:CUL1-MEDIATED-DEGRADATION OF NFE2L2%REACTOME DATABASE ID RELEASE 95%9762114	GSK3B AND BTRC:CUL1-MEDIATED-DEGRADATION OF NFE2L2%REACTOME DATABASE ID RELEASE 95%9762114	Details ...	41	0.6294237	2.074817	0.0	0.007005299	0.065	3102	tags=59%, list=23%, signal=76%	
AUTODEGRADATION OF THE E3 UBIQUITIN LIGASE COP1%REACTOME%R-HSA-349425.4	AUTODEGRADATION OF THE E3 UBIQUITIN LIGASE COP1%REACTOME%R-HSA-349425.4	Details ...	37	0.6267857	2.070296	0.0	0.0069017056	0.068	3102	tags=57%, list=23%, signal=73%	
COPI-MEDIATED ANTEROGRADE TRANSPORT%REACTOME DATABASE ID RELEASE 95%6807878	COPI-MEDIATED ANTEROGRADE TRANSPORT%REACTOME DATABASE ID RELEASE 95%6807878	Details ...	80	0.54383546	2.0663695	0.0	0.006767559	0.0725	4081	tags=61%, list=30%, signal=87%	
VIF-MEDIATED DEGRADATION OF APOBEC3G%REACTOME DATABASE ID RELEASE 95%180585	VIF-MEDIATED DEGRADATION OF APOBEC3G%REACTOME DATABASE ID RELEASE 95%180585	Details ...	37	0.63561326	2.06595	0.0	0.0063658385	0.0735	3102	tags=59%, list=23%, signal=77%	
AUF1 (HNRNP D0) BINDS AND DESTABILIZES MRNA%REACTOME DATABASE ID RELEASE 95%450408	AUF1 (HNRNP D0) BINDS AND DESTABILIZES MRNA%REACTOME DATABASE ID RELEASE 95%450408	Details ...	39	0.6227196	2.0629702	0.0	0.006246407	0.077	3521	tags=64%, list=26%, signal=86%	
TRANSFERRIN ENDOCYTOSIS AND RECYCLING%REACTOME%R-HSA-917977.3	TRANSFERRIN ENDOCYTOSIS AND RECYCLING%REACTOME%R-HSA-917977.3	Details ...	27	0.6781522	2.0548906	0.0	0.006895376	0.091	1445	tags=41%, list=11%, signal=46%	
PROTEIN SYNTHESIS: PHENYLALANINE%PATHWHIZ%PW112934	PROTEIN SYNTHESIS: PHENYLALANINE%PATHWHIZ%PW112934	Details ...	79	0.54127294	2.0501773	0.0	0.0069628633	0.098	4732	tags=76%, list=35%, signal=116%	
PROTEIN SYNTHESIS: ASPARAGINE%SMPDB%SMP0111854	PROTEIN SYNTHESIS: ASPARAGINE%SMPDB%SMP0111854	Details ...	77	0.53565985	2.0462	0.0	0.0070220353	0.1045	4732	tags=75%, list=35%, signal=115%	
MITOCHONDRIAL ELECTRON TRANSPORT, NADH TO UBIQUINONE%GOBP%GO:0006120	MITOCHONDRIAL ELECTRON TRANSPORT, NADH TO UBIQUINONE%GOBP%GO:0006120	Details ...	34	0.63697755	2.0423176	0.0	0.0073203095	0.1145	3549	tags=62%, list=26%, signal=84%	
IRON UPTAKE AND TRANSPORT%REACTOME DATABASE ID RELEASE 95%917937	IRON UPTAKE AND TRANSPORT%REACTOME DATABASE ID RELEASE 95%917937	Details ...	48	0.58408076	2.041155	0.0	0.0071254713	0.1175	3171	tags=52%, list=23%, signal=68%	
DEGRADATION OF DVL%REACTOME%R-HSA-4641258.3	DEGRADATION OF DVL%REACTOME%R-HSA-4641258.3		42	0.6028338	2.0368469	0.0	0.0074445615	0.128	3102	tags=57%, list=23%, signal=74%	
DECTIN-1 MEDIATED NONCANONICAL NF-KB SIGNALING%REACTOME DATABASE ID RELEASE 95%5607761	DECTIN-1 MEDIATED NONCANONICAL NF-KB SIGNALING%REACTOME DATABASE ID RELEASE 95%5607761		46	0.5940155	2.0361328	0.0	0.0072377445	0.1305	3102	tags=54%, list=23%, signal=70%	
VESICLE TARGETING%GOBP%GO:0006903	VESICLE TARGETING%GOBP%GO:0006903		55	0.5747807	2.033944	0.0	0.0072229677	0.136	2458	tags=45%, list=18%, signal=55%	
VPU MEDIATED DEGRADATION OF CD4%REACTOME DATABASE ID RELEASE 95%180534	VPU MEDIATED DEGRADATION OF CD4%REACTOME DATABASE ID RELEASE 95%180534		38	0.6254319	2.0323672	0.0	0.0071137506	0.14	3102	tags=58%, list=23%, signal=75%	
INTRACELLULAR STEROL TRANSPORT%GOBP%GO:0032366	INTRACELLULAR STEROL TRANSPORT%GOBP%GO:0032366		23	0.6938649	2.032269	0.0	0.0068292003	0.14	1795	tags=52%, list=13%, signal=60%	
PROTEIN SYNTHESIS: GLUTAMIC ACID%PATHWHIZ%PW112922	PROTEIN SYNTHESIS: GLUTAMIC ACID%PATHWHIZ%PW112922		77	0.53565973	2.025883	0.0	0.00731645	0.154	4732	tags=75%, list=35%, signal=115%	
PROTEIN SYNTHESIS: HISTIDINE%PATHWHIZ%PW112929	PROTEIN SYNTHESIS: HISTIDINE%PATHWHIZ%PW112929		77	0.53565973	2.0243459	0.0	0.0071934075	0.1565	4732	tags=75%, list=35%, signal=115%	
PROTEIN SYNTHESIS: TRYPTOPHAN%PATHWHIZ%PW120526	PROTEIN SYNTHESIS: TRYPTOPHAN%PATHWHIZ%PW120526		77	0.53565973	2.0230327	0.0	0.0071822787	0.161	4732	tags=75%, list=35%, signal=115%	
PELO:HBS1L AND ABCE1 DISSOCIATE A RIBOSOME ON A NON-STOP MRNA%REACTOME%R-HSA-9954714.2	PELO:HBS1L AND ABCE1 DISSOCIATE A RIBOSOME ON A NON-STOP MRNA%REACTOME%R-HSA-9954714.2		84	0.5248207	2.0221868	0.0	0.007074687	0.1645	4732	tags=73%, list=35%, signal=111%	
PROTEIN SYNTHESIS: ISOLEUCINE%SMPDB%SMP0111872	PROTEIN SYNTHESIS: ISOLEUCINE%SMPDB%SMP0111872		77	0.53565973	2.0221486	0.0	0.0068388637	0.1645	4732	tags=75%, list=35%, signal=115%	
PROTEIN SYNTHESIS: ASPARTIC ACID%SMPDB%SMP0111858	PROTEIN SYNTHESIS: ASPARTIC ACID%SMPDB%SMP0111858		77	0.53565985	2.019432	0.0	0.0069145784	0.1715	4732	tags=75%, list=35%, signal=115%	
PROTEIN SYNTHESIS: CYSTEINE%PATHWHIZ%PW112918	PROTEIN SYNTHESIS: CYSTEINE%PATHWHIZ%PW112918		77	0.53565973	2.0188708	0.0	0.0067524076	0.173	4732	tags=75%, list=35%, signal=115%	
HEDGEHOG LIGAND BIOGENESIS%REACTOME%R-HSA-5358346.2	HEDGEHOG LIGAND BIOGENESIS%REACTOME%R-HSA-5358346.2		47	0.5848902	2.0183325	0.0	0.00665273	0.175	3102	tags=53%, list=23%, signal=69%	
PROTEIN SYNTHESIS: GLYCINE%PATHWHIZ%PW112928	PROTEIN SYNTHESIS: GLYCINE%PATHWHIZ%PW112928		77	0.53565973	2.017537	0.0	0.0065081613	0.1765	4732	tags=75%, list=35%, signal=115%	
INTERMEDIATE FILAMENT-BASED PROCESS%GOBP%GO:0045103	INTERMEDIATE FILAMENT-BASED PROCESS%GOBP%GO:0045103		32	0.6455895	2.0173364	0.0	0.00635464	0.1775	1743	tags=34%, list=13%, signal=39%	
AMINO ACIDS REGULATE MTORC1%REACTOME%R-HSA-9639288.3	AMINO ACIDS REGULATE MTORC1%REACTOME%R-HSA-9639288.3		49	0.5844467	2.0168705	0.0	0.0062413686	0.179	2039	tags=39%, list=15%, signal=45%	
PROTEIN SYNTHESIS: SERINE%PATHWHIZ%PW120517	PROTEIN SYNTHESIS: SERINE%PATHWHIZ%PW120517		77	0.53565985	2.0153549	0.0	0.006197369	0.182	4732	tags=75%, list=35%, signal=115%	
PROTEIN SYNTHESIS: THREONINE%PATHWHIZ%PW120525	PROTEIN SYNTHESIS: THREONINE%PATHWHIZ%PW120525		77	0.53565973	2.0153384	0.0	0.0060342806	0.182	4732	tags=75%, list=35%, signal=115%	
ER TO GOLGI ANTEROGRADE TRANSPORT%REACTOME%R-HSA-199977.6	ER TO GOLGI ANTEROGRADE TRANSPORT%REACTOME%R-HSA-199977.6		127	0.4980342	2.015054	0.0	0.00595318	0.1835	3013	tags=44%, list=22%, signal=56%	
PROTEIN SYNTHESIS: LYSINE%SMPDB%SMP0111874	PROTEIN SYNTHESIS: LYSINE%SMPDB%SMP0111874		77	0.53565973	2.014167	0.0	0.005962231	0.189	4732	tags=75%, list=35%, signal=115%	
PROTEIN SYNTHESIS: LEUCINE%SMPDB%SMP0111873	PROTEIN SYNTHESIS: LEUCINE%SMPDB%SMP0111873		77	0.53565985	2.013195	0.0	0.005858898	0.1905	4732	tags=75%, list=35%, signal=115%	
NIK-->NONCANONICAL NF-KB SIGNALING%REACTOME%R-HSA-5676590.3	NIK-->NONCANONICAL NF-KB SIGNALING%REACTOME%R-HSA-5676590.3		45	0.59050834	2.0121832	0.0	0.0058020176	0.1935	3102	tags=53%, list=23%, signal=69%	
PROTEIN SYNTHESIS: GLUTAMINE%SMPDB%SMP0111862	PROTEIN SYNTHESIS: GLUTAMINE%SMPDB%SMP0111862		77	0.53565985	2.0119898	0.0	0.00568061	0.194	4732	tags=75%, list=35%, signal=115%	
PROTEIN SYNTHESIS: ARGININE%SMPDB%SMP0111853	PROTEIN SYNTHESIS: ARGININE%SMPDB%SMP0111853		77	0.53565985	2.011822	0.0	0.0055646393	0.1945	4732	tags=75%, list=35%, signal=115%	
PROTEIN SYNTHESIS: METHIONINE%PATHWHIZ%PW112933	PROTEIN SYNTHESIS: METHIONINE%PATHWHIZ%PW112933		77	0.53565985	2.011581	0.0	0.005453517	0.1945	4732	tags=75%, list=35%, signal=115%	
VESICLE TARGETING, TO, FROM OR WITHIN GOLGI%GOBP%GO:0048199	VESICLE TARGETING, TO, FROM OR WITHIN GOLGI%GOBP%GO:0048199		29	0.6500077	2.0095694	0.0	0.0054855635	0.199	2722	tags=59%, list=20%, signal=73%	
PROTEIN SYNTHESIS: TYROSINE%PATHWHIZ%PW120527	PROTEIN SYNTHESIS: TYROSINE%PATHWHIZ%PW120527		77	0.53565985	2.0093205	0.0	0.00538115	0.1995	4732	tags=75%, list=35%, signal=115%	
ZNF598 AND THE RIBOSOME-ASSOCIATED QUALITY TRIGGER (RQT) COMPLEX DISSOCIATE A RIBOSOME STALLED ON A NO-GO MRNA%REACTOME DATABASE ID RELEASE 95%9954716	ZNF598 AND THE RIBOSOME-ASSOCIATED QUALITY TRIGGER (RQT) COMPLEX DISSOCIATE A RIBOSOME STALLED ON A NO-GO MRNA%REACTOME DATABASE ID RELEASE 95%9954716		90	0.52206105	2.0055165	0.0	0.005580374	0.21	4732	tags=71%, list=35%, signal=109%	
PROTEIN SYNTHESIS: VALINE%PATHWHIZ%PW120528	PROTEIN SYNTHESIS: VALINE%PATHWHIZ%PW120528		77	0.53565973	2.0048895	0.0	0.005501478	0.211	4732	tags=75%, list=35%, signal=115%	
DOWNSTREAM TCR SIGNALING%REACTOME%R-HSA-202424.6	DOWNSTREAM TCR SIGNALING%REACTOME%R-HSA-202424.6		65	0.5477881	2.0046415	0.0	0.0054028467	0.2115	3355	tags=48%, list=25%, signal=63%	
PROTEASOME ASSEMBLY%REACTOME%R-HSA-9907900.1	PROTEASOME ASSEMBLY%REACTOME%R-HSA-9907900.1		49	0.5823695	2.001932	0.0	0.0056001833	0.2215	3018	tags=49%, list=22%, signal=63%	
DEGRADATION OF GLI1 BY THE PROTEASOME%REACTOME DATABASE ID RELEASE 95%5610780	DEGRADATION OF GLI1 BY THE PROTEASOME%REACTOME DATABASE ID RELEASE 95%5610780		45	0.5896194	1.9995261	0.0	0.005734869	0.2315	3355	tags=58%, list=25%, signal=77%	
VIRAL MRNA TRANSLATION%REACTOME DATABASE ID RELEASE 95%192823	VIRAL MRNA TRANSLATION%REACTOME DATABASE ID RELEASE 95%192823		84	0.52519655	1.9980232	0.0	0.0057994686	0.238	4732	tags=74%, list=35%, signal=113%	
ROS AND RNS PRODUCTION IN PHAGOCYTES%REACTOME%R-HSA-1222556.11	ROS AND RNS PRODUCTION IN PHAGOCYTES%REACTOME%R-HSA-1222556.11		26	0.67192256	1.9972762	0.0	0.005745146	0.24	1109	tags=35%, list=8%, signal=38%	
PROTEIN SYNTHESIS: ALANINE%PATHWHIZ%PW101384	PROTEIN SYNTHESIS: ALANINE%PATHWHIZ%PW101384		77	0.53565973	1.9965409	0.0	0.005693126	0.2425	4732	tags=75%, list=35%, signal=115%	
CELLULAR RESPONSE TO STARVATION%REACTOME%R-HSA-9711097.5	CELLULAR RESPONSE TO STARVATION%REACTOME%R-HSA-9711097.5		145	0.4784453	1.9957665	0.0	0.0056432653	0.245	3237	tags=45%, list=24%, signal=58%	
PROTEIN SYNTHESIS: PROLINE%PATHWHIZ%PW113695	PROTEIN SYNTHESIS: PROLINE%PATHWHIZ%PW113695		77	0.53565973	1.9950781	0.0	0.0056146397	0.247	4732	tags=75%, list=35%, signal=115%	
INTERMEDIATE FILAMENT CYTOSKELETON ORGANIZATION%GOBP%GO:0045104	INTERMEDIATE FILAMENT CYTOSKELETON ORGANIZATION%GOBP%GO:0045104		31	0.6332409	1.994345	0.0010121458	0.0055975923	0.249	1743	tags=32%, list=13%, signal=37%	
REGULATION OF APOPTOSIS%REACTOME DATABASE ID RELEASE 95%169911	REGULATION OF APOPTOSIS%REACTOME DATABASE ID RELEASE 95%169911		39	0.6028473	1.989691	0.0	0.005941078	0.2675	3102	tags=59%, list=23%, signal=76%	
DEGRADATION OF AXIN%REACTOME%R-HSA-4641257.3	DEGRADATION OF AXIN%REACTOME%R-HSA-4641257.3		41	0.5855166	1.988248	0.0	0.006004416	0.273	3102	tags=56%, list=23%, signal=73%	
GLI3 IS PROCESSED TO GLI3R BY THE PROTEASOME%REACTOME%R-HSA-5610785.2	GLI3 IS PROCESSED TO GLI3R BY THE PROTEASOME%REACTOME%R-HSA-5610785.2		45	0.5866678	1.9809709	9.96016E-4	0.0067040264	0.3	3355	tags=60%, list=25%, signal=80%	
PEPTIDE CHAIN ELONGATION%REACTOME%R-HSA-156902.4	PEPTIDE CHAIN ELONGATION%REACTOME%R-HSA-156902.4		84	0.5188901	1.980659	0.0	0.0066241794	0.301	4732	tags=73%, list=35%, signal=111%	
REGULATION OF PTEN STABILITY AND ACTIVITY%REACTOME%R-HSA-8948751.3	REGULATION OF PTEN STABILITY AND ACTIVITY%REACTOME%R-HSA-8948751.3		53	0.56859875	1.9784167	0.0	0.0067183883	0.307	3102	tags=51%, list=23%, signal=66%	
OXIDATIVE PHOSPHORYLATION%WIKIPATHWAYS_20260211%WP623%HOMO SAPIENS	OXIDATIVE PHOSPHORYLATION%WIKIPATHWAYS_20260211%WP623%HOMO SAPIENS		29	0.642078	1.9770863	0.0	0.006802463	0.314	2895	tags=52%, list=21%, signal=66%	
PROTEIN LOCALIZATION TO VACUOLE%GOBP%GO:0072665	PROTEIN LOCALIZATION TO VACUOLE%GOBP%GO:0072665		63	0.54658306	1.9751368	0.0	0.006954162	0.321	3670	tags=51%, list=27%, signal=69%	
SELENOCYSTEINE SYNTHESIS%REACTOME DATABASE ID RELEASE 95%2408557	SELENOCYSTEINE SYNTHESIS%REACTOME DATABASE ID RELEASE 95%2408557		87	0.51573527	1.965568	0.0	0.00796509	0.362	4732	tags=70%, list=35%, signal=107%	
PROTON MOTIVE FORCE-DRIVEN MITOCHONDRIAL ATP SYNTHESIS%GOBP%GO:0042776	PROTON MOTIVE FORCE-DRIVEN MITOCHONDRIAL ATP SYNTHESIS%GOBP%GO:0042776		41	0.5826305	1.9650338	0.0010493179	0.007931755	0.365	3582	tags=56%, list=27%, signal=76%	
FORMATION OF A POOL OF FREE 40S SUBUNITS%REACTOME%R-HSA-72689.3	FORMATION OF A POOL OF FREE 40S SUBUNITS%REACTOME%R-HSA-72689.3		95	0.50394666	1.9647858	0.0	0.007848877	0.3665	4732	tags=71%, list=35%, signal=108%	
ACTIVATION OF NF-KAPPAB IN B CELLS%REACTOME DATABASE ID RELEASE 95%1169091	ACTIVATION OF NF-KAPPAB IN B CELLS%REACTOME DATABASE ID RELEASE 95%1169091		51	0.5693024	1.9619957	0.0	0.007968682	0.3775	3102	tags=51%, list=23%, signal=66%	
PHOSPHOLIPID DEPHOSPHORYLATION%GOBP%GO:0046839	PHOSPHOLIPID DEPHOSPHORYLATION%GOBP%GO:0046839		19	0.71005094	1.9611771	0.001044932	0.0079608755	0.3805	1875	tags=42%, list=14%, signal=49%	
RIBOSOME QUALITY CONTROL (RQC) COMPLEX EXTRACTS AND DEGRADES NASCENT PEPTIDE%REACTOME%R-HSA-9954709.2	RIBOSOME QUALITY CONTROL (RQC) COMPLEX EXTRACTS AND DEGRADES NASCENT PEPTIDE%REACTOME%R-HSA-9954709.2		94	0.50702435	1.9562892	0.0	0.008423476	0.4015	3458	tags=52%, list=26%, signal=70%	
CELLULAR RESPONSE TO HYPOXIA%REACTOME DATABASE ID RELEASE 95%1234174	CELLULAR RESPONSE TO HYPOXIA%REACTOME DATABASE ID RELEASE 95%1234174		56	0.55822283	1.9494023	0.0	0.009111949	0.4315	3102	tags=55%, list=23%, signal=72%	
STABILIZATION OF P53%REACTOME DATABASE ID RELEASE 95%69541	STABILIZATION OF P53%REACTOME DATABASE ID RELEASE 95%69541		42	0.5785369	1.9490318	0.0	0.0090423925	0.434	3102	tags=50%, list=23%, signal=65%	
EUKARYOTIC TRANSLATION ELONGATION%REACTOME DATABASE ID RELEASE 95%156842	EUKARYOTIC TRANSLATION ELONGATION%REACTOME DATABASE ID RELEASE 95%156842		88	0.50211966	1.9408026	0.0	0.010023113	0.471	4732	tags=69%, list=35%, signal=106%	
CYTOPLASMIC RIBOSOMAL PROTEINS%WIKIPATHWAYS_20260211%WP477%HOMO SAPIENS	CYTOPLASMIC RIBOSOMAL PROTEINS%WIKIPATHWAYS_20260211%WP477%HOMO SAPIENS		84	0.5066845	1.9380071	0.0	0.010341105	0.4885	4732	tags=70%, list=35%, signal=107%	
REGULATION OF RUNX3 EXPRESSION AND ACTIVITY%REACTOME DATABASE ID RELEASE 95%8941858	REGULATION OF RUNX3 EXPRESSION AND ACTIVITY%REACTOME DATABASE ID RELEASE 95%8941858		44	0.5743659	1.9352399	0.0	0.010612151	0.5035	3102	tags=50%, list=23%, signal=65%	
REGULATION OF ACTIVATED PAK-2P34 BY PROTEASOME MEDIATED DEGRADATION%REACTOME DATABASE ID RELEASE 95%211733	REGULATION OF ACTIVATED PAK-2P34 BY PROTEASOME MEDIATED DEGRADATION%REACTOME DATABASE ID RELEASE 95%211733		36	0.59308004	1.9315819	0.002096436	0.011056805	0.525	3102	tags=58%, list=23%, signal=76%	
OXYGEN-DEPENDENT PROLINE HYDROXYLATION OF HYPOXIA-INDUCIBLE FACTOR ALPHA%REACTOME DATABASE ID RELEASE 95%1234176	OXYGEN-DEPENDENT PROLINE HYDROXYLATION OF HYPOXIA-INDUCIBLE FACTOR ALPHA%REACTOME DATABASE ID RELEASE 95%1234176		48	0.5578884	1.9315095	0.0010638298	0.010922465	0.525	3102	tags=58%, list=23%, signal=75%	
SRP-DEPENDENT COTRANSLATIONAL PROTEIN TARGETING TO MEMBRANE%REACTOME DATABASE ID RELEASE 95%1799339	SRP-DEPENDENT COTRANSLATIONAL PROTEIN TARGETING TO MEMBRANE%REACTOME DATABASE ID RELEASE 95%1799339		106	0.48428127	1.9307557	0.0	0.010871166	0.5275	4732	tags=67%, list=35%, signal=102%	
INTRACELLULAR CHOLESTEROL TRANSPORT%GOBP%GO:0032367	INTRACELLULAR CHOLESTEROL TRANSPORT%GOBP%GO:0032367		20	0.6805014	1.9214251	0.0010504202	0.012393536	0.577	1795	tags=50%, list=13%, signal=58%	
UBIQUITIN–PROTEASOME PATHWAY%SMPDB%SMP0063816	UBIQUITIN–PROTEASOME PATHWAY%SMPDB%SMP0063816		27	0.63229835	1.9201125	0.0	0.012517482	0.5825	3355	tags=59%, list=25%, signal=79%	
VESICLE LOCALIZATION%GOBP%GO:0051648	VESICLE LOCALIZATION%GOBP%GO:0051648		142	0.4623272	1.9153239	0.0	0.013156669	0.6035	2722	tags=37%, list=20%, signal=46%	
DEFECTIVE CFTR CAUSES CYSTIC FIBROSIS%REACTOME%R-HSA-5678895.5	DEFECTIVE CFTR CAUSES CYSTIC FIBROSIS%REACTOME%R-HSA-5678895.5		45	0.56516093	1.9134568	0.0	0.0132880695	0.6105	3102	tags=53%, list=23%, signal=69%	
GLYCOGEN METABOLIC PROCESS%GOBP%GO:0005977	GLYCOGEN METABOLIC PROCESS%GOBP%GO:0005977		31	0.5990292	1.90849	0.0	0.014258699	0.642	2298	tags=48%, list=17%, signal=58%	
INTRACELLULAR LIPID TRANSPORT%GOBP%GO:0032365	INTRACELLULAR LIPID TRANSPORT%GOBP%GO:0032365		35	0.59126806	1.9077774	0.0	0.014212407	0.646	1795	tags=43%, list=13%, signal=49%	
INTERMEDIATE FILAMENT ORGANIZATION%GOBP%GO:0045109	INTERMEDIATE FILAMENT ORGANIZATION%GOBP%GO:0045109		20	0.68144035	1.9056989	0.0	0.014488093	0.657	1743	tags=40%, list=13%, signal=46%	
RRNA PROCESSING IN THE NUCLEUS AND CYTOSOL%REACTOME%R-HSA-8868773.5	RRNA PROCESSING IN THE NUCLEUS AND CYTOSOL%REACTOME%R-HSA-8868773.5		180	0.445226	1.9045335	0.0	0.014572652	0.663	3727	tags=47%, list=28%, signal=64%	
FCERI MEDIATED NF-KB ACTIVATION%REACTOME DATABASE ID RELEASE 95%2871837	FCERI MEDIATED NF-KB ACTIVATION%REACTOME DATABASE ID RELEASE 95%2871837		61	0.5255718	1.9038123	0.0	0.014628664	0.6705	3355	tags=51%, list=25%, signal=67%	
INSULIN RECEPTOR RECYCLING%REACTOME DATABASE ID RELEASE 95%77387	INSULIN RECEPTOR RECYCLING%REACTOME DATABASE ID RELEASE 95%77387		26	0.62366045	1.9037354	0.0010266941	0.014483613	0.671	2039	tags=42%, list=15%, signal=50%	
OVARIAN TUMOR DOMAIN PROTEASES%REACTOME DATABASE ID RELEASE 95%5689896	OVARIAN TUMOR DOMAIN PROTEASES%REACTOME DATABASE ID RELEASE 95%5689896		33	0.6061985	1.8992437	0.0010427529	0.015202372	0.6935	3102	tags=45%, list=23%, signal=59%	
NONSENSE MEDIATED DECAY (NMD) INDEPENDENT OF THE EXON JUNCTION COMPLEX (EJC)%REACTOME%R-HSA-975956.2	NONSENSE MEDIATED DECAY (NMD) INDEPENDENT OF THE EXON JUNCTION COMPLEX (EJC)%REACTOME%R-HSA-975956.2		90	0.48910695	1.8975788	0.0	0.015458433	0.7055	4752	tags=71%, list=35%, signal=109%	
PROTEIN FOLDING%GOBP%GO:0006457	PROTEIN FOLDING%GOBP%GO:0006457		149	0.45643455	1.8974384	0.0	0.01531512	0.7055	1386	tags=23%, list=10%, signal=25%	
REGULATION OF MACROAUTOPHAGY%GOBP%GO:0016241	REGULATION OF MACROAUTOPHAGY%GOBP%GO:0016241		161	0.45378566	1.8943664	0.0	0.015767079	0.717	2039	tags=29%, list=15%, signal=33%	
PROTON MOTIVE FORCE-DRIVEN ATP SYNTHESIS%GOBP%GO:0015986	PROTON MOTIVE FORCE-DRIVEN ATP SYNTHESIS%GOBP%GO:0015986		42	0.56821746	1.8929173	0.0	0.015909811	0.724	3582	tags=55%, list=27%, signal=74%	
ESTABLISHMENT OF PROTEIN LOCALIZATION TO VACUOLE%GOBP%GO:0072666	ESTABLISHMENT OF PROTEIN LOCALIZATION TO VACUOLE%GOBP%GO:0072666		48	0.5452298	1.8928474	0.0	0.01575455	0.724	3670	tags=54%, list=27%, signal=74%	
SYNTHESIS OF PC%REACTOME%R-HSA-1483191.7	SYNTHESIS OF PC%REACTOME%R-HSA-1483191.7		23	0.6425501	1.8900461	0.002074689	0.016206509	0.7405	2028	tags=39%, list=15%, signal=46%	
MITOCHONDRIAL COMPLEX I ASSEMBLY MODEL OXPHOS SYSTEM%WIKIPATHWAYS_20260211%WP4324%HOMO SAPIENS	MITOCHONDRIAL COMPLEX I ASSEMBLY MODEL OXPHOS SYSTEM%WIKIPATHWAYS_20260211%WP4324%HOMO SAPIENS		40	0.56653863	1.8866416	0.0	0.016703898	0.7565	3582	tags=58%, list=27%, signal=78%	
ESTABLISHMENT OF VESICLE LOCALIZATION%GOBP%GO:0051650	ESTABLISHMENT OF VESICLE LOCALIZATION%GOBP%GO:0051650		136	0.45972085	1.8863293	0.0	0.01661583	0.758	2722	tags=38%, list=20%, signal=46%	
RRNA PROCESSING%REACTOME%R-HSA-72312.5	RRNA PROCESSING%REACTOME%R-HSA-72312.5		193	0.43916273	1.885383	0.0	0.01663981	0.7605	3727	tags=47%, list=28%, signal=63%	
GLYCOGEN CATABOLIC PROCESS%GOBP%GO:0005980	GLYCOGEN CATABOLIC PROCESS%GOBP%GO:0005980		21	0.66312766	1.8847171	0.0	0.016622374	0.763	1263	tags=38%, list=9%, signal=42%	
EUKARYOTIC TRANSLATION TERMINATION%REACTOME%R-HSA-72764.6	EUKARYOTIC TRANSLATION TERMINATION%REACTOME%R-HSA-72764.6		87	0.48880547	1.878118	0.0	0.01794803	0.7965	4732	tags=72%, list=35%, signal=111%	
GLUCAN METABOLIC PROCESS%GOBP%GO:0044042	GLUCAN METABOLIC PROCESS%GOBP%GO:0044042		31	0.5990292	1.8777144	0.001039501	0.017805832	0.7975	2298	tags=48%, list=17%, signal=58%	
POLYSACCHARIDE CATABOLIC PROCESS%GOBP%GO:0000272	POLYSACCHARIDE CATABOLIC PROCESS%GOBP%GO:0000272		21	0.66312766	1.8721716	0.0	0.01907828	0.823	1263	tags=38%, list=9%, signal=42%	
RUNX1 REGULATES TRANSCRIPTION OF GENES INVOLVED IN DIFFERENTIATION OF HSCS%REACTOME%R-HSA-8939236.2	RUNX1 REGULATES TRANSCRIPTION OF GENES INVOLVED IN DIFFERENTIATION OF HSCS%REACTOME%R-HSA-8939236.2		53	0.5323328	1.8654	0.0	0.020605695	0.853	3102	tags=45%, list=23%, signal=59%	
REGULATION OF EXPRESSION OF SLITS AND ROBOS%REACTOME%R-HSA-9010553.2	REGULATION OF EXPRESSION OF SLITS AND ROBOS%REACTOME%R-HSA-9010553.2		144	0.4507496	1.861932	0.0	0.021422561	0.864	3727	tags=51%, list=28%, signal=70%	
COPII-COATED VESICLE BUDDING%GOBP%GO:0090114	COPII-COATED VESICLE BUDDING%GOBP%GO:0090114		38	0.5654064	1.8612231	0.0	0.021442577	0.866	2993	tags=55%, list=22%, signal=71%	
GLUCAN CATABOLIC PROCESS%GOBP%GO:0009251	GLUCAN CATABOLIC PROCESS%GOBP%GO:0009251		21	0.66312766	1.8609382	0.0	0.021322755	0.866	1263	tags=38%, list=9%, signal=42%	
AMPK-INDUCED ERAD AND LYSOSOME MEDIATED DEGRADATION OF PD-L1(CD274)%REACTOME DATABASE ID RELEASE 95%9931269	AMPK-INDUCED ERAD AND LYSOSOME MEDIATED DEGRADATION OF PD-L1(CD274)%REACTOME DATABASE ID RELEASE 95%9931269		51	0.52812123	1.8490939	0.0010638298	0.02464548	0.9055	3372	tags=51%, list=25%, signal=68%	
HALLMARK_TNFA_SIGNALING_VIA_NFKB%MSIGDBHALLMARK%HALLMARK_TNFA_SIGNALING_VIA_NFKB	HALLMARK_TNFA_SIGNALING_VIA_NFKB%MSIGDBHALLMARK%HALLMARK_TNFA_SIGNALING_VIA_NFKB		141	0.44906065	1.8455994	0.0	0.025540557	0.917	2160	tags=23%, list=16%, signal=28%	
PROXIMAL TUBULE TRANSPORT%WIKIPATHWAYS_20260211%WP4917%HOMO SAPIENS	PROXIMAL TUBULE TRANSPORT%WIKIPATHWAYS_20260211%WP4917%HOMO SAPIENS		20	0.648209	1.8454113	0.0029041627	0.025366018	0.9175	2039	tags=50%, list=15%, signal=59%	
FBXL7 DOWN-REGULATES AURKA DURING MITOTIC ENTRY AND IN EARLY MITOSIS%REACTOME DATABASE ID RELEASE 95%8854050	FBXL7 DOWN-REGULATES AURKA DURING MITOTIC ENTRY AND IN EARLY MITOSIS%REACTOME DATABASE ID RELEASE 95%8854050		41	0.54955536	1.8442141	0.0	0.02551581	0.9195	3102	tags=54%, list=23%, signal=69%	
VESICLE BUDDING FROM MEMBRANE%GOBP%GO:0006900	VESICLE BUDDING FROM MEMBRANE%GOBP%GO:0006900		74	0.4939945	1.8440062	0.0	0.025354343	0.9205	3298	tags=57%, list=24%, signal=75%	
ENERGY RESERVE METABOLIC PROCESS%GOBP%GO:0006112	ENERGY RESERVE METABOLIC PROCESS%GOBP%GO:0006112		36	0.56820714	1.8417722	0.0	0.025867278	0.9255	2494	tags=47%, list=18%, signal=58%	
INTRACELLULAR PH REDUCTION%GOBP%GO:0051452	INTRACELLULAR PH REDUCTION%GOBP%GO:0051452		41	0.5457855	1.8374131	0.0	0.02718837	0.9345	3555	tags=51%, list=26%, signal=69%	
ENDOPLASMIC RETICULUM ORGANIZATION%GOBP%GO:0007029	ENDOPLASMIC RETICULUM ORGANIZATION%GOBP%GO:0007029		72	0.48887238	1.8364527	0.0	0.02722021	0.9365	2151	tags=35%, list=16%, signal=41%	
STEROL TRANSPORT%GOBP%GO:0015918	STEROL TRANSPORT%GOBP%GO:0015918		44	0.5423341	1.8335856	0.0	0.028005362	0.9445	2072	tags=36%, list=15%, signal=43%	
CAP-DEPENDENT TRANSLATION INITIATION%REACTOME%R-HSA-72737.4	CAP-DEPENDENT TRANSLATION INITIATION%REACTOME%R-HSA-72737.4		112	0.45418066	1.8332733	0.0	0.027888246	0.945	4752	tags=69%, list=35%, signal=105%	
MAJOR PATHWAY OF RRNA PROCESSING IN THE NUCLEOLUS AND CYTOSOL%REACTOME%R-HSA-6791226.5	MAJOR PATHWAY OF RRNA PROCESSING IN THE NUCLEOLUS AND CYTOSOL%REACTOME%R-HSA-6791226.5		170	0.43368626	1.8331999	0.0	0.027685812	0.945	3727	tags=45%, list=28%, signal=62%	
PROTEIN LOCALIZATION TO LYSOSOME%GOBP%GO:0061462	PROTEIN LOCALIZATION TO LYSOSOME%GOBP%GO:0061462		41	0.54617566	1.8290755	0.0010660981	0.028909585	0.9535	1921	tags=32%, list=14%, signal=37%	
ELECTRON TRANSPORT CHAIN%GOBP%GO:0022900	ELECTRON TRANSPORT CHAIN%GOBP%GO:0022900		74	0.48872295	1.828276	9.871669E-4	0.02901297	0.9535	3566	tags=49%, list=26%, signal=66%	
HALLMARK_PROTEIN_SECRETION%MSIGDBHALLMARK%HALLMARK_PROTEIN_SECRETION	HALLMARK_PROTEIN_SECRETION%MSIGDBHALLMARK%HALLMARK_PROTEIN_SECRETION		79	0.48520365	1.8270047	0.0	0.029208878	0.956	2842	tags=44%, list=21%, signal=56%	
HSP90 CHAPERONE CYCLE FOR SHRS%REACTOME DATABASE ID RELEASE 95%3371497	HSP90 CHAPERONE CYCLE FOR SHRS%REACTOME DATABASE ID RELEASE 95%3371497		33	0.5684823	1.8228302	0.0010604454	0.030551052	0.9635	3536	tags=52%, list=26%, signal=70%	
VESICLE TARGETING, ROUGH ER TO CIS-GOLGI%GOBP%GO:0048207	VESICLE TARGETING, ROUGH ER TO CIS-GOLGI%GOBP%GO:0048207		22	0.6220339	1.821594	0.0021164021	0.030722845	0.9645	2352	tags=50%, list=17%, signal=60%	
VESICLE TETHERING%GOBP%GO:0099022	VESICLE TETHERING%GOBP%GO:0099022		31	0.58161986	1.8189374	0.0	0.03146512	0.968	2458	tags=48%, list=18%, signal=59%	
REGULATION OF CELLULAR PH%GOBP%GO:0030641	REGULATION OF CELLULAR PH%GOBP%GO:0030641		68	0.49518734	1.8161846	0.0	0.032187805	0.972	2125	tags=34%, list=16%, signal=40%	
TNFR2 NON-CANONICAL NF-KB PATHWAY%REACTOME DATABASE ID RELEASE 95%5668541	TNFR2 NON-CANONICAL NF-KB PATHWAY%REACTOME DATABASE ID RELEASE 95%5668541		65	0.4968741	1.8161033	0.0	0.031959612	0.972	3102	tags=43%, list=23%, signal=56%	
ASYMMETRIC LOCALIZATION OF PCP PROTEINS%REACTOME%R-HSA-4608870.3	ASYMMETRIC LOCALIZATION OF PCP PROTEINS%REACTOME%R-HSA-4608870.3		50	0.5207613	1.812499	0.002096436	0.033118356	0.976	3102	tags=48%, list=23%, signal=62%	
SOMITOGENESIS%REACTOME DATABASE ID RELEASE 95%9824272	SOMITOGENESIS%REACTOME DATABASE ID RELEASE 95%9824272		40	0.5374135	1.8121201	0.0	0.033007503	0.9765	3029	tags=50%, list=22%, signal=64%	
NEGATIVE REGULATION OF NOTCH4 SIGNALING%REACTOME DATABASE ID RELEASE 95%9604323	NEGATIVE REGULATION OF NOTCH4 SIGNALING%REACTOME DATABASE ID RELEASE 95%9604323		42	0.54609025	1.8105885	0.0	0.03337462	0.9785	3102	tags=52%, list=23%, signal=68%	
MACROAUTOPHAGY%GOBP%GO:0016236	MACROAUTOPHAGY%GOBP%GO:0016236		184	0.42590836	1.8105313	0.0	0.033135626	0.9785	3330	tags=43%, list=25%, signal=56%	
REGULATION OF EARLY ENDOSOME TO LATE ENDOSOME TRANSPORT%GOBP%GO:2000641	REGULATION OF EARLY ENDOSOME TO LATE ENDOSOME TRANSPORT%GOBP%GO:2000641		18	0.6540084	1.8074493	0.004127967	0.034203645	0.984	2907	tags=50%, list=22%, signal=64%	
EUKARYOTIC TRANSLATION INITIATION%REACTOME%R-HSA-72613.5	EUKARYOTIC TRANSLATION INITIATION%REACTOME%R-HSA-72613.5		112	0.45418066	1.8059335	0.0	0.034631483	0.985	4752	tags=69%, list=35%, signal=105%	
CROSS-PRESENTATION OF SOLUBLE EXOGENOUS ANTIGENS (ENDOSOMES)%REACTOME DATABASE ID RELEASE 95%1236978	CROSS-PRESENTATION OF SOLUBLE EXOGENOUS ANTIGENS (ENDOSOMES)%REACTOME DATABASE ID RELEASE 95%1236978		38	0.54985994	1.8058939	0.0	0.0343755	0.985	3018	tags=50%, list=22%, signal=64%	
TRANSPORT TO THE GOLGI AND SUBSEQUENT MODIFICATION%REACTOME%R-HSA-948021.4	TRANSPORT TO THE GOLGI AND SUBSEQUENT MODIFICATION%REACTOME%R-HSA-948021.4		152	0.43352395	1.8058196	0.0	0.034166224	0.985	3013	tags=41%, list=22%, signal=52%	
PROTEIN INSERTION INTO ER MEMBRANE%GOBP%GO:0045048	PROTEIN INSERTION INTO ER MEMBRANE%GOBP%GO:0045048		27	0.5942841	1.8051866	0.0	0.03415083	0.986	1940	tags=48%, list=14%, signal=56%	
REGULATION OF LYSOSOMAL LUMEN PH%GOBP%GO:0035751	REGULATION OF LYSOSOMAL LUMEN PH%GOBP%GO:0035751		26	0.59802556	1.8051649	0.0029644268	0.03391235	0.986	2595	tags=50%, list=19%, signal=62%	
UBIQUITIN-DEPENDENT DEGRADATION OF CYCLIN D%REACTOME DATABASE ID RELEASE 95%75815	UBIQUITIN-DEPENDENT DEGRADATION OF CYCLIN D%REACTOME DATABASE ID RELEASE 95%75815		38	0.5493739	1.8041015	0.0010111224	0.03409207	0.9865	3102	tags=58%, list=23%, signal=75%	
NEGATIVE REGULATION OF AUTOPHAGY%GOBP%GO:0010507	NEGATIVE REGULATION OF AUTOPHAGY%GOBP%GO:0010507		68	0.49208054	1.803034	0.0010537407	0.03426909	0.987	3089	tags=41%, list=23%, signal=53%	
CHOLESTEROL SYNTHESIS DISORDERS%WIKIPATHWAYS_20260211%WP5193%HOMO SAPIENS	CHOLESTEROL SYNTHESIS DISORDERS%WIKIPATHWAYS_20260211%WP5193%HOMO SAPIENS		16	0.6692107	1.802209	0.0030395137	0.034376305	0.988	1022	tags=44%, list=8%, signal=47%	
PHOSPHATIDYLCHOLINE METABOLIC PROCESS%GOBP%GO:0046470	PHOSPHATIDYLCHOLINE METABOLIC PROCESS%GOBP%GO:0046470		36	0.55321914	1.80078	0.0	0.034689058	0.9885	2028	tags=33%, list=15%, signal=39%	
T CELL RECEPTOR AND CO STIMULATORY SIGNALING%WIKIPATHWAYS_20260211%WP2583%HOMO SAPIENS	T CELL RECEPTOR AND CO STIMULATORY SIGNALING%WIKIPATHWAYS_20260211%WP2583%HOMO SAPIENS		16	0.67349887	1.7973189	0.002020202	0.035974436	0.9905	1881	tags=44%, list=14%, signal=51%	
PHOSPHATIDYLINOSITOL DEPHOSPHORYLATION%GOBP%GO:0046856	PHOSPHATIDYLINOSITOL DEPHOSPHORYLATION%GOBP%GO:0046856		16	0.6801462	1.7963395	0.0051493305	0.03613391	0.9905	1875	tags=38%, list=14%, signal=43%	
COPII VESICLE COATING%GOBP%GO:0048208	COPII VESICLE COATING%GOBP%GO:0048208		22	0.6220339	1.7949507	0.0019704434	0.03639127	0.9905	2352	tags=50%, list=17%, signal=60%	
CELLULAR RESPONSE TO ACID CHEMICAL%GOBP%GO:0071229	CELLULAR RESPONSE TO ACID CHEMICAL%GOBP%GO:0071229		38	0.54817206	1.7944983	0.0	0.036333375	0.991	1559	tags=34%, list=12%, signal=39%	
AUTOPHAGOSOME-LYSOSOME FUSION%GOBP%GO:0061909	AUTOPHAGOSOME-LYSOSOME FUSION%GOBP%GO:0061909		17	0.66124886	1.7941597	0.0070921984	0.036217615	0.9915	2471	tags=47%, list=18%, signal=58%	
PROTEIN TARGETING TO VACUOLE%GOBP%GO:0006623	PROTEIN TARGETING TO VACUOLE%GOBP%GO:0006623		38	0.5497584	1.7935591	9.871669E-4	0.036268204	0.992	3670	tags=53%, list=27%, signal=72%	
GTP HYDROLYSIS AND JOINING OF THE 60S RIBOSOMAL SUBUNIT%REACTOME%R-HSA-72706.4	GTP HYDROLYSIS AND JOINING OF THE 60S RIBOSOMAL SUBUNIT%REACTOME%R-HSA-72706.4		105	0.45533657	1.7931339	0.0	0.036170255	0.992	4752	tags=70%, list=35%, signal=106%	
AUTOPHAGY%REACTOME DATABASE ID RELEASE 95%9612973	AUTOPHAGY%REACTOME DATABASE ID RELEASE 95%9612973		129	0.43900767	1.7903216	0.0	0.03712098	0.994	2469	tags=36%, list=18%, signal=43%	
DOWNSTREAM SIGNALING EVENTS OF B CELL RECEPTOR (BCR)%REACTOME DATABASE ID RELEASE 95%1168372	DOWNSTREAM SIGNALING EVENTS OF B CELL RECEPTOR (BCR)%REACTOME DATABASE ID RELEASE 95%1168372		63	0.49549654	1.7895766	0.0	0.037156556	0.9945	3102	tags=44%, list=23%, signal=57%	
NEGATIVE REGULATORS OF RIG-I MDA5 SIGNALING%REACTOME%R-HSA-936440.6	NEGATIVE REGULATORS OF RIG-I MDA5 SIGNALING%REACTOME%R-HSA-936440.6		33	0.5663357	1.7881032	0.0	0.037563298	0.995	2106	tags=33%, list=16%, signal=39%	
L13A-MEDIATED TRANSLATIONAL SILENCING OF CERULOPLASMIN EXPRESSION%REACTOME%R-HSA-156827.5	L13A-MEDIATED TRANSLATIONAL SILENCING OF CERULOPLASMIN EXPRESSION%REACTOME%R-HSA-156827.5		104	0.45387822	1.7879716	0.0	0.037394673	0.995	4752	tags=69%, list=35%, signal=106%	
REGULATION OF PROTEIN EXIT FROM ENDOPLASMIC RETICULUM%GOBP%GO:0070861	REGULATION OF PROTEIN EXIT FROM ENDOPLASMIC RETICULUM%GOBP%GO:0070861		29	0.57691115	1.7878127	0.0010288066	0.037179098	0.995	2146	tags=41%, list=16%, signal=49%	
INTRACELLULAR IRON ION HOMEOSTASIS%GOBP%GO:0006879	INTRACELLULAR IRON ION HOMEOSTASIS%GOBP%GO:0006879		53	0.50871176	1.7861093	0.0021276595	0.037822288	0.995	2262	tags=40%, list=17%, signal=47%	
SARCOMERE ORGANIZATION%GOBP%GO:0045214	SARCOMERE ORGANIZATION%GOBP%GO:0045214		31	0.569881	1.7857268	0.0030241935	0.03771477	0.995	3982	tags=52%, list=29%, signal=73%	
DIGESTIVE SYSTEM PROCESS%GOBP%GO:0022600	DIGESTIVE SYSTEM PROCESS%GOBP%GO:0022600		20	0.6386135	1.7851688	0.002997003	0.037745457	0.9955	3521	tags=55%, list=26%, signal=74%	
RRNA MODIFICATION IN THE NUCLEUS AND CYTOSOL%REACTOME%R-HSA-6790901.6	RRNA MODIFICATION IN THE NUCLEUS AND CYTOSOL%REACTOME%R-HSA-6790901.6		56	0.4954822	1.7832277	0.0	0.038298663	0.996	2712	tags=41%, list=20%, signal=51%	
AUTOPHAGOSOME ORGANIZATION%GOBP%GO:1905037	AUTOPHAGOSOME ORGANIZATION%GOBP%GO:1905037		66	0.4874248	1.7830325	0.0020639836	0.038138907	0.996	2981	tags=38%, list=22%, signal=48%	
TCR SIGNALING%REACTOME DATABASE ID RELEASE 95%202403	TCR SIGNALING%REACTOME DATABASE ID RELEASE 95%202403		80	0.47392988	1.7821251	0.001025641	0.03827147	0.996	3355	tags=44%, list=25%, signal=58%	
MACROAUTOPHAGY%REACTOME DATABASE ID RELEASE 95%1632852	MACROAUTOPHAGY%REACTOME DATABASE ID RELEASE 95%1632852		116	0.4441062	1.7798629	0.001048218	0.0390697	0.9965	2469	tags=37%, list=18%, signal=45%	
T-HELPER 17 CELL DIFFERENTIATION%GOBP%GO:0072539	T-HELPER 17 CELL DIFFERENTIATION%GOBP%GO:0072539		20	0.62408805	1.779316	0.0010235414	0.039070316	0.9965	3355	tags=60%, list=25%, signal=80%	
NEGATIVE REGULATION OF ENDOPLASMIC RETICULUM UNFOLDED PROTEIN RESPONSE%GOBP%GO:1900102	NEGATIVE REGULATION OF ENDOPLASMIC RETICULUM UNFOLDED PROTEIN RESPONSE%GOBP%GO:1900102		16	0.66920835	1.7777195	0.0039564786	0.03952673	0.9965	2658	tags=38%, list=20%, signal=47%	
GLYCOGEN SYNTHESIS AND DEGRADATION%WIKIPATHWAYS_20260211%WP500%HOMO SAPIENS	GLYCOGEN SYNTHESIS AND DEGRADATION%WIKIPATHWAYS_20260211%WP500%HOMO SAPIENS		25	0.5914398	1.7766453	0.0019665684	0.039729156	0.9975	1628	tags=44%, list=12%, signal=50%	
HALLMARK_OXIDATIVE_PHOSPHORYLATION%MSIGDBHALLMARK%HALLMARK_OXIDATIVE_PHOSPHORYLATION	HALLMARK_OXIDATIVE_PHOSPHORYLATION%MSIGDBHALLMARK%HALLMARK_OXIDATIVE_PHOSPHORYLATION		146	0.42916718	1.7764983	0.0	0.039552663	0.9975	3039	tags=42%, list=22%, signal=54%	
RESPIRATORY ELECTRON TRANSPORT CHAIN%GOBP%GO:0022904	RESPIRATORY ELECTRON TRANSPORT CHAIN%GOBP%GO:0022904		68	0.48072353	1.7752599	0.0	0.039896257	0.9975	3566	tags=50%, list=26%, signal=68%	
PURINERGIC SIGNALING%WIKIPATHWAYS_20260211%WP4900%HOMO SAPIENS	PURINERGIC SIGNALING%WIKIPATHWAYS_20260211%WP4900%HOMO SAPIENS		15	0.6743263	1.7745601	0.004069176	0.039989334	0.9975	1447	tags=33%, list=11%, signal=37%	
RESPONSE TO ACID CHEMICAL%GOBP%GO:0001101	RESPONSE TO ACID CHEMICAL%GOBP%GO:0001101		40	0.52799875	1.768759	0.005070994	0.042409353	0.9985	1559	tags=33%, list=12%, signal=37%	
AUTODEGRADATION OF CDH1 BY CDH1:APC C%REACTOME DATABASE ID RELEASE 95%174084	AUTODEGRADATION OF CDH1 BY CDH1:APC C%REACTOME DATABASE ID RELEASE 95%174084		53	0.50549513	1.7629743	0.0	0.044962358	0.9995	3355	tags=51%, list=25%, signal=68%	
REGULATION OF INTRACELLULAR PH%GOBP%GO:0051453	REGULATION OF INTRACELLULAR PH%GOBP%GO:0051453		67	0.48338294	1.7622764	0.0010729614	0.044985853	0.9995	2125	tags=33%, list=16%, signal=39%	
APC C:CDC20 MEDIATED DEGRADATION OF SECURIN%REACTOME DATABASE ID RELEASE 95%174154	APC C:CDC20 MEDIATED DEGRADATION OF SECURIN%REACTOME DATABASE ID RELEASE 95%174154		54	0.49943468	1.7622678	0.0	0.044729855	0.9995	3355	tags=50%, list=25%, signal=66%	
ATP SYNTHESIS COUPLED ELECTRON TRANSPORT%GOBP%GO:0042773	ATP SYNTHESIS COUPLED ELECTRON TRANSPORT%GOBP%GO:0042773		63	0.4842855	1.7617903	0.0	0.044673227	0.9995	3037	tags=44%, list=22%, signal=57%	
PHOSPHOLIPID BIOSYNTHETIC PROCESS%GOBP%GO:0008654	PHOSPHOLIPID BIOSYNTHETIC PROCESS%GOBP%GO:0008654		193	0.4094041	1.7617589	0.0	0.044435408	0.9995	2277	tags=29%, list=17%, signal=34%	
TRICARBOXYLIC ACID CYCLE%GOBP%GO:0006099	TRICARBOXYLIC ACID CYCLE%GOBP%GO:0006099		27	0.580287	1.76079	0.002008032	0.04468412	0.9995	3039	tags=41%, list=22%, signal=52%	
SELENOAMINO ACID METABOLISM%REACTOME DATABASE ID RELEASE 95%2408522	SELENOAMINO ACID METABOLISM%REACTOME DATABASE ID RELEASE 95%2408522		99	0.4513942	1.7604244	0.0	0.04457892	0.9995	4732	tags=65%, list=35%, signal=99%	
REGULATION OF RRNA PROCESSING%GOBP%GO:2000232	REGULATION OF RRNA PROCESSING%GOBP%GO:2000232		17	0.6475794	1.7587667	0.007194245	0.04512873	1.0	1606	tags=29%, list=12%, signal=33%	
NEGATIVE REGULATION OF MACROAUTOPHAGY%GOBP%GO:0016242	NEGATIVE REGULATION OF MACROAUTOPHAGY%GOBP%GO:0016242		27	0.57696164	1.7569953	0.00101833	0.04575409	1.0	2782	tags=44%, list=21%, signal=56%	
AEROBIC ELECTRON TRANSPORT CHAIN%GOBP%GO:0019646	AEROBIC ELECTRON TRANSPORT CHAIN%GOBP%GO:0019646		63	0.48709786	1.7564619	0.0010649627	0.045761846	1.0	3037	tags=44%, list=22%, signal=57%	
MITOCHONDRIAL ATP SYNTHESIS COUPLED ELECTRON TRANSPORT%GOBP%GO:0042775	MITOCHONDRIAL ATP SYNTHESIS COUPLED ELECTRON TRANSPORT%GOBP%GO:0042775		63	0.4842855	1.755939	0.0	0.045785874	1.0	3037	tags=44%, list=22%, signal=57%	
PIWI-INTERACTING RNA (PIRNA) BIOGENESIS%REACTOME%R-HSA-5601884.3	PIWI-INTERACTING RNA (PIRNA) BIOGENESIS%REACTOME%R-HSA-5601884.3		17	0.64964527	1.754694	0.008163265	0.0462616	1.0	1894	tags=47%, list=14%, signal=55%	
OXIDATIVE PHOSPHORYLATION%GOBP%GO:0006119	OXIDATIVE PHOSPHORYLATION%GOBP%GO:0006119		68	0.478366	1.7543567	0.0	0.046173222	1.0	3582	tags=49%, list=27%, signal=66%	
DIOL METABOLIC PROCESS%GOBP%GO:0034311	DIOL METABOLIC PROCESS%GOBP%GO:0034311		19	0.62571275	1.7541882	0.0042918455	0.046005893	1.0	968	tags=42%, list=7%, signal=45%	
MATURATION OF LSU-RRNA%GOBP%GO:0000470	MATURATION OF LSU-RRNA%GOBP%GO:0000470		31	0.55967015	1.7520024	0.0030395137	0.046907235	1.0	1685	tags=32%, list=12%, signal=37%	
VESICLE CARGO LOADING%GOBP%GO:0035459	VESICLE CARGO LOADING%GOBP%GO:0035459		26	0.5813729	1.7517285	0.004140787	0.04680087	1.0	3296	tags=69%, list=24%, signal=91%	
ELECTRON TRANSPORT CHAIN OXPHOS SYSTEM IN MITOCHONDRIA%WIKIPATHWAYS_20260211%WP111%HOMO SAPIENS	ELECTRON TRANSPORT CHAIN OXPHOS SYSTEM IN MITOCHONDRIA%WIKIPATHWAYS_20260211%WP111%HOMO SAPIENS		63	0.48503876	1.7514999	0.0	0.0466703	1.0	3037	tags=48%, list=22%, signal=61%	
RESPONSE TO CAMP%GOBP%GO:0051591	RESPONSE TO CAMP%GOBP%GO:0051591		28	0.5683244	1.7508265	0.003125	0.046750847	1.0	1688	tags=32%, list=12%, signal=37%	
VACUOLAR ACIDIFICATION%GOBP%GO:0007035	VACUOLAR ACIDIFICATION%GOBP%GO:0007035		32	0.5528643	1.7472594	0.002072539	0.04832141	1.0	3555	tags=56%, list=26%, signal=76%	
PHOSPHATIDYLCHOLINE BIOSYNTHETIC PROCESS%GOBP%GO:0006656	PHOSPHATIDYLCHOLINE BIOSYNTHETIC PROCESS%GOBP%GO:0006656		17	0.63990766	1.7448132	0.005186722	0.049327217	1.0	2028	tags=41%, list=15%, signal=48%	
UBIQUITIN-MEDIATED DEGRADATION OF PHOSPHORYLATED CDC25A%REACTOME%R-HSA-69601.6	UBIQUITIN-MEDIATED DEGRADATION OF PHOSPHORYLATED CDC25A%REACTOME%R-HSA-69601.6		49	0.5018808	1.7419628	0.0020533882	0.050687302	1.0	3102	tags=49%, list=23%, signal=63%	
P53-INDEPENDENT G1 S DNA DAMAGE CHECKPOINT%REACTOME%R-HSA-69613.5	P53-INDEPENDENT G1 S DNA DAMAGE CHECKPOINT%REACTOME%R-HSA-69613.5		49	0.5018808	1.7416086	0.0020986358	0.050561693	1.0	3102	tags=49%, list=23%, signal=63%	
ATP BIOSYNTHETIC PROCESS%GOBP%GO:0006754	ATP BIOSYNTHETIC PROCESS%GOBP%GO:0006754		48	0.50536126	1.7407693	0.0	0.05076472	1.0	3852	tags=54%, list=29%, signal=75%	
PHOSPHOLIPID METABOLISM%REACTOME%R-HSA-1483257.5	PHOSPHOLIPID METABOLISM%REACTOME%R-HSA-1483257.5		166	0.40971184	1.739989	0.0	0.050956924	1.0	2406	tags=30%, list=18%, signal=36%	
REGULATION OF PH%GOBP%GO:0006885	REGULATION OF PH%GOBP%GO:0006885		71	0.4677305	1.7392453	0.001044932	0.05107804	1.0	2125	tags=32%, list=16%, signal=38%	
COTRANSLATIONAL PROTEIN TARGETING TO MEMBRANE%GOBP%GO:0006613	COTRANSLATIONAL PROTEIN TARGETING TO MEMBRANE%GOBP%GO:0006613		19	0.62481755	1.7358408	0.0073452257	0.052671935	1.0	1401	tags=37%, list=10%, signal=41%	
REGULATION OF PD-L1(CD274) POST-TRANSLATIONAL MODIFICATION%REACTOME DATABASE ID RELEASE 95%9909615	REGULATION OF PD-L1(CD274) POST-TRANSLATIONAL MODIFICATION%REACTOME DATABASE ID RELEASE 95%9909615		79	0.4591624	1.7358236	0.0010152285	0.05240199	1.0	3372	tags=46%, list=25%, signal=60%	
CHOLESTEROL TRANSPORT%GOBP%GO:0030301	CHOLESTEROL TRANSPORT%GOBP%GO:0030301		42	0.5214585	1.7340931	0.004179728	0.05304708	1.0	2385	tags=36%, list=18%, signal=43%	
CHOLESTEROL METABOLISM%WIKIPATHWAYS_20260211%WP5304%HOMO SAPIENS	CHOLESTEROL METABOLISM%WIKIPATHWAYS_20260211%WP5304%HOMO SAPIENS		43	0.51028854	1.7312742	0.002020202	0.05440783	1.0	2211	tags=42%, list=16%, signal=50%	
REGUCALCIN IN PROXIMAL TUBULE EPITHELIAL KIDNEY CELLS%WIKIPATHWAYS_20260211%WP4838%HOMO SAPIENS	REGUCALCIN IN PROXIMAL TUBULE EPITHELIAL KIDNEY CELLS%WIKIPATHWAYS_20260211%WP4838%HOMO SAPIENS		20	0.6093287	1.7289159	0.006153846	0.055516295	1.0	1290	tags=40%, list=10%, signal=44%	
SPOP-MEDIATED PROTEASOMAL DEGRADATION OF PD-L1(CD274)%REACTOME%R-HSA-9929491.1	SPOP-MEDIATED PROTEASOMAL DEGRADATION OF PD-L1(CD274)%REACTOME%R-HSA-9929491.1		45	0.51399904	1.7268535	9.99001E-4	0.056455925	1.0	3372	tags=56%, list=25%, signal=74%	
POLYSACCHARIDE METABOLIC PROCESS%GOBP%GO:0005976	POLYSACCHARIDE METABOLIC PROCESS%GOBP%GO:0005976		36	0.53010035	1.7261358	0.0041237115	0.056625746	1.0	1628	tags=36%, list=12%, signal=41%	
ENTEROCYTE CHOLESTEROL METABOLISM%WIKIPATHWAYS_20260211%WP5333%HOMO SAPIENS	ENTEROCYTE CHOLESTEROL METABOLISM%WIKIPATHWAYS_20260211%WP5333%HOMO SAPIENS		27	0.5679703	1.7247877	0.005154639	0.05716478	1.0	1022	tags=37%, list=8%, signal=40%	
METABOLISM OF NITRIC OXIDE: NOS3 ACTIVATION AND REGULATION%REACTOME DATABASE ID RELEASE 95%202131	METABOLISM OF NITRIC OXIDE: NOS3 ACTIVATION AND REGULATION%REACTOME DATABASE ID RELEASE 95%202131		17	0.6345956	1.7243892	0.01001001	0.057131965	1.0	1111	tags=35%, list=8%, signal=38%	
CYTOPLASMIC TRANSLATION%GOBP%GO:0002181	CYTOPLASMIC TRANSLATION%GOBP%GO:0002181		149	0.41393495	1.7231698	0.0	0.057567064	1.0	3793	tags=49%, list=28%, signal=67%	
POSITIVE REGULATION OF MACROAUTOPHAGY%GOBP%GO:0016239	POSITIVE REGULATION OF MACROAUTOPHAGY%GOBP%GO:0016239		72	0.46515086	1.7214389	0.0	0.058310498	1.0	1926	tags=29%, list=14%, signal=34%	
PURINE NUCLEOSIDE TRIPHOSPHATE BIOSYNTHETIC PROCESS%GOBP%GO:0009145	PURINE NUCLEOSIDE TRIPHOSPHATE BIOSYNTHETIC PROCESS%GOBP%GO:0009145		52	0.48693135	1.7187152	0.0	0.059616435	1.0	3852	tags=52%, list=29%, signal=72%	
CELLULAR RESPONSE TO AMINO ACID STIMULUS%GOBP%GO:0071230	CELLULAR RESPONSE TO AMINO ACID STIMULUS%GOBP%GO:0071230		34	0.538355	1.7185826	0.0060544903	0.059391834	1.0	1559	tags=35%, list=12%, signal=40%	
RIBOSOMAL LARGE SUBUNIT BIOGENESIS%GOBP%GO:0042273	RIBOSOMAL LARGE SUBUNIT BIOGENESIS%GOBP%GO:0042273		68	0.46575388	1.7165822	0.001112347	0.060325734	1.0	1685	tags=26%, list=12%, signal=30%	
NEGATIVE REGULATION OF JNK CASCADE%GOBP%GO:0046329	NEGATIVE REGULATION OF JNK CASCADE%GOBP%GO:0046329		29	0.5537248	1.7163149	0.00591133	0.060191732	1.0	3238	tags=45%, list=24%, signal=59%	
GLYCOGEN METABOLISM%REACTOME%R-HSA-8982491.3	GLYCOGEN METABOLISM%REACTOME%R-HSA-8982491.3		24	0.57630193	1.716235	0.00508647	0.059962124	1.0	2298	tags=46%, list=17%, signal=55%	
ANTIVIRAL INNATE IMMUNE RESPONSE%GOBP%GO:0140374	ANTIVIRAL INNATE IMMUNE RESPONSE%GOBP%GO:0140374		57	0.49170932	1.7153677	0.0020986358	0.06023409	1.0	2929	tags=37%, list=22%, signal=47%	
PURINE RIBONUCLEOSIDE TRIPHOSPHATE BIOSYNTHETIC PROCESS%GOBP%GO:0009206	PURINE RIBONUCLEOSIDE TRIPHOSPHATE BIOSYNTHETIC PROCESS%GOBP%GO:0009206		52	0.48693135	1.7115421	0.0010427529	0.06233905	1.0	3852	tags=52%, list=29%, signal=72%	
POST-GOLGI VESICLE-MEDIATED TRANSPORT%GOBP%GO:0006892	POST-GOLGI VESICLE-MEDIATED TRANSPORT%GOBP%GO:0006892		98	0.43818432	1.711163	0.0010729614	0.062263414	1.0	3069	tags=41%, list=23%, signal=52%	
REGULATION OF ENDOCYTIC RECYCLING%GOBP%GO:2001135	REGULATION OF ENDOCYTIC RECYCLING%GOBP%GO:2001135		15	0.6489336	1.7105429	0.014507772	0.062349275	1.0	631	tags=20%, list=5%, signal=21%	
PROTON TRANSMEMBRANE TRANSPORT%GOBP%GO:1902600	PROTON TRANSMEMBRANE TRANSPORT%GOBP%GO:1902600		40	0.516898	1.7095673	0.004259851	0.06269182	1.0	2595	tags=38%, list=19%, signal=46%	
CHOLESTEROL BIOSYNTHESIS PATHWAY IN HEPATOCYTES%WIKIPATHWAYS_20260211%WP5329%HOMO SAPIENS	CHOLESTEROL BIOSYNTHESIS PATHWAY IN HEPATOCYTES%WIKIPATHWAYS_20260211%WP5329%HOMO SAPIENS		33	0.53252625	1.7075613	0.008040201	0.06367373	1.0	1358	tags=33%, list=10%, signal=37%	
TRIGLYCERIDE METABOLISM%REACTOME%R-HSA-8979227.2	TRIGLYCERIDE METABOLISM%REACTOME%R-HSA-8979227.2		23	0.5865708	1.7048048	0.011542497	0.06517699	1.0	357	tags=22%, list=3%, signal=22%	
OXIDATION BY CYTOCHROME P450%WIKIPATHWAYS_20260211%WP43%HOMO SAPIENS	OXIDATION BY CYTOCHROME P450%WIKIPATHWAYS_20260211%WP43%HOMO SAPIENS		22	0.59268135	1.703587	0.008040201	0.06562179	1.0	2211	tags=45%, list=16%, signal=54%	
NEGATIVE REGULATION OF RESPONSE TO ENDOPLASMIC RETICULUM STRESS%GOBP%GO:1903573	NEGATIVE REGULATION OF RESPONSE TO ENDOPLASMIC RETICULUM STRESS%GOBP%GO:1903573		37	0.5210345	1.7009645	0.009249743	0.067085996	1.0	3251	tags=43%, list=24%, signal=57%	
COPII-COATED VESICLE CARGO LOADING%GOBP%GO:0090110	COPII-COATED VESICLE CARGO LOADING%GOBP%GO:0090110		16	0.6379471	1.700279	0.00625	0.06721635	1.0	3296	tags=75%, list=24%, signal=99%	
HALLMARK_CHOLESTEROL_HOMEOSTASIS%MSIGDBHALLMARK%HALLMARK_CHOLESTEROL_HOMEOSTASIS	HALLMARK_CHOLESTEROL_HOMEOSTASIS%MSIGDBHALLMARK%HALLMARK_CHOLESTEROL_HOMEOSTASIS		54	0.47874323	1.6993793	0.002051282	0.06752958	1.0	1431	tags=31%, list=11%, signal=35%	
PROTEIN TARGETING TO LYSOSOME%GOBP%GO:0006622	PROTEIN TARGETING TO LYSOSOME%GOBP%GO:0006622		27	0.5490614	1.6991696	0.0070778565	0.0673501	1.0	3670	tags=56%, list=27%, signal=76%	
P53-DEPENDENT G1 DNA DAMAGE RESPONSE%REACTOME%R-HSA-69563.6	P53-DEPENDENT G1 DNA DAMAGE RESPONSE%REACTOME%R-HSA-69563.6		51	0.4872175	1.6984501	0.0	0.06751152	1.0	3102	tags=45%, list=23%, signal=58%	
RESPONSE TO AMINO ACID%GOBP%GO:0043200	RESPONSE TO AMINO ACID%GOBP%GO:0043200		35	0.52430516	1.6964469	0.004158004	0.06847734	1.0	1559	tags=34%, list=12%, signal=39%	
P53-DEPENDENT G1 S DNA DAMAGE CHECKPOINT%REACTOME DATABASE ID RELEASE 95%69580	P53-DEPENDENT G1 S DNA DAMAGE CHECKPOINT%REACTOME DATABASE ID RELEASE 95%69580		51	0.4872175	1.695792	0.0010416667	0.06865329	1.0	3102	tags=45%, list=23%, signal=58%	
CELLULAR RESPONSE TO CAMP%GOBP%GO:0071320	CELLULAR RESPONSE TO CAMP%GOBP%GO:0071320		23	0.5798444	1.6950816	0.0031088083	0.06884232	1.0	2219	tags=39%, list=16%, signal=47%	
AUTOPHAGOSOME ASSEMBLY%GOBP%GO:0000045	AUTOPHAGOSOME ASSEMBLY%GOBP%GO:0000045		62	0.46871084	1.6949829	0.0010718113	0.06860952	1.0	3473	tags=42%, list=26%, signal=56%	
HYPERCHOLESTEROLEMIA%PATHWHIZ%PW000221	HYPERCHOLESTEROLEMIA%PATHWHIZ%PW000221		21	0.583147	1.6945624	0.009394572	0.06855965	1.0	2840	tags=57%, list=21%, signal=72%	
REGULATION OF ORNITHINE DECARBOXYLASE (ODC)%REACTOME%R-HSA-350562.6	REGULATION OF ORNITHINE DECARBOXYLASE (ODC)%REACTOME%R-HSA-350562.6		37	0.5158279	1.6935756	0.0052246605	0.0689631	1.0	3018	tags=54%, list=22%, signal=69%	
RESPONSE OF EIF2AK4 (GCN2) TO AMINO ACID DEFICIENCY%REACTOME%R-HSA-9633012.4	RESPONSE OF EIF2AK4 (GCN2) TO AMINO ACID DEFICIENCY%REACTOME%R-HSA-9633012.4		96	0.43462592	1.692732	0.0	0.069221534	1.0	4732	tags=67%, list=35%, signal=102%	
SMITH-LEMLI-OPITZ SYNDROME (SLOS)%PATHWHIZ%PW000095	SMITH-LEMLI-OPITZ SYNDROME (SLOS)%PATHWHIZ%PW000095		21	0.583147	1.6920078	0.0063357973	0.06942398	1.0	2840	tags=57%, list=21%, signal=72%	
B CELL ACTIVATION%REACTOME DATABASE ID RELEASE 95%983705	B CELL ACTIVATION%REACTOME DATABASE ID RELEASE 95%983705		80	0.44682193	1.6908553	0.0	0.0698548	1.0	3102	tags=41%, list=23%, signal=53%	
MEMBRANE DOCKING%GOBP%GO:0022406	MEMBRANE DOCKING%GOBP%GO:0022406		69	0.45699233	1.6907313	0.001019368	0.06962602	1.0	2636	tags=41%, list=20%, signal=50%	
REGULATION OF KERATINOCYTE DIFFERENTIATION%GOBP%GO:0045616	REGULATION OF KERATINOCYTE DIFFERENTIATION%GOBP%GO:0045616		21	0.59831005	1.6903893	0.0052687037	0.069580525	1.0	861	tags=24%, list=6%, signal=25%	
CHILD SYNDROME%PATHWHIZ%PW000096	CHILD SYNDROME%PATHWHIZ%PW000096		21	0.583147	1.6885918	0.0105152475	0.070476085	1.0	2840	tags=57%, list=21%, signal=72%	
ER-PHAGOSOME PATHWAY%REACTOME DATABASE ID RELEASE 95%1236974	ER-PHAGOSOME PATHWAY%REACTOME DATABASE ID RELEASE 95%1236974		73	0.45205253	1.68754	0.0	0.07084323	1.0	3355	tags=45%, list=25%, signal=60%	
PROTEIN TARGETING%GOBP%GO:0006605	PROTEIN TARGETING%GOBP%GO:0006605		139	0.40809217	1.6856064	0.0010548523	0.071900375	1.0	2601	tags=32%, list=19%, signal=39%	
BILE ACID METABOLIC PROCESS%GOBP%GO:0008206	BILE ACID METABOLIC PROCESS%GOBP%GO:0008206		21	0.58825505	1.6855397	0.006342495	0.0716336	1.0	2375	tags=52%, list=18%, signal=63%	
REGULATION OF RAS BY GAPS%REACTOME DATABASE ID RELEASE 95%5658442	REGULATION OF RAS BY GAPS%REACTOME DATABASE ID RELEASE 95%5658442		51	0.48555034	1.6853927	0.003147954	0.07145151	1.0	3102	tags=49%, list=23%, signal=63%	
CHOLESTEROL METABOLISM WITH BLOCH AND KANDUTSCH RUSSELL PATHWAYS%WIKIPATHWAYS_20260211%WP4718%HOMO SAPIENS	CHOLESTEROL METABOLISM WITH BLOCH AND KANDUTSCH RUSSELL PATHWAYS%WIKIPATHWAYS_20260211%WP4718%HOMO SAPIENS		38	0.5108405	1.6848488	0.009127789	0.0715275	1.0	2211	tags=42%, list=16%, signal=50%	
RNA POLYMERASE III CHAIN ELONGATION%REACTOME%R-HSA-73780.4	RNA POLYMERASE III CHAIN ELONGATION%REACTOME%R-HSA-73780.4		18	0.6159665	1.6847775	0.0030487804	0.07129448	1.0	2529	tags=44%, list=19%, signal=55%	
ATORVASTATIN ACTION PATHWAY%SMPDB%SMP0000131	ATORVASTATIN ACTION PATHWAY%SMPDB%SMP0000131		21	0.583147	1.6840096	0.0073761856	0.07157095	1.0	2840	tags=57%, list=21%, signal=72%	
INSULIN PROCESSING%REACTOME DATABASE ID RELEASE 95%264876	INSULIN PROCESSING%REACTOME DATABASE ID RELEASE 95%264876		20	0.5951252	1.6833413	0.008213553	0.07169117	1.0	570	tags=25%, list=4%, signal=26%	
VACUOLAR TRANSPORT%GOBP%GO:0007034	VACUOLAR TRANSPORT%GOBP%GO:0007034		149	0.40211084	1.6819474	0.0	0.072424375	1.0	3007	tags=39%, list=22%, signal=50%	
CHOLESTERYL ESTER STORAGE DISEASE%SMPDB%SMP0000508	CHOLESTERYL ESTER STORAGE DISEASE%SMPDB%SMP0000508		21	0.583147	1.681196	0.008946322	0.072621346	1.0	2840	tags=57%, list=21%, signal=72%	
ACYL-COA METABOLIC PROCESS%GOBP%GO:0006637	ACYL-COA METABOLIC PROCESS%GOBP%GO:0006637		77	0.452116	1.6807193	0.0	0.07266083	1.0	3769	tags=49%, list=28%, signal=68%	
LIMBIC SYSTEM DEVELOPMENT%GOBP%GO:0021761	LIMBIC SYSTEM DEVELOPMENT%GOBP%GO:0021761		22	0.5724809	1.6797282	0.006134969	0.073036276	1.0	1190	tags=27%, list=9%, signal=30%	
CHONDRODYSPLASIA PUNCTATA II, X-LINKED DOMINANT (CDPX2)%SMPDB%SMP0000388	CHONDRODYSPLASIA PUNCTATA II, X-LINKED DOMINANT (CDPX2)%SMPDB%SMP0000388		21	0.583147	1.6791214	0.010763209	0.073237106	1.0	2840	tags=57%, list=21%, signal=72%	
IBANDRONATE ACTION PATHWAY%SMPDB%SMP0000079	IBANDRONATE ACTION PATHWAY%SMPDB%SMP0000079		21	0.583147	1.6774977	0.008255934	0.074085854	1.0	2840	tags=57%, list=21%, signal=72%	
COPII-MEDIATED VESICLE TRANSPORT%REACTOME%R-HSA-204005.6	COPII-MEDIATED VESICLE TRANSPORT%REACTOME%R-HSA-204005.6		63	0.4592967	1.6769569	0.0	0.07412991	1.0	2782	tags=41%, list=21%, signal=52%	
RISEDRONATE ACTION PATHWAY%PATHWHIZ%PW000272	RISEDRONATE ACTION PATHWAY%PATHWHIZ%PW000272		21	0.583147	1.6769326	0.008333334	0.07385184	1.0	2840	tags=57%, list=21%, signal=72%	
GLYCEROPHOSPHOLIPID BIOSYNTHESIS%REACTOME DATABASE ID RELEASE 95%1483206	GLYCEROPHOSPHOLIPID BIOSYNTHESIS%REACTOME DATABASE ID RELEASE 95%1483206		97	0.428521	1.6746701	0.0	0.075124405	1.0	2518	tags=33%, list=19%, signal=40%	
GLYCEROLIPID BIOSYNTHETIC PROCESS%GOBP%GO:0045017	GLYCEROLIPID BIOSYNTHETIC PROCESS%GOBP%GO:0045017		173	0.39495304	1.6733654	0.0	0.07568759	1.0	2277	tags=28%, list=17%, signal=34%	
LYSOSOMAL TRANSPORT%GOBP%GO:0007041	LYSOSOMAL TRANSPORT%GOBP%GO:0007041		115	0.41611513	1.6724405	0.0	0.07601353	1.0	3007	tags=41%, list=22%, signal=52%	
INFLAMMASOMES%REACTOME%R-HSA-622312.3	INFLAMMASOMES%REACTOME%R-HSA-622312.3		15	0.64634085	1.6709249	0.015625	0.07682844	1.0	1406	tags=27%, list=10%, signal=30%	
METABOLIC DISORDERS OF BIOLOGICAL OXIDATION ENZYMES%REACTOME%R-HSA-5579029.5	METABOLIC DISORDERS OF BIOLOGICAL OXIDATION ENZYMES%REACTOME%R-HSA-5579029.5		19	0.59552526	1.6703317	0.01510574	0.07697166	1.0	2362	tags=37%, list=17%, signal=45%	
GLYCEROPHOSPHOLIPID BIOSYNTHETIC PROCESS%GOBP%GO:0046474	GLYCEROPHOSPHOLIPID BIOSYNTHETIC PROCESS%GOBP%GO:0046474		160	0.4036484	1.669714	0.0	0.07708529	1.0	2277	tags=29%, list=17%, signal=35%	
FACTORS AND PATHWAYS AFFECTING INSULIN LIKE GROWTH FACTOR IGF1 AKT SIGNALING%WIKIPATHWAYS_20260211%WP3850%HOMO SAPIENS	FACTORS AND PATHWAYS AFFECTING INSULIN LIKE GROWTH FACTOR IGF1 AKT SIGNALING%WIKIPATHWAYS_20260211%WP3850%HOMO SAPIENS		25	0.55757594	1.6695482	0.009183673	0.07688668	1.0	1826	tags=36%, list=14%, signal=42%	
ZOLEDRONATE ACTION PATHWAY%PATHWHIZ%PW000270	ZOLEDRONATE ACTION PATHWAY%PATHWHIZ%PW000270		21	0.583147	1.6691583	0.012295082	0.076844566	1.0	2840	tags=57%, list=21%, signal=72%	
ISOPRENOID BIOSYNTHETIC PROCESS%GOBP%GO:0008299	ISOPRENOID BIOSYNTHETIC PROCESS%GOBP%GO:0008299		19	0.6050882	1.6689733	0.010050251	0.07666858	1.0	3720	tags=58%, list=28%, signal=80%	
PAMIDRONATE ACTION PATHWAY%PATHWHIZ%PW000273	PAMIDRONATE ACTION PATHWAY%PATHWHIZ%PW000273		21	0.583147	1.6682372	0.006198347	0.07689495	1.0	2840	tags=57%, list=21%, signal=72%	
SIMVASTATIN ACTION PATHWAY%PATHWHIZ%PW000127	SIMVASTATIN ACTION PATHWAY%PATHWHIZ%PW000127		21	0.583147	1.6675658	0.011282051	0.0771358	1.0	2840	tags=57%, list=21%, signal=72%	
ACYL-COA BIOSYNTHETIC PROCESS%GOBP%GO:0071616	ACYL-COA BIOSYNTHETIC PROCESS%GOBP%GO:0071616		38	0.5056301	1.6675222	0.0041884817	0.076874316	1.0	3769	tags=50%, list=28%, signal=69%	
CLEC7A (DECTIN-1) SIGNALING%REACTOME DATABASE ID RELEASE 95%5607764	CLEC7A (DECTIN-1) SIGNALING%REACTOME DATABASE ID RELEASE 95%5607764		79	0.44143036	1.6671604	0.0	0.0768747	1.0	3355	tags=43%, list=25%, signal=57%	
PROTEIN TARGETING TO MEMBRANE%GOBP%GO:0006612	PROTEIN TARGETING TO MEMBRANE%GOBP%GO:0006612		70	0.45096803	1.6660526	0.0021074815	0.07733153	1.0	1850	tags=30%, list=14%, signal=35%	
FLUVASTATIN ACTION PATHWAY%PATHWHIZ%PW000274	FLUVASTATIN ACTION PATHWAY%PATHWHIZ%PW000274		21	0.583147	1.663612	0.009287925	0.078840844	1.0	2840	tags=57%, list=21%, signal=72%	
ACETYL-COA METABOLIC PROCESS%GOBP%GO:0006084	ACETYL-COA METABOLIC PROCESS%GOBP%GO:0006084		23	0.57554954	1.6628724	0.011615628	0.07908801	1.0	3418	tags=61%, list=25%, signal=81%	
TYPE II INTERFERON SIGNALING%WIKIPATHWAYS_20260211%WP619%HOMO SAPIENS	TYPE II INTERFERON SIGNALING%WIKIPATHWAYS_20260211%WP619%HOMO SAPIENS		20	0.58329403	1.662716	0.008991009	0.078885175	1.0	1465	tags=20%, list=11%, signal=22%	
MEVALONIC ACIDURIA%SMPDB%SMP0000510	MEVALONIC ACIDURIA%SMPDB%SMP0000510		21	0.583147	1.6626391	0.0093847755	0.0786317	1.0	2840	tags=57%, list=21%, signal=72%	
LYSOSOMAL ACID LIPASE DEFICIENCY (WOLMAN DISEASE)%PATHWHIZ%PW000099	LYSOSOMAL ACID LIPASE DEFICIENCY (WOLMAN DISEASE)%PATHWHIZ%PW000099		21	0.583147	1.6622623	0.008121828	0.07861034	1.0	2840	tags=57%, list=21%, signal=72%	
DESMOSTEROLOSIS%PATHWHIZ%PW000097	DESMOSTEROLOSIS%PATHWHIZ%PW000097		21	0.583147	1.6618934	0.01875	0.07857069	1.0	2840	tags=57%, list=21%, signal=72%	
AUTOPHAGY OF PEROXISOME%GOBP%GO:0030242	AUTOPHAGY OF PEROXISOME%GOBP%GO:0030242		15	0.6264341	1.6606578	0.015841585	0.0792535	1.0	1331	tags=33%, list=10%, signal=37%	
FORMATION OF PARAXIAL MESODERM%REACTOME%R-HSA-9793380.5	FORMATION OF PARAXIAL MESODERM%REACTOME%R-HSA-9793380.5		52	0.4743547	1.6601981	0.007600434	0.07930688	1.0	3029	tags=42%, list=22%, signal=54%	
MITOCHONDRIAL CALCIUM ION HOMEOSTASIS%GOBP%GO:0051560	MITOCHONDRIAL CALCIUM ION HOMEOSTASIS%GOBP%GO:0051560		18	0.5969965	1.6601021	0.012409514	0.079075776	1.0	1884	tags=44%, list=14%, signal=52%	
LOVASTATIN ACTION PATHWAY%SMPDB%SMP0000099	LOVASTATIN ACTION PATHWAY%SMPDB%SMP0000099		21	0.583147	1.6596712	0.011518325	0.07910605	1.0	2840	tags=57%, list=21%, signal=72%	
PEXOPHAGY%GOBP%GO:0000425	PEXOPHAGY%GOBP%GO:0000425		15	0.6264341	1.658665	0.015045135	0.07961334	1.0	1331	tags=33%, list=10%, signal=37%	
RETROGRADE TRANSPORT, ENDOSOME TO GOLGI%GOBP%GO:0042147	RETROGRADE TRANSPORT, ENDOSOME TO GOLGI%GOBP%GO:0042147		83	0.43309185	1.6574317	0.0	0.08024024	1.0	1978	tags=29%, list=15%, signal=34%	
ENERGY DERIVATION BY OXIDATION OF ORGANIC COMPOUNDS%GOBP%GO:0015980	ENERGY DERIVATION BY OXIDATION OF ORGANIC COMPOUNDS%GOBP%GO:0015980		176	0.39035714	1.6568091	0.0	0.08039704	1.0	3039	tags=38%, list=22%, signal=48%	
WOLMAN DISEASE%PATHWHIZ%PW000487	WOLMAN DISEASE%PATHWHIZ%PW000487		21	0.583147	1.6554905	0.007843138	0.081039466	1.0	2840	tags=57%, list=21%, signal=72%	
REGULATION OF ER TO GOLGI VESICLE-MEDIATED TRANSPORT%GOBP%GO:0060628	REGULATION OF ER TO GOLGI VESICLE-MEDIATED TRANSPORT%GOBP%GO:0060628		19	0.5910652	1.6551026	0.013238289	0.08102695	1.0	2683	tags=58%, list=20%, signal=72%	
PYRUVATE METABOLISM%REACTOME%R-HSA-70268.10	PYRUVATE METABOLISM%REACTOME%R-HSA-70268.10		41	0.49341527	1.6550114	0.0051177074	0.08080556	1.0	3362	tags=51%, list=25%, signal=68%	
STEROID BIOSYNTHESIS%PATHWHIZ%PW000050	STEROID BIOSYNTHESIS%PATHWHIZ%PW000050		21	0.583147	1.6547449	0.00990099	0.08069276	1.0	2840	tags=57%, list=21%, signal=72%	
CERIVASTATIN ACTION PATHWAY%PATHWHIZ%PW000271	CERIVASTATIN ACTION PATHWAY%PATHWHIZ%PW000271		21	0.583147	1.6533915	0.01663405	0.08145014	1.0	2840	tags=57%, list=21%, signal=72%	
PRAVASTATIN ACTION PATHWAY%SMPDB%SMP0000089	PRAVASTATIN ACTION PATHWAY%SMPDB%SMP0000089		21	0.583147	1.6533785	0.013333334	0.08116645	1.0	2840	tags=57%, list=21%, signal=72%	
ALENDRONATE ACTION PATHWAY%PATHWHIZ%PW000137	ALENDRONATE ACTION PATHWAY%PATHWHIZ%PW000137		21	0.583147	1.6528605	0.013171226	0.081210814	1.0	2840	tags=57%, list=21%, signal=72%	
CELL-SUBSTRATE JUNCTION ASSEMBLY%GOBP%GO:0007044	CELL-SUBSTRATE JUNCTION ASSEMBLY%GOBP%GO:0007044		29	0.52981645	1.6500044	0.013065327	0.083186015	1.0	1053	tags=21%, list=8%, signal=22%	
DIGESTION%GOBP%GO:0007586	DIGESTION%GOBP%GO:0007586		24	0.5520831	1.6497275	0.007194245	0.08314867	1.0	3521	tags=46%, list=26%, signal=62%	
ALCOHOL BIOSYNTHETIC PROCESS%GOBP%GO:0046165	ALCOHOL BIOSYNTHETIC PROCESS%GOBP%GO:0046165		63	0.4506194	1.6476383	0.0053078556	0.08443827	1.0	2935	tags=49%, list=22%, signal=63%	
HYPER-IGD SYNDROME%SMPDB%SMP0000509	HYPER-IGD SYNDROME%SMPDB%SMP0000509		21	0.583147	1.6462601	0.00949367	0.0851795	1.0	2840	tags=57%, list=21%, signal=72%	
CELLULAR RESPONSE TO AMINO ACID STARVATION%GOBP%GO:0034198	CELLULAR RESPONSE TO AMINO ACID STARVATION%GOBP%GO:0034198		42	0.4881949	1.6459213	0.005165289	0.085076846	1.0	3296	tags=43%, list=24%, signal=57%	
RESPONSE TO TYPE II INTERFERON%GOBP%GO:0034341	RESPONSE TO TYPE II INTERFERON%GOBP%GO:0034341		58	0.46208164	1.6451958	0.006329114	0.08537727	1.0	2073	tags=28%, list=15%, signal=32%	
ROSUVASTATIN ACTION PATHWAY%SMPDB%SMP0000092	ROSUVASTATIN ACTION PATHWAY%SMPDB%SMP0000092		21	0.583147	1.6441779	0.011387164	0.08583958	1.0	2840	tags=57%, list=21%, signal=72%	
POSITIVE REGULATION OF PROTEIN EXIT FROM ENDOPLASMIC RETICULUM%GOBP%GO:0070863	POSITIVE REGULATION OF PROTEIN EXIT FROM ENDOPLASMIC RETICULUM%GOBP%GO:0070863		18	0.60859823	1.6436247	0.017206477	0.085989505	1.0	2146	tags=44%, list=16%, signal=53%	
MYOFIBRIL ASSEMBLY%GOBP%GO:0030239	MYOFIBRIL ASSEMBLY%GOBP%GO:0030239		51	0.4694109	1.643496	0.004219409	0.08577299	1.0	4127	tags=49%, list=31%, signal=70%	
LYSOSOMAL LUMEN ACIDIFICATION%GOBP%GO:0007042	LYSOSOMAL LUMEN ACIDIFICATION%GOBP%GO:0007042		21	0.5759101	1.6407572	0.0101936795	0.08763229	1.0	3555	tags=57%, list=26%, signal=77%	
HALLMARK_FATTY_ACID_METABOLISM%MSIGDBHALLMARK%HALLMARK_FATTY_ACID_METABOLISM	HALLMARK_FATTY_ACID_METABOLISM%MSIGDBHALLMARK%HALLMARK_FATTY_ACID_METABOLISM		89	0.42635038	1.6397656	0.0020833334	0.08819788	1.0	1860	tags=31%, list=14%, signal=36%	
STEROL REGULATORY ELEMENT BINDING PROTEINS SREBP SIGNALING%WIKIPATHWAYS_20260211%WP1982%HOMO SAPIENS	STEROL REGULATORY ELEMENT BINDING PROTEINS SREBP SIGNALING%WIKIPATHWAYS_20260211%WP1982%HOMO SAPIENS		48	0.47642714	1.6363301	0.0020833334	0.0906354	1.0	1311	tags=31%, list=10%, signal=34%	
EXERCISE INDUCED CIRCADIAN REGULATION%WIKIPATHWAYS_20260211%WP410%HOMO SAPIENS	EXERCISE INDUCED CIRCADIAN REGULATION%WIKIPATHWAYS_20260211%WP410%HOMO SAPIENS		30	0.51804113	1.6352485	0.010471204	0.0912222	1.0	1005	tags=30%, list=7%, signal=32%	
DEGRADATION OF CDH1%REACTOME DATABASE ID RELEASE 95%9766229	DEGRADATION OF CDH1%REACTOME DATABASE ID RELEASE 95%9766229		49	0.46728727	1.6336606	0.0030959751	0.09219597	1.0	3102	tags=47%, list=23%, signal=61%	
ESTABLISHMENT OF PROTEIN LOCALIZATION TO MEMBRANE%GOBP%GO:0090150	ESTABLISHMENT OF PROTEIN LOCALIZATION TO MEMBRANE%GOBP%GO:0090150		178	0.38394132	1.631572	0.0	0.093663886	1.0	2510	tags=31%, list=19%, signal=37%	
CYTOSOLIC TRANSPORT%GOBP%GO:0016482	CYTOSOLIC TRANSPORT%GOBP%GO:0016482		111	0.4089598	1.6284682	0.0	0.09592842	1.0	2514	tags=32%, list=19%, signal=38%	
REGULATION OF PROTEASOMAL PROTEIN CATABOLIC PROCESS%GOBP%GO:0061136	REGULATION OF PROTEASOMAL PROTEIN CATABOLIC PROCESS%GOBP%GO:0061136		176	0.38256204	1.6260169	0.0	0.09773461	1.0	3071	tags=34%, list=23%, signal=43%	
VESICLE-MEDIATED TRANSPORT TO THE PLASMA MEMBRANE%GOBP%GO:0098876	VESICLE-MEDIATED TRANSPORT TO THE PLASMA MEMBRANE%GOBP%GO:0098876		118	0.40166277	1.6260072	0.0011049723	0.09741458	1.0	2688	tags=31%, list=20%, signal=39%	
SECONDARY ALCOHOL METABOLIC PROCESS%GOBP%GO:1902652	SECONDARY ALCOHOL METABOLIC PROCESS%GOBP%GO:1902652		58	0.4527638	1.6259071	0.0021074815	0.09718236	1.0	2840	tags=40%, list=21%, signal=50%	
REGULATION OF EPIDERMIS DEVELOPMENT%GOBP%GO:0045682	REGULATION OF EPIDERMIS DEVELOPMENT%GOBP%GO:0045682		28	0.52987534	1.6257719	0.014477766	0.0969845	1.0	2167	tags=29%, list=16%, signal=34%	
INTRA-GOLGI TRAFFIC%REACTOME DATABASE ID RELEASE 95%6811438	INTRA-GOLGI TRAFFIC%REACTOME DATABASE ID RELEASE 95%6811438		42	0.48250213	1.6239269	0.0063157897	0.09828911	1.0	3726	tags=45%, list=28%, signal=62%	
NONSENSE-MEDIATED DECAY (NMD)%REACTOME%R-HSA-927802.4	NONSENSE-MEDIATED DECAY (NMD)%REACTOME%R-HSA-927802.4		110	0.40543076	1.6236947	0.0010810811	0.09815448	1.0	4752	tags=65%, list=35%, signal=99%	
NEGATIVE REGULATION OF SYNCYTIUM FORMATION BY PLASMA MEMBRANE FUSION%GOBP%GO:0034242	NEGATIVE REGULATION OF SYNCYTIUM FORMATION BY PLASMA MEMBRANE FUSION%GOBP%GO:0034242		46	0.47419736	1.6234925	0.0019900498	0.098039895	1.0	4732	tags=74%, list=35%, signal=113%	
DIOL BIOSYNTHETIC PROCESS%GOBP%GO:0034312	DIOL BIOSYNTHETIC PROCESS%GOBP%GO:0034312		15	0.619253	1.6200956	0.020689655	0.10073394	1.0	1611	tags=53%, list=12%, signal=60%	
SCF-BETA-TRCP MEDIATED DEGRADATION OF EMI1%REACTOME DATABASE ID RELEASE 95%174113	SCF-BETA-TRCP MEDIATED DEGRADATION OF EMI1%REACTOME DATABASE ID RELEASE 95%174113		41	0.48840657	1.6189207	0.004115226	0.101458	1.0	3102	tags=54%, list=23%, signal=69%	
DEVELOPMENT AND HETEROGENEITY OF THE ILC FAMILY%WIKIPATHWAYS_20260211%WP3893%HOMO SAPIENS	DEVELOPMENT AND HETEROGENEITY OF THE ILC FAMILY%WIKIPATHWAYS_20260211%WP3893%HOMO SAPIENS		15	0.6104375	1.6187861	0.023880597	0.1012387	1.0	3269	tags=53%, list=24%, signal=70%	
SELECTIVE AUTOPHAGY%REACTOME DATABASE ID RELEASE 95%9663891	SELECTIVE AUTOPHAGY%REACTOME DATABASE ID RELEASE 95%9663891		62	0.44195512	1.6179068	0.0031152647	0.10172628	1.0	2469	tags=37%, list=18%, signal=45%	
REGULATION OF ORGAN GROWTH%GOBP%GO:0046620	REGULATION OF ORGAN GROWTH%GOBP%GO:0046620		28	0.51959205	1.6149985	0.018123668	0.104009695	1.0	2611	tags=43%, list=19%, signal=53%	
NEGATIVE REGULATION OF MYOBLAST FUSION%GOBP%GO:1901740	NEGATIVE REGULATION OF MYOBLAST FUSION%GOBP%GO:1901740		45	0.47778723	1.6131126	0.0061728396	0.1054254	1.0	4732	tags=76%, list=35%, signal=116%	
LIPID METABOLISM PATHWAY%WIKIPATHWAYS_20260211%WP3965%HOMO SAPIENS	LIPID METABOLISM PATHWAY%WIKIPATHWAYS_20260211%WP3965%HOMO SAPIENS		17	0.59075946	1.6107793	0.028436018	0.10734354	1.0	577	tags=24%, list=4%, signal=25%	
TRANSITION METAL ION TRANSPORT%GOBP%GO:0000041	TRANSITION METAL ION TRANSPORT%GOBP%GO:0000041		60	0.45018497	1.6107619	0.002002002	0.10701342	1.0	1544	tags=27%, list=11%, signal=30%	
RESPONSE TO UNFOLDED PROTEIN%GOBP%GO:0006986	RESPONSE TO UNFOLDED PROTEIN%GOBP%GO:0006986		82	0.4248388	1.6102508	0.0	0.107108265	1.0	2884	tags=38%, list=21%, signal=48%	
METABOLISM OF COFACTORS%REACTOME%R-HSA-8978934.6	METABOLISM OF COFACTORS%REACTOME%R-HSA-8978934.6		22	0.55555236	1.6098888	0.017839445	0.10711627	1.0	2041	tags=32%, list=15%, signal=37%	
REGULATION OF EPIDERMAL CELL DIFFERENTIATION%GOBP%GO:0045604	REGULATION OF EPIDERMAL CELL DIFFERENTIATION%GOBP%GO:0045604		26	0.537323	1.6084491	0.01904762	0.10811799	1.0	1276	tags=23%, list=9%, signal=25%	
INTRA-GOLGI VESICLE-MEDIATED TRANSPORT%GOBP%GO:0006891	INTRA-GOLGI VESICLE-MEDIATED TRANSPORT%GOBP%GO:0006891		32	0.50941265	1.6079274	0.00844773	0.1082523	1.0	3435	tags=50%, list=25%, signal=67%	
INHIBITION OF EXOSOME BIOGENESIS AND SECRETION BY MANUMYCIN A IN CRPC CELLS%WIKIPATHWAYS_20260211%WP4301%HOMO SAPIENS	INHIBITION OF EXOSOME BIOGENESIS AND SECRETION BY MANUMYCIN A IN CRPC CELLS%WIKIPATHWAYS_20260211%WP4301%HOMO SAPIENS		17	0.587042	1.6077875	0.013157895	0.10803482	1.0	1921	tags=41%, list=14%, signal=48%	
NEGATIVE REGULATION OF LEUKOCYTE ACTIVATION%GOBP%GO:0002695	NEGATIVE REGULATION OF LEUKOCYTE ACTIVATION%GOBP%GO:0002695		89	0.41900024	1.6070312	0.0021413276	0.108470716	1.0	1988	tags=29%, list=15%, signal=34%	
CXCR4 SIGNALING PATHWAY%SMPDB%SMP0064625	CXCR4 SIGNALING PATHWAY%SMPDB%SMP0064625		17	0.5936395	1.6069981	0.022657055	0.1081568	1.0	1800	tags=35%, list=13%, signal=41%	
NONSENSE MEDIATED DECAY (NMD) ENHANCED BY THE EXON JUNCTION COMPLEX (EJC)%REACTOME DATABASE ID RELEASE 95%975957	NONSENSE MEDIATED DECAY (NMD) ENHANCED BY THE EXON JUNCTION COMPLEX (EJC)%REACTOME DATABASE ID RELEASE 95%975957		110	0.40543076	1.6043046	0.0020920502	0.110298894	1.0	4752	tags=65%, list=35%, signal=99%	
UCH PROTEINASES%REACTOME DATABASE ID RELEASE 95%5689603	UCH PROTEINASES%REACTOME DATABASE ID RELEASE 95%5689603		70	0.42857727	1.6042844	0.00591133	0.109972395	1.0	3102	tags=44%, list=23%, signal=57%	
C-TYPE LECTIN RECEPTORS (CLRS)%REACTOME%R-HSA-5621481.3	C-TYPE LECTIN RECEPTORS (CLRS)%REACTOME%R-HSA-5621481.3		96	0.41278282	1.6041389	0.0010515247	0.109770745	1.0	3355	tags=39%, list=25%, signal=51%	
22Q11 2 DISTAL CNV%WIKIPATHWAYS_20260211%WP5546%HOMO SAPIENS	22Q11 2 DISTAL CNV%WIKIPATHWAYS_20260211%WP5546%HOMO SAPIENS		100	0.40732577	1.6021255	0.0010515247	0.11143324	1.0	2956	tags=33%, list=22%, signal=42%	
APOPTOTIC FACTOR-MEDIATED RESPONSE%REACTOME DATABASE ID RELEASE 95%111471	APOPTOTIC FACTOR-MEDIATED RESPONSE%REACTOME DATABASE ID RELEASE 95%111471		18	0.57790494	1.6013227	0.023133544	0.11185956	1.0	1956	tags=39%, list=14%, signal=45%	
KEAP1-NFE2L2 PATHWAY%REACTOME%R-HSA-9755511.5	KEAP1-NFE2L2 PATHWAY%REACTOME%R-HSA-9755511.5		104	0.4057684	1.5987737	0.001025641	0.11408984	1.0	3102	tags=41%, list=23%, signal=53%	
NUCLEAR EVENTS MEDIATED BY NFE2L2%REACTOME%R-HSA-9759194.4	NUCLEAR EVENTS MEDIATED BY NFE2L2%REACTOME%R-HSA-9759194.4		79	0.42472506	1.5978485	0.001025641	0.11471058	1.0	3102	tags=43%, list=23%, signal=56%	
MELATONIN METABOLISM AND EFFECTS%WIKIPATHWAYS_20260211%WP3298%HOMO SAPIENS	MELATONIN METABOLISM AND EFFECTS%WIKIPATHWAYS_20260211%WP3298%HOMO SAPIENS		25	0.53336215	1.5933723	0.018808777	0.118877195	1.0	1312	tags=32%, list=10%, signal=35%	
VACUOLE ORGANIZATION%GOBP%GO:0007033	VACUOLE ORGANIZATION%GOBP%GO:0007033		153	0.3823243	1.5929768	0.0	0.11887727	1.0	3473	tags=41%, list=26%, signal=55%	
TERMINATION OF RNA POLYMERASE III TRANSCRIPTION%GOBP%GO:0006386	TERMINATION OF RNA POLYMERASE III TRANSCRIPTION%GOBP%GO:0006386		17	0.596015	1.5929495	0.024948025	0.11854311	1.0	2529	tags=41%, list=19%, signal=51%	
CD8-POSITIVE, ALPHA-BETA T CELL ACTIVATION%GOBP%GO:0036037	CD8-POSITIVE, ALPHA-BETA T CELL ACTIVATION%GOBP%GO:0036037		17	0.58380926	1.5922629	0.02889577	0.11887176	1.0	3355	tags=53%, list=25%, signal=70%	
PROTEIN K48-LINKED DEUBIQUITINATION%GOBP%GO:0071108	PROTEIN K48-LINKED DEUBIQUITINATION%GOBP%GO:0071108		20	0.57380915	1.59223	0.02431611	0.11853796	1.0	2014	tags=30%, list=15%, signal=35%	
FORMATION OF THE TERNARY COMPLEX, AND SUBSEQUENTLY, THE 43S COMPLEX%REACTOME%R-HSA-72695.4	FORMATION OF THE TERNARY COMPLEX, AND SUBSEQUENTLY, THE 43S COMPLEX%REACTOME%R-HSA-72695.4		49	0.45942423	1.590571	0.0073761856	0.119812556	1.0	2844	tags=43%, list=21%, signal=54%	
PROTEIN DEGLYCOSYLATION%GOBP%GO:0006517	PROTEIN DEGLYCOSYLATION%GOBP%GO:0006517		15	0.61396146	1.5904979	0.02546523	0.11952427	1.0	833	tags=27%, list=6%, signal=28%	
METABOLISM OF POLYAMINES%REACTOME%R-HSA-351202.7	METABOLISM OF POLYAMINES%REACTOME%R-HSA-351202.7		43	0.46943173	1.5882083	0.0102459015	0.12154806	1.0	1563	tags=35%, list=12%, signal=39%	
NEGATIVE REGULATION OF CELL ACTIVATION%GOBP%GO:0050866	NEGATIVE REGULATION OF CELL ACTIVATION%GOBP%GO:0050866		104	0.40251973	1.5877885	0.0021164021	0.12157079	1.0	1988	tags=27%, list=15%, signal=31%	
EUKARYOTIC TRANSCRIPTION INITIATION%WIKIPATHWAYS_20260211%WP405%HOMO SAPIENS	EUKARYOTIC TRANSCRIPTION INITIATION%WIKIPATHWAYS_20260211%WP405%HOMO SAPIENS		32	0.50865835	1.5871168	0.011387164	0.12192239	1.0	2889	tags=47%, list=21%, signal=59%	
ABC TRANSPORTER DISORDERS%REACTOME%R-HSA-5619084.7	ABC TRANSPORTER DISORDERS%REACTOME%R-HSA-5619084.7		56	0.4469502	1.5869861	0.0052576237	0.12169888	1.0	3102	tags=45%, list=23%, signal=58%	
RECEPTOR RECYCLING%GOBP%GO:0001881	RECEPTOR RECYCLING%GOBP%GO:0001881		18	0.5725264	1.5867841	0.014537903	0.121556714	1.0	2705	tags=56%, list=20%, signal=69%	
GOLGI ORGANIZATION%GOBP%GO:0007030	GOLGI ORGANIZATION%GOBP%GO:0007030		107	0.39835262	1.5850352	0.0010729614	0.12304773	1.0	3013	tags=36%, list=22%, signal=47%	
CYTOSOLIC SENSORS OF PATHOGEN-ASSOCIATED DNA%REACTOME DATABASE ID RELEASE 95%1834949	CYTOSOLIC SENSORS OF PATHOGEN-ASSOCIATED DNA%REACTOME DATABASE ID RELEASE 95%1834949		57	0.4476684	1.5849092	0.0039564786	0.12282809	1.0	3187	tags=44%, list=24%, signal=57%	
POSITIVE REGULATION OF MITOPHAGY%GOBP%GO:1901526	POSITIVE REGULATION OF MITOPHAGY%GOBP%GO:1901526		16	0.58790934	1.5846097	0.022426097	0.12277496	1.0	1581	tags=44%, list=12%, signal=49%	
T-HELPER 17 TYPE IMMUNE RESPONSE%GOBP%GO:0072538	T-HELPER 17 TYPE IMMUNE RESPONSE%GOBP%GO:0072538		26	0.5274325	1.5846	0.023373984	0.12242037	1.0	3355	tags=50%, list=25%, signal=66%	
INTERLEUKIN-1 SIGNALING%REACTOME DATABASE ID RELEASE 95%9020702	INTERLEUKIN-1 SIGNALING%REACTOME DATABASE ID RELEASE 95%9020702		92	0.4070952	1.5836958	0.0020618557	0.122995816	1.0	3361	tags=40%, list=25%, signal=53%	
RETROGRADE VESICLE-MEDIATED TRANSPORT, GOLGI TO ENDOPLASMIC RETICULUM%GOBP%GO:0006890	RETROGRADE VESICLE-MEDIATED TRANSPORT, GOLGI TO ENDOPLASMIC RETICULUM%GOBP%GO:0006890		48	0.45886406	1.5834508	0.0062111802	0.122889034	1.0	2868	tags=40%, list=21%, signal=50%	
COPI-INDEPENDENT GOLGI-TO-ER RETROGRADE TRAFFIC%REACTOME DATABASE ID RELEASE 95%6811436	COPI-INDEPENDENT GOLGI-TO-ER RETROGRADE TRAFFIC%REACTOME DATABASE ID RELEASE 95%6811436		32	0.49631345	1.581195	0.018072288	0.12468677	1.0	2469	tags=38%, list=18%, signal=46%	
CELLULAR RESPONSE TO METAL ION%GOBP%GO:0071248	CELLULAR RESPONSE TO METAL ION%GOBP%GO:0071248		78	0.41652828	1.5788685	0.0030549897	0.12674734	1.0	2448	tags=40%, list=18%, signal=48%	
ENDOPLASMIC RETICULUM CALCIUM ION HOMEOSTASIS%GOBP%GO:0032469	ENDOPLASMIC RETICULUM CALCIUM ION HOMEOSTASIS%GOBP%GO:0032469		19	0.56236345	1.5781054	0.029116467	0.1272382	1.0	2636	tags=47%, list=20%, signal=59%	
NEGATIVE REGULATION OF PROTEIN SERINE/THREONINE KINASE ACTIVITY%GOBP%GO:0071901	NEGATIVE REGULATION OF PROTEIN SERINE/THREONINE KINASE ACTIVITY%GOBP%GO:0071901		25	0.5361126	1.5777522	0.023109244	0.12722896	1.0	2473	tags=40%, list=18%, signal=49%	
POSITIVE REGULATION OF TRANSFORMING GROWTH FACTOR BETA RECEPTOR SIGNALING PATHWAY%GOBP%GO:0030511	POSITIVE REGULATION OF TRANSFORMING GROWTH FACTOR BETA RECEPTOR SIGNALING PATHWAY%GOBP%GO:0030511		23	0.5275094	1.5765631	0.01871102	0.12809548	1.0	1707	tags=22%, list=13%, signal=25%	
RNA POLYMERASE III TRANSCRIPTION INITIATION FROM TYPE 2 PROMOTER%REACTOME DATABASE ID RELEASE 95%76066	RNA POLYMERASE III TRANSCRIPTION INITIATION FROM TYPE 2 PROMOTER%REACTOME DATABASE ID RELEASE 95%76066		27	0.52796024	1.5764769	0.02016129	0.12786943	1.0	3187	tags=44%, list=24%, signal=58%	
PROTEIN TRANSPORT TO VACUOLE INVOLVED IN UBIQUITIN-DEPENDENT PROTEIN CATABOLIC PROCESS VIA THE MULTIVESICULAR BODY SORTING PATHWAY%GOBP%GO:0043328	PROTEIN TRANSPORT TO VACUOLE INVOLVED IN UBIQUITIN-DEPENDENT PROTEIN CATABOLIC PROCESS VIA THE MULTIVESICULAR BODY SORTING PATHWAY%GOBP%GO:0043328		15	0.6101169	1.5760872	0.024193548	0.12792003	1.0	2969	tags=60%, list=22%, signal=77%	
SYNTHESIS OF IP3 AND IP4 IN THE CYTOSOL%REACTOME%R-HSA-1855204.5	SYNTHESIS OF IP3 AND IP4 IN THE CYTOSOL%REACTOME%R-HSA-1855204.5		22	0.5433958	1.5742662	0.016913319	0.12942643	1.0	2277	tags=41%, list=17%, signal=49%	
CARGO RECOGNITION FOR CLATHRIN-MEDIATED ENDOCYTOSIS%REACTOME DATABASE ID RELEASE 95%8856825	CARGO RECOGNITION FOR CLATHRIN-MEDIATED ENDOCYTOSIS%REACTOME DATABASE ID RELEASE 95%8856825		81	0.41233462	1.5714725	0.004162331	0.13208038	1.0	2614	tags=42%, list=19%, signal=52%	
METAL ION SLC TRANSPORTERS%REACTOME DATABASE ID RELEASE 95%425410	METAL ION SLC TRANSPORTERS%REACTOME DATABASE ID RELEASE 95%425410		34	0.49269626	1.5701735	0.012896826	0.13312519	1.0	1514	tags=26%, list=11%, signal=30%	
CELL-SUBSTRATE JUNCTION ORGANIZATION%GOBP%GO:0150115	CELL-SUBSTRATE JUNCTION ORGANIZATION%GOBP%GO:0150115		30	0.5000242	1.5672569	0.015432099	0.13599728	1.0	1053	tags=20%, list=8%, signal=22%	
SECONDARY ALCOHOL BIOSYNTHETIC PROCESS%GOBP%GO:1902653	SECONDARY ALCOHOL BIOSYNTHETIC PROCESS%GOBP%GO:1902653		26	0.51687557	1.5664616	0.023589743	0.13652097	1.0	1022	tags=38%, list=8%, signal=42%	
PHOSPHOINOSITIDES METABOLISM%WIKIPATHWAYS_20260211%WP4971%HOMO SAPIENS	PHOSPHOINOSITIDES METABOLISM%WIKIPATHWAYS_20260211%WP4971%HOMO SAPIENS		35	0.49208623	1.5657891	0.016016016	0.13689159	1.0	2277	tags=34%, list=17%, signal=41%	
CHOLESTEROL BIOSYNTHETIC PROCESS%GOBP%GO:0006695	CHOLESTEROL BIOSYNTHETIC PROCESS%GOBP%GO:0006695		26	0.51687557	1.5655195	0.016614746	0.1368488	1.0	1022	tags=38%, list=8%, signal=42%	
POSITIVE REGULATION OF EPITHELIAL CELL DIFFERENTIATION%GOBP%GO:0030858	POSITIVE REGULATION OF EPITHELIAL CELL DIFFERENTIATION%GOBP%GO:0030858		31	0.50372106	1.5642738	0.022680413	0.1377993	1.0	1276	tags=19%, list=9%, signal=21%	
RRNA PROCESSING%GOBP%GO:0006364	RRNA PROCESSING%GOBP%GO:0006364		169	0.37095416	1.5638459	0.0	0.13788497	1.0	3711	tags=38%, list=27%, signal=52%	
RESPONSE TO TOPOLOGICALLY INCORRECT PROTEIN%GOBP%GO:0035966	RESPONSE TO TOPOLOGICALLY INCORRECT PROTEIN%GOBP%GO:0035966		98	0.3970647	1.5636637	0.005279831	0.1377022	1.0	2884	tags=34%, list=21%, signal=42%	
REGULATION OF MITOPHAGY%GOBP%GO:1901524	REGULATION OF MITOPHAGY%GOBP%GO:1901524		33	0.49272874	1.5630695	0.021526419	0.13799064	1.0	2185	tags=39%, list=16%, signal=47%	
SIGNALING BY NOTCH4%REACTOME%R-HSA-9013694.3	SIGNALING BY NOTCH4%REACTOME%R-HSA-9013694.3		68	0.42791846	1.5626478	0.007209063	0.13805015	1.0	3450	tags=44%, list=26%, signal=59%	
CELLULAR RESPONSE TO TYPE I INTERFERON%GOBP%GO:0071357	CELLULAR RESPONSE TO TYPE I INTERFERON%GOBP%GO:0071357		62	0.4283166	1.5616623	0.004210526	0.13877523	1.0	1563	tags=27%, list=12%, signal=31%	
DEPHOSPHORYLATION%GOBP%GO:0016311	DEPHOSPHORYLATION%GOBP%GO:0016311		95	0.4028987	1.5603628	0.0062761507	0.13983537	1.0	3014	tags=35%, list=22%, signal=44%	
CIRCADIAN CLOCK%REACTOME DATABASE ID RELEASE 95%9909396	CIRCADIAN CLOCK%REACTOME DATABASE ID RELEASE 95%9909396		99	0.39694175	1.5594763	0.002181025	0.14054304	1.0	3104	tags=37%, list=23%, signal=48%	
G1 S DNA DAMAGE CHECKPOINTS%REACTOME DATABASE ID RELEASE 95%69615	G1 S DNA DAMAGE CHECKPOINTS%REACTOME DATABASE ID RELEASE 95%69615		64	0.42587495	1.5586543	0.012698413	0.14111684	1.0	3102	tags=41%, list=23%, signal=52%	
POSITIVE REGULATION OF INTERLEUKIN-2 PRODUCTION%GOBP%GO:0032743	POSITIVE REGULATION OF INTERLEUKIN-2 PRODUCTION%GOBP%GO:0032743		31	0.49553493	1.5583284	0.023280423	0.14111018	1.0	3440	tags=45%, list=25%, signal=60%	
REGULATION OF INTERLEUKIN-2 PRODUCTION%GOBP%GO:0032663	REGULATION OF INTERLEUKIN-2 PRODUCTION%GOBP%GO:0032663		44	0.45811486	1.5581731	0.0071647903	0.14089635	1.0	2998	tags=39%, list=22%, signal=49%	
LONG-TERM MEMORY%GOBP%GO:0007616	LONG-TERM MEMORY%GOBP%GO:0007616		18	0.56835294	1.556126	0.031827517	0.14296603	1.0	422	tags=28%, list=3%, signal=29%	
DEGRADATION OF BETA-CATENIN BY THE DESTRUCTION COMPLEX%REACTOME%R-HSA-195253.4	DEGRADATION OF BETA-CATENIN BY THE DESTRUCTION COMPLEX%REACTOME%R-HSA-195253.4		68	0.42551073	1.5556908	0.006451613	0.14312226	1.0	3355	tags=47%, list=25%, signal=62%	
RESPONSE TO AMINO ACID STARVATION%GOBP%GO:1990928	RESPONSE TO AMINO ACID STARVATION%GOBP%GO:1990928		44	0.45715937	1.5555465	0.01714898	0.14290321	1.0	3296	tags=41%, list=24%, signal=54%	
TRANSLATION INITIATION COMPLEX FORMATION%REACTOME%R-HSA-72649.4	TRANSLATION INITIATION COMPLEX FORMATION%REACTOME%R-HSA-72649.4		55	0.43855524	1.5549039	0.01004016	0.14325993	1.0	2845	tags=42%, list=21%, signal=53%	
BILE ACID BIOSYNTHETIC PROCESS%GOBP%GO:0006699	BILE ACID BIOSYNTHETIC PROCESS%GOBP%GO:0006699		17	0.5782463	1.5536865	0.031158715	0.1442737	1.0	3508	tags=71%, list=26%, signal=95%	
THE ROLE OF GTSE1 IN G2 M PROGRESSION AFTER G2 CHECKPOINT%REACTOME DATABASE ID RELEASE 95%8852276	THE ROLE OF GTSE1 IN G2 M PROGRESSION AFTER G2 CHECKPOINT%REACTOME DATABASE ID RELEASE 95%8852276		46	0.4566433	1.5523546	0.010319917	0.14547504	1.0	3102	tags=50%, list=23%, signal=65%	
SIGNALING BY ROBO RECEPTORS%REACTOME%R-HSA-376176.7	SIGNALING BY ROBO RECEPTORS%REACTOME%R-HSA-376176.7		183	0.3606855	1.5514755	0.0	0.14614373	1.0	3102	tags=38%, list=23%, signal=49%	
REGULATION OF CDH1 FUNCTION%REACTOME%R-HSA-9764561.1	REGULATION OF CDH1 FUNCTION%REACTOME%R-HSA-9764561.1		50	0.44838834	1.5506083	0.008412197	0.14677082	1.0	3102	tags=46%, list=23%, signal=59%	
AMINO SUGAR METABOLISM%PATHWHIZ%PW000008	AMINO SUGAR METABOLISM%PATHWHIZ%PW000008		16	0.5722056	1.549231	0.02970297	0.14802964	1.0	2494	tags=50%, list=18%, signal=61%	
METABOLIC REPROGRAMMING IN PANCREATIC CANCER%WIKIPATHWAYS_20260211%WP5220%HOMO SAPIENS	METABOLIC REPROGRAMMING IN PANCREATIC CANCER%WIKIPATHWAYS_20260211%WP5220%HOMO SAPIENS		27	0.5022707	1.5492084	0.032258064	0.1476717	1.0	3764	tags=48%, list=28%, signal=67%	
PROTEASOMAL UBIQUITIN-INDEPENDENT PROTEIN CATABOLIC PROCESS%GOBP%GO:0010499	PROTEASOMAL UBIQUITIN-INDEPENDENT PROTEIN CATABOLIC PROCESS%GOBP%GO:0010499		19	0.550115	1.5486989	0.040650405	0.14789575	1.0	4036	tags=63%, list=30%, signal=90%	
NEGATIVE REGULATION OF INTRACELLULAR PROTEIN TRANSPORT%GOBP%GO:0090317	NEGATIVE REGULATION OF INTRACELLULAR PROTEIN TRANSPORT%GOBP%GO:0090317		24	0.52967954	1.5484546	0.019668737	0.14786468	1.0	3650	tags=54%, list=27%, signal=74%	
MYELOID CELL ACTIVATION INVOLVED IN IMMUNE RESPONSE%GOBP%GO:0002275	MYELOID CELL ACTIVATION INVOLVED IN IMMUNE RESPONSE%GOBP%GO:0002275		18	0.55414164	1.5457082	0.04055391	0.1507244	1.0	3485	tags=56%, list=26%, signal=75%	
CDC20:PHOSPHO-APC C MEDIATED DEGRADATION OF CYCLIN A%REACTOME DATABASE ID RELEASE 95%174184	CDC20:PHOSPHO-APC C MEDIATED DEGRADATION OF CYCLIN A%REACTOME DATABASE ID RELEASE 95%174184		59	0.4309278	1.5456405	0.009221312	0.1504349	1.0	3355	tags=47%, list=25%, signal=63%	
NEGATIVE REGULATION OF FGFR3 SIGNALING%REACTOME DATABASE ID RELEASE 95%5654732	NEGATIVE REGULATION OF FGFR3 SIGNALING%REACTOME DATABASE ID RELEASE 95%5654732		18	0.56083584	1.5440053	0.03877551	0.15189026	1.0	3275	tags=50%, list=24%, signal=66%	
INTERLEUKIN-1 FAMILY SIGNALING%REACTOME%R-HSA-446652.9	INTERLEUKIN-1 FAMILY SIGNALING%REACTOME%R-HSA-446652.9		109	0.38592353	1.5419315	0.0021074815	0.15401003	1.0	3361	tags=39%, list=25%, signal=51%	
ASSEMBLY OF THE HIV VIRION%REACTOME DATABASE ID RELEASE 95%175474	ASSEMBLY OF THE HIV VIRION%REACTOME DATABASE ID RELEASE 95%175474		16	0.58150864	1.541685	0.029380903	0.15392092	1.0	3102	tags=56%, list=23%, signal=73%	
AUTOPHAGY OF MITOCHONDRION%GOBP%GO:0000422	AUTOPHAGY OF MITOCHONDRION%GOBP%GO:0000422		59	0.42819893	1.5403864	0.015120967	0.1551502	1.0	3015	tags=36%, list=22%, signal=46%	
SIALIC ACID METABOLISM%REACTOME DATABASE ID RELEASE 95%4085001	SIALIC ACID METABOLISM%REACTOME DATABASE ID RELEASE 95%4085001		22	0.53893507	1.5398821	0.026998961	0.15535697	1.0	1411	tags=36%, list=10%, signal=41%	
SARS-COV-1 MODULATES HOST TRANSLATION MACHINERY%REACTOME DATABASE ID RELEASE 95%9735869	SARS-COV-1 MODULATES HOST TRANSLATION MACHINERY%REACTOME DATABASE ID RELEASE 95%9735869		35	0.47554234	1.539468	0.018947368	0.15544865	1.0	3711	tags=57%, list=27%, signal=79%	
UBIQUITIN-DEPENDENT PROTEIN CATABOLIC PROCESS VIA THE MULTIVESICULAR BODY SORTING PATHWAY%GOBP%GO:0043162	UBIQUITIN-DEPENDENT PROTEIN CATABOLIC PROCESS VIA THE MULTIVESICULAR BODY SORTING PATHWAY%GOBP%GO:0043162		35	0.47653604	1.5392662	0.02371134	0.15531364	1.0	3298	tags=60%, list=24%, signal=79%	
RESPONSE TO TYPE I INTERFERON%GOBP%GO:0034340	RESPONSE TO TYPE I INTERFERON%GOBP%GO:0034340		68	0.4163614	1.5382329	0.00949367	0.15623014	1.0	1563	tags=26%, list=12%, signal=30%	
NEGATIVE REGULATION OF MAP KINASE ACTIVITY%GOBP%GO:0043407	NEGATIVE REGULATION OF MAP KINASE ACTIVITY%GOBP%GO:0043407		15	0.5921689	1.5375421	0.0371517	0.15667857	1.0	2473	tags=40%, list=18%, signal=49%	
TAY-SACHS DISEASE%PATHWHIZ%PW000215	TAY-SACHS DISEASE%PATHWHIZ%PW000215		16	0.5722056	1.536715	0.03807615	0.15725188	1.0	2494	tags=50%, list=18%, signal=61%	
RESPONSE TO ISCHEMIA%GOBP%GO:0002931	RESPONSE TO ISCHEMIA%GOBP%GO:0002931		20	0.54271114	1.5360113	0.04041451	0.15769404	1.0	2940	tags=35%, list=22%, signal=45%	
RECEPTOR METABOLIC PROCESS%GOBP%GO:0043112	RECEPTOR METABOLIC PROCESS%GOBP%GO:0043112		32	0.48471218	1.5345601	0.021912351	0.15902725	1.0	1873	tags=38%, list=14%, signal=43%	
TRANSCRIPTION INITIATION AT RNA POLYMERASE III PROMOTER%GOBP%GO:0006384	TRANSCRIPTION INITIATION AT RNA POLYMERASE III PROMOTER%GOBP%GO:0006384		25	0.5195782	1.5337709	0.029233871	0.1595654	1.0	3187	tags=44%, list=24%, signal=57%	
NEGATIVE REGULATION OF FGFR2 SIGNALING%REACTOME DATABASE ID RELEASE 95%5654727	NEGATIVE REGULATION OF FGFR2 SIGNALING%REACTOME DATABASE ID RELEASE 95%5654727		20	0.5454383	1.5336541	0.026998961	0.15933013	1.0	3275	tags=50%, list=24%, signal=66%	
REGULATION OF MYOBLAST FUSION%GOBP%GO:1901739	REGULATION OF MYOBLAST FUSION%GOBP%GO:1901739		52	0.43671963	1.533517	0.01814516	0.15908776	1.0	4732	tags=67%, list=35%, signal=103%	
HALLMARK_MTORC1_SIGNALING%MSIGDBHALLMARK%HALLMARK_MTORC1_SIGNALING	HALLMARK_MTORC1_SIGNALING%MSIGDBHALLMARK%HALLMARK_MTORC1_SIGNALING		145	0.371891	1.5331086	0.0010515247	0.15917033	1.0	1703	tags=28%, list=13%, signal=32%	
NEGATIVE REGULATION OF TOR SIGNALING%GOBP%GO:0032007	NEGATIVE REGULATION OF TOR SIGNALING%GOBP%GO:0032007		62	0.4253737	1.5329976	0.0087241	0.15891367	1.0	2363	tags=29%, list=17%, signal=35%	
REGULATION OF VACUOLE ORGANIZATION%GOBP%GO:0044088	REGULATION OF VACUOLE ORGANIZATION%GOBP%GO:0044088		50	0.44011584	1.5301403	0.00952381	0.16216566	1.0	1339	tags=26%, list=10%, signal=29%	
RIBOSOMAL SCANNING AND START CODON RECOGNITION%REACTOME%R-HSA-72702.5	RIBOSOMAL SCANNING AND START CODON RECOGNITION%REACTOME%R-HSA-72702.5		55	0.4338859	1.5293634	0.012409514	0.16275536	1.0	3711	tags=51%, list=27%, signal=70%	
INTERFERON GAMMA SIGNALING%REACTOME%R-HSA-877300.9	INTERFERON GAMMA SIGNALING%REACTOME%R-HSA-877300.9		64	0.4259558	1.528912	0.015217391	0.1629372	1.0	3239	tags=34%, list=24%, signal=45%	
MITOPHAGY%REACTOME DATABASE ID RELEASE 95%5205647	MITOPHAGY%REACTOME DATABASE ID RELEASE 95%5205647		35	0.46815085	1.5284022	0.019957984	0.16316767	1.0	3264	tags=49%, list=24%, signal=64%	
GLYCOGEN BREAKDOWN (GLYCOGENOLYSIS)%REACTOME%R-HSA-70221.8	GLYCOGEN BREAKDOWN (GLYCOGENOLYSIS)%REACTOME%R-HSA-70221.8		15	0.5832778	1.5278648	0.040650405	0.16345039	1.0	1628	tags=40%, list=12%, signal=45%	
CDK-MEDIATED PHOSPHORYLATION AND REMOVAL OF CDC6%REACTOME%R-HSA-69017.4	CDK-MEDIATED PHOSPHORYLATION AND REMOVAL OF CDC6%REACTOME%R-HSA-69017.4		59	0.42565072	1.5276278	0.012371134	0.16329405	1.0	3355	tags=47%, list=25%, signal=63%	
DNA-TEMPLATED TRANSCRIPTION TERMINATION%GOBP%GO:0006353	DNA-TEMPLATED TRANSCRIPTION TERMINATION%GOBP%GO:0006353		32	0.47551703	1.5271289	0.02106319	0.16352168	1.0	2529	tags=38%, list=19%, signal=46%	
APOPTOSIS REGULATION BY PARATHYROID HORMONE RELATED PROTEIN%WIKIPATHWAYS_20260211%WP3872%HOMO SAPIENS	APOPTOSIS REGULATION BY PARATHYROID HORMONE RELATED PROTEIN%WIKIPATHWAYS_20260211%WP3872%HOMO SAPIENS		16	0.5727486	1.5258833	0.032769557	0.16466196	1.0	1046	tags=31%, list=8%, signal=34%	
POSITIVE REGULATION OF LEUKOCYTE APOPTOTIC PROCESS%GOBP%GO:2000108	POSITIVE REGULATION OF LEUKOCYTE APOPTOTIC PROCESS%GOBP%GO:2000108		16	0.5695453	1.5258162	0.034715526	0.1643501	1.0	3485	tags=44%, list=26%, signal=59%	
NF KB SIGNALING AND ARTD FAMILY MEMBERS%WIKIPATHWAYS_20260211%WP5527%HOMO SAPIENS	NF KB SIGNALING AND ARTD FAMILY MEMBERS%WIKIPATHWAYS_20260211%WP5527%HOMO SAPIENS		24	0.5126873	1.5253625	0.027663935	0.16451363	1.0	2160	tags=29%, list=16%, signal=35%	
TRANSCRIPTIONAL REGULATION OF MEMORY B CELL DIFFERENTIATION%WIKIPATHWAYS_20260211%WP5491%HOMO SAPIENS	TRANSCRIPTIONAL REGULATION OF MEMORY B CELL DIFFERENTIATION%WIKIPATHWAYS_20260211%WP5491%HOMO SAPIENS		26	0.50246966	1.5251255	0.023784902	0.16438189	1.0	3269	tags=46%, list=24%, signal=61%	
POSITIVE REGULATION OF CELLULAR RESPONSE TO TRANSFORMING GROWTH FACTOR BETA STIMULUS%GOBP%GO:1903846	POSITIVE REGULATION OF CELLULAR RESPONSE TO TRANSFORMING GROWTH FACTOR BETA STIMULUS%GOBP%GO:1903846		23	0.5275094	1.5245976	0.027135678	0.16469854	1.0	1707	tags=22%, list=13%, signal=25%	
G(M2)-GANGLIOSIDOSIS: VARIANT B, TAY-SACHS DISEASE%SMPDB%SMP0000534	G(M2)-GANGLIOSIDOSIS: VARIANT B, TAY-SACHS DISEASE%SMPDB%SMP0000534		16	0.5722056	1.5231525	0.04347826	0.16615573	1.0	2494	tags=50%, list=18%, signal=61%	
SLC25A46 PATHWAY%WIKIPATHWAYS_20260211%WP5521%HOMO SAPIENS	SLC25A46 PATHWAY%WIKIPATHWAYS_20260211%WP5521%HOMO SAPIENS		15	0.57811135	1.5228589	0.04106776	0.16612925	1.0	2509	tags=47%, list=19%, signal=57%	
POSITIVE REGULATION OF TYPE I INTERFERON PRODUCTION%GOBP%GO:0032481	POSITIVE REGULATION OF TYPE I INTERFERON PRODUCTION%GOBP%GO:0032481		55	0.42643473	1.5218949	0.012752391	0.16690965	1.0	1926	tags=27%, list=14%, signal=32%	
SIALURIA OR FRENCH TYPE SIALURIA%SMPDB%SMP0000216	SIALURIA OR FRENCH TYPE SIALURIA%SMPDB%SMP0000216		16	0.5722056	1.5197948	0.035460994	0.1691416	1.0	2494	tags=50%, list=18%, signal=61%	
ER QUALITY CONTROL COMPARTMENT (ERQC)%REACTOME%R-HSA-901032.7	ER QUALITY CONTROL COMPARTMENT (ERQC)%REACTOME%R-HSA-901032.7		20	0.5381831	1.5188836	0.03419689	0.1698614	1.0	3102	tags=45%, list=23%, signal=58%	
PROTEIN LOCALIZATION%REACTOME DATABASE ID RELEASE 95%9609507	PROTEIN LOCALIZATION%REACTOME DATABASE ID RELEASE 95%9609507		139	0.3692947	1.5185063	0.0011198209	0.16995347	1.0	3766	tags=42%, list=28%, signal=58%	
CHOLESTEROL METABOLIC PROCESS%GOBP%GO:0008203	CHOLESTEROL METABOLIC PROCESS%GOBP%GO:0008203		51	0.43558183	1.5175564	0.010330578	0.17086372	1.0	2840	tags=41%, list=21%, signal=52%	
REGULATION OF CALCIUM ION TRANSMEMBRANE TRANSPORT%GOBP%GO:1903169	REGULATION OF CALCIUM ION TRANSMEMBRANE TRANSPORT%GOBP%GO:1903169		77	0.40764442	1.516879	0.008273009	0.17133038	1.0	2402	tags=34%, list=18%, signal=41%	
MATURATION OF LSU-RRNA FROM TRICISTRONIC RRNA TRANSCRIPT (SSU-RRNA, 5.8S RRNA, LSU-RRNA)%GOBP%GO:0000463	MATURATION OF LSU-RRNA FROM TRICISTRONIC RRNA TRANSCRIPT (SSU-RRNA, 5.8S RRNA, LSU-RRNA)%GOBP%GO:0000463		22	0.5211107	1.5163349	0.029531568	0.17162296	1.0	1486	tags=27%, list=11%, signal=31%	
COMPLEX I BIOGENESIS%REACTOME DATABASE ID RELEASE 95%6799198	COMPLEX I BIOGENESIS%REACTOME DATABASE ID RELEASE 95%6799198		58	0.42607233	1.5160838	0.011615628	0.171539	1.0	3592	tags=48%, list=27%, signal=65%	
PROTEIN LOCALIZATION TO PHAGOPHORE ASSEMBLY SITE%GOBP%GO:0034497	PROTEIN LOCALIZATION TO PHAGOPHORE ASSEMBLY SITE%GOBP%GO:0034497		16	0.5678318	1.5157121	0.034447823	0.17164722	1.0	1509	tags=31%, list=11%, signal=35%	
ALCOHOL METABOLIC PROCESS%GOBP%GO:0006066	ALCOHOL METABOLIC PROCESS%GOBP%GO:0006066		148	0.36235282	1.5146482	0.0031880978	0.17269067	1.0	2840	tags=34%, list=21%, signal=42%	
RNA POLYMERASE III TRANSCRIPTION INITIATION FROM TYPE 1 PROMOTER%REACTOME DATABASE ID RELEASE 95%76061	RNA POLYMERASE III TRANSCRIPTION INITIATION FROM TYPE 1 PROMOTER%REACTOME DATABASE ID RELEASE 95%76061		28	0.5008449	1.5145419	0.036572624	0.17242034	1.0	3187	tags=43%, list=24%, signal=56%	
ENDOCYTIC RECYCLING%GOBP%GO:0032456	ENDOCYTIC RECYCLING%GOBP%GO:0032456		70	0.412087	1.5144545	0.013499481	0.17214987	1.0	2555	tags=29%, list=19%, signal=35%	
CANONICAL NF-KAPPAB SIGNAL TRANSDUCTION%GOBP%GO:0007249	CANONICAL NF-KAPPAB SIGNAL TRANSDUCTION%GOBP%GO:0007249		34	0.4728663	1.5130424	0.016967127	0.17366844	1.0	2160	tags=29%, list=16%, signal=35%	
REGULATION OF TORC1 SIGNALING%GOBP%GO:1903432	REGULATION OF TORC1 SIGNALING%GOBP%GO:1903432		89	0.39169627	1.5127896	0.008324662	0.17359012	1.0	2363	tags=25%, list=17%, signal=30%	
FOCAL ADHESION ASSEMBLY%GOBP%GO:0048041	FOCAL ADHESION ASSEMBLY%GOBP%GO:0048041		24	0.5074508	1.5118924	0.040667363	0.1744022	1.0	1053	tags=21%, list=8%, signal=23%	
REGULATION OF AMINE TRANSPORT%GOBP%GO:0051952	REGULATION OF AMINE TRANSPORT%GOBP%GO:0051952		18	0.55077046	1.5115209	0.04709419	0.17450681	1.0	2253	tags=39%, list=17%, signal=47%	
PROTEIN INSERTION INTO MEMBRANE%GOBP%GO:0051205	PROTEIN INSERTION INTO MEMBRANE%GOBP%GO:0051205		57	0.42487103	1.5104637	0.012435233	0.17543003	1.0	1940	tags=33%, list=14%, signal=39%	
CANONICAL NF-KAPPAB PATHWAY%PATHWAY INTERACTION DATABASE NCI-NATURE CURATED DATA%CANONICAL NF-KAPPAB PATHWAY	CANONICAL NF-KAPPAB PATHWAY%PATHWAY INTERACTION DATABASE NCI-NATURE CURATED DATA%CANONICAL NF-KAPPAB PATHWAY		22	0.51452774	1.5098176	0.032128513	0.1759736	1.0	2050	tags=36%, list=15%, signal=43%	
SALLA DISEASE INFANTILE SIALIC ACID STORAGE DISEASE%SMPDB%SMP0000240	SALLA DISEASE INFANTILE SIALIC ACID STORAGE DISEASE%SMPDB%SMP0000240		16	0.5722056	1.509634	0.034448817	0.17583288	1.0	2494	tags=50%, list=18%, signal=61%	
CITRIC ACID CYCLE (TCA CYCLE)%REACTOME%R-HSA-71403.5	CITRIC ACID CYCLE (TCA CYCLE)%REACTOME%R-HSA-71403.5		30	0.4811771	1.5088918	0.02342918	0.17639495	1.0	3153	tags=33%, list=23%, signal=43%	
PROTEIN EXIT FROM ENDOPLASMIC RETICULUM%GOBP%GO:0032527	PROTEIN EXIT FROM ENDOPLASMIC RETICULUM%GOBP%GO:0032527		21	0.5336815	1.5079257	0.043824703	0.17731655	1.0	3192	tags=57%, list=24%, signal=75%	
SYNTHESIS OF PIPS AT THE PLASMA MEMBRANE%REACTOME DATABASE ID RELEASE 95%1660499	SYNTHESIS OF PIPS AT THE PLASMA MEMBRANE%REACTOME DATABASE ID RELEASE 95%1660499		45	0.44063962	1.5067923	0.028169014	0.17839132	1.0	2267	tags=33%, list=17%, signal=40%	
ARP2/3 COMPLEX-MEDIATED ACTIN NUCLEATION%GOBP%GO:0034314	ARP2/3 COMPLEX-MEDIATED ACTIN NUCLEATION%GOBP%GO:0034314		17	0.5519919	1.5056179	0.04431017	0.17964098	1.0	506	tags=18%, list=4%, signal=18%	
PLATELET CALCIUM HOMEOSTASIS%REACTOME DATABASE ID RELEASE 95%418360	PLATELET CALCIUM HOMEOSTASIS%REACTOME DATABASE ID RELEASE 95%418360		20	0.5284982	1.5050688	0.039337475	0.17999586	1.0	1639	tags=30%, list=12%, signal=34%	
TRANSLOCATION OF SLC2A4 (GLUT4) TO THE PLASMA MEMBRANE%REACTOME%R-HSA-1445148.4	TRANSLOCATION OF SLC2A4 (GLUT4) TO THE PLASMA MEMBRANE%REACTOME%R-HSA-1445148.4		48	0.43419152	1.5038955	0.020876827	0.18114103	1.0	1054	tags=19%, list=8%, signal=20%	
TICAM1, RIP1-MEDIATED IKK COMPLEX RECRUITMENT%REACTOME%R-HSA-168927.5	TICAM1, RIP1-MEDIATED IKK COMPLEX RECRUITMENT%REACTOME%R-HSA-168927.5		17	0.5503097	1.5017178	0.04396728	0.18368179	1.0	3264	tags=59%, list=24%, signal=77%	
AEROBIC RESPIRATION%GOBP%GO:0009060	AEROBIC RESPIRATION%GOBP%GO:0009060		132	0.36486778	1.5016934	0.0022172949	0.1833077	1.0	3039	tags=36%, list=22%, signal=45%	
NEGATIVE REGULATION OF FGFR1 SIGNALING%REACTOME DATABASE ID RELEASE 95%5654726	NEGATIVE REGULATION OF FGFR1 SIGNALING%REACTOME DATABASE ID RELEASE 95%5654726		19	0.5334487	1.5008844	0.043067228	0.18401664	1.0	3275	tags=47%, list=24%, signal=62%	
REGULATION OF PROTEIN BINDING%GOBP%GO:0043393	REGULATION OF PROTEIN BINDING%GOBP%GO:0043393		28	0.4901576	1.5006278	0.038114343	0.18397112	1.0	2337	tags=57%, list=17%, signal=69%	
CELLULAR RESPONSE TO CALCIUM ION%GOBP%GO:0071277	CELLULAR RESPONSE TO CALCIUM ION%GOBP%GO:0071277		44	0.4493639	1.49971	0.021694215	0.18479572	1.0	2940	tags=48%, list=22%, signal=61%	
INTRACELLULAR CALCIUM ION HOMEOSTASIS%GOBP%GO:0006874	INTRACELLULAR CALCIUM ION HOMEOSTASIS%GOBP%GO:0006874		99	0.38080153	1.499132	0.009307136	0.18514332	1.0	2972	tags=37%, list=22%, signal=48%	
REGULATION OF MACROPHAGE ACTIVATION%GOBP%GO:0043030	REGULATION OF MACROPHAGE ACTIVATION%GOBP%GO:0043030		24	0.50163925	1.4984727	0.036772218	0.18566617	1.0	1854	tags=38%, list=14%, signal=43%	
ENDOPLASMIC RETICULUM TUBULAR NETWORK ORGANIZATION%GOBP%GO:0071786	ENDOPLASMIC RETICULUM TUBULAR NETWORK ORGANIZATION%GOBP%GO:0071786		18	0.54609036	1.4982251	0.048057258	0.1855168	1.0	933	tags=22%, list=7%, signal=24%	
CHOLESTEROL BIOSYNTHESIS%REACTOME DATABASE ID RELEASE 95%191273	CHOLESTEROL BIOSYNTHESIS%REACTOME DATABASE ID RELEASE 95%191273		25	0.49922398	1.4978198	0.027860697	0.18567368	1.0	2840	tags=52%, list=21%, signal=66%	
ORGANELLE LOCALIZATION BY MEMBRANE TETHERING%GOBP%GO:0140056	ORGANELLE LOCALIZATION BY MEMBRANE TETHERING%GOBP%GO:0140056		60	0.4177554	1.4977785	0.02303665	0.18530709	1.0	2636	tags=38%, list=20%, signal=47%	
ACTIVATION OF THE MRNA UPON BINDING OF THE CAP-BINDING COMPLEX AND EIFS, AND SUBSEQUENT BINDING TO 43S%REACTOME%R-HSA-72662.5	ACTIVATION OF THE MRNA UPON BINDING OF THE CAP-BINDING COMPLEX AND EIFS, AND SUBSEQUENT BINDING TO 43S%REACTOME%R-HSA-72662.5		56	0.4223946	1.4977716	0.020234292	0.1849063	1.0	2845	tags=41%, list=21%, signal=52%	
REGULATION OF UBIQUITIN-DEPENDENT PROTEIN CATABOLIC PROCESS%GOBP%GO:2000058	REGULATION OF UBIQUITIN-DEPENDENT PROTEIN CATABOLIC PROCESS%GOBP%GO:2000058		132	0.3666491	1.4971836	0.0032432433	0.18535003	1.0	2916	tags=30%, list=22%, signal=38%	
ANTIGEN PROCESSING-CROSS PRESENTATION%REACTOME DATABASE ID RELEASE 95%1236975	ANTIGEN PROCESSING-CROSS PRESENTATION%REACTOME DATABASE ID RELEASE 95%1236975		83	0.39199123	1.4970278	0.00862069	0.18516015	1.0	3223	tags=39%, list=24%, signal=50%	
ORGANIC HYDROXY COMPOUND TRANSPORT%GOBP%GO:0015850	ORGANIC HYDROXY COMPOUND TRANSPORT%GOBP%GO:0015850		83	0.3944576	1.4969498	0.009846827	0.18486224	1.0	2180	tags=28%, list=16%, signal=33%	
PERTURBATIONS TO HOST CELL AUTOPHAGY INDUCED BY SARS COV 2 PROTEINS%WIKIPATHWAYS_20260211%WP4936%HOMO SAPIENS	PERTURBATIONS TO HOST CELL AUTOPHAGY INDUCED BY SARS COV 2 PROTEINS%WIKIPATHWAYS_20260211%WP4936%HOMO SAPIENS		35	0.4675985	1.496234	0.031991743	0.1854018	1.0	2471	tags=34%, list=18%, signal=42%	
POSITIVE REGULATION OF AUTOPHAGY OF MITOCHONDRION%GOBP%GO:1903599	POSITIVE REGULATION OF AUTOPHAGY OF MITOCHONDRION%GOBP%GO:1903599		18	0.5402373	1.4961311	0.054025423	0.18512146	1.0	2868	tags=50%, list=21%, signal=63%	
APC:CDC20 MEDIATED DEGRADATION OF CELL CYCLE PROTEINS PRIOR TO SATISFATION OF THE CELL CYCLE CHECKPOINT%REACTOME DATABASE ID RELEASE 95%179419	APC:CDC20 MEDIATED DEGRADATION OF CELL CYCLE PROTEINS PRIOR TO SATISFATION OF THE CELL CYCLE CHECKPOINT%REACTOME DATABASE ID RELEASE 95%179419		60	0.41500863	1.4960655	0.010460251	0.18481703	1.0	3355	tags=47%, list=25%, signal=62%	
FATTY ACID BIOSYNTHESIS%WIKIPATHWAYS_20260211%WP357%HOMO SAPIENS	FATTY ACID BIOSYNTHESIS%WIKIPATHWAYS_20260211%WP357%HOMO SAPIENS		17	0.5528747	1.4957467	0.04723618	0.18484466	1.0	4094	tags=71%, list=30%, signal=101%	
INFLUENZA VIRAL RNA TRANSCRIPTION AND REPLICATION%REACTOME DATABASE ID RELEASE 95%168273	INFLUENZA VIRAL RNA TRANSCRIPTION AND REPLICATION%REACTOME DATABASE ID RELEASE 95%168273		127	0.36852592	1.4955276	0.004474273	0.1847348	1.0	3237	tags=42%, list=24%, signal=54%	
NEGATIVE REGULATION OF T CELL RECEPTOR SIGNALING PATHWAY%GOBP%GO:0050860	NEGATIVE REGULATION OF T CELL RECEPTOR SIGNALING PATHWAY%GOBP%GO:0050860		23	0.51241076	1.4946718	0.039883267	0.18545064	1.0	729	tags=17%, list=5%, signal=18%	
RESPONSE TO ORGANOPHOSPHORUS%GOBP%GO:0046683	RESPONSE TO ORGANOPHOSPHORUS%GOBP%GO:0046683		42	0.44003573	1.4935011	0.021253984	0.18677029	1.0	1688	tags=31%, list=12%, signal=35%	
PROTEIN K48-LINKED UBIQUITINATION%GOBP%GO:0070936	PROTEIN K48-LINKED UBIQUITINATION%GOBP%GO:0070936		89	0.38966927	1.4931098	0.010373444	0.18688926	1.0	3327	tags=39%, list=25%, signal=52%	
REGULATION OF TRIGLYCERIDE METABOLIC PROCESS%GOBP%GO:0090207	REGULATION OF TRIGLYCERIDE METABOLIC PROCESS%GOBP%GO:0090207		23	0.50388616	1.4925493	0.023115577	0.18722852	1.0	3251	tags=52%, list=24%, signal=69%	
PURINE-CONTAINING COMPOUND BIOSYNTHETIC PROCESS%GOBP%GO:0072522	PURINE-CONTAINING COMPOUND BIOSYNTHETIC PROCESS%GOBP%GO:0072522		146	0.3612868	1.49234	0.003218884	0.18712564	1.0	3852	tags=45%, list=29%, signal=62%	
FORMATION OF TC-NER PRE-INCISION COMPLEX%REACTOME%R-HSA-6781823.4	FORMATION OF TC-NER PRE-INCISION COMPLEX%REACTOME%R-HSA-6781823.4		49	0.43167666	1.4922826	0.022222223	0.18679969	1.0	3187	tags=45%, list=24%, signal=59%	
POSITIVE REGULATION OF AUTOPHAGY%GOBP%GO:0010508	POSITIVE REGULATION OF AUTOPHAGY%GOBP%GO:0010508		126	0.36491847	1.4916165	0.0052029137	0.1873334	1.0	2465	tags=29%, list=18%, signal=36%	
RESPIRATORY ELECTRON TRANSPORT%REACTOME DATABASE ID RELEASE 95%611105	RESPIRATORY ELECTRON TRANSPORT%REACTOME DATABASE ID RELEASE 95%611105		133	0.36255926	1.4913074	0.004223865	0.18737702	1.0	3592	tags=41%, list=27%, signal=56%	
SARS-COV-2 MODULATES HOST TRANSLATION MACHINERY%REACTOME DATABASE ID RELEASE 95%9754678	SARS-COV-2 MODULATES HOST TRANSLATION MACHINERY%REACTOME DATABASE ID RELEASE 95%9754678		47	0.43379962	1.4904714	0.017171716	0.18816033	1.0	2844	tags=38%, list=21%, signal=48%	
SCF(SKP2)-MEDIATED DEGRADATION OF P27 P21%REACTOME%R-HSA-187577.5	SCF(SKP2)-MEDIATED DEGRADATION OF P27 P21%REACTOME%R-HSA-187577.5		49	0.43028232	1.4898876	0.024340771	0.1885814	1.0	3102	tags=47%, list=23%, signal=61%	
ENERGY DEPENDENT REGULATION OF MTOR BY LKB1-AMPK%REACTOME%R-HSA-380972.4	ENERGY DEPENDENT REGULATION OF MTOR BY LKB1-AMPK%REACTOME%R-HSA-380972.4		27	0.49620602	1.4888318	0.04079498	0.18963622	1.0	2109	tags=26%, list=16%, signal=31%	
REGULATION OF PLASMA LIPOPROTEIN PARTICLE LEVELS%GOBP%GO:0097006	REGULATION OF PLASMA LIPOPROTEIN PARTICLE LEVELS%GOBP%GO:0097006		34	0.4608904	1.4885793	0.028571429	0.18957528	1.0	2385	tags=29%, list=18%, signal=36%	
FC EPSILON RECEPTOR (FCERI) SIGNALING%REACTOME DATABASE ID RELEASE 95%2454202	FC EPSILON RECEPTOR (FCERI) SIGNALING%REACTOME DATABASE ID RELEASE 95%2454202		100	0.38011163	1.4878967	0.0010537407	0.19016637	1.0	3355	tags=40%, list=25%, signal=53%	
BIOCARTA_PITX2_PATHWAY%MSIGDB_C2%BIOCARTA_PITX2_PATHWAY	BIOCARTA_PITX2_PATHWAY%MSIGDB_C2%BIOCARTA_PITX2_PATHWAY		15	0.56394744	1.4872236	0.057286434	0.1907632	1.0	1046	tags=27%, list=8%, signal=29%	
REGULATION OF PHOSPHOLIPID METABOLIC PROCESS%GOBP%GO:1903725	REGULATION OF PHOSPHOLIPID METABOLIC PROCESS%GOBP%GO:1903725		20	0.53211176	1.4870818	0.045408677	0.19058023	1.0	2072	tags=40%, list=15%, signal=47%	
NEGATIVE REGULATION OF CANONICAL NF-KAPPAB SIGNAL TRANSDUCTION%GOBP%GO:0043124	NEGATIVE REGULATION OF CANONICAL NF-KAPPAB SIGNAL TRANSDUCTION%GOBP%GO:0043124		63	0.40497756	1.4865899	0.010309278	0.19085257	1.0	1740	tags=24%, list=13%, signal=27%	
IRON ION TRANSPORT%GOBP%GO:0006826	IRON ION TRANSPORT%GOBP%GO:0006826		30	0.4823605	1.4861771	0.04310345	0.19105701	1.0	1544	tags=30%, list=11%, signal=34%	
REGULATION OF PROTEIN PROCESSING%GOBP%GO:0070613	REGULATION OF PROTEIN PROCESSING%GOBP%GO:0070613		29	0.48003802	1.485916	0.03374233	0.19105859	1.0	1968	tags=31%, list=15%, signal=36%	
REGULATION OF POLYSACCHARIDE METABOLIC PROCESS%GOBP%GO:0032881	REGULATION OF POLYSACCHARIDE METABOLIC PROCESS%GOBP%GO:0032881		29	0.47585708	1.4857968	0.03531786	0.19081637	1.0	1758	tags=34%, list=13%, signal=40%	
IKK COMPLEX RECRUITMENT MEDIATED BY RIP1%REACTOME%R-HSA-937041.3	IKK COMPLEX RECRUITMENT MEDIATED BY RIP1%REACTOME%R-HSA-937041.3		18	0.541468	1.4833452	0.048929665	0.19385424	1.0	3264	tags=56%, list=24%, signal=73%	
PURINE RIBONUCLEOTIDE BIOSYNTHETIC PROCESS%GOBP%GO:0009152	PURINE RIBONUCLEOTIDE BIOSYNTHETIC PROCESS%GOBP%GO:0009152		79	0.39174226	1.4828794	0.010351967	0.19414501	1.0	3852	tags=47%, list=29%, signal=65%	
TRANSCRIPTIONAL REGULATION BY RUNX3%REACTOME DATABASE ID RELEASE 95%8878159	TRANSCRIPTIONAL REGULATION BY RUNX3%REACTOME DATABASE ID RELEASE 95%8878159		83	0.39111137	1.4811887	0.0070993914	0.19626214	1.0	3102	tags=37%, list=23%, signal=48%	
MIR TARGETED GENES IN SQUAMOUS CELL%WIKIPATHWAYS_20260211%WP2006%HOMO SAPIENS	MIR TARGETED GENES IN SQUAMOUS CELL%WIKIPATHWAYS_20260211%WP2006%HOMO SAPIENS		101	0.37856346	1.4805344	0.009375	0.19672562	1.0	1424	tags=27%, list=11%, signal=30%	
PROTEIN-LIPID COMPLEX ORGANIZATION%GOBP%GO:0071825	PROTEIN-LIPID COMPLEX ORGANIZATION%GOBP%GO:0071825		25	0.49743846	1.4792417	0.038906414	0.19818678	1.0	2385	tags=32%, list=18%, signal=39%	
GLUTATHIONE CONJUGATION%REACTOME%R-HSA-156590.4	GLUTATHIONE CONJUGATION%REACTOME%R-HSA-156590.4		25	0.4934359	1.4785801	0.03968254	0.19869304	1.0	1613	tags=28%, list=12%, signal=32%	
NITRIC OXIDE METABOLIC PROCESS%GOBP%GO:0046209	NITRIC OXIDE METABOLIC PROCESS%GOBP%GO:0046209		19	0.53364944	1.476479	0.038690478	0.20139052	1.0	3022	tags=53%, list=22%, signal=68%	
REGULATION OF RELEASE OF CYTOCHROME C FROM MITOCHONDRIA%GOBP%GO:0090199	REGULATION OF RELEASE OF CYTOCHROME C FROM MITOCHONDRIA%GOBP%GO:0090199		32	0.45997897	1.4758506	0.036480688	0.20194514	1.0	3046	tags=41%, list=23%, signal=52%	
LEUKOCYTE ACTIVATION INVOLVED IN IMMUNE RESPONSE%GOBP%GO:0002366	LEUKOCYTE ACTIVATION INVOLVED IN IMMUNE RESPONSE%GOBP%GO:0002366		74	0.39728132	1.4751179	0.019169329	0.20263764	1.0	3355	tags=39%, list=25%, signal=52%	
NEGATIVE REGULATION OF CELL-MATRIX ADHESION%GOBP%GO:0001953	NEGATIVE REGULATION OF CELL-MATRIX ADHESION%GOBP%GO:0001953		27	0.48731962	1.4750967	0.043032788	0.20225164	1.0	795	tags=22%, list=6%, signal=24%	
STEROL BIOSYNTHETIC PROCESS%GOBP%GO:0016126	STEROL BIOSYNTHETIC PROCESS%GOBP%GO:0016126		28	0.47622094	1.4747412	0.03773585	0.20235232	1.0	1022	tags=36%, list=8%, signal=39%	
RESPONSE TO CHEMOKINE%GOBP%GO:1990868	RESPONSE TO CHEMOKINE%GOBP%GO:1990868		31	0.47079888	1.4744551	0.038297873	0.20235096	1.0	2112	tags=35%, list=16%, signal=42%	
REGULATION OF RUFFLE ASSEMBLY%GOBP%GO:1900027	REGULATION OF RUFFLE ASSEMBLY%GOBP%GO:1900027		16	0.5512348	1.4743066	0.054455444	0.20219365	1.0	1032	tags=25%, list=8%, signal=27%	
NEGATIVE REGULATION OF REGULATORY T CELL DIFFERENTIATION%GOBP%GO:0045590	NEGATIVE REGULATION OF REGULATORY T CELL DIFFERENTIATION%GOBP%GO:0045590		17	0.53120476	1.4727565	0.045180723	0.20407546	1.0	3355	tags=53%, list=25%, signal=70%	
UB-SPECIFIC PROCESSING PROTEASES%REACTOME DATABASE ID RELEASE 95%5689880	UB-SPECIFIC PROCESSING PROTEASES%REACTOME DATABASE ID RELEASE 95%5689880		137	0.35767135	1.4709998	0.0021164021	0.20626391	1.0	3102	tags=36%, list=23%, signal=47%	
MITOCHONDRIAL RESPIRATORY CHAIN COMPLEX ASSEMBLY%GOBP%GO:0033108	MITOCHONDRIAL RESPIRATORY CHAIN COMPLEX ASSEMBLY%GOBP%GO:0033108		73	0.39461523	1.4707721	0.011494253	0.2061928	1.0	2957	tags=37%, list=22%, signal=47%	
AUTOPHAGY%WIKIPATHWAYS_20260211%WP4923%HOMO SAPIENS	AUTOPHAGY%WIKIPATHWAYS_20260211%WP4923%HOMO SAPIENS		23	0.5065013	1.469977	0.048681542	0.20697154	1.0	1826	tags=30%, list=14%, signal=35%	
PHOSPHATIDYLINOSITOL METABOLIC PROCESS%GOBP%GO:0046488	PHOSPHATIDYLINOSITOL METABOLIC PROCESS%GOBP%GO:0046488		111	0.3705575	1.4696542	0.0087241	0.20706393	1.0	2277	tags=28%, list=17%, signal=33%	
AXONAL TRANSPORT%GOBP%GO:0098930	AXONAL TRANSPORT%GOBP%GO:0098930		52	0.4226088	1.4693413	0.018255578	0.20710701	1.0	2763	tags=38%, list=20%, signal=48%	
ALPHA-BETA T CELL ACTIVATION INVOLVED IN IMMUNE RESPONSE%GOBP%GO:0002287	ALPHA-BETA T CELL ACTIVATION INVOLVED IN IMMUNE RESPONSE%GOBP%GO:0002287		27	0.48190132	1.4688705	0.04033092	0.20737945	1.0	3355	tags=48%, list=25%, signal=64%	
PHOSPHATIDYLINOSITOL BIOSYNTHETIC PROCESS%GOBP%GO:0006661	PHOSPHATIDYLINOSITOL BIOSYNTHETIC PROCESS%GOBP%GO:0006661		97	0.37742844	1.4685651	0.007360673	0.20740834	1.0	2277	tags=28%, list=17%, signal=33%	
SIGNALING BY FGFR3%REACTOME DATABASE ID RELEASE 95%5654741	SIGNALING BY FGFR3%REACTOME DATABASE ID RELEASE 95%5654741		26	0.48498693	1.4675596	0.04253112	0.20853886	1.0	3275	tags=42%, list=24%, signal=56%	
MITOCHONDRIAL CALCIUM ION TRANSPORT%REACTOME DATABASE ID RELEASE 95%8949215	MITOCHONDRIAL CALCIUM ION TRANSPORT%REACTOME DATABASE ID RELEASE 95%8949215		20	0.51612514	1.4672693	0.06063618	0.2085654	1.0	2023	tags=35%, list=15%, signal=41%	
CALCIUM ION HOMEOSTASIS%GOBP%GO:0055074	CALCIUM ION HOMEOSTASIS%GOBP%GO:0055074		109	0.36629376	1.4671208	0.011827957	0.20835918	1.0	3195	tags=39%, list=24%, signal=51%	
PEROXISOMAL PROTEIN IMPORT%REACTOME%R-HSA-9033241.5	PEROXISOMAL PROTEIN IMPORT%REACTOME%R-HSA-9033241.5		53	0.41660386	1.4669615	0.025145067	0.20821445	1.0	3508	tags=45%, list=26%, signal=61%	
CELLULAR RESPONSE TO CHEMOKINE%GOBP%GO:1990869	CELLULAR RESPONSE TO CHEMOKINE%GOBP%GO:1990869		31	0.47079888	1.4653832	0.029258098	0.21013628	1.0	2112	tags=35%, list=16%, signal=42%	
T CELL DIFFERENTIATION INVOLVED IN IMMUNE RESPONSE%GOBP%GO:0002292	T CELL DIFFERENTIATION INVOLVED IN IMMUNE RESPONSE%GOBP%GO:0002292		27	0.48190132	1.4653624	0.042769857	0.20974845	1.0	3355	tags=48%, list=25%, signal=64%	
REGULATION OF PROTEIN MATURATION%GOBP%GO:1903317	REGULATION OF PROTEIN MATURATION%GOBP%GO:1903317		31	0.46709436	1.4646262	0.050209206	0.21043059	1.0	1968	tags=29%, list=15%, signal=34%	
HIPPOCAMPUS DEVELOPMENT%GOBP%GO:0021766	HIPPOCAMPUS DEVELOPMENT%GOBP%GO:0021766		19	0.52488726	1.4633946	0.049844235	0.21187817	1.0	1046	tags=21%, list=8%, signal=23%	
SLC-MEDIATED TRANSMEMBRANE TRANSPORT%REACTOME%R-HSA-425407.6	SLC-MEDIATED TRANSMEMBRANE TRANSPORT%REACTOME%R-HSA-425407.6		146	0.35475653	1.4632419	0.0031512605	0.2116793	1.0	1880	tags=25%, list=14%, signal=28%	
PID_S1P_S1P3_PATHWAY%MSIGDB_C2%PID_S1P_S1P3_PATHWAY	PID_S1P_S1P3_PATHWAY%MSIGDB_C2%PID_S1P_S1P3_PATHWAY		17	0.541307	1.462679	0.063555114	0.21213214	1.0	860	tags=18%, list=6%, signal=19%	
STRIATED MUSCLE CONTRACTION%GOBP%GO:0006941	STRIATED MUSCLE CONTRACTION%GOBP%GO:0006941		113	0.3647047	1.4626497	0.006651885	0.21176808	1.0	3092	tags=39%, list=23%, signal=50%	
REGULATION OF SYNCYTIUM FORMATION BY PLASMA MEMBRANE FUSION%GOBP%GO:0060142	REGULATION OF SYNCYTIUM FORMATION BY PLASMA MEMBRANE FUSION%GOBP%GO:0060142		55	0.41267234	1.4610937	0.01459854	0.21369526	1.0	3237	tags=44%, list=24%, signal=57%	
CYCLIN E ASSOCIATED EVENTS DURING G1 S TRANSITION%REACTOME%R-HSA-69202.5	CYCLIN E ASSOCIATED EVENTS DURING G1 S TRANSITION%REACTOME%R-HSA-69202.5		72	0.3933978	1.4607184	0.021208908	0.213851	1.0	3102	tags=39%, list=23%, signal=50%	
REGULATION OF TYPE I INTERFERON PRODUCTION%GOBP%GO:0032479	REGULATION OF TYPE I INTERFERON PRODUCTION%GOBP%GO:0032479		89	0.3759071	1.4606686	0.014690451	0.21351846	1.0	1928	tags=25%, list=14%, signal=29%	
INOSITOL PHOSPHATE METABOLISM%REACTOME DATABASE ID RELEASE 95%1483249	INOSITOL PHOSPHATE METABOLISM%REACTOME DATABASE ID RELEASE 95%1483249		43	0.43859956	1.4599725	0.033934254	0.21418826	1.0	2694	tags=35%, list=20%, signal=43%	
SYNTHESIS OF SUBSTRATES IN N-GLYCAN BIOSYTHESIS%REACTOME%R-HSA-446219.4	SYNTHESIS OF SUBSTRATES IN N-GLYCAN BIOSYTHESIS%REACTOME%R-HSA-446219.4		51	0.42010885	1.4596953	0.034020618	0.21421038	1.0	2910	tags=37%, list=22%, signal=47%	
PEPTIDYL-CYSTEINE MODIFICATION%GOBP%GO:0018198	PEPTIDYL-CYSTEINE MODIFICATION%GOBP%GO:0018198		16	0.5391568	1.4590108	0.061938062	0.21478601	1.0	983	tags=31%, list=7%, signal=34%	
MITOCHONDRIAL PROTEIN IMPORT%REACTOME DATABASE ID RELEASE 95%1268020	MITOCHONDRIAL PROTEIN IMPORT%REACTOME DATABASE ID RELEASE 95%1268020		57	0.41067392	1.4580346	0.021052632	0.21594983	1.0	3621	tags=39%, list=27%, signal=53%	
FGFR2 MUTANT RECEPTOR ACTIVATION%REACTOME DATABASE ID RELEASE 95%1839126	FGFR2 MUTANT RECEPTOR ACTIVATION%REACTOME DATABASE ID RELEASE 95%1839126		21	0.50640374	1.4576262	0.044375643	0.21615358	1.0	1894	tags=33%, list=14%, signal=39%	
POSITIVE REGULATION OF ALPHA-BETA T CELL ACTIVATION%GOBP%GO:0046635	POSITIVE REGULATION OF ALPHA-BETA T CELL ACTIVATION%GOBP%GO:0046635		33	0.45442113	1.4570278	0.031794872	0.21664938	1.0	416	tags=15%, list=3%, signal=16%	
PROTEIN LIPIDATION%GOBP%GO:0006497	PROTEIN LIPIDATION%GOBP%GO:0006497		28	0.47776154	1.4565893	0.038381744	0.2168642	1.0	1316	tags=25%, list=10%, signal=28%	
CELLULAR RESPIRATION%GOBP%GO:0045333	CELLULAR RESPIRATION%GOBP%GO:0045333		140	0.35322788	1.4564856	0.0010582011	0.21660464	1.0	3039	tags=35%, list=22%, signal=45%	
SIGNALING BY INSULIN RECEPTOR%REACTOME DATABASE ID RELEASE 95%74752	SIGNALING BY INSULIN RECEPTOR%REACTOME DATABASE ID RELEASE 95%74752		59	0.40973476	1.4558896	0.02016129	0.21706158	1.0	2798	tags=31%, list=21%, signal=38%	
REACTIVE NITROGEN SPECIES METABOLIC PROCESS%GOBP%GO:2001057	REACTIVE NITROGEN SPECIES METABOLIC PROCESS%GOBP%GO:2001057		20	0.51284903	1.454061	0.059134107	0.21946669	1.0	3022	tags=50%, list=22%, signal=64%	
KERATINOCYTE DIFFERENTIATION%GOBP%GO:0030216	KERATINOCYTE DIFFERENTIATION%GOBP%GO:0030216		24	0.49160373	1.4531043	0.03869654	0.22058769	1.0	2825	tags=29%, list=21%, signal=37%	
REGULATION OF GLYCOGEN METABOLIC PROCESS%GOBP%GO:0070873	REGULATION OF GLYCOGEN METABOLIC PROCESS%GOBP%GO:0070873		23	0.4980205	1.4523945	0.050567597	0.22131969	1.0	1273	tags=35%, list=9%, signal=38%	
REGULATION OF T CELL RECEPTOR SIGNALING PATHWAY%GOBP%GO:0050856	REGULATION OF T CELL RECEPTOR SIGNALING PATHWAY%GOBP%GO:0050856		33	0.45338327	1.4518825	0.041625373	0.22172077	1.0	1968	tags=21%, list=15%, signal=25%	
ION CHANNEL TRANSPORT%REACTOME%R-HSA-983712.4	ION CHANNEL TRANSPORT%REACTOME%R-HSA-983712.4		120	0.35844356	1.449192	0.0077864295	0.22554317	1.0	2636	tags=31%, list=20%, signal=38%	
ARACHIDONATE METABOLIC PROCESS%GOBP%GO:0019369	ARACHIDONATE METABOLIC PROCESS%GOBP%GO:0019369		21	0.5127634	1.4476027	0.052578364	0.22763047	1.0	278	tags=19%, list=2%, signal=19%	
RAS PROCESSING%REACTOME DATABASE ID RELEASE 95%9648002	RAS PROCESSING%REACTOME DATABASE ID RELEASE 95%9648002		18	0.5249881	1.4471333	0.071647905	0.22794835	1.0	1710	tags=33%, list=13%, signal=38%	
REGULATION OF TOR SIGNALING%GOBP%GO:0032006	REGULATION OF TOR SIGNALING%GOBP%GO:0032006		127	0.35429445	1.4467145	0.009414226	0.2281742	1.0	2363	tags=24%, list=17%, signal=29%	
PI METABOLISM%REACTOME DATABASE ID RELEASE 95%1483255	PI METABOLISM%REACTOME DATABASE ID RELEASE 95%1483255		70	0.38849586	1.4464631	0.0171123	0.2281585	1.0	2267	tags=27%, list=17%, signal=32%	
INOSITOL METABOLISM%PATHWHIZ%PW088261	INOSITOL METABOLISM%PATHWHIZ%PW088261		20	0.5041283	1.4463135	0.057255678	0.22795117	1.0	2152	tags=35%, list=16%, signal=42%	
NEGATIVE REGULATION OF LYMPHOCYTE ACTIVATION%GOBP%GO:0051250	NEGATIVE REGULATION OF LYMPHOCYTE ACTIVATION%GOBP%GO:0051250		76	0.38483542	1.4451838	0.01487779	0.22928157	1.0	1988	tags=28%, list=15%, signal=32%	
LIPID CATABOLIC PROCESS%GOBP%GO:0016042	LIPID CATABOLIC PROCESS%GOBP%GO:0016042		148	0.3457491	1.4449795	0.0021413276	0.22917424	1.0	2406	tags=28%, list=18%, signal=33%	
MACROPHAGE ACTIVATION%GOBP%GO:0042116	MACROPHAGE ACTIVATION%GOBP%GO:0042116		22	0.50015754	1.4449759	0.049946863	0.22875234	1.0	2896	tags=50%, list=21%, signal=64%	
DISORDERS OF TRANSMEMBRANE TRANSPORTERS%REACTOME DATABASE ID RELEASE 95%5619115	DISORDERS OF TRANSMEMBRANE TRANSPORTERS%REACTOME DATABASE ID RELEASE 95%5619115		112	0.35972708	1.4444736	0.008474576	0.22917798	1.0	3140	tags=40%, list=23%, signal=52%	
PHOSPHATIDYLINOSITOL PHOSPHATE BIOSYNTHETIC PROCESS%GOBP%GO:0046854	PHOSPHATIDYLINOSITOL PHOSPHATE BIOSYNTHETIC PROCESS%GOBP%GO:0046854		35	0.44894397	1.4444722	0.050367262	0.22875434	1.0	2608	tags=37%, list=19%, signal=46%	
RNA POLYMERASE III TRANSCRIPTION INITIATION FROM TYPE 3 PROMOTER%REACTOME%R-HSA-76071.4	RNA POLYMERASE III TRANSCRIPTION INITIATION FROM TYPE 3 PROMOTER%REACTOME%R-HSA-76071.4		28	0.47254252	1.4441638	0.04712042	0.22877736	1.0	1894	tags=25%, list=14%, signal=29%	
NON-CANONICAL NF-KAPPAB SIGNAL TRANSDUCTION%GOBP%GO:0038061	NON-CANONICAL NF-KAPPAB SIGNAL TRANSDUCTION%GOBP%GO:0038061		26	0.4795923	1.4439706	0.05247225	0.22867264	1.0	2787	tags=42%, list=21%, signal=53%	
PROTEIN PALMITOYLATION%GOBP%GO:0018345	PROTEIN PALMITOYLATION%GOBP%GO:0018345		19	0.51796836	1.4420596	0.07652534	0.23139226	1.0	1316	tags=32%, list=10%, signal=35%	
AXO-DENDRITIC TRANSPORT%GOBP%GO:0008088	AXO-DENDRITIC TRANSPORT%GOBP%GO:0008088		59	0.40392587	1.4419276	0.027921407	0.23116629	1.0	2763	tags=36%, list=20%, signal=45%	
CLATHRIN-MEDIATED ENDOCYTOSIS%REACTOME%R-HSA-8856828.5	CLATHRIN-MEDIATED ENDOCYTOSIS%REACTOME%R-HSA-8856828.5		118	0.3600748	1.4410969	0.0053705694	0.23208575	1.0	2614	tags=36%, list=19%, signal=45%	
CERAMIDE SIGNALING PATHWAY%PATHWAY INTERACTION DATABASE NCI-NATURE CURATED DATA%CERAMIDE SIGNALING PATHWAY	CERAMIDE SIGNALING PATHWAY%PATHWAY INTERACTION DATABASE NCI-NATURE CURATED DATA%CERAMIDE SIGNALING PATHWAY		45	0.42431173	1.4406744	0.040123455	0.23227768	1.0	3114	tags=36%, list=23%, signal=46%	
BIOLOGICAL OXIDATIONS%REACTOME%R-HSA-211859.4	BIOLOGICAL OXIDATIONS%REACTOME%R-HSA-211859.4		108	0.36058658	1.4405453	0.014038877	0.23208193	1.0	2362	tags=27%, list=17%, signal=32%	
GASTRULATION%REACTOME DATABASE ID RELEASE 95%9758941	GASTRULATION%REACTOME DATABASE ID RELEASE 95%9758941		86	0.37432	1.4391531	0.021384928	0.23391187	1.0	1563	tags=24%, list=12%, signal=27%	
HALLMARK_HEME_METABOLISM%MSIGDBHALLMARK%HALLMARK_HEME_METABOLISM	HALLMARK_HEME_METABOLISM%MSIGDBHALLMARK%HALLMARK_HEME_METABOLISM		123	0.3537821	1.4387112	0.0032573289	0.23424402	1.0	2247	tags=29%, list=17%, signal=35%	
REGULATION OF RELEASE OF SEQUESTERED CALCIUM ION INTO CYTOSOL BY SARCOPLASMIC RETICULUM%GOBP%GO:0010880	REGULATION OF RELEASE OF SEQUESTERED CALCIUM ION INTO CYTOSOL BY SARCOPLASMIC RETICULUM%GOBP%GO:0010880		25	0.48124537	1.4384468	0.055724416	0.23425038	1.0	2328	tags=36%, list=17%, signal=43%	
NEGATIVE REGULATION OF MAPK CASCADE%GOBP%GO:0043409	NEGATIVE REGULATION OF MAPK CASCADE%GOBP%GO:0043409		100	0.36753252	1.4383436	0.011853448	0.23400746	1.0	3082	tags=36%, list=23%, signal=46%	
SPHINGOLIPID CATABOLIC PROCESS%GOBP%GO:0030149	SPHINGOLIPID CATABOLIC PROCESS%GOBP%GO:0030149		26	0.47543356	1.4378386	0.046464648	0.23434928	1.0	2375	tags=38%, list=18%, signal=47%	
HALLMARK_INTERFERON_ALPHA_RESPONSE%MSIGDBHALLMARK%HALLMARK_INTERFERON_ALPHA_RESPONSE	HALLMARK_INTERFERON_ALPHA_RESPONSE%MSIGDBHALLMARK%HALLMARK_INTERFERON_ALPHA_RESPONSE		78	0.3824633	1.4374809	0.01590668	0.23448575	1.0	1634	tags=19%, list=12%, signal=22%	
VESICLE DOCKING%GOBP%GO:0048278	VESICLE DOCKING%GOBP%GO:0048278		46	0.41979247	1.4370333	0.034736842	0.2347675	1.0	2471	tags=37%, list=18%, signal=45%	
SYNTHESIS OF ACTIVE UBIQUITIN: ROLES OF E1 AND E2 ENZYMES%REACTOME DATABASE ID RELEASE 95%8866652	SYNTHESIS OF ACTIVE UBIQUITIN: ROLES OF E1 AND E2 ENZYMES%REACTOME DATABASE ID RELEASE 95%8866652		30	0.4615274	1.4366161	0.035140563	0.23494229	1.0	3327	tags=60%, list=25%, signal=79%	
RESPONSE TO AXON INJURY%GOBP%GO:0048678	RESPONSE TO AXON INJURY%GOBP%GO:0048678		15	0.54675883	1.4365467	0.072175734	0.23463891	1.0	2760	tags=53%, list=20%, signal=67%	
NEGATIVE REGULATION OF PROTEIN LOCALIZATION TO NUCLEUS%GOBP%GO:1900181	NEGATIVE REGULATION OF PROTEIN LOCALIZATION TO NUCLEUS%GOBP%GO:1900181		22	0.49089494	1.4364382	0.065656565	0.2344155	1.0	2349	tags=45%, list=17%, signal=55%	
REGULATION OF ORGANIC ACID TRANSPORT%GOBP%GO:0032890	REGULATION OF ORGANIC ACID TRANSPORT%GOBP%GO:0032890		24	0.49034524	1.4364377	0.056016598	0.23399515	1.0	2253	tags=33%, list=17%, signal=40%	
XBP1(S) ACTIVATES CHAPERONE GENES%REACTOME%R-HSA-381038.5	XBP1(S) ACTIVATES CHAPERONE GENES%REACTOME%R-HSA-381038.5		44	0.42612433	1.4361221	0.03798768	0.23408243	1.0	2923	tags=43%, list=22%, signal=55%	
PROTEIN K63-LINKED UBIQUITINATION%GOBP%GO:0070534	PROTEIN K63-LINKED UBIQUITINATION%GOBP%GO:0070534		61	0.39939493	1.435896	0.027513228	0.23402429	1.0	2121	tags=31%, list=16%, signal=37%	
CELLULAR RESPONSE TO HYDROGEN PEROXIDE%GOBP%GO:0070301	CELLULAR RESPONSE TO HYDROGEN PEROXIDE%GOBP%GO:0070301		32	0.4587516	1.4358879	0.04259851	0.23361517	1.0	3269	tags=41%, list=24%, signal=53%	
EPITHELIAL CELL PROLIFERATION%GOBP%GO:0050673	EPITHELIAL CELL PROLIFERATION%GOBP%GO:0050673		32	0.44990122	1.4358389	0.047474746	0.23327541	1.0	2448	tags=25%, list=18%, signal=30%	
NEGATIVE REGULATION OF CYTOKINE PRODUCTION%GOBP%GO:0001818	NEGATIVE REGULATION OF CYTOKINE PRODUCTION%GOBP%GO:0001818		149	0.3437824	1.435209	0.00874317	0.23388758	1.0	2160	tags=25%, list=16%, signal=29%	
FABRY DISEASE%SMPDB%SMP0000525	FABRY DISEASE%SMPDB%SMP0000525		15	0.54209006	1.4349843	0.07593688	0.2338199	1.0	2326	tags=27%, list=17%, signal=32%	
PIGMENT GRANULE LOCALIZATION%GOBP%GO:0051875	PIGMENT GRANULE LOCALIZATION%GOBP%GO:0051875		18	0.5159215	1.4347255	0.072463766	0.23377346	1.0	1782	tags=22%, list=13%, signal=26%	
DDX58 IFIH1-MEDIATED INDUCTION OF INTERFERON-ALPHA BETA%REACTOME DATABASE ID RELEASE 95%168928	DDX58 IFIH1-MEDIATED INDUCTION OF INTERFERON-ALPHA BETA%REACTOME DATABASE ID RELEASE 95%168928		61	0.39737156	1.434532	0.019467212	0.2336866	1.0	2106	tags=28%, list=16%, signal=33%	
NEUROTRANSMITTER RELEASE CYCLE%REACTOME%R-HSA-112310.8	NEUROTRANSMITTER RELEASE CYCLE%REACTOME%R-HSA-112310.8		31	0.45685643	1.4334588	0.047188755	0.23485914	1.0	4419	tags=58%, list=33%, signal=86%	
STEROID METABOLIC PROCESS%GOBP%GO:0008202	STEROID METABOLIC PROCESS%GOBP%GO:0008202		111	0.35817274	1.4332813	0.018123668	0.2347521	1.0	2840	tags=34%, list=21%, signal=43%	
SIGNALING BY FGFR2 IIIA TM%REACTOME%R-HSA-8851708.2	SIGNALING BY FGFR2 IIIA TM%REACTOME%R-HSA-8851708.2		18	0.5268289	1.4327708	0.07860696	0.23517473	1.0	1894	tags=33%, list=14%, signal=39%	
ANTIGEN PROCESSING: UB, ATP-INDEPENDENT PROTEASOMAL DEGRADATION%REACTOME DATABASE ID RELEASE 95%9912633	ANTIGEN PROCESSING: UB, ATP-INDEPENDENT PROTEASOMAL DEGRADATION%REACTOME DATABASE ID RELEASE 95%9912633		19	0.5169996	1.4325353	0.061919503	0.2351358	1.0	3355	tags=47%, list=25%, signal=63%	
HALLMARK_ADIPOGENESIS%MSIGDBHALLMARK%HALLMARK_ADIPOGENESIS	HALLMARK_ADIPOGENESIS%MSIGDBHALLMARK%HALLMARK_ADIPOGENESIS		138	0.34919572	1.4322851	0.011764706	0.23513432	1.0	2892	tags=33%, list=21%, signal=41%	
SARS-COV-1 INFECTION%REACTOME%R-HSA-9678108.8	SARS-COV-1 INFECTION%REACTOME%R-HSA-9678108.8		123	0.35210273	1.4321473	0.011482255	0.23495124	1.0	3214	tags=42%, list=24%, signal=55%	
METACHROMATIC LEUKODYSTROPHY (MLD)%SMPDB%SMP0000347	METACHROMATIC LEUKODYSTROPHY (MLD)%SMPDB%SMP0000347		15	0.54209006	1.4318918	0.080543935	0.23496822	1.0	2326	tags=27%, list=17%, signal=32%	
GAUCHER DISEASE%PATHWHIZ%PW000201	GAUCHER DISEASE%PATHWHIZ%PW000201		15	0.54209006	1.4293599	0.06952965	0.23871803	1.0	2326	tags=27%, list=17%, signal=32%	
NEGATIVE REGULATION OF PROTEIN KINASE ACTIVITY%GOBP%GO:0006469	NEGATIVE REGULATION OF PROTEIN KINASE ACTIVITY%GOBP%GO:0006469		56	0.39988914	1.4281449	0.032786883	0.24033222	1.0	2473	tags=32%, list=18%, signal=39%	
REGULATION OF POLYSACCHARIDE BIOSYNTHETIC PROCESS%GOBP%GO:0032885	REGULATION OF POLYSACCHARIDE BIOSYNTHETIC PROCESS%GOBP%GO:0032885		26	0.47537047	1.4272697	0.06092437	0.24128388	1.0	1758	tags=35%, list=13%, signal=40%	
CD4-POSITIVE, ALPHA-BETA T CELL ACTIVATION%GOBP%GO:0035710	CD4-POSITIVE, ALPHA-BETA T CELL ACTIVATION%GOBP%GO:0035710		42	0.43035734	1.4272406	0.045881126	0.24091144	1.0	3440	tags=43%, list=25%, signal=57%	
RNA POL II CTD PHOSPHORYLATION AND INTERACTION WITH CE%REACTOME%R-HSA-77075.4	RNA POL II CTD PHOSPHORYLATION AND INTERACTION WITH CE%REACTOME%R-HSA-77075.4		26	0.4638203	1.4272175	0.05489022	0.24053225	1.0	2162	tags=38%, list=16%, signal=46%	
REGULATION OF CALCIUM ION TRANSPORT%GOBP%GO:0051924	REGULATION OF CALCIUM ION TRANSPORT%GOBP%GO:0051924		111	0.35935774	1.4262917	0.012371134	0.24168177	1.0	2402	tags=31%, list=18%, signal=37%	
AUTOPHAGOSOME MATURATION%GOBP%GO:0097352	AUTOPHAGOSOME MATURATION%GOBP%GO:0097352		45	0.41957122	1.4261581	0.043933053	0.24149093	1.0	3736	tags=56%, list=28%, signal=77%	
INTRINSIC PATHWAY FOR APOPTOSIS%REACTOME DATABASE ID RELEASE 95%109606	INTRINSIC PATHWAY FOR APOPTOSIS%REACTOME DATABASE ID RELEASE 95%109606		50	0.41233972	1.4259009	0.028242677	0.24152261	1.0	2026	tags=26%, list=15%, signal=30%	
SIGNALING BY FGFR2 IN DISEASE%REACTOME%R-HSA-5655253.3	SIGNALING BY FGFR2 IN DISEASE%REACTOME%R-HSA-5655253.3		29	0.46007103	1.4252882	0.05447071	0.24211612	1.0	2798	tags=38%, list=21%, signal=48%	
SPHINGOLIPID METABOLISM%SMPDB%SMP0000034	SPHINGOLIPID METABOLISM%SMPDB%SMP0000034		15	0.54209006	1.4248133	0.07433102	0.24248572	1.0	2326	tags=27%, list=17%, signal=32%	
IRE1ALPHA ACTIVATES CHAPERONES%REACTOME%R-HSA-381070.3	IRE1ALPHA ACTIVATES CHAPERONES%REACTOME%R-HSA-381070.3		46	0.41838095	1.4242177	0.0373444	0.24307092	1.0	2923	tags=41%, list=22%, signal=53%	
GOLGI ASSOCIATED VESICLE BIOGENESIS%REACTOME%R-HSA-432722.5	GOLGI ASSOCIATED VESICLE BIOGENESIS%REACTOME%R-HSA-432722.5		52	0.40624332	1.4241195	0.038865548	0.24279068	1.0	2581	tags=31%, list=19%, signal=38%	
PINK1-PRKN MEDIATED MITOPHAGY%REACTOME DATABASE ID RELEASE 95%5205685	PINK1-PRKN MEDIATED MITOPHAGY%REACTOME DATABASE ID RELEASE 95%5205685		30	0.46266064	1.4234289	0.0513347	0.24356712	1.0	3264	tags=50%, list=24%, signal=66%	
PHOSPHATIDYLINOSITOL PHOSPHATE METABOLISM%SMPDB%SMP0000463	PHOSPHATIDYLINOSITOL PHOSPHATE METABOLISM%SMPDB%SMP0000463		20	0.50483435	1.4213115	0.054490414	0.24658899	1.0	2267	tags=45%, list=17%, signal=54%	
REGULATION OF BINDING%GOBP%GO:0051098	REGULATION OF BINDING%GOBP%GO:0051098		69	0.38308138	1.420986	0.022132797	0.24669547	1.0	2337	tags=39%, list=17%, signal=47%	
RNA POLYMERASE II TRANSCRIPTION INITIATION SURVEILLANCE%GOBP%GO:0160240	RNA POLYMERASE II TRANSCRIPTION INITIATION SURVEILLANCE%GOBP%GO:0160240		15	0.52881676	1.4200554	0.086119555	0.24785073	1.0	2004	tags=33%, list=15%, signal=39%	
VASOPRESSIN REGULATED WATER REABSORPTION%WIKIPATHWAYS_20260211%WP5085%HOMO SAPIENS	VASOPRESSIN REGULATED WATER REABSORPTION%WIKIPATHWAYS_20260211%WP5085%HOMO SAPIENS		28	0.46654484	1.4199209	0.04994797	0.2476637	1.0	2669	tags=39%, list=20%, signal=49%	
REGULATION OF CYTOPLASMIC TRANSLATION%GOBP%GO:2000765	REGULATION OF CYTOPLASMIC TRANSLATION%GOBP%GO:2000765		36	0.4334172	1.4198847	0.050515465	0.24729319	1.0	1616	tags=33%, list=12%, signal=38%	
POSITIVE REGULATION OF BINDING%GOBP%GO:0051099	POSITIVE REGULATION OF BINDING%GOBP%GO:0051099		31	0.4497467	1.4192768	0.054507338	0.24785985	1.0	2696	tags=45%, list=20%, signal=56%	
NEGATIVE REGULATION OF T CELL ACTIVATION%GOBP%GO:0050868	NEGATIVE REGULATION OF T CELL ACTIVATION%GOBP%GO:0050868		65	0.38680187	1.4191078	0.01997897	0.24772766	1.0	1374	tags=23%, list=10%, signal=26%	
MULTICELLULAR ORGANISMAL-LEVEL CHEMICAL HOMEOSTASIS%GOBP%GO:0140962	MULTICELLULAR ORGANISMAL-LEVEL CHEMICAL HOMEOSTASIS%GOBP%GO:0140962		40	0.42719713	1.4189179	0.045081966	0.24762277	1.0	1787	tags=33%, list=13%, signal=37%	
HALLMARK_IL2_STAT5_SIGNALING%MSIGDBHALLMARK%HALLMARK_IL2_STAT5_SIGNALING	HALLMARK_IL2_STAT5_SIGNALING%MSIGDBHALLMARK%HALLMARK_IL2_STAT5_SIGNALING		126	0.3479943	1.4187781	0.008492569	0.24743456	1.0	1968	tags=21%, list=15%, signal=24%	
MATURATION OF TCA ENZYMES AND REGULATION OF TCA CYCLE%REACTOME DATABASE ID RELEASE 95%9854311	MATURATION OF TCA ENZYMES AND REGULATION OF TCA CYCLE%REACTOME DATABASE ID RELEASE 95%9854311		17	0.5198745	1.4180163	0.06378601	0.24832885	1.0	2262	tags=29%, list=17%, signal=35%	
FOREBRAIN GENERATION OF NEURONS%GOBP%GO:0021872	FOREBRAIN GENERATION OF NEURONS%GOBP%GO:0021872		21	0.49801603	1.4175782	0.06212425	0.24865836	1.0	1138	tags=29%, list=8%, signal=31%	
REGULATION OF GLUCAN BIOSYNTHETIC PROCESS%GOBP%GO:0010962	REGULATION OF GLUCAN BIOSYNTHETIC PROCESS%GOBP%GO:0010962		20	0.49594292	1.4175271	0.06767677	0.24832357	1.0	1273	tags=35%, list=9%, signal=39%	
REGULATION OF AUTOPHAGOSOME ASSEMBLY%GOBP%GO:2000785	REGULATION OF AUTOPHAGOSOME ASSEMBLY%GOBP%GO:2000785		41	0.43023995	1.417211	0.05344296	0.24840239	1.0	2841	tags=37%, list=21%, signal=46%	
MITOCHONDRIAL PROTEIN DEGRADATION%REACTOME%R-HSA-9837999.2	MITOCHONDRIAL PROTEIN DEGRADATION%REACTOME%R-HSA-9837999.2		80	0.37221268	1.4171318	0.014238773	0.24810834	1.0	3621	tags=39%, list=27%, signal=53%	
NEUROPEPTIDE SIGNALING PATHWAY%GOBP%GO:0007218	NEUROPEPTIDE SIGNALING PATHWAY%GOBP%GO:0007218		31	0.45468172	1.4166737	0.05141129	0.24851535	1.0	1720	tags=29%, list=13%, signal=33%	
PARKIN UBIQUITIN PROTEASOMAL SYSTEM PATHWAY%WIKIPATHWAYS_20260211%WP2359%HOMO SAPIENS	PARKIN UBIQUITIN PROTEASOMAL SYSTEM PATHWAY%WIKIPATHWAYS_20260211%WP2359%HOMO SAPIENS		44	0.4164217	1.4153216	0.04366812	0.25047025	1.0	2203	tags=36%, list=16%, signal=43%	
CELL ACTIVATION INVOLVED IN IMMUNE RESPONSE%GOBP%GO:0002263	CELL ACTIVATION INVOLVED IN IMMUNE RESPONSE%GOBP%GO:0002263		78	0.37421617	1.4145683	0.023305085	0.2512526	1.0	3355	tags=40%, list=25%, signal=53%	
MICRORNA (MIRNA) BIOGENESIS%REACTOME%R-HSA-203927.5	MICRORNA (MIRNA) BIOGENESIS%REACTOME%R-HSA-203927.5		24	0.4813868	1.4143758	0.07629705	0.2511719	1.0	1894	tags=29%, list=14%, signal=34%	
PROGRAMMED CELL DEATH%REACTOME DATABASE ID RELEASE 95%5357801	PROGRAMMED CELL DEATH%REACTOME DATABASE ID RELEASE 95%5357801		164	0.33630213	1.4137462	0.007821229	0.2517693	1.0	3102	tags=35%, list=23%, signal=45%	
MELANOSOME LOCALIZATION%GOBP%GO:0032400	MELANOSOME LOCALIZATION%GOBP%GO:0032400		18	0.5159215	1.41245	0.07782101	0.25354427	1.0	1782	tags=22%, list=13%, signal=26%	
SCF-DEPENDENT PROTEASOMAL UBIQUITIN-DEPENDENT PROTEIN CATABOLIC PROCESS%GOBP%GO:0031146	SCF-DEPENDENT PROTEASOMAL UBIQUITIN-DEPENDENT PROTEIN CATABOLIC PROCESS%GOBP%GO:0031146		70	0.3801235	1.4123213	0.023354564	0.25335613	1.0	2374	tags=33%, list=18%, signal=40%	
REGULATION OF GLYCOGEN BIOSYNTHETIC PROCESS%GOBP%GO:0005979	REGULATION OF GLYCOGEN BIOSYNTHETIC PROCESS%GOBP%GO:0005979		20	0.49594292	1.4112767	0.071	0.25469485	1.0	1273	tags=35%, list=9%, signal=39%	
DNA-TEMPLATED TRANSCRIPTION ELONGATION%GOBP%GO:0006354	DNA-TEMPLATED TRANSCRIPTION ELONGATION%GOBP%GO:0006354		56	0.39885896	1.4109623	0.04261954	0.2548086	1.0	2730	tags=32%, list=20%, signal=40%	
HALLMARK_INTERFERON_GAMMA_RESPONSE%MSIGDBHALLMARK%HALLMARK_INTERFERON_GAMMA_RESPONSE	HALLMARK_INTERFERON_GAMMA_RESPONSE%MSIGDBHALLMARK%HALLMARK_INTERFERON_GAMMA_RESPONSE		131	0.34256315	1.4107069	0.016563147	0.25483102	1.0	1829	tags=18%, list=14%, signal=20%	
SPHINGOLIPID METABOLISM INTEGRATED PATHWAY%WIKIPATHWAYS_20260211%WP4726%HOMO SAPIENS	SPHINGOLIPID METABOLISM INTEGRATED PATHWAY%WIKIPATHWAYS_20260211%WP4726%HOMO SAPIENS		18	0.5122043	1.4099174	0.08	0.25578994	1.0	912	tags=17%, list=7%, signal=18%	
POSITIVE REGULATION OF EXOCYTOSIS%GOBP%GO:0045921	POSITIVE REGULATION OF EXOCYTOSIS%GOBP%GO:0045921		57	0.39462897	1.4094256	0.032460734	0.25623864	1.0	2091	tags=30%, list=15%, signal=35%	
DEFENSE RESPONSE TO VIRUS%GOBP%GO:0051607	DEFENSE RESPONSE TO VIRUS%GOBP%GO:0051607		146	0.3388161	1.4076163	0.005376344	0.25886497	1.0	3287	tags=31%, list=24%, signal=40%	
ORGANOPHOSPHATE ESTER TRANSPORT%GOBP%GO:0015748	ORGANOPHOSPHATE ESTER TRANSPORT%GOBP%GO:0015748		101	0.35708985	1.4072201	0.019292604	0.25915006	1.0	2114	tags=28%, list=16%, signal=33%	
ENDOTHELIN PATHWAYS%WIKIPATHWAYS_20260211%WP2197%HOMO SAPIENS	ENDOTHELIN PATHWAYS%WIKIPATHWAYS_20260211%WP2197%HOMO SAPIENS		21	0.49536097	1.4069912	0.07403545	0.25913098	1.0	803	tags=19%, list=6%, signal=20%	
GLYCEROLIPID CATABOLIC PROCESS%GOBP%GO:0046503	GLYCEROLIPID CATABOLIC PROCESS%GOBP%GO:0046503		35	0.4351329	1.4066763	0.060020346	0.25924352	1.0	2052	tags=29%, list=15%, signal=34%	
REGULATION OF CELLULAR RESPONSE TO HEAT%GOBP%GO:1900034	REGULATION OF CELLULAR RESPONSE TO HEAT%GOBP%GO:1900034		16	0.5254517	1.4056027	0.07494867	0.2606865	1.0	1750	tags=31%, list=13%, signal=36%	
THE ONCOGENIC ACTION OF 2-HYDROXYGLUTARATE%SMPDB%SMP0002291	THE ONCOGENIC ACTION OF 2-HYDROXYGLUTARATE%SMPDB%SMP0002291		24	0.4705582	1.4055761	0.07637475	0.2603195	1.0	2041	tags=29%, list=15%, signal=34%	
SARS-COV-1-HOST INTERACTIONS%REACTOME%R-HSA-9692914.3	SARS-COV-1-HOST INTERACTIONS%REACTOME%R-HSA-9692914.3		82	0.37199938	1.4048661	0.029473685	0.2611258	1.0	3214	tags=43%, list=24%, signal=56%	
ACTIN NUCLEATION%GOBP%GO:0045010	ACTIN NUCLEATION%GOBP%GO:0045010		19	0.5077971	1.4048522	0.073	0.26072595	1.0	506	tags=16%, list=4%, signal=16%	
INHIBITORS OF METABOLISM IN MELANOMA THERAPY%WIKIPATHWAYS_20260211%WP5609%HOMO SAPIENS	INHIBITORS OF METABOLISM IN MELANOMA THERAPY%WIKIPATHWAYS_20260211%WP5609%HOMO SAPIENS		24	0.4761332	1.4048352	0.05956113	0.26033098	1.0	1649	tags=33%, list=12%, signal=38%	
JOUBERT SYNDROME%SMPDB%SMP0000582	JOUBERT SYNDROME%SMPDB%SMP0000582		20	0.50483435	1.4045268	0.08622398	0.26047334	1.0	2267	tags=45%, list=17%, signal=54%	
HALLMARK_ANDROGEN_RESPONSE%MSIGDBHALLMARK%HALLMARK_ANDROGEN_RESPONSE	HALLMARK_ANDROGEN_RESPONSE%MSIGDBHALLMARK%HALLMARK_ANDROGEN_RESPONSE		61	0.39079303	1.4032199	0.035714287	0.26221463	1.0	2274	tags=31%, list=17%, signal=37%	
T-HELPER 1 TYPE IMMUNE RESPONSE%GOBP%GO:0042088	T-HELPER 1 TYPE IMMUNE RESPONSE%GOBP%GO:0042088		19	0.49881232	1.4027796	0.075962536	0.2625563	1.0	3355	tags=47%, list=25%, signal=63%	
ALPHA-BETA T CELL ACTIVATION%GOBP%GO:0046631	ALPHA-BETA T CELL ACTIVATION%GOBP%GO:0046631		54	0.39921734	1.4024062	0.039795917	0.26276135	1.0	3440	tags=39%, list=25%, signal=52%	
KRABBE DISEASE%PATHWHIZ%PW000502	KRABBE DISEASE%PATHWHIZ%PW000502		15	0.54209006	1.4021803	0.076767676	0.2627181	1.0	2326	tags=27%, list=17%, signal=32%	
PLASMA LIPOPROTEIN PARTICLE ORGANIZATION%GOBP%GO:0071827	PLASMA LIPOPROTEIN PARTICLE ORGANIZATION%GOBP%GO:0071827		23	0.47138917	1.4017965	0.07465825	0.26297167	1.0	2385	tags=30%, list=18%, signal=37%	
ENDOSOMAL SORTING COMPLEX REQUIRED FOR TRANSPORT (ESCRT)%REACTOME DATABASE ID RELEASE 95%917729	ENDOSOMAL SORTING COMPLEX REQUIRED FOR TRANSPORT (ESCRT)%REACTOME DATABASE ID RELEASE 95%917729		31	0.44703692	1.4009429	0.060732983	0.26406756	1.0	3298	tags=61%, list=24%, signal=81%	
PID_NFKAPPAB_CANONICAL_PATHWAY%MSIGDB_C2%PID_NFKAPPAB_CANONICAL_PATHWAY	PID_NFKAPPAB_CANONICAL_PATHWAY%MSIGDB_C2%PID_NFKAPPAB_CANONICAL_PATHWAY		19	0.50492334	1.3994573	0.08097166	0.26616815	1.0	2050	tags=37%, list=15%, signal=43%	
RESPONSE TO ENDOPLASMIC RETICULUM STRESS%GOBP%GO:0034976	RESPONSE TO ENDOPLASMIC RETICULUM STRESS%GOBP%GO:0034976		178	0.32957798	1.3987602	0.0088691795	0.26698583	1.0	2968	tags=29%, list=22%, signal=36%	
NEGATIVE REGULATION OF CYTOKINE-MEDIATED SIGNALING PATHWAY%GOBP%GO:0001960	NEGATIVE REGULATION OF CYTOKINE-MEDIATED SIGNALING PATHWAY%GOBP%GO:0001960		51	0.40095073	1.3986818	0.044324324	0.2667095	1.0	1552	tags=20%, list=11%, signal=22%	
HEDGEHOG 'OFF' STATE%REACTOME DATABASE ID RELEASE 95%5610787	HEDGEHOG 'OFF' STATE%REACTOME DATABASE ID RELEASE 95%5610787		82	0.36513	1.3982295	0.029087262	0.2670695	1.0	1716	tags=26%, list=13%, signal=29%	
GLOBOID CELL LEUKODYSTROPHY%PATHWHIZ%PW000202	GLOBOID CELL LEUKODYSTROPHY%PATHWHIZ%PW000202		15	0.54209006	1.3975673	0.08970439	0.2678135	1.0	2326	tags=27%, list=17%, signal=32%	
LIPID TRANSPORT%GOBP%GO:0006869	LIPID TRANSPORT%GOBP%GO:0006869		157	0.33396718	1.3969843	0.005458515	0.26839834	1.0	2112	tags=22%, list=16%, signal=26%	
RIBOSOMAL SMALL SUBUNIT BIOGENESIS%GOBP%GO:0042274	RIBOSOMAL SMALL SUBUNIT BIOGENESIS%GOBP%GO:0042274		100	0.35312176	1.396976	0.017039403	0.26798555	1.0	3752	tags=38%, list=28%, signal=52%	
COPPER HOMEOSTASIS%WIKIPATHWAYS_20260211%WP3286%HOMO SAPIENS	COPPER HOMEOSTASIS%WIKIPATHWAYS_20260211%WP3286%HOMO SAPIENS		34	0.4335313	1.3969755	0.06316917	0.26756313	1.0	2317	tags=41%, list=17%, signal=50%	
NICOTINATE METABOLISM%REACTOME%R-HSA-196807.8	NICOTINATE METABOLISM%REACTOME%R-HSA-196807.8		23	0.48015708	1.3968284	0.063872255	0.2674076	1.0	3249	tags=52%, list=24%, signal=69%	
APOPTOSIS%REACTOME DATABASE ID RELEASE 95%109581	APOPTOSIS%REACTOME DATABASE ID RELEASE 95%109581		140	0.33983892	1.3963948	0.009483667	0.26778919	1.0	3102	tags=36%, list=23%, signal=46%	
NEGATIVE REGULATION OF CELL-SUBSTRATE ADHESION%GOBP%GO:0010812	NEGATIVE REGULATION OF CELL-SUBSTRATE ADHESION%GOBP%GO:0010812		43	0.41513044	1.3963046	0.049945712	0.26751912	1.0	795	tags=19%, list=6%, signal=20%	
EFFECTS OF MFN2 MUTATION%WIKIPATHWAYS_20260211%WP5443%HOMO SAPIENS	EFFECTS OF MFN2 MUTATION%WIKIPATHWAYS_20260211%WP5443%HOMO SAPIENS		19	0.49519897	1.3957059	0.08167331	0.2681492	1.0	2469	tags=37%, list=18%, signal=45%	
RETROGRADE PROTEIN TRANSPORT, ER TO CYTOSOL%GOBP%GO:0030970	RETROGRADE PROTEIN TRANSPORT, ER TO CYTOSOL%GOBP%GO:0030970		16	0.52130824	1.3946474	0.08793456	0.26957315	1.0	3192	tags=56%, list=24%, signal=74%	
REGULATION OF PROTEASOMAL UBIQUITIN-DEPENDENT PROTEIN CATABOLIC PROCESS%GOBP%GO:0032434	REGULATION OF PROTEASOMAL UBIQUITIN-DEPENDENT PROTEIN CATABOLIC PROCESS%GOBP%GO:0032434		100	0.35279858	1.3933772	0.023206752	0.27134416	1.0	2889	tags=31%, list=21%, signal=39%	
LIPOPROTEIN BIOSYNTHETIC PROCESS%GOBP%GO:0042158	LIPOPROTEIN BIOSYNTHETIC PROCESS%GOBP%GO:0042158		29	0.45196164	1.392596	0.06134372	0.27224258	1.0	1316	tags=24%, list=10%, signal=27%	
MEMBRANE FISSION%GOBP%GO:0090148	MEMBRANE FISSION%GOBP%GO:0090148		43	0.4125706	1.3918092	0.05247225	0.27326018	1.0	3298	tags=53%, list=24%, signal=71%	
ENDOSOME ORGANIZATION%GOBP%GO:0007032	ENDOSOME ORGANIZATION%GOBP%GO:0007032		77	0.36964095	1.3900107	0.035445757	0.27603725	1.0	3139	tags=44%, list=23%, signal=57%	
CELLULAR RESPONSE TO OXYGEN LEVELS%GOBP%GO:0071453	CELLULAR RESPONSE TO OXYGEN LEVELS%GOBP%GO:0071453		78	0.36577198	1.3898376	0.019507186	0.2759162	1.0	2552	tags=28%, list=19%, signal=35%	
MULTIVESICULAR BODY ORGANIZATION%GOBP%GO:0036257	MULTIVESICULAR BODY ORGANIZATION%GOBP%GO:0036257		32	0.43731794	1.3895044	0.07089947	0.2761015	1.0	3298	tags=56%, list=24%, signal=74%	
REGULATION OF CYTOSOLIC CALCIUM ION CONCENTRATION%GOBP%GO:0051480	REGULATION OF CYTOSOLIC CALCIUM ION CONCENTRATION%GOBP%GO:0051480		21	0.48914346	1.388991	0.07637475	0.27662757	1.0	4163	tags=48%, list=31%, signal=69%	
FATTY ACYL-COA BIOSYNTHESIS%REACTOME DATABASE ID RELEASE 95%75105	FATTY ACYL-COA BIOSYNTHESIS%REACTOME DATABASE ID RELEASE 95%75105		31	0.4409268	1.3881155	0.07423118	0.27775735	1.0	1433	tags=23%, list=11%, signal=25%	
TAIL-ANCHORED MEMBRANE PROTEIN INSERTION INTO ER MEMBRANE%GOBP%GO:0071816	TAIL-ANCHORED MEMBRANE PROTEIN INSERTION INTO ER MEMBRANE%GOBP%GO:0071816		15	0.528752	1.3880429	0.0977918	0.27746484	1.0	1940	tags=47%, list=14%, signal=54%	
ENDOPLASMIC RETICULUM TO CYTOSOL TRANSPORT%GOBP%GO:1903513	ENDOPLASMIC RETICULUM TO CYTOSOL TRANSPORT%GOBP%GO:1903513		16	0.52130824	1.387733	0.08950617	0.2775947	1.0	3192	tags=56%, list=24%, signal=74%	
APC C:CDH1 MEDIATED DEGRADATION OF CDC20 AND OTHER APC C:CDH1 TARGETED PROTEINS IN LATE MITOSIS EARLY G1%REACTOME DATABASE ID RELEASE 95%174178	APC C:CDH1 MEDIATED DEGRADATION OF CDC20 AND OTHER APC C:CDH1 TARGETED PROTEINS IN LATE MITOSIS EARLY G1%REACTOME DATABASE ID RELEASE 95%174178		60	0.38761416	1.3867787	0.034736842	0.27880284	1.0	3355	tags=47%, list=25%, signal=62%	
POSITIVE REGULATION OF PROTEASOMAL UBIQUITIN-DEPENDENT PROTEIN CATABOLIC PROCESS%GOBP%GO:0032436	POSITIVE REGULATION OF PROTEASOMAL UBIQUITIN-DEPENDENT PROTEIN CATABOLIC PROCESS%GOBP%GO:0032436		56	0.3914971	1.38658	0.043209877	0.27871943	1.0	1445	tags=23%, list=11%, signal=26%	
EPIDERMIS DEVELOPMENT%GOBP%GO:0008544	EPIDERMIS DEVELOPMENT%GOBP%GO:0008544		77	0.36725616	1.3864241	0.034042552	0.2785925	1.0	2825	tags=31%, list=21%, signal=39%	
THE ONCOGENIC ACTION OF L-2-HYDROXYGLUTARATE IN HYDROXYGLUTARIC ACIDURIA%PATHWHIZ%PW002451	THE ONCOGENIC ACTION OF L-2-HYDROXYGLUTARATE IN HYDROXYGLUTARIC ACIDURIA%PATHWHIZ%PW002451		26	0.4597839	1.3859088	0.07521187	0.27906543	1.0	2041	tags=27%, list=15%, signal=32%	
NEGATIVE REGULATION OF FOCAL ADHESION ASSEMBLY%GOBP%GO:0051895	NEGATIVE REGULATION OF FOCAL ADHESION ASSEMBLY%GOBP%GO:0051895		16	0.51937866	1.3850619	0.084	0.2801795	1.0	1648	tags=31%, list=12%, signal=36%	
REGULATION OF PYRUVATE METABOLISM%REACTOME DATABASE ID RELEASE 95%9861718	REGULATION OF PYRUVATE METABOLISM%REACTOME DATABASE ID RELEASE 95%9861718		30	0.44904163	1.3848655	0.069815196	0.28012925	1.0	3362	tags=53%, list=25%, signal=71%	
RESPONSE TO METAL ION%GOBP%GO:0010038	RESPONSE TO METAL ION%GOBP%GO:0010038		132	0.33949926	1.3847665	0.01750547	0.27986845	1.0	2448	tags=33%, list=18%, signal=39%	
RNA POL II CTD PHOSPHORYLATION AND INTERACTION WITH CE DURING HIV INFECTION%REACTOME%R-HSA-167160.4	RNA POL II CTD PHOSPHORYLATION AND INTERACTION WITH CE DURING HIV INFECTION%REACTOME%R-HSA-167160.4		26	0.4638203	1.3846424	0.075987846	0.27966243	1.0	2162	tags=38%, list=16%, signal=46%	
NEGATIVE REGULATION OF ANTIGEN RECEPTOR-MEDIATED SIGNALING PATHWAY%GOBP%GO:0050858	NEGATIVE REGULATION OF ANTIGEN RECEPTOR-MEDIATED SIGNALING PATHWAY%GOBP%GO:0050858		27	0.45381856	1.3846071	0.07121364	0.2792978	1.0	2112	tags=22%, list=16%, signal=26%	
INTRA-GOLGI AND RETROGRADE GOLGI-TO-ER TRAFFIC%REACTOME DATABASE ID RELEASE 95%6811442	INTRA-GOLGI AND RETROGRADE GOLGI-TO-ER TRAFFIC%REACTOME DATABASE ID RELEASE 95%6811442		177	0.3242112	1.3845363	0.0078037903	0.2790097	1.0	3013	tags=36%, list=22%, signal=46%	
ENDOSOME TO LYSOSOME TRANSPORT%GOBP%GO:0008333	ENDOSOME TO LYSOSOME TRANSPORT%GOBP%GO:0008333		58	0.3834482	1.3838805	0.044493884	0.27980012	1.0	2842	tags=41%, list=21%, signal=52%	
REGULATION OF MIRNA-MEDIATED GENE SILENCING%GOBP%GO:0060964	REGULATION OF MIRNA-MEDIATED GENE SILENCING%GOBP%GO:0060964		25	0.46448234	1.3828194	0.07370518	0.28131574	1.0	2503	tags=32%, list=19%, signal=39%	
LIPOPROTEIN METABOLIC PROCESS%GOBP%GO:0042157	LIPOPROTEIN METABOLIC PROCESS%GOBP%GO:0042157		39	0.41466507	1.3824378	0.06082474	0.28157243	1.0	1316	tags=23%, list=10%, signal=25%	
DEVELOPMENTAL PIGMENTATION%GOBP%GO:0048066	DEVELOPMENTAL PIGMENTATION%GOBP%GO:0048066		18	0.49992937	1.3808739	0.078756474	0.28400996	1.0	2573	tags=33%, list=19%, signal=41%	
TCF DEPENDENT SIGNALING IN RESPONSE TO WNT%REACTOME%R-HSA-201681.3	TCF DEPENDENT SIGNALING IN RESPONSE TO WNT%REACTOME%R-HSA-201681.3		137	0.33523998	1.3801106	0.013756614	0.28500906	1.0	3102	tags=34%, list=23%, signal=44%	
APC C:CDC20 MEDIATED DEGRADATION OF MITOTIC PROTEINS%REACTOME DATABASE ID RELEASE 95%176409	APC C:CDC20 MEDIATED DEGRADATION OF MITOTIC PROTEINS%REACTOME DATABASE ID RELEASE 95%176409		62	0.378995	1.3800648	0.03212435	0.2846671	1.0	3355	tags=45%, list=25%, signal=60%	
LIPID LOCALIZATION%GOBP%GO:0010876	LIPID LOCALIZATION%GOBP%GO:0010876		158	0.3316571	1.3798339	0.018378379	0.28466305	1.0	2112	tags=22%, list=16%, signal=26%	
POSITIVE REGULATION OF UBIQUITIN-DEPENDENT PROTEIN CATABOLIC PROCESS%GOBP%GO:2000060	POSITIVE REGULATION OF UBIQUITIN-DEPENDENT PROTEIN CATABOLIC PROCESS%GOBP%GO:2000060		74	0.37141562	1.3796264	0.03755365	0.28461838	1.0	1445	tags=20%, list=11%, signal=23%	
MTORC1-MEDIATED SIGNALLING%REACTOME DATABASE ID RELEASE 95%166208	MTORC1-MEDIATED SIGNALLING%REACTOME DATABASE ID RELEASE 95%166208		24	0.4656853	1.3794144	0.07929969	0.28458446	1.0	2459	tags=33%, list=18%, signal=41%	
REGULATION OF VASCULOGENESIS%GOBP%GO:2001212	REGULATION OF VASCULOGENESIS%GOBP%GO:2001212		15	0.5310501	1.3789551	0.095944606	0.2850208	1.0	986	tags=33%, list=7%, signal=36%	
PHASE II - CONJUGATION OF COMPOUNDS%REACTOME DATABASE ID RELEASE 95%156580	PHASE II - CONJUGATION OF COMPOUNDS%REACTOME DATABASE ID RELEASE 95%156580		54	0.39436787	1.3788347	0.04425711	0.28481165	1.0	2362	tags=31%, list=17%, signal=38%	
MATURATION OF SSU-RRNA%GOBP%GO:0030490	MATURATION OF SSU-RRNA%GOBP%GO:0030490		64	0.37707165	1.3782752	0.035218783	0.2854201	1.0	4719	tags=55%, list=35%, signal=84%	
REGULATION OF POST-TRANSCRIPTIONAL GENE SILENCING BY REGULATORY NCRNA%GOBP%GO:1900368	REGULATION OF POST-TRANSCRIPTIONAL GENE SILENCING BY REGULATORY NCRNA%GOBP%GO:1900368		25	0.46448234	1.3777485	0.07556936	0.28596374	1.0	2503	tags=32%, list=19%, signal=39%	
RETROGRADE TRANSPORT AT THE TRANS-GOLGI-NETWORK%REACTOME%R-HSA-6811440.2	RETROGRADE TRANSPORT AT THE TRANS-GOLGI-NETWORK%REACTOME%R-HSA-6811440.2		49	0.39577624	1.3775532	0.054582905	0.285897	1.0	3013	tags=39%, list=22%, signal=50%	
STEROL METABOLIC PROCESS%GOBP%GO:0016125	STEROL METABOLIC PROCESS%GOBP%GO:0016125		56	0.38689855	1.3773139	0.054325957	0.28587043	1.0	2840	tags=38%, list=21%, signal=47%	
LYSOSOME LOCALIZATION%GOBP%GO:0032418	LYSOSOME LOCALIZATION%GOBP%GO:0032418		33	0.43404153	1.376939	0.06467662	0.2861081	1.0	1569	tags=30%, list=12%, signal=34%	
T-HELPER 1 CELL DIFFERENTIATION%GOBP%GO:0045063	T-HELPER 1 CELL DIFFERENTIATION%GOBP%GO:0045063		17	0.5122571	1.3763905	0.09025641	0.28670567	1.0	3355	tags=53%, list=25%, signal=70%	
REGULATION OF CARDIAC MUSCLE CONTRACTION BY CALCIUM ION SIGNALING%GOBP%GO:0010882	REGULATION OF CARDIAC MUSCLE CONTRACTION BY CALCIUM ION SIGNALING%GOBP%GO:0010882		24	0.4656181	1.3763342	0.084199585	0.28638586	1.0	2636	tags=38%, list=20%, signal=47%	
RETICULOPHAGY%GOBP%GO:0061709	RETICULOPHAGY%GOBP%GO:0061709		19	0.49142477	1.3761451	0.095975235	0.28631896	1.0	1955	tags=32%, list=14%, signal=37%	
TARGETED AGENTS IN TRIPLE NEGATIVE BREAST CANCER%WIKIPATHWAYS_20260211%WP5215%HOMO SAPIENS	TARGETED AGENTS IN TRIPLE NEGATIVE BREAST CANCER%WIKIPATHWAYS_20260211%WP5215%HOMO SAPIENS		32	0.43870685	1.3754985	0.06653226	0.28704283	1.0	2542	tags=34%, list=19%, signal=42%	
NEGATIVE REGULATION OF TORC1 SIGNALING%GOBP%GO:1904262	NEGATIVE REGULATION OF TORC1 SIGNALING%GOBP%GO:1904262		43	0.40648624	1.3751835	0.053971488	0.2871921	1.0	3296	tags=35%, list=24%, signal=46%	
REGULATION OF AUTOPHAGY OF MITOCHONDRION%GOBP%GO:1903146	REGULATION OF AUTOPHAGY OF MITOCHONDRION%GOBP%GO:1903146		39	0.41379413	1.3750339	0.053224154	0.28703997	1.0	2954	tags=41%, list=22%, signal=52%	
RIP-MEDIATED NFKB ACTIVATION VIA ZBP1%REACTOME DATABASE ID RELEASE 95%1810476	RIP-MEDIATED NFKB ACTIVATION VIA ZBP1%REACTOME DATABASE ID RELEASE 95%1810476		15	0.52755976	1.3746063	0.10135135	0.28741595	1.0	2787	tags=40%, list=21%, signal=50%	
NEGATIVE REGULATION OF ESTABLISHMENT OF PROTEIN LOCALIZATION%GOBP%GO:1904950	NEGATIVE REGULATION OF ESTABLISHMENT OF PROTEIN LOCALIZATION%GOBP%GO:1904950		69	0.37430763	1.3743995	0.040084388	0.28739178	1.0	3146	tags=35%, list=23%, signal=45%	
REGULATION OF POST-TRANSCRIPTIONAL GENE SILENCING%GOBP%GO:0060147	REGULATION OF POST-TRANSCRIPTIONAL GENE SILENCING%GOBP%GO:0060147		25	0.46448234	1.3735175	0.08291708	0.28856248	1.0	2503	tags=32%, list=19%, signal=39%	
NEGATIVE REGULATION OF RESPONSE TO CYTOKINE STIMULUS%GOBP%GO:0060761	NEGATIVE REGULATION OF RESPONSE TO CYTOKINE STIMULUS%GOBP%GO:0060761		54	0.38699275	1.3725435	0.0507772	0.28989986	1.0	1552	tags=19%, list=11%, signal=21%	
ABORTIVE ELONGATION OF HIV-1 TRANSCRIPT IN THE ABSENCE OF TAT%REACTOME DATABASE ID RELEASE 95%167242	ABORTIVE ELONGATION OF HIV-1 TRANSCRIPT IN THE ABSENCE OF TAT%REACTOME DATABASE ID RELEASE 95%167242		23	0.46793425	1.3710654	0.084349595	0.2922182	1.0	1894	tags=30%, list=14%, signal=35%	
MULTIVESICULAR BODY ASSEMBLY%GOBP%GO:0036258	MULTIVESICULAR BODY ASSEMBLY%GOBP%GO:0036258		31	0.43962523	1.3708792	0.06505771	0.2921373	1.0	3298	tags=58%, list=24%, signal=77%	
ALPHA9 BETA1 INTEGRIN SIGNALING EVENTS%PATHWAY INTERACTION DATABASE NCI-NATURE CURATED DATA%ALPHA9 BETA1 INTEGRIN SIGNALING EVENTS	ALPHA9 BETA1 INTEGRIN SIGNALING EVENTS%PATHWAY INTERACTION DATABASE NCI-NATURE CURATED DATA%ALPHA9 BETA1 INTEGRIN SIGNALING EVENTS		19	0.48856193	1.3702207	0.10604559	0.2929509	1.0	1080	tags=21%, list=8%, signal=23%	
NUCLEOPHAGY%GOBP%GO:0044804	NUCLEOPHAGY%GOBP%GO:0044804		22	0.47457856	1.369137	0.09650924	0.29452786	1.0	1263	tags=23%, list=9%, signal=25%	
SIGNALING BY HIPPO%REACTOME%R-HSA-2028269.3	SIGNALING BY HIPPO%REACTOME%R-HSA-2028269.3		19	0.49098113	1.3690426	0.090823084	0.29425573	1.0	2632	tags=42%, list=19%, signal=52%	
RNA POLYMERASE III TRANSCRIPTION INITIATION%REACTOME%R-HSA-76046.4	RNA POLYMERASE III TRANSCRIPTION INITIATION%REACTOME%R-HSA-76046.4		36	0.41619238	1.3653646	0.06320082	0.30080235	1.0	3187	tags=33%, list=24%, signal=44%	
TRANSCRIPTIONAL REGULATION BY SMALL RNAS%REACTOME%R-HSA-5578749.8	TRANSCRIPTIONAL REGULATION BY SMALL RNAS%REACTOME%R-HSA-5578749.8		17	0.49747655	1.3653636	0.09422492	0.3003679	1.0	2276	tags=41%, list=17%, signal=49%	
ANTIGEN PRESENTATION: FOLDING, ASSEMBLY AND PEPTIDE LOADING OF CLASS I MHC%REACTOME DATABASE ID RELEASE 95%983170	ANTIGEN PRESENTATION: FOLDING, ASSEMBLY AND PEPTIDE LOADING OF CLASS I MHC%REACTOME DATABASE ID RELEASE 95%983170		28	0.44236696	1.3650953	0.08085977	0.30043653	1.0	2146	tags=29%, list=16%, signal=34%	
VACUOLAR LOCALIZATION%GOBP%GO:1990849	VACUOLAR LOCALIZATION%GOBP%GO:1990849		34	0.42977652	1.3648478	0.059748426	0.30047792	1.0	1569	tags=29%, list=12%, signal=33%	
POSITIVE REGULATION OF TYPE II INTERFERON PRODUCTION%GOBP%GO:0032729	POSITIVE REGULATION OF TYPE II INTERFERON PRODUCTION%GOBP%GO:0032729		44	0.39941373	1.3630091	0.06298342	0.30360466	1.0	3001	tags=30%, list=22%, signal=38%	
POSITIVE REGULATION OF ALPHA-BETA T CELL DIFFERENTIATION%GOBP%GO:0046638	POSITIVE REGULATION OF ALPHA-BETA T CELL DIFFERENTIATION%GOBP%GO:0046638		24	0.4565555	1.3622608	0.090814196	0.3045708	1.0	416	tags=17%, list=3%, signal=17%	
CYTOSOLIC DNA SENSING PATHWAY%WIKIPATHWAYS_20260211%WP4655%HOMO SAPIENS	CYTOSOLIC DNA SENSING PATHWAY%WIKIPATHWAYS_20260211%WP4655%HOMO SAPIENS		44	0.40286237	1.3613482	0.06176784	0.3059333	1.0	1926	tags=30%, list=14%, signal=34%	
MITOCHONDRIAL TRANSLATION INITIATION%REACTOME%R-HSA-5368286.3	MITOCHONDRIAL TRANSLATION INITIATION%REACTOME%R-HSA-5368286.3		85	0.34893584	1.3610641	0.036923077	0.3060505	1.0	3804	tags=48%, list=28%, signal=67%	
VESICLE DOCKING INVOLVED IN EXOCYTOSIS%GOBP%GO:0006904	VESICLE DOCKING INVOLVED IN EXOCYTOSIS%GOBP%GO:0006904		28	0.4451642	1.3608187	0.0731205	0.30608693	1.0	2471	tags=39%, list=18%, signal=48%	
CELLULAR RESPONSE TO CHEMICAL STRESS%REACTOME DATABASE ID RELEASE 95%9711123	CELLULAR RESPONSE TO CHEMICAL STRESS%REACTOME DATABASE ID RELEASE 95%9711123		164	0.3217548	1.3600594	0.026497696	0.30709943	1.0	3102	tags=34%, list=23%, signal=43%	
PCP CE PATHWAY%REACTOME%R-HSA-4086400.4	PCP CE PATHWAY%REACTOME%R-HSA-4086400.4		73	0.36507383	1.3596815	0.04	0.3073511	1.0	3355	tags=38%, list=25%, signal=51%	
THE ONCOGENIC ACTION OF FUMARATE%PATHWHIZ%PW002363	THE ONCOGENIC ACTION OF FUMARATE%PATHWHIZ%PW002363		26	0.4550555	1.3595982	0.088751286	0.3070765	1.0	2041	tags=31%, list=15%, signal=36%	
RIBONUCLEOSIDE TRIPHOSPHATE BIOSYNTHETIC PROCESS%GOBP%GO:0009201	RIBONUCLEOSIDE TRIPHOSPHATE BIOSYNTHETIC PROCESS%GOBP%GO:0009201		56	0.37834466	1.3587174	0.054979254	0.30834666	1.0	3852	tags=48%, list=29%, signal=67%	
PHOSPHATIDYL INOSITOL PHOSPHATE PATHWAY%WIKIPATHWAYS_20260211%WP5411%HOMO SAPIENS	PHOSPHATIDYL INOSITOL PHOSPHATE PATHWAY%WIKIPATHWAYS_20260211%WP5411%HOMO SAPIENS		32	0.42890197	1.3579919	0.07748691	0.30936462	1.0	2277	tags=38%, list=17%, signal=45%	
ZINC HOMEOSTASIS%WIKIPATHWAYS_20260211%WP3529%HOMO SAPIENS	ZINC HOMEOSTASIS%WIKIPATHWAYS_20260211%WP3529%HOMO SAPIENS		20	0.48064983	1.3569566	0.102642275	0.31095937	1.0	487	tags=20%, list=4%, signal=21%	
OBSOLETE PROTEIN TARGETING TO MITOCHONDRION%GOBP%GO:0006626	OBSOLETE PROTEIN TARGETING TO MITOCHONDRION%GOBP%GO:0006626		24	0.4617556	1.3569168	0.0851735	0.3105932	1.0	3015	tags=38%, list=22%, signal=48%	
GOLGI TO PLASMA MEMBRANE TRANSPORT%GOBP%GO:0006893	GOLGI TO PLASMA MEMBRANE TRANSPORT%GOBP%GO:0006893		51	0.39029956	1.3561759	0.05549738	0.31158197	1.0	3049	tags=39%, list=23%, signal=50%	
FOREBRAIN NEURON DIFFERENTIATION%GOBP%GO:0021879	FOREBRAIN NEURON DIFFERENTIATION%GOBP%GO:0021879		18	0.49096522	1.3561107	0.10607621	0.31126475	1.0	1081	tags=28%, list=8%, signal=30%	
THE ONCOGENIC ACTION OF SUCCINATE%PATHWHIZ%PW002360	THE ONCOGENIC ACTION OF SUCCINATE%PATHWHIZ%PW002360		26	0.4550555	1.3559431	0.08853119	0.3111528	1.0	2041	tags=31%, list=15%, signal=36%	
FORMATION OF THE HIV-1 EARLY ELONGATION COMPLEX%REACTOME DATABASE ID RELEASE 95%167158	FORMATION OF THE HIV-1 EARLY ELONGATION COMPLEX%REACTOME DATABASE ID RELEASE 95%167158		32	0.42627636	1.3557576	0.06984127	0.31107715	1.0	2162	tags=31%, list=16%, signal=37%	
8P23 1 COPY NUMBER VARIATION SYNDROME%WIKIPATHWAYS_20260211%WP5346%HOMO SAPIENS	8P23 1 COPY NUMBER VARIATION SYNDROME%WIKIPATHWAYS_20260211%WP5346%HOMO SAPIENS		32	0.42805296	1.3557389	0.07745779	0.31066892	1.0	803	tags=19%, list=6%, signal=20%	
PID_TNF_PATHWAY%MSIGDB_C2%PID_TNF_PATHWAY	PID_TNF_PATHWAY%MSIGDB_C2%PID_TNF_PATHWAY		35	0.42080534	1.3547844	0.07157677	0.3120676	1.0	1071	tags=23%, list=8%, signal=25%	
RETROGRADE AXONAL TRANSPORT%GOBP%GO:0008090	RETROGRADE AXONAL TRANSPORT%GOBP%GO:0008090		16	0.5125776	1.3547403	0.112033196	0.31171724	1.0	3301	tags=50%, list=24%, signal=66%	
TARGETING YAP IN PANCREATIC DUCTAL ADENOCARCINOMA PDAC %WIKIPATHWAYS_20260211%WP5495%HOMO SAPIENS	TARGETING YAP IN PANCREATIC DUCTAL ADENOCARCINOMA PDAC %WIKIPATHWAYS_20260211%WP5495%HOMO SAPIENS		16	0.5106202	1.353732	0.11740891	0.31327027	1.0	1829	tags=38%, list=14%, signal=43%	
REGULATION OF NEUROTRANSMITTER TRANSPORT%GOBP%GO:0051588	REGULATION OF NEUROTRANSMITTER TRANSPORT%GOBP%GO:0051588		47	0.3938448	1.352593	0.05919003	0.31504965	1.0	2448	tags=26%, list=18%, signal=31%	
T-HELPER CELL DIFFERENTIATION%GOBP%GO:0042093	T-HELPER CELL DIFFERENTIATION%GOBP%GO:0042093		34	0.4158527	1.3519696	0.07699805	0.31584182	1.0	3355	tags=44%, list=25%, signal=59%	
AMINO ACID METABOLISM%WIKIPATHWAYS_20260211%WP3925%HOMO SAPIENS	AMINO ACID METABOLISM%WIKIPATHWAYS_20260211%WP3925%HOMO SAPIENS		42	0.39960063	1.3509265	0.07345226	0.31737652	1.0	3418	tags=40%, list=25%, signal=54%	
TNF ALPHA SIGNALING%WIKIPATHWAYS_20260211%WP231%HOMO SAPIENS	TNF ALPHA SIGNALING%WIKIPATHWAYS_20260211%WP231%HOMO SAPIENS		70	0.36494696	1.3508025	0.049484536	0.31719503	1.0	1956	tags=24%, list=14%, signal=28%	
NEGATIVE REGULATION OF WOUND HEALING%GOBP%GO:0061045	NEGATIVE REGULATION OF WOUND HEALING%GOBP%GO:0061045		34	0.41896886	1.3501997	0.081162326	0.31797153	1.0	303	tags=12%, list=2%, signal=12%	
PROTEIN DEPHOSPHORYLATION%GOBP%GO:0006470	PROTEIN DEPHOSPHORYLATION%GOBP%GO:0006470		71	0.36541146	1.3498116	0.053968254	0.31831956	1.0	729	tags=15%, list=5%, signal=16%	
ABC-FAMILY PROTEINS MEDIATED TRANSPORT%REACTOME%R-HSA-382556.6	ABC-FAMILY PROTEINS MEDIATED TRANSPORT%REACTOME%R-HSA-382556.6		74	0.36218774	1.3497919	0.05144033	0.31791806	1.0	3102	tags=43%, list=23%, signal=56%	
REGULATION OF EPITHELIAL CELL DIFFERENTIATION%GOBP%GO:0030856	REGULATION OF EPITHELIAL CELL DIFFERENTIATION%GOBP%GO:0030856		78	0.36058065	1.3487678	0.043704476	0.3195175	1.0	1276	tags=14%, list=9%, signal=15%	
3'-UTR-MEDIATED MRNA DESTABILIZATION%GOBP%GO:0061158	3'-UTR-MEDIATED MRNA DESTABILIZATION%GOBP%GO:0061158		20	0.4768045	1.3484081	0.095679015	0.3197604	1.0	1993	tags=35%, list=15%, signal=41%	
PID_ARF6_TRAFFICKING_PATHWAY%MSIGDB_C2%PID_ARF6_TRAFFICKING_PATHWAY	PID_ARF6_TRAFFICKING_PATHWAY%MSIGDB_C2%PID_ARF6_TRAFFICKING_PATHWAY		29	0.43703836	1.3470799	0.083930396	0.3220097	1.0	2228	tags=31%, list=16%, signal=37%	
MAPK6 MAPK4 SIGNALING%REACTOME%R-HSA-5687128.5	MAPK6 MAPK4 SIGNALING%REACTOME%R-HSA-5687128.5		70	0.36293885	1.3468062	0.05482456	0.32210287	1.0	3102	tags=37%, list=23%, signal=48%	
GENETIC CAUSES OF PORTO SINUSOIDAL VASCULAR DISEASE%WIKIPATHWAYS_20260211%WP5269%HOMO SAPIENS	GENETIC CAUSES OF PORTO SINUSOIDAL VASCULAR DISEASE%WIKIPATHWAYS_20260211%WP5269%HOMO SAPIENS		25	0.45072368	1.3459109	0.08838643	0.32344097	1.0	1460	tags=28%, list=11%, signal=31%	
PURINE NUCLEOTIDE BIOSYNTHETIC PROCESS%GOBP%GO:0006164	PURINE NUCLEOTIDE BIOSYNTHETIC PROCESS%GOBP%GO:0006164		97	0.34760097	1.3451178	0.047872342	0.32456684	1.0	2931	tags=36%, list=22%, signal=46%	
REGULATION OF NEUROTRANSMITTER SECRETION%GOBP%GO:0046928	REGULATION OF NEUROTRANSMITTER SECRETION%GOBP%GO:0046928		37	0.41259128	1.3450693	0.0625	0.32420486	1.0	2448	tags=27%, list=18%, signal=33%	
SEROTONIN HTR1 GROUP AND FOS PATHWAY%WIKIPATHWAYS_20260211%WP722%HOMO SAPIENS	SEROTONIN HTR1 GROUP AND FOS PATHWAY%WIKIPATHWAYS_20260211%WP722%HOMO SAPIENS		21	0.46936443	1.3447937	0.11122346	0.32430613	1.0	1458	tags=24%, list=11%, signal=27%	
FCGR3A-MEDIATED IL10 SYNTHESIS%REACTOME%R-HSA-9664323.3	FCGR3A-MEDIATED IL10 SYNTHESIS%REACTOME%R-HSA-9664323.3		25	0.4462264	1.3442285	0.08943089	0.32497346	1.0	2669	tags=36%, list=20%, signal=45%	
PROTEIN HOMOTETRAMERIZATION%GOBP%GO:0051289	PROTEIN HOMOTETRAMERIZATION%GOBP%GO:0051289		46	0.39483485	1.3439354	0.072186835	0.32512352	1.0	1670	tags=30%, list=12%, signal=35%	
GOLGI TO ENDOSOME TRANSPORT%GOBP%GO:0006895	GOLGI TO ENDOSOME TRANSPORT%GOBP%GO:0006895		16	0.50569886	1.3432512	0.11510032	0.32610154	1.0	2932	tags=56%, list=22%, signal=72%	
FORMATION OF THE EARLY ELONGATION COMPLEX%REACTOME%R-HSA-113418.5	FORMATION OF THE EARLY ELONGATION COMPLEX%REACTOME%R-HSA-113418.5		32	0.42627636	1.3432004	0.0817734	0.32574058	1.0	2162	tags=31%, list=16%, signal=37%	
FORMATION OF INCISION COMPLEX IN GG-NER%REACTOME%R-HSA-5696395.2	FORMATION OF INCISION COMPLEX IN GG-NER%REACTOME%R-HSA-5696395.2		41	0.39888355	1.3428968	0.07017544	0.3259232	1.0	3429	tags=41%, list=25%, signal=55%	
POSITIVE REGULATION OF VACUOLE ORGANIZATION%GOBP%GO:0044090	POSITIVE REGULATION OF VACUOLE ORGANIZATION%GOBP%GO:0044090		22	0.4658057	1.3420534	0.11064278	0.32724053	1.0	3666	tags=45%, list=27%, signal=62%	
RESPONSE TO HYDROGEN PEROXIDE%GOBP%GO:0042542	RESPONSE TO HYDROGEN PEROXIDE%GOBP%GO:0042542		37	0.40520778	1.3418604	0.077299416	0.32718435	1.0	3269	tags=38%, list=24%, signal=50%	
ION TRANSPORT BY P-TYPE ATPASES%REACTOME%R-HSA-936837.6	ION TRANSPORT BY P-TYPE ATPASES%REACTOME%R-HSA-936837.6		39	0.40921944	1.3418407	0.07900208	0.3267687	1.0	1076	tags=18%, list=8%, signal=19%	
MTOR SIGNALLING%REACTOME%R-HSA-165159.8	MTOR SIGNALLING%REACTOME%R-HSA-165159.8		39	0.4096729	1.341204	0.07435345	0.3276046	1.0	2459	tags=26%, list=18%, signal=31%	
HALLMARK_UV_RESPONSE_UP%MSIGDBHALLMARK%HALLMARK_UV_RESPONSE_UP	HALLMARK_UV_RESPONSE_UP%MSIGDBHALLMARK%HALLMARK_UV_RESPONSE_UP		113	0.33456156	1.3391799	0.03257329	0.3311904	1.0	1972	tags=24%, list=15%, signal=28%	
SPHINGOLIPID METABOLISM OVERVIEW%WIKIPATHWAYS_20260211%WP4725%HOMO SAPIENS	SPHINGOLIPID METABOLISM OVERVIEW%WIKIPATHWAYS_20260211%WP4725%HOMO SAPIENS		18	0.48920622	1.3388634	0.11746988	0.33138955	1.0	912	tags=17%, list=7%, signal=18%	
PTEN REGULATION%REACTOME%R-HSA-6807070.4	PTEN REGULATION%REACTOME%R-HSA-6807070.4		118	0.33269602	1.3388141	0.029835392	0.33104882	1.0	3102	tags=32%, list=23%, signal=41%	
FOXO-MEDIATED TRANSCRIPTION%REACTOME%R-HSA-9614085.3	FOXO-MEDIATED TRANSCRIPTION%REACTOME%R-HSA-9614085.3		54	0.38250563	1.3386574	0.06801275	0.33090973	1.0	1588	tags=19%, list=12%, signal=21%	
TRANSCRIPTION ELONGATION BY RNA POLYMERASE II%GOBP%GO:0006368	TRANSCRIPTION ELONGATION BY RNA POLYMERASE II%GOBP%GO:0006368		47	0.39255956	1.3382806	0.06526104	0.33118996	1.0	2730	tags=32%, list=20%, signal=40%	
ENTRAINMENT OF CIRCADIAN CLOCK BY PHOTOPERIOD%GOBP%GO:0043153	ENTRAINMENT OF CIRCADIAN CLOCK BY PHOTOPERIOD%GOBP%GO:0043153		21	0.4710797	1.3377539	0.097536944	0.33178303	1.0	1457	tags=29%, list=11%, signal=32%	
MEMORY%GOBP%GO:0007613	MEMORY%GOBP%GO:0007613		43	0.39552376	1.3370636	0.07971015	0.3327678	1.0	2536	tags=33%, list=19%, signal=40%	
AMYLOID FIBER FORMATION%REACTOME DATABASE ID RELEASE 95%977225	AMYLOID FIBER FORMATION%REACTOME DATABASE ID RELEASE 95%977225		34	0.41763943	1.3369826	0.0829918	0.33249608	1.0	3102	tags=35%, list=23%, signal=46%	
ENDOPLASMIC RETICULUM MEMBRANE ORGANIZATION%GOBP%GO:0090158	ENDOPLASMIC RETICULUM MEMBRANE ORGANIZATION%GOBP%GO:0090158		15	0.50788796	1.3357208	0.11100196	0.33462074	1.0	2535	tags=40%, list=19%, signal=49%	
REGULATION OF NEUROINFLAMMATORY RESPONSE%GOBP%GO:0150077	REGULATION OF NEUROINFLAMMATORY RESPONSE%GOBP%GO:0150077		19	0.4728679	1.3345497	0.11964107	0.33656722	1.0	803	tags=21%, list=6%, signal=22%	
NEGATIVE REGULATION OF CELL-SUBSTRATE JUNCTION ORGANIZATION%GOBP%GO:0150118	NEGATIVE REGULATION OF CELL-SUBSTRATE JUNCTION ORGANIZATION%GOBP%GO:0150118		17	0.48739803	1.3334793	0.10893033	0.33823925	1.0	787	tags=24%, list=6%, signal=25%	
CELL LINEAGE MAP FOR NEURONAL DIFFERENTIATION%WIKIPATHWAYS_20260211%WP5417%HOMO SAPIENS	CELL LINEAGE MAP FOR NEURONAL DIFFERENTIATION%WIKIPATHWAYS_20260211%WP5417%HOMO SAPIENS		64	0.36436257	1.3331381	0.052208837	0.3385022	1.0	1553	tags=22%, list=11%, signal=25%	
GLUCOCORTICOID RECEPTOR PATHWAY%WIKIPATHWAYS_20260211%WP2880%HOMO SAPIENS	GLUCOCORTICOID RECEPTOR PATHWAY%WIKIPATHWAYS_20260211%WP2880%HOMO SAPIENS		43	0.39591253	1.333089	0.0688592	0.338143	1.0	2862	tags=28%, list=21%, signal=35%	
MRNA CAPPING%REACTOME DATABASE ID RELEASE 95%72086	MRNA CAPPING%REACTOME DATABASE ID RELEASE 95%72086		28	0.43570617	1.3330545	0.09281437	0.33776772	1.0	2162	tags=36%, list=16%, signal=42%	
CD4-POSITIVE, ALPHA-BETA T CELL DIFFERENTIATION%GOBP%GO:0043367	CD4-POSITIVE, ALPHA-BETA T CELL DIFFERENTIATION%GOBP%GO:0043367		38	0.40726936	1.3328617	0.06871036	0.33770734	1.0	3355	tags=42%, list=25%, signal=56%	
MIRNA REGULATION OF P53 PATHWAY IN PROSTATE CANCER%WIKIPATHWAYS_20260211%WP3982%HOMO SAPIENS	MIRNA REGULATION OF P53 PATHWAY IN PROSTATE CANCER%WIKIPATHWAYS_20260211%WP3982%HOMO SAPIENS		20	0.47252005	1.3316056	0.10777202	0.3398978	1.0	583	tags=15%, list=4%, signal=16%	
PHOTOPERIODISM%GOBP%GO:0009648	PHOTOPERIODISM%GOBP%GO:0009648		22	0.46162686	1.331456	0.109913796	0.33974203	1.0	1457	tags=27%, list=11%, signal=31%	
PLATELET-DERIVED GROWTH FACTOR RECEPTOR SIGNALING PATHWAY%GOBP%GO:0048008	PLATELET-DERIVED GROWTH FACTOR RECEPTOR SIGNALING PATHWAY%GOBP%GO:0048008		17	0.4874197	1.3301167	0.13179916	0.34214053	1.0	2496	tags=29%, list=18%, signal=36%	
REGULATION OF HEMATOPOIETIC PROGENITOR CELL DIFFERENTIATION%GOBP%GO:1901532	REGULATION OF HEMATOPOIETIC PROGENITOR CELL DIFFERENTIATION%GOBP%GO:1901532		27	0.44032347	1.3295444	0.092805006	0.34286806	1.0	2482	tags=33%, list=18%, signal=41%	
BONE DEVELOPMENT%GOBP%GO:0060348	BONE DEVELOPMENT%GOBP%GO:0060348		62	0.36916262	1.3294692	0.06468172	0.34256843	1.0	1276	tags=19%, list=9%, signal=21%	
REGULATION OF B CELL ACTIVATION%GOBP%GO:0050864	REGULATION OF B CELL ACTIVATION%GOBP%GO:0050864		54	0.3807281	1.3288004	0.07135362	0.34345397	1.0	3269	tags=33%, list=24%, signal=44%	
NEURODEGENERATION WITH BRAIN IRON ACCUMULATION NBIA SUBTYPES PATHWAY%WIKIPATHWAYS_20260211%WP4577%HOMO SAPIENS	NEURODEGENERATION WITH BRAIN IRON ACCUMULATION NBIA SUBTYPES PATHWAY%WIKIPATHWAYS_20260211%WP4577%HOMO SAPIENS		33	0.42086318	1.3280545	0.09250244	0.34456173	1.0	1826	tags=27%, list=14%, signal=31%	
TRANS-GOLGI NETWORK VESICLE BUDDING%REACTOME DATABASE ID RELEASE 95%199992	TRANS-GOLGI NETWORK VESICLE BUDDING%REACTOME DATABASE ID RELEASE 95%199992		68	0.3590424	1.3278794	0.064989515	0.34448385	1.0	2581	tags=31%, list=19%, signal=38%	
PHENOL-CONTAINING COMPOUND METABOLIC PROCESS%GOBP%GO:0018958	PHENOL-CONTAINING COMPOUND METABOLIC PROCESS%GOBP%GO:0018958		24	0.4486226	1.3273193	0.110766046	0.345166	1.0	2914	tags=38%, list=22%, signal=48%	
NEGATIVE REGULATION OF PROTEIN PHOSPHORYLATION%GOBP%GO:0001933	NEGATIVE REGULATION OF PROTEIN PHOSPHORYLATION%GOBP%GO:0001933		87	0.34519976	1.3273057	0.057971016	0.34474248	1.0	2473	tags=30%, list=18%, signal=36%	
LAMELLIPODIUM ASSEMBLY%GOBP%GO:0030032	LAMELLIPODIUM ASSEMBLY%GOBP%GO:0030032		20	0.46678898	1.3269043	0.10618557	0.3451104	1.0	2802	tags=50%, list=21%, signal=63%	
SENESCENCE AND AUTOPHAGY IN CANCER%WIKIPATHWAYS_20260211%WP615%HOMO SAPIENS	SENESCENCE AND AUTOPHAGY IN CANCER%WIKIPATHWAYS_20260211%WP615%HOMO SAPIENS		71	0.3565955	1.326865	0.063424945	0.3447578	1.0	2979	tags=32%, list=22%, signal=41%	
CHAPERONE-MEDIATED PROTEIN COMPLEX ASSEMBLY%GOBP%GO:0051131	CHAPERONE-MEDIATED PROTEIN COMPLEX ASSEMBLY%GOBP%GO:0051131		16	0.5032007	1.3263786	0.13608871	0.34536138	1.0	1282	tags=25%, list=9%, signal=28%	
REGULATION OF COLD-INDUCED THERMOGENESIS%GOBP%GO:0120161	REGULATION OF COLD-INDUCED THERMOGENESIS%GOBP%GO:0120161		107	0.33734438	1.3263636	0.037117902	0.34493726	1.0	2608	tags=27%, list=19%, signal=33%	
BUDDING AND MATURATION OF HIV VIRION%REACTOME DATABASE ID RELEASE 95%162588	BUDDING AND MATURATION OF HIV VIRION%REACTOME DATABASE ID RELEASE 95%162588		28	0.43416843	1.3262924	0.10862944	0.34463507	1.0	3298	tags=61%, list=24%, signal=80%	
PROTEIN STABILIZATION%GOBP%GO:0050821	PROTEIN STABILIZATION%GOBP%GO:0050821		181	0.30987746	1.326285	0.019480519	0.34419978	1.0	3263	tags=31%, list=24%, signal=40%	
RESPONSE TO PURINE-CONTAINING COMPOUND%GOBP%GO:0014074	RESPONSE TO PURINE-CONTAINING COMPOUND%GOBP%GO:0014074		51	0.37790635	1.325931	0.07345226	0.34448254	1.0	1688	tags=25%, list=12%, signal=29%	
RESPONSE TO CALCIUM ION%GOBP%GO:0051592	RESPONSE TO CALCIUM ION%GOBP%GO:0051592		71	0.35600466	1.3258339	0.05057956	0.344244	1.0	2448	tags=34%, list=18%, signal=41%	
REGULATION OF TNFR1 SIGNALING%REACTOME DATABASE ID RELEASE 95%5357905	REGULATION OF TNFR1 SIGNALING%REACTOME DATABASE ID RELEASE 95%5357905		43	0.389599	1.3253273	0.096251264	0.34487215	1.0	2203	tags=28%, list=16%, signal=33%	
REGULATION OF TYPE II INTERFERON PRODUCTION%GOBP%GO:0032649	REGULATION OF TYPE II INTERFERON PRODUCTION%GOBP%GO:0032649		63	0.36871374	1.3250822	0.053403143	0.34496826	1.0	3372	tags=32%, list=25%, signal=42%	
CHEMOKINE-MEDIATED SIGNALING PATHWAY%GOBP%GO:0070098	CHEMOKINE-MEDIATED SIGNALING PATHWAY%GOBP%GO:0070098		25	0.4404402	1.324714	0.110195674	0.3452922	1.0	2112	tags=36%, list=16%, signal=43%	
TRANSCRIPTIONAL REGULATION BY RUNX2%REACTOME DATABASE ID RELEASE 95%8878166	TRANSCRIPTIONAL REGULATION BY RUNX2%REACTOME DATABASE ID RELEASE 95%8878166		93	0.34108284	1.3241967	0.046186894	0.34593132	1.0	3102	tags=34%, list=23%, signal=44%	
VXPX CARGO-TARGETING TO CILIUM%REACTOME%R-HSA-5620916.4	VXPX CARGO-TARGETING TO CILIUM%REACTOME%R-HSA-5620916.4		17	0.4874013	1.3238754	0.12774451	0.34619194	1.0	1236	tags=29%, list=9%, signal=32%	
PROTEIN K11-LINKED UBIQUITINATION%GOBP%GO:0070979	PROTEIN K11-LINKED UBIQUITINATION%GOBP%GO:0070979		37	0.40723246	1.323793	0.08375379	0.34592015	1.0	3283	tags=51%, list=24%, signal=68%	
REGULATION OF PD-L1(CD274) EXPRESSION%REACTOME%R-HSA-9909648.1	REGULATION OF PD-L1(CD274) EXPRESSION%REACTOME%R-HSA-9909648.1		128	0.328147	1.3236487	0.030534351	0.34580183	1.0	3150	tags=35%, list=23%, signal=45%	
VESICLE CYTOSKELETAL TRAFFICKING%GOBP%GO:0099518	VESICLE CYTOSKELETAL TRAFFICKING%GOBP%GO:0099518		43	0.39362633	1.323554	0.08289612	0.3455596	1.0	2868	tags=37%, list=21%, signal=47%	
BACTERIAL INFECTION PATHWAYS%REACTOME DATABASE ID RELEASE 95%9824439	BACTERIAL INFECTION PATHWAYS%REACTOME DATABASE ID RELEASE 95%9824439		61	0.3612825	1.3233305	0.067940556	0.34557995	1.0	2106	tags=28%, list=16%, signal=33%	
NEGATIVE REGULATION OF LEUKOCYTE CELL-CELL ADHESION%GOBP%GO:1903038	NEGATIVE REGULATION OF LEUKOCYTE CELL-CELL ADHESION%GOBP%GO:1903038		72	0.3576732	1.3232857	0.054639176	0.34522814	1.0	1576	tags=22%, list=12%, signal=25%	
ASSOCIATION OF TRIC CCT WITH TARGET PROTEINS DURING BIOSYNTHESIS%REACTOME%R-HSA-390471.3	ASSOCIATION OF TRIC CCT WITH TARGET PROTEINS DURING BIOSYNTHESIS%REACTOME%R-HSA-390471.3		35	0.40901348	1.3231511	0.10580913	0.3450691	1.0	3393	tags=49%, list=25%, signal=65%	
POLYOL BIOSYNTHETIC PROCESS%GOBP%GO:0046173	POLYOL BIOSYNTHETIC PROCESS%GOBP%GO:0046173		32	0.41713867	1.3230481	0.09853659	0.34482524	1.0	2211	tags=34%, list=16%, signal=41%	
VESICLE-MEDIATED TRANSPORT BETWEEN ENDOSOMAL COMPARTMENTS%GOBP%GO:0098927	VESICLE-MEDIATED TRANSPORT BETWEEN ENDOSOMAL COMPARTMENTS%GOBP%GO:0098927		26	0.43703932	1.3227246	0.108	0.3450646	1.0	2555	tags=46%, list=19%, signal=57%	
NEGATIVE REGULATION OF IMMUNE EFFECTOR PROCESS%GOBP%GO:0002698	NEGATIVE REGULATION OF IMMUNE EFFECTOR PROCESS%GOBP%GO:0002698		47	0.38387874	1.3226721	0.08341811	0.34473875	1.0	2223	tags=28%, list=16%, signal=33%	
LATE SARS-COV-2 INFECTION EVENTS%REACTOME%R-HSA-9772573.4	LATE SARS-COV-2 INFECTION EVENTS%REACTOME%R-HSA-9772573.4		64	0.36341992	1.3212894	0.06940063	0.34716907	1.0	3241	tags=34%, list=24%, signal=45%	
ATP METABOLIC PROCESS%GOBP%GO:0046034	ATP METABOLIC PROCESS%GOBP%GO:0046034		98	0.33493498	1.3192091	0.045881126	0.3511277	1.0	3852	tags=42%, list=29%, signal=58%	
RIBOSOME ASSEMBLY%GOBP%GO:0042255	RIBOSOME ASSEMBLY%GOBP%GO:0042255		54	0.37409517	1.3190606	0.07050645	0.35098734	1.0	3924	tags=41%, list=29%, signal=57%	
ACTIVATION OF APC C AND APC C:CDC20 MEDIATED DEGRADATION OF MITOTIC PROTEINS%REACTOME DATABASE ID RELEASE 95%176814	ACTIVATION OF APC C AND APC C:CDC20 MEDIATED DEGRADATION OF MITOTIC PROTEINS%REACTOME DATABASE ID RELEASE 95%176814		63	0.36431187	1.3189673	0.059313215	0.3507256	1.0	3355	tags=44%, list=25%, signal=59%	
PD-1 SIGNALING%REACTOME%R-HSA-389948.6	PD-1 SIGNALING%REACTOME%R-HSA-389948.6		132	0.32256854	1.3188729	0.035379812	0.35048068	1.0	3150	tags=34%, list=23%, signal=44%	
NUCLEOTIDE-BINDING DOMAIN, LEUCINE RICH REPEAT CONTAINING RECEPTOR (NLR) SIGNALING PATHWAYS%REACTOME%R-HSA-168643.3	NUCLEOTIDE-BINDING DOMAIN, LEUCINE RICH REPEAT CONTAINING RECEPTOR (NLR) SIGNALING PATHWAYS%REACTOME%R-HSA-168643.3		45	0.39067632	1.3187203	0.08779443	0.35035136	1.0	1581	tags=18%, list=12%, signal=20%	
GENE SILENCING BY RNA%REACTOME%R-HSA-211000.5	GENE SILENCING BY RNA%REACTOME%R-HSA-211000.5		37	0.40423205	1.3184403	0.09704641	0.3504614	1.0	1894	tags=27%, list=14%, signal=31%	
PID_CXCR4_PATHWAY%MSIGDB_C2%PID_CXCR4_PATHWAY	PID_CXCR4_PATHWAY%MSIGDB_C2%PID_CXCR4_PATHWAY		61	0.36334828	1.3183956	0.06659836	0.35011598	1.0	2112	tags=23%, list=16%, signal=27%	
NEGATIVE REGULATION OF TRANSMEMBRANE TRANSPORT%GOBP%GO:0034763	NEGATIVE REGULATION OF TRANSMEMBRANE TRANSPORT%GOBP%GO:0034763		59	0.3668082	1.3182789	0.07907908	0.3499166	1.0	2658	tags=31%, list=20%, signal=38%	
NONALCOHOLIC FATTY LIVER DISEASE%WIKIPATHWAYS_20260211%WP4396%HOMO SAPIENS	NONALCOHOLIC FATTY LIVER DISEASE%WIKIPATHWAYS_20260211%WP4396%HOMO SAPIENS		114	0.32956243	1.3173687	0.044857766	0.35137624	1.0	2895	tags=31%, list=21%, signal=39%	
FORMATION OF RNA POL II ELONGATION COMPLEX%REACTOME%R-HSA-112382.4	FORMATION OF RNA POL II ELONGATION COMPLEX%REACTOME%R-HSA-112382.4		52	0.37176913	1.3172009	0.08282828	0.35130346	1.0	2730	tags=33%, list=20%, signal=41%	
NEGATIVE REGULATION OF PROTEIN TRANSPORT%GOBP%GO:0051224	NEGATIVE REGULATION OF PROTEIN TRANSPORT%GOBP%GO:0051224		63	0.3681175	1.3171566	0.084375	0.35094792	1.0	3146	tags=35%, list=23%, signal=45%	
ESTABLISHMENT OF PROTEIN LOCALIZATION TO ENDOPLASMIC RETICULUM%GOBP%GO:0072599	ESTABLISHMENT OF PROTEIN LOCALIZATION TO ENDOPLASMIC RETICULUM%GOBP%GO:0072599		35	0.41080013	1.3158954	0.09211873	0.3532372	1.0	1435	tags=23%, list=11%, signal=26%	
STRIATED MUSCLE CELL DEVELOPMENT%GOBP%GO:0055002	STRIATED MUSCLE CELL DEVELOPMENT%GOBP%GO:0055002		77	0.3507075	1.3154798	0.06580367	0.35373726	1.0	4655	tags=51%, list=34%, signal=77%	
REGULATION OF GOLGI ORGANIZATION%GOBP%GO:1903358	REGULATION OF GOLGI ORGANIZATION%GOBP%GO:1903358		15	0.50014514	1.3152517	0.14054601	0.35379177	1.0	3945	tags=67%, list=29%, signal=94%	
NEGATIVE REGULATION OF UBIQUITIN-DEPENDENT PROTEIN CATABOLIC PROCESS%GOBP%GO:2000059	NEGATIVE REGULATION OF UBIQUITIN-DEPENDENT PROTEIN CATABOLIC PROCESS%GOBP%GO:2000059		49	0.37914902	1.3146325	0.072407044	0.3546752	1.0	4102	tags=45%, list=30%, signal=64%	
CYCLIN A:CDK2-ASSOCIATED EVENTS AT S PHASE ENTRY%REACTOME%R-HSA-69656.6	CYCLIN A:CDK2-ASSOCIATED EVENTS AT S PHASE ENTRY%REACTOME%R-HSA-69656.6		74	0.3513609	1.3146281	0.06666667	0.354244	1.0	3102	tags=38%, list=23%, signal=49%	
PROTEIN K63-LINKED DEUBIQUITINATION%GOBP%GO:0070536	PROTEIN K63-LINKED DEUBIQUITINATION%GOBP%GO:0070536		21	0.45518857	1.3144294	0.12951808	0.35419	1.0	2696	tags=29%, list=20%, signal=36%	
OOCYTE DIFFERENTIATION%GOBP%GO:0009994	OOCYTE DIFFERENTIATION%GOBP%GO:0009994		15	0.5032465	1.3140607	0.1425641	0.3545332	1.0	975	tags=20%, list=7%, signal=22%	
REGULATION OF RESPONSE TO ENDOPLASMIC RETICULUM STRESS%GOBP%GO:1905897	REGULATION OF RESPONSE TO ENDOPLASMIC RETICULUM STRESS%GOBP%GO:1905897		71	0.35432565	1.3132912	0.07106076	0.3556474	1.0	3369	tags=32%, list=25%, signal=43%	
CYTOCHROME P450 - ARRANGED BY SUBSTRATE TYPE%REACTOME%R-HSA-211897.6	CYTOCHROME P450 - ARRANGED BY SUBSTRATE TYPE%REACTOME%R-HSA-211897.6		28	0.42864168	1.3129597	0.11042312	0.35593343	1.0	1358	tags=25%, list=10%, signal=28%	
CATABOLISM OF SKELETAL MUSCLE IN CACHEXIA%WIKIPATHWAYS_20260211%WP5474%HOMO SAPIENS	CATABOLISM OF SKELETAL MUSCLE IN CACHEXIA%WIKIPATHWAYS_20260211%WP5474%HOMO SAPIENS		31	0.4195505	1.3123755	0.11005291	0.35676387	1.0	3269	tags=42%, list=24%, signal=55%	
TRANSCRIPTION BY RNA POLYMERASE III%GOBP%GO:0006383	TRANSCRIPTION BY RNA POLYMERASE III%GOBP%GO:0006383		39	0.39943498	1.3119981	0.09118541	0.35712686	1.0	3390	tags=36%, list=25%, signal=48%	
MUSCLE CONTRACTION%GOBP%GO:0006936	MUSCLE CONTRACTION%GOBP%GO:0006936		172	0.31136397	1.3118583	0.026548672	0.35698086	1.0	3092	tags=34%, list=23%, signal=44%	
CELLULAR RESPONSE TO STARVATION%GOBP%GO:0009267	CELLULAR RESPONSE TO STARVATION%GOBP%GO:0009267		128	0.3214257	1.3116931	0.03311966	0.3568823	1.0	2911	tags=30%, list=22%, signal=38%	
MITOCHONDRIAL TRANSLATION%REACTOME%R-HSA-5368287.5	MITOCHONDRIAL TRANSLATION%REACTOME%R-HSA-5368287.5		95	0.3362715	1.3109161	0.057877813	0.3580999	1.0	3219	tags=40%, list=24%, signal=52%	
ORGANELLE TRANSPORT ALONG MICROTUBULE%GOBP%GO:0072384	ORGANELLE TRANSPORT ALONG MICROTUBULE%GOBP%GO:0072384		66	0.35706842	1.3107343	0.06646217	0.3580795	1.0	3044	tags=36%, list=23%, signal=47%	
POSITIVE REGULATION OF STRIATED MUSCLE CELL DIFFERENTIATION%GOBP%GO:0051155	POSITIVE REGULATION OF STRIATED MUSCLE CELL DIFFERENTIATION%GOBP%GO:0051155		20	0.46305087	1.308802	0.12903225	0.3618233	1.0	2448	tags=40%, list=18%, signal=49%	
PKA-MEDIATED PHOSPHORYLATION OF CREB%REACTOME%R-HSA-111931.3	PKA-MEDIATED PHOSPHORYLATION OF CREB%REACTOME%R-HSA-111931.3		16	0.489839	1.3085611	0.1368524	0.36186874	1.0	2669	tags=38%, list=20%, signal=47%	
REGULATION OF SODIUM ION TRANSPORT%GOBP%GO:0002028	REGULATION OF SODIUM ION TRANSPORT%GOBP%GO:0002028		47	0.3795394	1.3074678	0.09221312	0.36381823	1.0	4091	tags=47%, list=30%, signal=67%	
EXOCYTOSIS%GOBP%GO:0006887	EXOCYTOSIS%GOBP%GO:0006887		135	0.31921005	1.3071455	0.040923398	0.36403382	1.0	2614	tags=30%, list=19%, signal=37%	
REGULATION OF GENE SILENCING BY REGULATORY NCRNA%GOBP%GO:0060966	REGULATION OF GENE SILENCING BY REGULATORY NCRNA%GOBP%GO:0060966		30	0.41634238	1.306328	0.10531496	0.36528963	1.0	2503	tags=30%, list=19%, signal=37%	
REGULATION OF JNK CASCADE%GOBP%GO:0046328	REGULATION OF JNK CASCADE%GOBP%GO:0046328		99	0.33296067	1.3058907	0.05186722	0.36578083	1.0	2057	tags=24%, list=15%, signal=28%	
CARDIOCYTE DIFFERENTIATION%GOBP%GO:0035051	CARDIOCYTE DIFFERENTIATION%GOBP%GO:0035051		53	0.37300435	1.3055881	0.088477366	0.36600947	1.0	2628	tags=30%, list=19%, signal=37%	
TRANSLATION OF STRUCTURAL PROTEINS%REACTOME%R-HSA-9694635.5	TRANSLATION OF STRUCTURAL PROTEINS%REACTOME%R-HSA-9694635.5		58	0.36524412	1.3048445	0.06569343	0.36721233	1.0	3241	tags=34%, list=24%, signal=45%	
PEPTIDE HORMONE METABOLISM%REACTOME DATABASE ID RELEASE 95%2980736	PEPTIDE HORMONE METABOLISM%REACTOME DATABASE ID RELEASE 95%2980736		48	0.37850365	1.304475	0.08603239	0.36752614	1.0	570	tags=13%, list=4%, signal=13%	
RESPONSE TO LIPOPOLYSACCHARIDE%GOBP%GO:0032496	RESPONSE TO LIPOPOLYSACCHARIDE%GOBP%GO:0032496		105	0.3281209	1.3043231	0.048117153	0.3674212	1.0	2851	tags=29%, list=21%, signal=36%	
POSITIVE REGULATION OF PROTEIN CATABOLIC PROCESS%GOBP%GO:0045732	POSITIVE REGULATION OF PROTEIN CATABOLIC PROCESS%GOBP%GO:0045732		155	0.3090766	1.3042691	0.02991453	0.36709023	1.0	1563	tags=19%, list=12%, signal=21%	
PHOSPHOLIPID TRANSPORT%GOBP%GO:0015914	PHOSPHOLIPID TRANSPORT%GOBP%GO:0015914		58	0.3654247	1.303728	0.08128342	0.3678364	1.0	2072	tags=26%, list=15%, signal=30%	
REGULATION OF SODIUM ION TRANSMEMBRANE TRANSPORT%GOBP%GO:1902305	REGULATION OF SODIUM ION TRANSMEMBRANE TRANSPORT%GOBP%GO:1902305		29	0.42660257	1.3031985	0.11924686	0.36852974	1.0	2015	tags=24%, list=15%, signal=28%	
INOSITOL METABOLISM%SMPDB%SMP0000011	INOSITOL METABOLISM%SMPDB%SMP0000011		21	0.45537937	1.3031385	0.10970464	0.36820683	1.0	2152	tags=33%, list=16%, signal=40%	
REGULATION OF ANTIGEN RECEPTOR-MEDIATED SIGNALING PATHWAY%GOBP%GO:0050854	REGULATION OF ANTIGEN RECEPTOR-MEDIATED SIGNALING PATHWAY%GOBP%GO:0050854		40	0.39245856	1.3030168	0.106515	0.36804086	1.0	2112	tags=20%, list=16%, signal=24%	
REGULATION OF TRIGLYCERIDE BIOSYNTHETIC PROCESS%GOBP%GO:0010866	REGULATION OF TRIGLYCERIDE BIOSYNTHETIC PROCESS%GOBP%GO:0010866		16	0.48795384	1.301731	0.140625	0.37038323	1.0	3251	tags=50%, list=24%, signal=66%	
DENDRITIC SPINE DEVELOPMENT%GOBP%GO:0060996	DENDRITIC SPINE DEVELOPMENT%GOBP%GO:0060996		16	0.4896909	1.301426	0.14242116	0.37056428	1.0	1725	tags=31%, list=13%, signal=36%	
POSITIVE REGULATION OF DNA-TEMPLATED TRANSCRIPTION INITIATION%GOBP%GO:2000144	POSITIVE REGULATION OF DNA-TEMPLATED TRANSCRIPTION INITIATION%GOBP%GO:2000144		62	0.35823417	1.300865	0.07619048	0.371317	1.0	3489	tags=40%, list=26%, signal=54%	
INORGANIC ANION TRANSPORT%GOBP%GO:0015698	INORGANIC ANION TRANSPORT%GOBP%GO:0015698		61	0.35792327	1.3006619	0.076843195	0.37129515	1.0	2240	tags=30%, list=17%, signal=35%	
REGULATION OF PURINE NUCLEOTIDE METABOLIC PROCESS%GOBP%GO:1900542	REGULATION OF PURINE NUCLEOTIDE METABOLIC PROCESS%GOBP%GO:1900542		48	0.37841967	1.3004826	0.09808102	0.37121767	1.0	2532	tags=31%, list=19%, signal=38%	
BILE ACID AND BILE SALT METABOLISM%REACTOME%R-HSA-194068.3	BILE ACID AND BILE SALT METABOLISM%REACTOME%R-HSA-194068.3		26	0.43028113	1.2991855	0.108359136	0.37361988	1.0	3508	tags=50%, list=26%, signal=67%	
PATTERN RECOGNITION RECEPTOR SIGNALING PATHWAY%GOBP%GO:0002221	PATTERN RECOGNITION RECEPTOR SIGNALING PATHWAY%GOBP%GO:0002221		79	0.34273893	1.2989954	0.06105263	0.373588	1.0	2896	tags=29%, list=21%, signal=37%	
RAF MAP KINASE CASCADE%REACTOME%R-HSA-5673001.12	RAF MAP KINASE CASCADE%REACTOME%R-HSA-5673001.12		195	0.30203345	1.297926	0.019313306	0.3754606	1.0	3114	tags=36%, list=23%, signal=46%	
RNA POLYMERASE II TRANSCRIPTION INITIATION AND PROMOTER CLEARANCE%REACTOME%R-HSA-76042.5	RNA POLYMERASE II TRANSCRIPTION INITIATION AND PROMOTER CLEARANCE%REACTOME%R-HSA-76042.5		45	0.3785321	1.297569	0.085084036	0.37580183	1.0	2889	tags=38%, list=21%, signal=48%	
REGULATION OF NUCLEOTIDE METABOLIC PROCESS%GOBP%GO:0006140	REGULATION OF NUCLEOTIDE METABOLIC PROCESS%GOBP%GO:0006140		48	0.37841967	1.2973536	0.09445585	0.37582636	1.0	2532	tags=31%, list=19%, signal=38%	
ALPHA-BETA T CELL DIFFERENTIATION%GOBP%GO:0046632	ALPHA-BETA T CELL DIFFERENTIATION%GOBP%GO:0046632		40	0.38931727	1.2968278	0.114885114	0.37656215	1.0	3355	tags=40%, list=25%, signal=53%	
RNA POLYMERASE II TRANSCRIPTION INITIATION%REACTOME DATABASE ID RELEASE 95%75953	RNA POLYMERASE II TRANSCRIPTION INITIATION%REACTOME DATABASE ID RELEASE 95%75953		45	0.3785321	1.296584	0.09229209	0.3766618	1.0	2889	tags=38%, list=21%, signal=48%	
RNA POLYMERASE II TRANSCRIPTION PRE-INITIATION AND PROMOTER OPENING%REACTOME DATABASE ID RELEASE 95%73779	RNA POLYMERASE II TRANSCRIPTION PRE-INITIATION AND PROMOTER OPENING%REACTOME DATABASE ID RELEASE 95%73779		45	0.3785321	1.2959138	0.10412148	0.37769267	1.0	2889	tags=38%, list=21%, signal=48%	
RNA POLYMERASE II TRANSCRIPTION ELONGATION%REACTOME%R-HSA-75955.4	RNA POLYMERASE II TRANSCRIPTION ELONGATION%REACTOME%R-HSA-75955.4		52	0.37176913	1.2955601	0.09016393	0.37800908	1.0	2730	tags=33%, list=20%, signal=41%	
CYTOPLASMIC PATTERN RECOGNITION RECEPTOR SIGNALING PATHWAY%GOBP%GO:0002753	CYTOPLASMIC PATTERN RECOGNITION RECEPTOR SIGNALING PATHWAY%GOBP%GO:0002753		51	0.37146294	1.295541	0.09371884	0.37760743	1.0	2851	tags=31%, list=21%, signal=40%	
INFLUENZA INFECTION%REACTOME%R-HSA-168255.6	INFLUENZA INFECTION%REACTOME%R-HSA-168255.6		147	0.310718	1.2949122	0.03586498	0.37855372	1.0	3087	tags=36%, list=23%, signal=46%	
NEGATIVE REGULATION OF PROTEASOMAL PROTEIN CATABOLIC PROCESS%GOBP%GO:1901799	NEGATIVE REGULATION OF PROTEASOMAL PROTEIN CATABOLIC PROCESS%GOBP%GO:1901799		47	0.37578323	1.2948301	0.09006211	0.37826192	1.0	3381	tags=36%, list=25%, signal=48%	
AMYOTROPHIC LATERAL SCLEROSIS ALS %WIKIPATHWAYS_20260211%WP2447%HOMO SAPIENS	AMYOTROPHIC LATERAL SCLEROSIS ALS %WIKIPATHWAYS_20260211%WP2447%HOMO SAPIENS		21	0.4530302	1.2940618	0.13025641	0.3795434	1.0	1458	tags=24%, list=11%, signal=27%	
FAS%IOB%FAS	FAS%IOB%FAS		70	0.3533459	1.2936178	0.065608464	0.38009676	1.0	2167	tags=27%, list=16%, signal=32%	
POSITIVE REGULATION OF REACTIVE OXYGEN SPECIES METABOLIC PROCESS%GOBP%GO:2000379	POSITIVE REGULATION OF REACTIVE OXYGEN SPECIES METABOLIC PROCESS%GOBP%GO:2000379		39	0.39627022	1.2933909	0.111451946	0.38015077	1.0	3247	tags=38%, list=24%, signal=50%	
REGULATION OF CELLULAR RESPONSE TO INSULIN STIMULUS%GOBP%GO:1900076	REGULATION OF CELLULAR RESPONSE TO INSULIN STIMULUS%GOBP%GO:1900076		45	0.38165548	1.293167	0.09774436	0.3801776	1.0	3250	tags=36%, list=24%, signal=47%	
REGULATION OF NATURAL KILLER CELL MEDIATED IMMUNITY%GOBP%GO:0002715	REGULATION OF NATURAL KILLER CELL MEDIATED IMMUNITY%GOBP%GO:0002715		23	0.44115177	1.2930026	0.13092783	0.38008046	1.0	1996	tags=26%, list=15%, signal=31%	
ZBP1(DAI) MEDIATED INDUCTION OF TYPE I IFNS%REACTOME DATABASE ID RELEASE 95%1606322	ZBP1(DAI) MEDIATED INDUCTION OF TYPE I IFNS%REACTOME DATABASE ID RELEASE 95%1606322		18	0.47435278	1.2914945	0.12882788	0.38293377	1.0	2787	tags=39%, list=21%, signal=49%	
PIGMENT BIOSYNTHETIC PROCESS%GOBP%GO:0046148	PIGMENT BIOSYNTHETIC PROCESS%GOBP%GO:0046148		25	0.43065494	1.2907828	0.1395112	0.38410625	1.0	2262	tags=36%, list=17%, signal=43%	
REGULATION OF BEHAVIOR%GOBP%GO:0050795	REGULATION OF BEHAVIOR%GOBP%GO:0050795		29	0.420525	1.2907221	0.11566018	0.3837936	1.0	2563	tags=38%, list=19%, signal=47%	
ACYLGLYCEROL CATABOLIC PROCESS%GOBP%GO:0046464	ACYLGLYCEROL CATABOLIC PROCESS%GOBP%GO:0046464		19	0.46119642	1.2901984	0.1315519	0.38453332	1.0	2966	tags=37%, list=22%, signal=47%	
METABOLISM OF STEROIDS%REACTOME DATABASE ID RELEASE 95%8957322	METABOLISM OF STEROIDS%REACTOME DATABASE ID RELEASE 95%8957322		113	0.32070506	1.2890447	0.0449069	0.3866983	1.0	2996	tags=35%, list=22%, signal=45%	
POSITIVE REGULATION OF LIPID TRANSPORT%GOBP%GO:0032370	POSITIVE REGULATION OF LIPID TRANSPORT%GOBP%GO:0032370		39	0.39125958	1.287956	0.11122661	0.38862973	1.0	1678	tags=26%, list=12%, signal=29%	
HALLMARK_SPERMATOGENESIS%MSIGDBHALLMARK%HALLMARK_SPERMATOGENESIS	HALLMARK_SPERMATOGENESIS%MSIGDBHALLMARK%HALLMARK_SPERMATOGENESIS		57	0.35691676	1.2876472	0.079089925	0.38886175	1.0	2941	tags=42%, list=22%, signal=54%	
TYROSINE KINASE INHIBITORS IN GLIOBLASTOMA%WIKIPATHWAYS_20260211%WP5494%HOMO SAPIENS	TYROSINE KINASE INHIBITORS IN GLIOBLASTOMA%WIKIPATHWAYS_20260211%WP5494%HOMO SAPIENS		18	0.4690696	1.2876029	0.15416238	0.38849327	1.0	2542	tags=39%, list=19%, signal=48%	
DISEASES ASSOCIATED WITH N-GLYCOSYLATION OF PROTEINS%REACTOME DATABASE ID RELEASE 95%3781860	DISEASES ASSOCIATED WITH N-GLYCOSYLATION OF PROTEINS%REACTOME DATABASE ID RELEASE 95%3781860		20	0.44825214	1.2873173	0.13007285	0.38866812	1.0	656	tags=20%, list=5%, signal=21%	
POSITIVE REGULATION OF RECEPTOR-MEDIATED ENDOCYTOSIS%GOBP%GO:0048260	POSITIVE REGULATION OF RECEPTOR-MEDIATED ENDOCYTOSIS%GOBP%GO:0048260		31	0.40927333	1.2867723	0.12680413	0.3893861	1.0	2505	tags=32%, list=19%, signal=40%	
RIBOSOMAL LARGE SUBUNIT ASSEMBLY%GOBP%GO:0000027	RIBOSOMAL LARGE SUBUNIT ASSEMBLY%GOBP%GO:0000027		20	0.457659	1.2865591	0.13669065	0.3894163	1.0	1685	tags=25%, list=12%, signal=29%	
MEMBRANE FUSION%GOBP%GO:0061025	MEMBRANE FUSION%GOBP%GO:0061025		110	0.3224752	1.2860415	0.050829876	0.39014822	1.0	2842	tags=35%, list=21%, signal=45%	
HEDGEHOG 'ON' STATE%REACTOME%R-HSA-5632684.2	HEDGEHOG 'ON' STATE%REACTOME%R-HSA-5632684.2		65	0.34984976	1.2849511	0.08366534	0.3921449	1.0	3355	tags=40%, list=25%, signal=53%	
PROTEIN LOCALIZATION TO GOLGI APPARATUS%GOBP%GO:0034067	PROTEIN LOCALIZATION TO GOLGI APPARATUS%GOBP%GO:0034067		25	0.42886513	1.2847005	0.122509964	0.39229533	1.0	2932	tags=40%, list=22%, signal=51%	
PURINE NUCLEOSIDE TRIPHOSPHATE METABOLIC PROCESS%GOBP%GO:0009144	PURINE NUCLEOSIDE TRIPHOSPHATE METABOLIC PROCESS%GOBP%GO:0009144		114	0.3198805	1.2845805	0.058455113	0.39210466	1.0	3582	tags=38%, list=27%, signal=51%	
ESTABLISHMENT OF MELANOSOME LOCALIZATION%GOBP%GO:0032401	ESTABLISHMENT OF MELANOSOME LOCALIZATION%GOBP%GO:0032401		15	0.48704737	1.2843393	0.15581854	0.39216998	1.0	1782	tags=20%, list=13%, signal=23%	
HIV TRANSCRIPTION INITIATION%REACTOME DATABASE ID RELEASE 95%167161	HIV TRANSCRIPTION INITIATION%REACTOME DATABASE ID RELEASE 95%167161		45	0.3785321	1.2840753	0.09851695	0.39230582	1.0	2889	tags=38%, list=21%, signal=48%	
RNA POLYMERASE II HIV PROMOTER ESCAPE%REACTOME DATABASE ID RELEASE 95%167162	RNA POLYMERASE II HIV PROMOTER ESCAPE%REACTOME DATABASE ID RELEASE 95%167162		45	0.3785321	1.2840087	0.099691674	0.39201933	1.0	2889	tags=38%, list=21%, signal=48%	
MUSCLE SYSTEM PROCESS%GOBP%GO:0003012	MUSCLE SYSTEM PROCESS%GOBP%GO:0003012		198	0.29970232	1.2837534	0.026344676	0.39218873	1.0	3092	tags=33%, list=23%, signal=42%	
AGGREPHAGY%REACTOME DATABASE ID RELEASE 95%9646399	AGGREPHAGY%REACTOME DATABASE ID RELEASE 95%9646399		21	0.453114	1.2835692	0.1237525	0.39215615	1.0	3438	tags=57%, list=25%, signal=77%	
RESPONSE TO BACTERIUM%GOBP%GO:0009617	RESPONSE TO BACTERIUM%GOBP%GO:0009617		190	0.2999241	1.2817632	0.03583062	0.39580312	1.0	2896	tags=27%, list=21%, signal=34%	
ESTABLISHMENT OF PIGMENT GRANULE LOCALIZATION%GOBP%GO:0051905	ESTABLISHMENT OF PIGMENT GRANULE LOCALIZATION%GOBP%GO:0051905		15	0.48704737	1.2815667	0.15475024	0.39580837	1.0	1782	tags=20%, list=13%, signal=23%	
ORGANELLE MEMBRANE FUSION%GOBP%GO:0090174	ORGANELLE MEMBRANE FUSION%GOBP%GO:0090174		90	0.33452252	1.281455	0.067156345	0.39560428	1.0	2842	tags=37%, list=21%, signal=46%	
MELANOMA%WIKIPATHWAYS_20260211%WP4685%HOMO SAPIENS	MELANOMA%WIKIPATHWAYS_20260211%WP4685%HOMO SAPIENS		48	0.37019226	1.2814043	0.08752735	0.39525604	1.0	1588	tags=19%, list=12%, signal=21%	
LIPOPROTEIN METABOLISM%REACTOME%R-HSA-174824.6	LIPOPROTEIN METABOLISM%REACTOME%R-HSA-174824.6		45	0.37317038	1.2812407	0.10388248	0.39517662	1.0	2223	tags=29%, list=16%, signal=34%	
REGULATION OF NATURAL KILLER CELL MEDIATED CYTOTOXICITY%GOBP%GO:0042269	REGULATION OF NATURAL KILLER CELL MEDIATED CYTOTOXICITY%GOBP%GO:0042269		22	0.44663617	1.2809469	0.14164905	0.39537248	1.0	1996	tags=27%, list=15%, signal=32%	
SEGMENTATION%GOBP%GO:0035282	SEGMENTATION%GOBP%GO:0035282		18	0.46920532	1.278691	0.16831683	0.39999425	1.0	975	tags=22%, list=7%, signal=24%	
ENTRAINMENT OF CIRCADIAN CLOCK%GOBP%GO:0009649	ENTRAINMENT OF CIRCADIAN CLOCK%GOBP%GO:0009649		23	0.43319854	1.2777088	0.13483146	0.40184507	1.0	1457	tags=26%, list=11%, signal=29%	
REGULATION OF CARBOHYDRATE CATABOLIC PROCESS%GOBP%GO:0043470	REGULATION OF CARBOHYDRATE CATABOLIC PROCESS%GOBP%GO:0043470		39	0.3842029	1.2776303	0.11366006	0.40157142	1.0	1423	tags=23%, list=11%, signal=26%	
REGULATION OF RELEASE OF SEQUESTERED CALCIUM ION INTO CYTOSOL%GOBP%GO:0051279	REGULATION OF RELEASE OF SEQUESTERED CALCIUM ION INTO CYTOSOL%GOBP%GO:0051279		41	0.38718504	1.2775377	0.107913665	0.4013413	1.0	2328	tags=32%, list=17%, signal=38%	
CELLULAR RESPONSE TO MOLECULE OF BACTERIAL ORIGIN%GOBP%GO:0071219	CELLULAR RESPONSE TO MOLECULE OF BACTERIAL ORIGIN%GOBP%GO:0071219		78	0.3390907	1.2773618	0.06540085	0.40127632	1.0	2896	tags=31%, list=21%, signal=39%	
REGULATION OF EXOSOMAL SECRETION%GOBP%GO:1903541	REGULATION OF EXOSOMAL SECRETION%GOBP%GO:1903541		15	0.49743307	1.277329	0.15504682	0.4008869	1.0	2030	tags=47%, list=15%, signal=55%	
N-GLYCAN TRIMMING IN THE ER AND CALNEXIN CALRETICULIN CYCLE%REACTOME%R-HSA-532668.4	N-GLYCAN TRIMMING IN THE ER AND CALNEXIN CALRETICULIN CYCLE%REACTOME%R-HSA-532668.4		34	0.39402485	1.2767798	0.11894737	0.40173066	1.0	3102	tags=38%, list=23%, signal=50%	
MITOCHONDRIAL TRANSLATION ELONGATION%REACTOME DATABASE ID RELEASE 95%5389840	MITOCHONDRIAL TRANSLATION ELONGATION%REACTOME DATABASE ID RELEASE 95%5389840		85	0.3332648	1.2761602	0.06423983	0.4027023	1.0	3804	tags=46%, list=28%, signal=63%	
NEUTRAL LIPID CATABOLIC PROCESS%GOBP%GO:0046461	NEUTRAL LIPID CATABOLIC PROCESS%GOBP%GO:0046461		19	0.46119642	1.2760007	0.16532259	0.40263042	1.0	2966	tags=37%, list=22%, signal=47%	
GLYCOLIPID CATABOLIC PROCESS%GOBP%GO:0019377	GLYCOLIPID CATABOLIC PROCESS%GOBP%GO:0019377		15	0.49465635	1.275273	0.16039604	0.4038827	1.0	2375	tags=53%, list=18%, signal=65%	
SPLICEOSOMAL SNRNP ASSEMBLY%GOBP%GO:0000387	SPLICEOSOMAL SNRNP ASSEMBLY%GOBP%GO:0000387		66	0.34872723	1.2748842	0.098677516	0.40430424	1.0	1399	tags=18%, list=10%, signal=20%	
SPHINGOLIPID METABOLISM%REACTOME DATABASE ID RELEASE 95%428157	SPHINGOLIPID METABOLISM%REACTOME DATABASE ID RELEASE 95%428157		78	0.3396051	1.2746588	0.075078204	0.40436408	1.0	2003	tags=24%, list=15%, signal=28%	
EXOCYTIC PROCESS%GOBP%GO:0140029	EXOCYTIC PROCESS%GOBP%GO:0140029		37	0.39154363	1.2742518	0.117709436	0.40481976	1.0	2471	tags=38%, list=18%, signal=46%	
POSITIVE REGULATION OF DNA-TEMPLATED TRANSCRIPTION, ELONGATION%GOBP%GO:0032786	POSITIVE REGULATION OF DNA-TEMPLATED TRANSCRIPTION, ELONGATION%GOBP%GO:0032786		58	0.3574029	1.2741835	0.098059244	0.40450516	1.0	3714	tags=45%, list=27%, signal=62%	
RNA POLYMERASE II PROMOTER ESCAPE%REACTOME%R-HSA-73776.5	RNA POLYMERASE II PROMOTER ESCAPE%REACTOME%R-HSA-73776.5		45	0.3785321	1.2741772	0.09623431	0.40406746	1.0	2889	tags=38%, list=21%, signal=48%	
PROTEIN REFOLDING%GOBP%GO:0042026	PROTEIN REFOLDING%GOBP%GO:0042026		18	0.46096465	1.273836	0.14354995	0.40440091	1.0	3536	tags=39%, list=26%, signal=53%	
HIV INFECTION%REACTOME DATABASE ID RELEASE 95%162906	HIV INFECTION%REACTOME DATABASE ID RELEASE 95%162906		200	0.2944406	1.2738168	0.029411765	0.40399486	1.0	3128	tags=35%, list=23%, signal=45%	
HOST PATHOGEN INTERACTION OF HUMAN CORONAVIRUSES INTERFERON INDUCTION%WIKIPATHWAYS_20260211%WP4880%HOMO SAPIENS	HOST PATHOGEN INTERACTION OF HUMAN CORONAVIRUSES INTERFERON INDUCTION%WIKIPATHWAYS_20260211%WP4880%HOMO SAPIENS		31	0.409161	1.2722899	0.11696523	0.407066	1.0	2050	tags=32%, list=15%, signal=38%	
POSITIVE REGULATION OF P38MAPK CASCADE%GOBP%GO:1900745	POSITIVE REGULATION OF P38MAPK CASCADE%GOBP%GO:1900745		18	0.4602207	1.271873	0.15585774	0.4075529	1.0	1588	tags=33%, list=12%, signal=38%	
PROTEIN TARGETING TO ER%GOBP%GO:0045047	PROTEIN TARGETING TO ER%GOBP%GO:0045047		32	0.40142736	1.2715538	0.13431269	0.4078286	1.0	1435	tags=22%, list=11%, signal=24%	
POSITIVE REGULATION OF TORC1 SIGNALING%GOBP%GO:1904263	POSITIVE REGULATION OF TORC1 SIGNALING%GOBP%GO:1904263		49	0.369189	1.2707424	0.1009772	0.40928888	1.0	2363	tags=24%, list=17%, signal=30%	
CELLULAR RESPONSE TO LIPOPOLYSACCHARIDE%GOBP%GO:0071222	CELLULAR RESPONSE TO LIPOPOLYSACCHARIDE%GOBP%GO:0071222		72	0.34351936	1.2702736	0.07933194	0.40989086	1.0	2851	tags=31%, list=21%, signal=39%	
TNFALPHA%NETPATH%TNFALPHA	TNFALPHA%NETPATH%TNFALPHA		161	0.30051908	1.2701384	0.04255319	0.40974197	1.0	2666	tags=32%, list=20%, signal=39%	
T CELL ACTIVATION INVOLVED IN IMMUNE RESPONSE%GOBP%GO:0002286	T CELL ACTIVATION INVOLVED IN IMMUNE RESPONSE%GOBP%GO:0002286		36	0.39160967	1.2696767	0.11987705	0.41035697	1.0	3355	tags=39%, list=25%, signal=52%	
ARF6 TRAFFICKING EVENTS%PATHWAY INTERACTION DATABASE NCI-NATURE CURATED DATA%ARF6 TRAFFICKING EVENTS	ARF6 TRAFFICKING EVENTS%PATHWAY INTERACTION DATABASE NCI-NATURE CURATED DATA%ARF6 TRAFFICKING EVENTS		39	0.38864323	1.269644	0.13835198	0.4099783	1.0	3619	tags=41%, list=27%, signal=56%	
NEGATIVE REGULATION OF PROTEASOMAL UBIQUITIN-DEPENDENT PROTEIN CATABOLIC PROCESS%GOBP%GO:0032435	NEGATIVE REGULATION OF PROTEASOMAL UBIQUITIN-DEPENDENT PROTEIN CATABOLIC PROCESS%GOBP%GO:0032435		36	0.38740996	1.2689089	0.11654527	0.41125655	1.0	3301	tags=39%, list=24%, signal=51%	
MITOCHONDRIAL TRANSLATION TERMINATION%REACTOME%R-HSA-5419276.6	MITOCHONDRIAL TRANSLATION TERMINATION%REACTOME%R-HSA-5419276.6		86	0.33084297	1.2676055	0.09150327	0.41381428	1.0	4153	tags=51%, list=31%, signal=73%	
MITOCHONDRIAL RIBOSOME-ASSOCIATED QUALITY CONTROL%REACTOME DATABASE ID RELEASE 95%9937383	MITOCHONDRIAL RIBOSOME-ASSOCIATED QUALITY CONTROL%REACTOME DATABASE ID RELEASE 95%9937383		85	0.33464018	1.2674167	0.08595388	0.41381136	1.0	3804	tags=46%, list=28%, signal=63%	
HORMONE METABOLIC PROCESS%GOBP%GO:0042445	HORMONE METABOLIC PROCESS%GOBP%GO:0042445		67	0.34427863	1.2666373	0.093457945	0.41520262	1.0	2914	tags=27%, list=22%, signal=34%	
SYNTHESIS OF BILE ACIDS AND BILE SALTS%REACTOME DATABASE ID RELEASE 95%192105	SYNTHESIS OF BILE ACIDS AND BILE SALTS%REACTOME DATABASE ID RELEASE 95%192105		21	0.4466396	1.2659373	0.14549181	0.4163833	1.0	3508	tags=57%, list=26%, signal=77%	
LONG-CHAIN FATTY-ACYL-COA BIOSYNTHETIC PROCESS%GOBP%GO:0035338	LONG-CHAIN FATTY-ACYL-COA BIOSYNTHETIC PROCESS%GOBP%GO:0035338		18	0.4678335	1.2657315	0.17113402	0.4164278	1.0	1433	tags=22%, list=11%, signal=25%	
NEGATIVE REGULATION OF INTRACELLULAR TRANSPORT%GOBP%GO:0032387	NEGATIVE REGULATION OF INTRACELLULAR TRANSPORT%GOBP%GO:0032387		36	0.391354	1.2655915	0.11909651	0.4163021	1.0	2720	tags=36%, list=20%, signal=45%	
POSITIVE REGULATION OF INFLAMMATORY RESPONSE%GOBP%GO:0050729	POSITIVE REGULATION OF INFLAMMATORY RESPONSE%GOBP%GO:0050729		82	0.33365265	1.2651654	0.08324552	0.4168248	1.0	3269	tags=32%, list=24%, signal=42%	
POSITIVE REGULATION OF ATP-DEPENDENT ACTIVITY%GOBP%GO:0032781	POSITIVE REGULATION OF ATP-DEPENDENT ACTIVITY%GOBP%GO:0032781		17	0.4636583	1.265026	0.16863905	0.4167179	1.0	2010	tags=35%, list=15%, signal=41%	
TYPE 2 PAPILLARY RENAL CELL CARCINOMA%WIKIPATHWAYS_20260211%WP4241%HOMO SAPIENS	TYPE 2 PAPILLARY RENAL CELL CARCINOMA%WIKIPATHWAYS_20260211%WP4241%HOMO SAPIENS		19	0.44869113	1.2647943	0.16361788	0.4167926	1.0	2081	tags=32%, list=15%, signal=37%	
NUCLEOSIDE PHOSPHATE BIOSYNTHETIC PROCESS%GOBP%GO:1901293	NUCLEOSIDE PHOSPHATE BIOSYNTHETIC PROCESS%GOBP%GO:1901293		195	0.29248348	1.2646449	0.031578947	0.41668895	1.0	2931	tags=32%, list=22%, signal=41%	
POSITIVE REGULATION OF SECRETION%GOBP%GO:0051047	POSITIVE REGULATION OF SECRETION%GOBP%GO:0051047		149	0.30429736	1.264029	0.054704595	0.41768312	1.0	2224	tags=24%, list=16%, signal=29%	
PURINE RIBONUCLEOSIDE TRIPHOSPHATE METABOLIC PROCESS%GOBP%GO:0009205	PURINE RIBONUCLEOSIDE TRIPHOSPHATE METABOLIC PROCESS%GOBP%GO:0009205		111	0.31900972	1.2640257	0.071274295	0.41722953	1.0	3582	tags=38%, list=27%, signal=51%	
RESPONSE TO MOLECULE OF BACTERIAL ORIGIN%GOBP%GO:0002237	RESPONSE TO MOLECULE OF BACTERIAL ORIGIN%GOBP%GO:0002237		113	0.3119833	1.2627327	0.06490649	0.41983303	1.0	2896	tags=28%, list=21%, signal=36%	
POSITIVE REGULATION OF PHOSPHORUS METABOLIC PROCESS%GOBP%GO:0010562	POSITIVE REGULATION OF PHOSPHORUS METABOLIC PROCESS%GOBP%GO:0010562		193	0.29271895	1.2622299	0.041884817	0.42052817	1.0	2885	tags=30%, list=21%, signal=37%	
BIOSYNTHESIS OF THE N-GLYCAN PRECURSOR (DOLICHOL LIPID-LINKED OLIGOSACCHARIDE, LLO) AND TRANSFER TO A NASCENT PROTEIN%REACTOME DATABASE ID RELEASE 95%446193	BIOSYNTHESIS OF THE N-GLYCAN PRECURSOR (DOLICHOL LIPID-LINKED OLIGOSACCHARIDE, LLO) AND TRANSFER TO A NASCENT PROTEIN%REACTOME DATABASE ID RELEASE 95%446193		66	0.34706333	1.2610792	0.08367769	0.4228358	1.0	2910	tags=30%, list=22%, signal=38%	
HYDROFLUMETHIAZIDE ACTION PATHWAY%PATHWHIZ%PW000335	HYDROFLUMETHIAZIDE ACTION PATHWAY%PATHWHIZ%PW000335		15	0.4735257	1.2608169	0.14844534	0.42300767	1.0	1983	tags=33%, list=15%, signal=39%	
NEGATIVE REGULATION OF CD4-POSITIVE, ALPHA-BETA T CELL DIFFERENTIATION%GOBP%GO:0043371	NEGATIVE REGULATION OF CD4-POSITIVE, ALPHA-BETA T CELL DIFFERENTIATION%GOBP%GO:0043371		15	0.47707808	1.2597245	0.17269076	0.4251351	1.0	285	tags=27%, list=2%, signal=27%	
CARDIAC MUSCLE CELL DIFFERENTIATION%GOBP%GO:0055007	CARDIAC MUSCLE CELL DIFFERENTIATION%GOBP%GO:0055007		38	0.38628086	1.2595676	0.13725491	0.42506212	1.0	2628	tags=29%, list=19%, signal=36%	
TNF RECEPTOR SIGNALING PATHWAY%PATHWAY INTERACTION DATABASE NCI-NATURE CURATED DATA%TNF RECEPTOR SIGNALING PATHWAY	TNF RECEPTOR SIGNALING PATHWAY%PATHWAY INTERACTION DATABASE NCI-NATURE CURATED DATA%TNF RECEPTOR SIGNALING PATHWAY		42	0.3792754	1.2591957	0.124740124	0.42547306	1.0	1071	tags=19%, list=8%, signal=21%	
NEGATIVE REGULATION OF CELL DEVELOPMENT%GOBP%GO:0010721	NEGATIVE REGULATION OF CELL DEVELOPMENT%GOBP%GO:0010721		117	0.3116421	1.25912	0.06688242	0.4251985	1.0	1988	tags=22%, list=15%, signal=26%	
GLUTAMATE NEUROTRANSMITTER RELEASE CYCLE%REACTOME%R-HSA-210500.6	GLUTAMATE NEUROTRANSMITTER RELEASE CYCLE%REACTOME%R-HSA-210500.6		16	0.47398266	1.2589759	0.18062563	0.42505702	1.0	2581	tags=38%, list=19%, signal=46%	
POSITIVE REGULATION OF SECRETION BY CELL%GOBP%GO:1903532	POSITIVE REGULATION OF SECRETION BY CELL%GOBP%GO:1903532		144	0.30344307	1.2573526	0.059912853	0.42845538	1.0	2224	tags=24%, list=16%, signal=29%	
REGULATION OF HOMOTYPIC CELL-CELL ADHESION%GOBP%GO:0034110	REGULATION OF HOMOTYPIC CELL-CELL ADHESION%GOBP%GO:0034110		24	0.4247849	1.2571021	0.1493776	0.4285757	1.0	3269	tags=38%, list=24%, signal=49%	
ERK1 ERK2 PATHWAY%REACTOME DATABASE ID RELEASE 95%5684996	ERK1 ERK2 PATHWAY%REACTOME DATABASE ID RELEASE 95%5684996		200	0.29025462	1.2568152	0.036916394	0.42879033	1.0	3114	tags=35%, list=23%, signal=45%	
NEGATIVE REGULATION OF CELL JUNCTION ASSEMBLY%GOBP%GO:1901889	NEGATIVE REGULATION OF CELL JUNCTION ASSEMBLY%GOBP%GO:1901889		24	0.42503056	1.2567371	0.13813815	0.42849964	1.0	787	tags=21%, list=6%, signal=22%	
POSITIVE REGULATION OF COLD-INDUCED THERMOGENESIS%GOBP%GO:0120162	POSITIVE REGULATION OF COLD-INDUCED THERMOGENESIS%GOBP%GO:0120162		66	0.3432277	1.2566593	0.1032666	0.42823476	1.0	2797	tags=30%, list=21%, signal=38%	
REGULATION OF MONOATOMIC CATION TRANSMEMBRANE TRANSPORT%GOBP%GO:1904062	REGULATION OF MONOATOMIC CATION TRANSMEMBRANE TRANSPORT%GOBP%GO:1904062		146	0.3023675	1.2561921	0.06315789	0.42883265	1.0	2405	tags=25%, list=18%, signal=30%	
VITAMIN B5 (PANTOTHENATE) METABOLISM%REACTOME DATABASE ID RELEASE 95%199220	VITAMIN B5 (PANTOTHENATE) METABOLISM%REACTOME DATABASE ID RELEASE 95%199220		16	0.46904027	1.2554911	0.18245968	0.4300027	1.0	2240	tags=44%, list=17%, signal=52%	
POSITIVE REGULATION OF INTERFERON-BETA PRODUCTION%GOBP%GO:0032728	POSITIVE REGULATION OF INTERFERON-BETA PRODUCTION%GOBP%GO:0032728		29	0.40080974	1.2554109	0.1440501	0.42971835	1.0	1926	tags=24%, list=14%, signal=28%	
RESPONSE TO STARVATION%GOBP%GO:0042594	RESPONSE TO STARVATION%GOBP%GO:0042594		141	0.30294853	1.2553912	0.05798687	0.42929748	1.0	2911	tags=28%, list=22%, signal=36%	
NEGATIVE REGULATION OF TYPE I INTERFERON-MEDIATED SIGNALING PATHWAY%GOBP%GO:0060339	NEGATIVE REGULATION OF TYPE I INTERFERON-MEDIATED SIGNALING PATHWAY%GOBP%GO:0060339		17	0.46102163	1.2553099	0.18304034	0.42904186	1.0	4547	tags=53%, list=34%, signal=80%	
POLYTHIAZIDE ACTION PATHWAY%PATHWHIZ%PW000326	POLYTHIAZIDE ACTION PATHWAY%PATHWHIZ%PW000326		15	0.4735257	1.2546668	0.18762678	0.43010986	1.0	1983	tags=33%, list=15%, signal=39%	
REGULATION OF CARDIAC MUSCLE CONTRACTION BY REGULATION OF THE RELEASE OF SEQUESTERED CALCIUM ION%GOBP%GO:0010881	REGULATION OF CARDIAC MUSCLE CONTRACTION BY REGULATION OF THE RELEASE OF SEQUESTERED CALCIUM ION%GOBP%GO:0010881		17	0.45904765	1.2540725	0.1735113	0.43105787	1.0	2328	tags=35%, list=17%, signal=43%	
HARTNUP DISORDER%SMPDB%SMP0000189	HARTNUP DISORDER%SMPDB%SMP0000189		15	0.4735257	1.2533984	0.17269906	0.43223816	1.0	1983	tags=33%, list=15%, signal=39%	
QUINETHAZONE ACTION PATHWAY%SMPDB%SMP0000091	QUINETHAZONE ACTION PATHWAY%SMPDB%SMP0000091		15	0.4735257	1.2531737	0.18572825	0.4323274	1.0	1983	tags=33%, list=15%, signal=39%	
GLUCOSE TRANSPORTER DEFECT (SGLT2)%SMPDB%SMP0000184	GLUCOSE TRANSPORTER DEFECT (SGLT2)%SMPDB%SMP0000184		15	0.4735257	1.2526041	0.16974972	0.43321523	1.0	1983	tags=33%, list=15%, signal=39%	
FOXO-MEDIATED TRANSCRIPTION OF CELL CYCLE GENES%REACTOME%R-HSA-9617828.2	FOXO-MEDIATED TRANSCRIPTION OF CELL CYCLE GENES%REACTOME%R-HSA-9617828.2		17	0.4657192	1.252299	0.1680498	0.43348652	1.0	1588	tags=24%, list=12%, signal=27%	
RESPONSE TO TUMOR NECROSIS FACTOR%GOBP%GO:0034612	RESPONSE TO TUMOR NECROSIS FACTOR%GOBP%GO:0034612		89	0.3256079	1.2522174	0.08519702	0.4332416	1.0	1187	tags=17%, list=9%, signal=18%	
VESICLE FUSION%GOBP%GO:0006906	VESICLE FUSION%GOBP%GO:0006906		85	0.32854584	1.2519407	0.1012931	0.43342236	1.0	2842	tags=36%, list=21%, signal=46%	
LATE ENDOSOME TO VACUOLE TRANSPORT%GOBP%GO:0045324	LATE ENDOSOME TO VACUOLE TRANSPORT%GOBP%GO:0045324		35	0.38940638	1.2517903	0.14802982	0.43331155	1.0	3298	tags=54%, list=24%, signal=72%	
CELLULAR RESPONSE TO LAMINAR FLUID SHEAR STRESS%GOBP%GO:0071499	CELLULAR RESPONSE TO LAMINAR FLUID SHEAR STRESS%GOBP%GO:0071499		25	0.41882047	1.2516863	0.15650406	0.43309385	1.0	1452	tags=20%, list=11%, signal=22%	
PKA ACTIVATION%REACTOME DATABASE ID RELEASE 95%163615	PKA ACTIVATION%REACTOME DATABASE ID RELEASE 95%163615		15	0.49013153	1.2514477	0.1727542	0.43318588	1.0	2669	tags=40%, list=20%, signal=50%	
HALLMARK_ESTROGEN_RESPONSE_EARLY%MSIGDBHALLMARK%HALLMARK_ESTROGEN_RESPONSE_EARLY	HALLMARK_ESTROGEN_RESPONSE_EARLY%MSIGDBHALLMARK%HALLMARK_ESTROGEN_RESPONSE_EARLY		128	0.30632704	1.2512243	0.06451613	0.4332846	1.0	1847	tags=21%, list=14%, signal=24%	
POSITIVE REGULATION OF PROTEASOMAL PROTEIN CATABOLIC PROCESS%GOBP%GO:1901800	POSITIVE REGULATION OF PROTEASOMAL PROTEIN CATABOLIC PROCESS%GOBP%GO:1901800		82	0.33168012	1.251168	0.10041841	0.43295825	1.0	2403	tags=24%, list=18%, signal=29%	
POSITIVE REGULATION OF PHOSPHATE METABOLIC PROCESS%GOBP%GO:0045937	POSITIVE REGULATION OF PHOSPHATE METABOLIC PROCESS%GOBP%GO:0045937		193	0.29271895	1.2509959	0.044324324	0.43292317	1.0	2885	tags=30%, list=21%, signal=37%	
BRANCHED-CHAIN AMINO ACID CATABOLIC PROCESS%GOBP%GO:0009083	BRANCHED-CHAIN AMINO ACID CATABOLIC PROCESS%GOBP%GO:0009083		20	0.44115236	1.2508404	0.16735967	0.43285456	1.0	3153	tags=50%, list=23%, signal=65%	
TORSEMIDE ACTION PATHWAY%PATHWHIZ%PW000338	TORSEMIDE ACTION PATHWAY%PATHWHIZ%PW000338		15	0.4735257	1.2502893	0.18737672	0.43367848	1.0	1983	tags=33%, list=15%, signal=39%	
PRIMARY HYPEROXALURIA II, PH2%SMPDB%SMP0000558	PRIMARY HYPEROXALURIA II, PH2%SMPDB%SMP0000558		18	0.45210463	1.2491348	0.17118998	0.43600914	1.0	1649	tags=33%, list=12%, signal=38%	
POSITIVE REGULATION OF RELEASE OF CYTOCHROME C FROM MITOCHONDRIA%GOBP%GO:0090200	POSITIVE REGULATION OF RELEASE OF CYTOCHROME C FROM MITOCHONDRIA%GOBP%GO:0090200		18	0.45653027	1.2487401	0.17097415	0.43651134	1.0	3046	tags=33%, list=23%, signal=43%	
PYRUVATE KINASE DEFICIENCY%PATHWHIZ%PW000535	PYRUVATE KINASE DEFICIENCY%PATHWHIZ%PW000535		18	0.45210463	1.24829	0.17405063	0.43719268	1.0	1649	tags=33%, list=12%, signal=38%	
RAB GEFS EXCHANGE GTP FOR GDP ON RABS%REACTOME%R-HSA-8876198.4	RAB GEFS EXCHANGE GTP FOR GDP ON RABS%REACTOME%R-HSA-8876198.4		85	0.32636103	1.248133	0.09179266	0.43709648	1.0	2352	tags=25%, list=17%, signal=30%	
NEGATIVE REGULATION OF PHOSPHORYLATION%GOBP%GO:0042326	NEGATIVE REGULATION OF PHOSPHORYLATION%GOBP%GO:0042326		97	0.31856	1.2477224	0.07525773	0.43763292	1.0	2473	tags=29%, list=18%, signal=35%	
POSITIVE REGULATION OF MYELOID LEUKOCYTE DIFFERENTIATION%GOBP%GO:0002763	POSITIVE REGULATION OF MYELOID LEUKOCYTE DIFFERENTIATION%GOBP%GO:0002763		28	0.40143573	1.2475544	0.16416417	0.43755192	1.0	2387	tags=32%, list=18%, signal=39%	
NEGATIVE REGULATION OF CD4-POSITIVE, ALPHA-BETA T CELL ACTIVATION%GOBP%GO:2000515	NEGATIVE REGULATION OF CD4-POSITIVE, ALPHA-BETA T CELL ACTIVATION%GOBP%GO:2000515		18	0.45255983	1.2475069	0.17151767	0.43720296	1.0	285	tags=22%, list=2%, signal=23%	
LYMPHOCYTE ACTIVATION INVOLVED IN IMMUNE RESPONSE%GOBP%GO:0002285	LYMPHOCYTE ACTIVATION INVOLVED IN IMMUNE RESPONSE%GOBP%GO:0002285		57	0.34875748	1.2474861	0.114718616	0.4367945	1.0	3355	tags=37%, list=25%, signal=49%	
PURINE RIBONUCLEOTIDE METABOLIC PROCESS%GOBP%GO:0009150	PURINE RIBONUCLEOTIDE METABOLIC PROCESS%GOBP%GO:0009150		162	0.2949612	1.2469552	0.055374593	0.4376681	1.0	2931	tags=30%, list=22%, signal=37%	
MAP3K8 (TPL2)-DEPENDENT MAPK1 3 ACTIVATION%REACTOME%R-HSA-5684264.4	MAP3K8 (TPL2)-DEPENDENT MAPK1 3 ACTIVATION%REACTOME%R-HSA-5684264.4		16	0.4704792	1.2469459	0.18848167	0.43722877	1.0	3111	tags=50%, list=23%, signal=65%	
CHLOROTHIAZIDE ACTION PATHWAY%SMPDB%SMP0000078	CHLOROTHIAZIDE ACTION PATHWAY%SMPDB%SMP0000078		15	0.4735257	1.2468936	0.17940877	0.43691024	1.0	1983	tags=33%, list=15%, signal=39%	
POSITIVE REGULATION OF AUTOPHAGOSOME ASSEMBLY%GOBP%GO:2000786	POSITIVE REGULATION OF AUTOPHAGOSOME ASSEMBLY%GOBP%GO:2000786		18	0.4485944	1.2467414	0.1846473	0.43683872	1.0	3666	tags=44%, list=27%, signal=61%	
REGULATION OF NECROPTOTIC CELL DEATH%REACTOME DATABASE ID RELEASE 95%5675482	REGULATION OF NECROPTOTIC CELL DEATH%REACTOME DATABASE ID RELEASE 95%5675482		25	0.41656643	1.2466569	0.15789473	0.43659085	1.0	3102	tags=40%, list=23%, signal=52%	
PYRUVATE DEHYDROGENASE COMPLEX DEFICIENCY%PATHWHIZ%PW000117	PYRUVATE DEHYDROGENASE COMPLEX DEFICIENCY%PATHWHIZ%PW000117		18	0.45210463	1.2464418	0.17472853	0.4366358	1.0	1649	tags=33%, list=12%, signal=38%	
NEGATIVE REGULATION OF IMMUNE RESPONSE%GOBP%GO:0050777	NEGATIVE REGULATION OF IMMUNE RESPONSE%GOBP%GO:0050777		108	0.31258377	1.2452817	0.08119219	0.43898007	1.0	2223	tags=23%, list=16%, signal=27%	
POSITIVE REGULATION OF TOR SIGNALING%GOBP%GO:0032008	POSITIVE REGULATION OF TOR SIGNALING%GOBP%GO:0032008		63	0.3432975	1.2451704	0.11366006	0.43878874	1.0	2363	tags=24%, list=17%, signal=29%	
NEGATIVE REGULATION OF AMYLOID-BETA FORMATION%GOBP%GO:1902430	NEGATIVE REGULATION OF AMYLOID-BETA FORMATION%GOBP%GO:1902430		15	0.47038594	1.2451528	0.19711043	0.4383842	1.0	2167	tags=40%, list=16%, signal=48%	
HALLMARK_XENOBIOTIC_METABOLISM%MSIGDBHALLMARK%HALLMARK_XENOBIOTIC_METABOLISM	HALLMARK_XENOBIOTIC_METABOLISM%MSIGDBHALLMARK%HALLMARK_XENOBIOTIC_METABOLISM		101	0.3182919	1.2449534	0.09851695	0.43840936	1.0	1898	tags=23%, list=14%, signal=26%	
COSTIMULATION BY THE CD28 FAMILY%REACTOME DATABASE ID RELEASE 95%388841	COSTIMULATION BY THE CD28 FAMILY%REACTOME DATABASE ID RELEASE 95%388841		170	0.29237008	1.2449325	0.05136612	0.43800482	1.0	3372	tags=34%, list=25%, signal=45%	
CYCLOTHIAZIDE ACTION PATHWAY%SMPDB%SMP0000103	CYCLOTHIAZIDE ACTION PATHWAY%SMPDB%SMP0000103		15	0.4735257	1.2444174	0.17641129	0.43878508	1.0	1983	tags=33%, list=15%, signal=39%	
REGULATION OF INTRINSIC APOPTOTIC SIGNALING PATHWAY BY P53 CLASS MEDIATOR%GOBP%GO:1902253	REGULATION OF INTRINSIC APOPTOTIC SIGNALING PATHWAY BY P53 CLASS MEDIATOR%GOBP%GO:1902253		20	0.44943392	1.244175	0.1756487	0.43891343	1.0	3044	tags=30%, list=23%, signal=39%	
PID_CERAMIDE_PATHWAY%MSIGDB_C2%PID_CERAMIDE_PATHWAY	PID_CERAMIDE_PATHWAY%MSIGDB_C2%PID_CERAMIDE_PATHWAY		35	0.38960508	1.243104	0.15638298	0.4409645	1.0	1758	tags=26%, list=13%, signal=29%	
REGULATION OF PROTEIN SERINE/THREONINE KINASE ACTIVITY%GOBP%GO:0071900	REGULATION OF PROTEIN SERINE/THREONINE KINASE ACTIVITY%GOBP%GO:0071900		88	0.3197816	1.2429032	0.09756097	0.4410152	1.0	2162	tags=25%, list=16%, signal=30%	
ETHER LIPID BIOSYNTHESIS%WIKIPATHWAYS_20260211%WP5275%HOMO SAPIENS	ETHER LIPID BIOSYNTHESIS%WIKIPATHWAYS_20260211%WP5275%HOMO SAPIENS		15	0.47354192	1.2428846	0.20061412	0.44060713	1.0	3776	tags=47%, list=28%, signal=65%	
POSITIVE REGULATION OF CD4-POSITIVE, ALPHA-BETA T CELL ACTIVATION%GOBP%GO:2000516	POSITIVE REGULATION OF CD4-POSITIVE, ALPHA-BETA T CELL ACTIVATION%GOBP%GO:2000516		22	0.4285521	1.2427794	0.17708333	0.44042593	1.0	416	tags=14%, list=3%, signal=14%	
NEGATIVE REGULATION OF INTRINSIC APOPTOTIC SIGNALING PATHWAY IN RESPONSE TO DNA DAMAGE%GOBP%GO:1902230	NEGATIVE REGULATION OF INTRINSIC APOPTOTIC SIGNALING PATHWAY IN RESPONSE TO DNA DAMAGE%GOBP%GO:1902230		21	0.43035984	1.2418257	0.16769548	0.4422977	1.0	1832	tags=19%, list=14%, signal=22%	
LEIGH SYNDROME%SMPDB%SMP0000196	LEIGH SYNDROME%SMPDB%SMP0000196		18	0.45210463	1.2417048	0.18311404	0.44213292	1.0	1649	tags=33%, list=12%, signal=38%	
RIBONUCLEOTIDE BIOSYNTHETIC PROCESS%GOBP%GO:0009260	RIBONUCLEOTIDE BIOSYNTHETIC PROCESS%GOBP%GO:0009260		90	0.31862903	1.2411621	0.10432034	0.44300413	1.0	2931	tags=33%, list=22%, signal=42%	
REGULATION OF REGULATORY T CELL DIFFERENTIATION%GOBP%GO:0045589	REGULATION OF REGULATORY T CELL DIFFERENTIATION%GOBP%GO:0045589		29	0.40159068	1.2410833	0.16182573	0.44275528	1.0	3355	tags=45%, list=25%, signal=60%	
RIPK1-MEDIATED REGULATED NECROSIS%REACTOME DATABASE ID RELEASE 95%5213460	RIPK1-MEDIATED REGULATED NECROSIS%REACTOME DATABASE ID RELEASE 95%5213460		25	0.41656643	1.240077	0.1798077	0.4447566	1.0	3102	tags=40%, list=23%, signal=52%	
BENDROFLUMETHIAZIDE ACTION PATHWAY%PATHWHIZ%PW000329	BENDROFLUMETHIAZIDE ACTION PATHWAY%PATHWHIZ%PW000329		15	0.4735257	1.2399688	0.18817735	0.44455865	1.0	1983	tags=33%, list=15%, signal=39%	
CELL RECRUITMENT (PRO-INFLAMMATORY RESPONSE)%REACTOME DATABASE ID RELEASE 95%9664424	CELL RECRUITMENT (PRO-INFLAMMATORY RESPONSE)%REACTOME DATABASE ID RELEASE 95%9664424		16	0.45930174	1.2398255	0.17871486	0.4444541	1.0	1154	tags=19%, list=9%, signal=20%	
SULFUR COMPOUND BIOSYNTHETIC PROCESS%GOBP%GO:0044272	SULFUR COMPOUND BIOSYNTHETIC PROCESS%GOBP%GO:0044272		74	0.3333045	1.2397984	0.11801897	0.44406563	1.0	1808	tags=22%, list=13%, signal=25%	
CELLULAR RESPONSE TO TYPE II INTERFERON%GOBP%GO:0071346	CELLULAR RESPONSE TO TYPE II INTERFERON%GOBP%GO:0071346		29	0.4025539	1.2392671	0.1574344	0.44490203	1.0	2073	tags=24%, list=15%, signal=28%	
NEGATIVE REGULATION OF SIGNAL TRANSDUCTION BY P53 CLASS MEDIATOR%GOBP%GO:1901797	NEGATIVE REGULATION OF SIGNAL TRANSDUCTION BY P53 CLASS MEDIATOR%GOBP%GO:1901797		26	0.41634113	1.2391903	0.15800416	0.44464266	1.0	1881	tags=19%, list=14%, signal=22%	
HEME BIOSYNTHETIC PROCESS%GOBP%GO:0006783	HEME BIOSYNTHETIC PROCESS%GOBP%GO:0006783		20	0.43406683	1.2389915	0.18042813	0.4446837	1.0	2262	tags=40%, list=17%, signal=48%	
CYSTINURIA%PATHWHIZ%PW000700	CYSTINURIA%PATHWHIZ%PW000700		15	0.4735257	1.2388464	0.20101523	0.44456878	1.0	1983	tags=33%, list=15%, signal=39%	
SIGNALING BY HEDGEHOG%REACTOME DATABASE ID RELEASE 95%5358351	SIGNALING BY HEDGEHOG%REACTOME DATABASE ID RELEASE 95%5358351		111	0.30858254	1.2388059	0.08008658	0.44421408	1.0	3102	tags=32%, list=23%, signal=42%	
REGULATION OF MONOATOMIC ION TRANSMEMBRANE TRANSPORT%GOBP%GO:0034765	REGULATION OF MONOATOMIC ION TRANSMEMBRANE TRANSPORT%GOBP%GO:0034765		152	0.29785052	1.2387296	0.05837838	0.44392693	1.0	2421	tags=25%, list=18%, signal=30%	
LYSINURIC PROTEIN INTOLERANCE%SMPDB%SMP0000197	LYSINURIC PROTEIN INTOLERANCE%SMPDB%SMP0000197		15	0.4735257	1.2386869	0.19640972	0.44357523	1.0	1983	tags=33%, list=15%, signal=39%	
NEGATIVE REGULATION OF CELLULAR RESPONSE TO INSULIN STIMULUS%GOBP%GO:1900077	NEGATIVE REGULATION OF CELLULAR RESPONSE TO INSULIN STIMULUS%GOBP%GO:1900077		30	0.39491084	1.2384763	0.15392457	0.44360724	1.0	3713	tags=40%, list=27%, signal=55%	
INDAPAMIDE ACTION PATHWAY%SMPDB%SMP0000110	INDAPAMIDE ACTION PATHWAY%SMPDB%SMP0000110		15	0.4735257	1.2383686	0.1959596	0.44340345	1.0	1983	tags=33%, list=15%, signal=39%	
CELLULAR RESPONSE TO DECREASED OXYGEN LEVELS%GOBP%GO:0036294	CELLULAR RESPONSE TO DECREASED OXYGEN LEVELS%GOBP%GO:0036294		69	0.33326218	1.2383416	0.11494253	0.44302186	1.0	2552	tags=28%, list=19%, signal=34%	
PYRUVATE DECARBOXYLASE E1 COMPONENT DEFICIENCY (PDHE1 DEFICIENCY)%SMPDB%SMP0000334	PYRUVATE DECARBOXYLASE E1 COMPONENT DEFICIENCY (PDHE1 DEFICIENCY)%SMPDB%SMP0000334		18	0.45210463	1.2381432	0.16926272	0.44308776	1.0	1649	tags=33%, list=12%, signal=38%	
CENTRAL NERVOUS SYSTEM NEURON DEVELOPMENT%GOBP%GO:0021954	CENTRAL NERVOUS SYSTEM NEURON DEVELOPMENT%GOBP%GO:0021954		30	0.39813727	1.2377504	0.15553236	0.44359633	1.0	1048	tags=23%, list=8%, signal=25%	
TYPE I INTERFERON INDUCTION AND SIGNALING DURING SARS COV 2 INFECTION%WIKIPATHWAYS_20260211%WP4868%HOMO SAPIENS	TYPE I INTERFERON INDUCTION AND SIGNALING DURING SARS COV 2 INFECTION%WIKIPATHWAYS_20260211%WP4868%HOMO SAPIENS		23	0.42796934	1.2372427	0.17538461	0.44433442	1.0	2050	tags=35%, list=15%, signal=41%	
PYRUVATE METABOLISM%PATHWHIZ%PW000054	PYRUVATE METABOLISM%PATHWHIZ%PW000054		18	0.45210463	1.2371228	0.18935516	0.44419304	1.0	1649	tags=33%, list=12%, signal=38%	
DNA-TEMPLATED TRANSCRIPTION INITIATION%GOBP%GO:0006352	DNA-TEMPLATED TRANSCRIPTION INITIATION%GOBP%GO:0006352		169	0.2930368	1.2371175	0.06150583	0.44375822	1.0	2719	tags=28%, list=20%, signal=34%	
PROTEIN NEDDYLATION%GOBP%GO:0045116	PROTEIN NEDDYLATION%GOBP%GO:0045116		20	0.43942136	1.2368592	0.16256158	0.44394144	1.0	3855	tags=60%, list=29%, signal=84%	
BUMETANIDE ACTION PATHWAY%SMPDB%SMP0000088	BUMETANIDE ACTION PATHWAY%SMPDB%SMP0000088		15	0.4735257	1.2367291	0.19709544	0.4438353	1.0	1983	tags=33%, list=15%, signal=39%	
TRIAMTERENE ACTION PATHWAY%SMPDB%SMP0000132	TRIAMTERENE ACTION PATHWAY%SMPDB%SMP0000132		15	0.4735257	1.2360708	0.202	0.44497475	1.0	1983	tags=33%, list=15%, signal=39%	
REGULATION OF METAL ION TRANSPORT%GOBP%GO:0010959	REGULATION OF METAL ION TRANSPORT%GOBP%GO:0010959		180	0.28825304	1.2358098	0.061636556	0.44516578	1.0	2405	tags=26%, list=18%, signal=31%	
AMILORIDE ACTION PATHWAY%SMPDB%SMP0000133	AMILORIDE ACTION PATHWAY%SMPDB%SMP0000133		15	0.4735257	1.2349973	0.19267015	0.44665992	1.0	1983	tags=33%, list=15%, signal=39%	
RNA SURVEILLANCE%GOBP%GO:0071025	RNA SURVEILLANCE%GOBP%GO:0071025		34	0.39049464	1.2349652	0.16051844	0.44628206	1.0	2926	tags=35%, list=22%, signal=45%	
REGULATION OF RIG-I SIGNALING PATHWAY%GOBP%GO:0039535	REGULATION OF RIG-I SIGNALING PATHWAY%GOBP%GO:0039535		16	0.46604228	1.2347888	0.18979591	0.44627216	1.0	2216	tags=31%, list=16%, signal=37%	
HYDROCHLOROTHIAZIDE ACTION PATHWAY%SMPDB%SMP0000100	HYDROCHLOROTHIAZIDE ACTION PATHWAY%SMPDB%SMP0000100		15	0.4735257	1.2347608	0.20440252	0.44590515	1.0	1983	tags=33%, list=15%, signal=39%	
TRICHLORMETHIAZIDE ACTION PATHWAY%SMPDB%SMP0000121	TRICHLORMETHIAZIDE ACTION PATHWAY%SMPDB%SMP0000121		15	0.4735257	1.2347082	0.20250522	0.44556984	1.0	1983	tags=33%, list=15%, signal=39%	
CHLORTHALIDONE ACTION PATHWAY%SMPDB%SMP0000122	CHLORTHALIDONE ACTION PATHWAY%SMPDB%SMP0000122		15	0.4735257	1.2338293	0.20750988	0.44727108	1.0	1983	tags=33%, list=15%, signal=39%	
PHOSPHATIDIC ACID BIOSYNTHETIC PROCESS%GOBP%GO:0006654	PHOSPHATIDIC ACID BIOSYNTHETIC PROCESS%GOBP%GO:0006654		28	0.40781942	1.2337606	0.1661442	0.44700292	1.0	1658	tags=25%, list=12%, signal=28%	
REGULATION OF APC C ACTIVATORS BETWEEN G1 S AND EARLY ANAPHASE%REACTOME DATABASE ID RELEASE 95%176408	REGULATION OF APC C ACTIVATORS BETWEEN G1 S AND EARLY ANAPHASE%REACTOME DATABASE ID RELEASE 95%176408		67	0.33247083	1.233012	0.111924686	0.4483105	1.0	3102	tags=40%, list=23%, signal=52%	
FERROPTOSIS%WIKIPATHWAYS_20260211%WP4313%HOMO SAPIENS	FERROPTOSIS%WIKIPATHWAYS_20260211%WP4313%HOMO SAPIENS		43	0.36507678	1.2327057	0.15714286	0.44863907	1.0	2900	tags=37%, list=21%, signal=47%	
4 HYDROXYTAMOXIFEN DEXAMETHASONE AND RETINOIC ACIDS REGULATION OF P27 EXPRESSION%WIKIPATHWAYS_20260211%WP3879%HOMO SAPIENS	4 HYDROXYTAMOXIFEN DEXAMETHASONE AND RETINOIC ACIDS REGULATION OF P27 EXPRESSION%WIKIPATHWAYS_20260211%WP3879%HOMO SAPIENS		20	0.4348003	1.2321877	0.16868687	0.4494488	1.0	1570	tags=25%, list=12%, signal=28%	
EPLERENONE ACTION PATHWAY%SMPDB%SMP0000135	EPLERENONE ACTION PATHWAY%SMPDB%SMP0000135		15	0.4735257	1.232052	0.19242902	0.44930804	1.0	1983	tags=33%, list=15%, signal=39%	
EBOLA VIRUS INFECTION IN HOST%WIKIPATHWAYS_20260211%WP4217%HOMO SAPIENS	EBOLA VIRUS INFECTION IN HOST%WIKIPATHWAYS_20260211%WP4217%HOMO SAPIENS		89	0.31738555	1.230749	0.093989074	0.4520465	1.0	2916	tags=31%, list=22%, signal=40%	
PHOSPHOLIPID BIOSYNTHESIS%SMPDB%SMP0000025	PHOSPHOLIPID BIOSYNTHESIS%SMPDB%SMP0000025		20	0.43827325	1.2305863	0.17842741	0.45200703	1.0	1378	tags=30%, list=10%, signal=33%	
METHYCLOTHIAZIDE ACTION PATHWAY%PATHWHIZ%PW000327	METHYCLOTHIAZIDE ACTION PATHWAY%PATHWHIZ%PW000327		15	0.4735257	1.2304862	0.20494336	0.45181826	1.0	1983	tags=33%, list=15%, signal=39%	
TP53 REGULATES METABOLIC GENES%REACTOME%R-HSA-5628897.6	TP53 REGULATES METABOLIC GENES%REACTOME%R-HSA-5628897.6		67	0.33477342	1.2304758	0.119450316	0.4514021	1.0	2462	tags=28%, list=18%, signal=35%	
NEUROMUSCULAR PROCESS%GOBP%GO:0050905	NEUROMUSCULAR PROCESS%GOBP%GO:0050905		44	0.36414367	1.2300497	0.15170941	0.4520301	1.0	1519	tags=18%, list=11%, signal=20%	
HALLMARK_INFLAMMATORY_RESPONSE%MSIGDBHALLMARK%HALLMARK_INFLAMMATORY_RESPONSE	HALLMARK_INFLAMMATORY_RESPONSE%MSIGDBHALLMARK%HALLMARK_INFLAMMATORY_RESPONSE		108	0.310217	1.2296188	0.09967846	0.45264158	1.0	2896	tags=25%, list=21%, signal=32%	
VASCULOGENESIS%GOBP%GO:0001570	VASCULOGENESIS%GOBP%GO:0001570		25	0.40286854	1.2293949	0.1799569	0.45276144	1.0	1180	tags=20%, list=9%, signal=22%	
REGULATION OF KERATINOCYTE PROLIFERATION%GOBP%GO:0010837	REGULATION OF KERATINOCYTE PROLIFERATION%GOBP%GO:0010837		20	0.43488643	1.2291951	0.19032922	0.4528122	1.0	1033	tags=15%, list=8%, signal=16%	
GASTRIN SIGNALING%WIKIPATHWAYS_20260211%WP4659%HOMO SAPIENS	GASTRIN SIGNALING%WIKIPATHWAYS_20260211%WP4659%HOMO SAPIENS		84	0.3212222	1.2291932	0.1108742	0.4523712	1.0	2503	tags=30%, list=19%, signal=36%	
SPHINGOLIPID METABOLIC PROCESS%GOBP%GO:0006665	SPHINGOLIPID METABOLIC PROCESS%GOBP%GO:0006665		100	0.31518048	1.2290654	0.1	0.45222482	1.0	968	tags=16%, list=7%, signal=17%	
LYSINURIC PROTEIN INTOLERANCE (LPI)%SMPDB%SMP0000585	LYSINURIC PROTEIN INTOLERANCE (LPI)%SMPDB%SMP0000585		15	0.4735257	1.2288954	0.19132149	0.45220894	1.0	1983	tags=33%, list=15%, signal=39%	
LIPID MODIFICATION%GOBP%GO:0030258	LIPID MODIFICATION%GOBP%GO:0030258		88	0.32005394	1.2287863	0.10559006	0.45204347	1.0	1875	tags=23%, list=14%, signal=26%	
NEGATIVE REGULATION OF PROTEIN LOCALIZATION TO PLASMA MEMBRANE%GOBP%GO:1903077	NEGATIVE REGULATION OF PROTEIN LOCALIZATION TO PLASMA MEMBRANE%GOBP%GO:1903077		25	0.41517556	1.2287272	0.17063081	0.45174462	1.0	2861	tags=40%, list=21%, signal=51%	
ORGANELLE FUSION%GOBP%GO:0048284	ORGANELLE FUSION%GOBP%GO:0048284		107	0.3089368	1.2286607	0.10167715	0.45146632	1.0	2842	tags=34%, list=21%, signal=42%	
FATTY ACID DERIVATIVE METABOLIC PROCESS%GOBP%GO:1901568	FATTY ACID DERIVATIVE METABOLIC PROCESS%GOBP%GO:1901568		53	0.3499323	1.2286212	0.14466737	0.4511319	1.0	1649	tags=21%, list=12%, signal=24%	
TGF BETA RECEPTOR SIGNALING%WIKIPATHWAYS_20260211%WP560%HOMO SAPIENS	TGF BETA RECEPTOR SIGNALING%WIKIPATHWAYS_20260211%WP560%HOMO SAPIENS		44	0.35995802	1.2282845	0.13326551	0.45151776	1.0	3029	tags=34%, list=22%, signal=44%	
REGULATION OF PROTEIN TARGETING%GOBP%GO:1903533	REGULATION OF PROTEIN TARGETING%GOBP%GO:1903533		23	0.41579095	1.228077	0.18443497	0.45157677	1.0	2421	tags=35%, list=18%, signal=42%	
POLYOL METABOLIC PROCESS%GOBP%GO:0019751	POLYOL METABOLIC PROCESS%GOBP%GO:0019751		58	0.34150088	1.228008	0.12725344	0.45131737	1.0	1151	tags=21%, list=9%, signal=23%	
EGF RECEPTOR (ERBB1) SIGNALING PATHWAY%PATHWAY INTERACTION DATABASE NCI-NATURE CURATED DATA%EGF RECEPTOR (ERBB1) SIGNALING PATHWAY	EGF RECEPTOR (ERBB1) SIGNALING PATHWAY%PATHWAY INTERACTION DATABASE NCI-NATURE CURATED DATA%EGF RECEPTOR (ERBB1) SIGNALING PATHWAY		31	0.39430097	1.2275501	0.16977225	0.4519781	1.0	2503	tags=29%, list=19%, signal=36%	
ETHACRYNIC ACID ACTION PATHWAY%SMPDB%SMP0000097	ETHACRYNIC ACID ACTION PATHWAY%SMPDB%SMP0000097		15	0.4735257	1.2274877	0.18256411	0.45169595	1.0	1983	tags=33%, list=15%, signal=39%	
GABA AND GLUTAMATE SIGNALLING IN EPILEPTOGENESIS%WIKIPATHWAYS_20260211%WP5600%HOMO SAPIENS	GABA AND GLUTAMATE SIGNALLING IN EPILEPTOGENESIS%WIKIPATHWAYS_20260211%WP5600%HOMO SAPIENS		54	0.3452443	1.22715	0.12765957	0.4520674	1.0	2941	tags=31%, list=22%, signal=40%	
BLUE DIAPER SYNDROME%SMPDB%SMP0000583	BLUE DIAPER SYNDROME%SMPDB%SMP0000583		15	0.4735257	1.226956	0.2027027	0.45212513	1.0	1983	tags=33%, list=15%, signal=39%	
REGULATION OF INTERLEUKIN-13 PRODUCTION%GOBP%GO:0032656	REGULATION OF INTERLEUKIN-13 PRODUCTION%GOBP%GO:0032656		15	0.46965972	1.2265645	0.19917865	0.4526775	1.0	1152	tags=20%, list=9%, signal=22%	
METOLAZONE ACTION PATHWAY%SMPDB%SMP0000105	METOLAZONE ACTION PATHWAY%SMPDB%SMP0000105		15	0.4735257	1.2261176	0.20262097	0.45329222	1.0	1983	tags=33%, list=15%, signal=39%	
POSITIVE REGULATION OF PROTEIN MODIFICATION BY SMALL PROTEIN CONJUGATION OR REMOVAL%GOBP%GO:1903322	POSITIVE REGULATION OF PROTEIN MODIFICATION BY SMALL PROTEIN CONJUGATION OR REMOVAL%GOBP%GO:1903322		89	0.31754014	1.2260835	0.12563841	0.45294684	1.0	2656	tags=28%, list=20%, signal=35%	
T CELL SELECTION%GOBP%GO:0045058	T CELL SELECTION%GOBP%GO:0045058		27	0.40116644	1.2250633	0.18948413	0.45496562	1.0	3355	tags=44%, list=25%, signal=59%	
POTASSIUM ION IMPORT ACROSS PLASMA MEMBRANE%GOBP%GO:1990573	POTASSIUM ION IMPORT ACROSS PLASMA MEMBRANE%GOBP%GO:1990573		28	0.3984505	1.224119	0.15526047	0.45683268	1.0	3917	tags=43%, list=29%, signal=60%	
BIOCARTA_CTCF_PATHWAY%MSIGDB_C2%BIOCARTA_CTCF_PATHWAY	BIOCARTA_CTCF_PATHWAY%MSIGDB_C2%BIOCARTA_CTCF_PATHWAY		17	0.44741234	1.224051	0.19427402	0.4565596	1.0	1290	tags=29%, list=10%, signal=32%	
REGULATION OF ENDOPLASMIC RETICULUM UNFOLDED PROTEIN RESPONSE%GOBP%GO:1900101	REGULATION OF ENDOPLASMIC RETICULUM UNFOLDED PROTEIN RESPONSE%GOBP%GO:1900101		29	0.39702508	1.2234523	0.18817204	0.457579	1.0	2658	tags=31%, list=20%, signal=39%	
PROPANOATE METABOLISM%SMPDB%SMP0000016	PROPANOATE METABOLISM%SMPDB%SMP0000016		16	0.45501915	1.2234219	0.19374369	0.45722127	1.0	4581	tags=63%, list=34%, signal=94%	
TNF SIGNALING%REACTOME DATABASE ID RELEASE 95%75893	TNF SIGNALING%REACTOME DATABASE ID RELEASE 95%75893		52	0.3478579	1.2233032	0.1269511	0.4570854	1.0	2203	tags=25%, list=16%, signal=30%	
FATTY-ACYL-COA BIOSYNTHETIC PROCESS%GOBP%GO:0046949	FATTY-ACYL-COA BIOSYNTHETIC PROCESS%GOBP%GO:0046949		25	0.40946105	1.2229557	0.18421052	0.4575424	1.0	1433	tags=20%, list=11%, signal=22%	
REGULATION OF CARDIAC MUSCLE HYPERTROPHY%GOBP%GO:0010611	REGULATION OF CARDIAC MUSCLE HYPERTROPHY%GOBP%GO:0010611		28	0.39810425	1.2227962	0.17098446	0.45751402	1.0	2468	tags=36%, list=18%, signal=44%	
SPIRONOLACTONE ACTION PATHWAY%SMPDB%SMP0000134	SPIRONOLACTONE ACTION PATHWAY%SMPDB%SMP0000134		15	0.4735257	1.2226733	0.20570265	0.4573499	1.0	1983	tags=33%, list=15%, signal=39%	
NEGATIVE REGULATION OF KINASE ACTIVITY%GOBP%GO:0033673	NEGATIVE REGULATION OF KINASE ACTIVITY%GOBP%GO:0033673		61	0.33858538	1.2225478	0.14654283	0.45718575	1.0	2473	tags=30%, list=18%, signal=36%	
REGULATION OF ANDROGEN RECEPTOR SIGNALING PATHWAY%GOBP%GO:0060765	REGULATION OF ANDROGEN RECEPTOR SIGNALING PATHWAY%GOBP%GO:0060765		26	0.4047617	1.2222927	0.17368421	0.45735186	1.0	2831	tags=35%, list=21%, signal=44%	
REGULATION OF STRESS-ACTIVATED PROTEIN KINASE SIGNALING CASCADE%GOBP%GO:0070302	REGULATION OF STRESS-ACTIVATED PROTEIN KINASE SIGNALING CASCADE%GOBP%GO:0070302		25	0.40688232	1.2219839	0.17085955	0.4576692	1.0	2253	tags=36%, list=17%, signal=43%	
HEMATOPOIETIC PROGENITOR CELL DIFFERENTIATION%GOBP%GO:0002244	HEMATOPOIETIC PROGENITOR CELL DIFFERENTIATION%GOBP%GO:0002244		21	0.42732212	1.221899	0.17907445	0.45745188	1.0	2472	tags=29%, list=18%, signal=35%	
LYMPHOCYTE HOMEOSTASIS%GOBP%GO:0002260	LYMPHOCYTE HOMEOSTASIS%GOBP%GO:0002260		31	0.38906962	1.2214615	0.16936354	0.45805642	1.0	3390	tags=45%, list=25%, signal=60%	
POSITIVE REGULATION OF NEURON APOPTOTIC PROCESS%GOBP%GO:0043525	POSITIVE REGULATION OF NEURON APOPTOTIC PROCESS%GOBP%GO:0043525		29	0.39375553	1.2214135	0.17945945	0.45773822	1.0	4299	tags=55%, list=32%, signal=81%	
PROTEIN N-LINKED GLYCOSYLATION%GOBP%GO:0006487	PROTEIN N-LINKED GLYCOSYLATION%GOBP%GO:0006487		71	0.33065024	1.2211719	0.12708333	0.4578874	1.0	3720	tags=35%, list=28%, signal=48%	
POSITIVE REGULATION OF POST-TRANSLATIONAL PROTEIN MODIFICATION%GOBP%GO:1901875	POSITIVE REGULATION OF POST-TRANSLATIONAL PROTEIN MODIFICATION%GOBP%GO:1901875		90	0.3159669	1.2209382	0.115226336	0.45802218	1.0	2656	tags=28%, list=20%, signal=34%	
RNA POLYMERASE II PRE-TRANSCRIPTION EVENTS%REACTOME%R-HSA-674695.5	RNA POLYMERASE II PRE-TRANSCRIPTION EVENTS%REACTOME%R-HSA-674695.5		74	0.32904786	1.2207437	0.12077789	0.458083	1.0	2889	tags=32%, list=21%, signal=41%	
INTERNALIZATION OF ERBB1%PATHWAY INTERACTION DATABASE NCI-NATURE CURATED DATA%INTERNALIZATION OF ERBB1	INTERNALIZATION OF ERBB1%PATHWAY INTERACTION DATABASE NCI-NATURE CURATED DATA%INTERNALIZATION OF ERBB1		37	0.37239718	1.2207023	0.16921508	0.45776513	1.0	2422	tags=32%, list=18%, signal=39%	
MALONYL-COA DECARBOXYLASE DEFICIENCY%PATHWHIZ%PW000478	MALONYL-COA DECARBOXYLASE DEFICIENCY%PATHWHIZ%PW000478		16	0.45501915	1.2206175	0.20416667	0.45755166	1.0	4581	tags=63%, list=34%, signal=94%	
IMINOGLYCINURIA%PATHWHIZ%PW000219	IMINOGLYCINURIA%PATHWHIZ%PW000219		15	0.4735257	1.2204323	0.2148847	0.4575759	1.0	1983	tags=33%, list=15%, signal=39%	
RESPONSE TO STEROL%GOBP%GO:0036314	RESPONSE TO STEROL%GOBP%GO:0036314		20	0.4301763	1.2197642	0.18669315	0.45878428	1.0	1970	tags=35%, list=15%, signal=41%	
POSITIVE REGULATION OF PROTEIN UBIQUITINATION%GOBP%GO:0031398	POSITIVE REGULATION OF PROTEIN UBIQUITINATION%GOBP%GO:0031398		70	0.33104137	1.2188209	0.14209402	0.4606434	1.0	2372	tags=27%, list=18%, signal=33%	
MALONIC ACIDURIA%SMPDB%SMP0000198	MALONIC ACIDURIA%SMPDB%SMP0000198		16	0.45501915	1.21831	0.20080726	0.46148303	1.0	4581	tags=63%, list=34%, signal=94%	
STEROID BIOSYNTHETIC PROCESS%GOBP%GO:0006694	STEROID BIOSYNTHETIC PROCESS%GOBP%GO:0006694		46	0.3606771	1.218138	0.1525974	0.461454	1.0	2840	tags=41%, list=21%, signal=52%	
INTEGRIN CELL SURFACE INTERACTIONS%REACTOME DATABASE ID RELEASE 95%216083	INTEGRIN CELL SURFACE INTERACTIONS%REACTOME DATABASE ID RELEASE 95%216083		48	0.35435537	1.2173346	0.16595745	0.46299618	1.0	1937	tags=27%, list=14%, signal=32%	
PHOSPHATIDIC ACID METABOLIC PROCESS%GOBP%GO:0046473	PHOSPHATIDIC ACID METABOLIC PROCESS%GOBP%GO:0046473		30	0.38776922	1.2171087	0.16683726	0.46315736	1.0	1658	tags=23%, list=12%, signal=27%	
REGULATION OF TUMOR NECROSIS FACTOR PRODUCTION%GOBP%GO:0032680	REGULATION OF TUMOR NECROSIS FACTOR PRODUCTION%GOBP%GO:0032680		85	0.32039416	1.2162067	0.12876427	0.46489832	1.0	2998	tags=34%, list=22%, signal=44%	
NEGATIVE REGULATION OF AMYLOID PRECURSOR PROTEIN CATABOLIC PROCESS%GOBP%GO:1902992	NEGATIVE REGULATION OF AMYLOID PRECURSOR PROTEIN CATABOLIC PROCESS%GOBP%GO:1902992		16	0.4572861	1.2160585	0.21840243	0.4648097	1.0	2167	tags=38%, list=16%, signal=45%	
POSITIVE REGULATION OF LEUKOCYTE MEDIATED CYTOTOXICITY%GOBP%GO:0001912	POSITIVE REGULATION OF LEUKOCYTE MEDIATED CYTOTOXICITY%GOBP%GO:0001912		25	0.4095648	1.2160357	0.18492462	0.46442428	1.0	2149	tags=28%, list=16%, signal=33%	
TGF-BETA RECEPTOR SIGNALING IN EMT (EPITHELIAL TO MESENCHYMAL TRANSITION)%REACTOME%R-HSA-2173791.3	TGF-BETA RECEPTOR SIGNALING IN EMT (EPITHELIAL TO MESENCHYMAL TRANSITION)%REACTOME%R-HSA-2173791.3		16	0.46107426	1.2157927	0.21343873	0.46458915	1.0	3367	tags=44%, list=25%, signal=58%	
NUCLEAR RNA SURVEILLANCE%GOBP%GO:0071027	NUCLEAR RNA SURVEILLANCE%GOBP%GO:0071027		30	0.39226988	1.2156812	0.17948718	0.46443495	1.0	2926	tags=33%, list=22%, signal=42%	
REGULATION OF MYELOID LEUKOCYTE DIFFERENTIATION%GOBP%GO:0002761	REGULATION OF MYELOID LEUKOCYTE DIFFERENTIATION%GOBP%GO:0002761		57	0.34135884	1.2155898	0.14477766	0.46423182	1.0	3003	tags=33%, list=22%, signal=43%	
MITOCHONDRIAL CALCIUM ION TRANSMEMBRANE TRANSPORT%GOBP%GO:0006851	MITOCHONDRIAL CALCIUM ION TRANSMEMBRANE TRANSPORT%GOBP%GO:0006851		18	0.44280243	1.2154825	0.20344129	0.46405104	1.0	1884	tags=33%, list=14%, signal=39%	
PHOSPHATIDYLSERINE METABOLIC PROCESS%GOBP%GO:0006658	PHOSPHATIDYLSERINE METABOLIC PROCESS%GOBP%GO:0006658		19	0.4354582	1.2153273	0.2035124	0.46397874	1.0	1775	tags=21%, list=13%, signal=24%	
OUTFLOW TRACT MORPHOGENESIS%GOBP%GO:0003151	OUTFLOW TRACT MORPHOGENESIS%GOBP%GO:0003151		45	0.3524279	1.215236	0.16731898	0.46377265	1.0	3450	tags=42%, list=26%, signal=57%	
CARDIAC HYPERTROPHIC RESPONSE%WIKIPATHWAYS_20260211%WP2795%HOMO SAPIENS	CARDIAC HYPERTROPHIC RESPONSE%WIKIPATHWAYS_20260211%WP2795%HOMO SAPIENS		44	0.3580711	1.2147024	0.15400411	0.46460673	1.0	1852	tags=25%, list=14%, signal=29%	
PURINERGIC SIGNALING IN LEISHMANIASIS INFECTION%REACTOME DATABASE ID RELEASE 95%9660826	PURINERGIC SIGNALING IN LEISHMANIASIS INFECTION%REACTOME DATABASE ID RELEASE 95%9660826		16	0.45930174	1.214581	0.21806854	0.4644589	1.0	1154	tags=19%, list=9%, signal=20%	
NEGATIVE REGULATION OF T CELL DIFFERENTIATION%GOBP%GO:0045581	NEGATIVE REGULATION OF T CELL DIFFERENTIATION%GOBP%GO:0045581		39	0.36610273	1.214535	0.18343815	0.46413705	1.0	1374	tags=26%, list=10%, signal=28%	
LYTIC VACUOLE ORGANIZATION%GOBP%GO:0080171	LYTIC VACUOLE ORGANIZATION%GOBP%GO:0080171		85	0.31982705	1.2141184	0.12627292	0.46473312	1.0	2987	tags=35%, list=22%, signal=45%	
REGULATION OF MAP KINASE ACTIVITY%GOBP%GO:0043405	REGULATION OF MAP KINASE ACTIVITY%GOBP%GO:0043405		42	0.36177894	1.2136301	0.18514532	0.46551725	1.0	2112	tags=24%, list=16%, signal=28%	
HEMATOPOIETIC STEM CELL GENE REGULATION BY GABP ALPHA BETA COMPLEX%WIKIPATHWAYS_20260211%WP3657%HOMO SAPIENS	HEMATOPOIETIC STEM CELL GENE REGULATION BY GABP ALPHA BETA COMPLEX%WIKIPATHWAYS_20260211%WP3657%HOMO SAPIENS		15	0.46148297	1.2130977	0.19263157	0.46638668	1.0	1635	tags=27%, list=12%, signal=30%	
REGULATION OF MUSCLE HYPERTROPHY%GOBP%GO:0014743	REGULATION OF MUSCLE HYPERTROPHY%GOBP%GO:0014743		28	0.39810425	1.2127631	0.19859579	0.46678847	1.0	2468	tags=36%, list=18%, signal=44%	
METHYLMALONIC ACIDURIA DUE TO COBALAMIN-RELATED DISORDERS%PATHWHIZ%PW000208	METHYLMALONIC ACIDURIA DUE TO COBALAMIN-RELATED DISORDERS%PATHWHIZ%PW000208		16	0.45501915	1.2126336	0.21047431	0.4666781	1.0	4581	tags=63%, list=34%, signal=94%	
REGULATION OF CHOLESTEROL BIOSYNTHESIS BY SREBP (SREBF)%REACTOME%R-HSA-1655829.4	REGULATION OF CHOLESTEROL BIOSYNTHESIS BY SREBP (SREBF)%REACTOME%R-HSA-1655829.4		53	0.34320536	1.2124795	0.1486068	0.4666126	1.0	2996	tags=42%, list=22%, signal=53%	
MIR TARGETED GENES IN LEUKOCYTES%WIKIPATHWAYS_20260211%WP2003%HOMO SAPIENS	MIR TARGETED GENES IN LEUKOCYTES%WIKIPATHWAYS_20260211%WP2003%HOMO SAPIENS		98	0.309472	1.2123224	0.12197687	0.46655843	1.0	2666	tags=32%, list=20%, signal=39%	
POSITIVE REGULATION OF LIPID METABOLIC PROCESS%GOBP%GO:0045834	POSITIVE REGULATION OF LIPID METABOLIC PROCESS%GOBP%GO:0045834		70	0.32456937	1.2121781	0.13449024	0.46647227	1.0	2007	tags=24%, list=15%, signal=28%	
DOPAMINE NEUROTRANSMITTER RELEASE CYCLE%REACTOME%R-HSA-212676.5	DOPAMINE NEUROTRANSMITTER RELEASE CYCLE%REACTOME%R-HSA-212676.5		17	0.4486267	1.211736	0.22446916	0.46710268	1.0	4419	tags=53%, list=33%, signal=79%	
NEGATIVE REGULATION OF DEVELOPMENTAL GROWTH%GOBP%GO:0048640	NEGATIVE REGULATION OF DEVELOPMENTAL GROWTH%GOBP%GO:0048640		28	0.39827383	1.2107037	0.19325154	0.4692071	1.0	3002	tags=36%, list=22%, signal=46%	
CERAMIDE METABOLIC PROCESS%GOBP%GO:0006672	CERAMIDE METABOLIC PROCESS%GOBP%GO:0006672		57	0.34000725	1.2106351	0.15585774	0.46894267	1.0	968	tags=19%, list=7%, signal=21%	
VISUAL PERCEPTION%GOBP%GO:0007601	VISUAL PERCEPTION%GOBP%GO:0007601		67	0.3327346	1.2106025	0.12974684	0.46860117	1.0	2509	tags=25%, list=19%, signal=31%	
LATE ENDOSOME TO VACUOLE TRANSPORT VIA MULTIVESICULAR BODY SORTING PATHWAY%GOBP%GO:0032511	LATE ENDOSOME TO VACUOLE TRANSPORT VIA MULTIVESICULAR BODY SORTING PATHWAY%GOBP%GO:0032511		26	0.40671968	1.2104071	0.18568465	0.4686718	1.0	3128	tags=50%, list=23%, signal=65%	
ACTIVATION OF IRF3, IRF7 MEDIATED BY TBK1, IKKΕ (IKBKE)%REACTOME%R-HSA-936964.6	ACTIVATION OF IRF3, IRF7 MEDIATED BY TBK1, IKKΕ (IKBKE)%REACTOME%R-HSA-936964.6		15	0.45397422	1.2103542	0.21683168	0.468377	1.0	3102	tags=47%, list=23%, signal=61%	
LYSOSOME ORGANIZATION%GOBP%GO:0007040	LYSOSOME ORGANIZATION%GOBP%GO:0007040		85	0.31982705	1.2102517	0.128125	0.4681921	1.0	2987	tags=35%, list=22%, signal=45%	
INNATE IMMUNE RESPONSE-ACTIVATING SIGNALING PATHWAY%GOBP%GO:0002758	INNATE IMMUNE RESPONSE-ACTIVATING SIGNALING PATHWAY%GOBP%GO:0002758		89	0.31738225	1.2099955	0.12943633	0.46839413	1.0	2896	tags=28%, list=21%, signal=36%	
FUROSEMIDE ACTION PATHWAY%PATHWHIZ%PW000337	FUROSEMIDE ACTION PATHWAY%PATHWHIZ%PW000337		15	0.4735257	1.2097539	0.22188139	0.46856448	1.0	1983	tags=33%, list=15%, signal=39%	
ION HOMEOSTASIS%REACTOME DATABASE ID RELEASE 95%5578775	ION HOMEOSTASIS%REACTOME DATABASE ID RELEASE 95%5578775		41	0.35999373	1.2089245	0.17378049	0.4701927	1.0	2151	tags=27%, list=16%, signal=32%	
CELLULAR OXIDANT DETOXIFICATION%GOBP%GO:0098869	CELLULAR OXIDANT DETOXIFICATION%GOBP%GO:0098869		16	0.4563686	1.2088679	0.21421422	0.46990088	1.0	2432	tags=44%, list=18%, signal=53%	
PID_INTEGRIN_CS_PATHWAY%MSIGDB_C2%PID_INTEGRIN_CS_PATHWAY	PID_INTEGRIN_CS_PATHWAY%MSIGDB_C2%PID_INTEGRIN_CS_PATHWAY		16	0.45402378	1.2086742	0.2086331	0.4699502	1.0	2441	tags=38%, list=18%, signal=46%	
NEGATIVE REGULATION OF HEMOPOIESIS%GOBP%GO:1903707	NEGATIVE REGULATION OF HEMOPOIESIS%GOBP%GO:1903707		64	0.33113736	1.2083236	0.13595167	0.47038242	1.0	3390	tags=41%, list=25%, signal=54%	
NEGATIVE REGULATION OF RELEASE OF CYTOCHROME C FROM MITOCHONDRIA%GOBP%GO:0090201	NEGATIVE REGULATION OF RELEASE OF CYTOCHROME C FROM MITOCHONDRIA%GOBP%GO:0090201		15	0.46598995	1.2072592	0.22106361	0.47257143	1.0	2940	tags=47%, list=22%, signal=60%	
CD209 (DC-SIGN) SIGNALING%REACTOME DATABASE ID RELEASE 95%5621575	CD209 (DC-SIGN) SIGNALING%REACTOME DATABASE ID RELEASE 95%5621575		16	0.45669734	1.2059948	0.21979167	0.4752996	1.0	2769	tags=38%, list=20%, signal=47%	
REGULATION OF MUSCLE ADAPTATION%GOBP%GO:0043502	REGULATION OF MUSCLE ADAPTATION%GOBP%GO:0043502		38	0.36436746	1.205645	0.17305699	0.47576302	1.0	2468	tags=32%, list=18%, signal=39%	
SIGNALING EVENTS MEDIATED BY FOCAL ADHESION KINASE%PATHWAY INTERACTION DATABASE NCI-NATURE CURATED DATA%SIGNALING EVENTS MEDIATED BY FOCAL ADHESION KINASE	SIGNALING EVENTS MEDIATED BY FOCAL ADHESION KINASE%PATHWAY INTERACTION DATABASE NCI-NATURE CURATED DATA%SIGNALING EVENTS MEDIATED BY FOCAL ADHESION KINASE		55	0.343465	1.2054064	0.14803313	0.4759222	1.0	1020	tags=16%, list=8%, signal=18%	
REGULATION OF TUMOR NECROSIS FACTOR SUPERFAMILY CYTOKINE PRODUCTION%GOBP%GO:1903555	REGULATION OF TUMOR NECROSIS FACTOR SUPERFAMILY CYTOKINE PRODUCTION%GOBP%GO:1903555		88	0.31377968	1.2044301	0.12893401	0.47788623	1.0	2998	tags=33%, list=22%, signal=42%	
CARDIAC SEPTUM DEVELOPMENT%GOBP%GO:0003279	CARDIAC SEPTUM DEVELOPMENT%GOBP%GO:0003279		51	0.34469512	1.2041433	0.15305068	0.47816586	1.0	2609	tags=31%, list=19%, signal=39%	
P75(NTR)-MEDIATED SIGNALING%PATHWAY INTERACTION DATABASE NCI-NATURE CURATED DATA%P75(NTR)-MEDIATED SIGNALING	P75(NTR)-MEDIATED SIGNALING%PATHWAY INTERACTION DATABASE NCI-NATURE CURATED DATA%P75(NTR)-MEDIATED SIGNALING		57	0.33808476	1.2039752	0.15248963	0.47813132	1.0	1380	tags=18%, list=10%, signal=19%	
NEGATIVE REGULATION OF LYMPHOCYTE DIFFERENTIATION%GOBP%GO:0045620	NEGATIVE REGULATION OF LYMPHOCYTE DIFFERENTIATION%GOBP%GO:0045620		43	0.3599678	1.2036593	0.18172377	0.47847167	1.0	1374	tags=26%, list=10%, signal=28%	
LIPID DROPLET ORGANIZATION%GOBP%GO:0034389	LIPID DROPLET ORGANIZATION%GOBP%GO:0034389		27	0.3953461	1.2035435	0.19724284	0.4783287	1.0	2166	tags=37%, list=16%, signal=44%	
RNA POLYMERASE II TRANSCRIPTION THE PREINITIATION COMPLEX%WIKIPATHWAYS_20260211%WP5563%HOMO SAPIENS	RNA POLYMERASE II TRANSCRIPTION THE PREINITIATION COMPLEX%WIKIPATHWAYS_20260211%WP5563%HOMO SAPIENS		62	0.33255088	1.2032667	0.15625	0.47859582	1.0	2190	tags=26%, list=16%, signal=31%	
MITOCHONDRIAL GENE EXPRESSION%GOBP%GO:0140053	MITOCHONDRIAL GENE EXPRESSION%GOBP%GO:0140053		138	0.29411525	1.2030864	0.10822511	0.47861755	1.0	3332	tags=36%, list=25%, signal=48%	
NEGATIVE REGULATION OF PHOSPHORUS METABOLIC PROCESS%GOBP%GO:0010563	NEGATIVE REGULATION OF PHOSPHORUS METABOLIC PROCESS%GOBP%GO:0010563		122	0.29490954	1.2023075	0.09926082	0.48009777	1.0	2134	tags=25%, list=16%, signal=29%	
NEGATIVE REGULATION OF PROTEIN LOCALIZATION%GOBP%GO:1903828	NEGATIVE REGULATION OF PROTEIN LOCALIZATION%GOBP%GO:1903828		128	0.29615474	1.2021816	0.10654828	0.4799648	1.0	3146	tags=36%, list=23%, signal=46%	
REGULATION OF ESTABLISHMENT OF CELL POLARITY%GOBP%GO:2000114	REGULATION OF ESTABLISHMENT OF CELL POLARITY%GOBP%GO:2000114		15	0.46168074	1.2019956	0.21673387	0.4799724	1.0	136	tags=13%, list=1%, signal=13%	
RNA POLYMERASE II TRANSCRIBES SNRNA GENES%REACTOME%R-HSA-6807505.4	RNA POLYMERASE II TRANSCRIBES SNRNA GENES%REACTOME%R-HSA-6807505.4		71	0.3218067	1.201876	0.15221775	0.4798356	1.0	2506	tags=27%, list=19%, signal=33%	
MULTI-MULTICELLULAR ORGANISM PROCESS%GOBP%GO:0044706	MULTI-MULTICELLULAR ORGANISM PROCESS%GOBP%GO:0044706		40	0.36270055	1.2016447	0.191	0.47997722	1.0	1266	tags=18%, list=9%, signal=19%	
RNA POLYMERASE II PREINITIATION COMPLEX ASSEMBLY%GOBP%GO:0051123	RNA POLYMERASE II PREINITIATION COMPLEX ASSEMBLY%GOBP%GO:0051123		47	0.3506415	1.2014389	0.16330644	0.48005545	1.0	3489	tags=43%, list=26%, signal=57%	
REGULATION OF PHAGOCYTOSIS%GOBP%GO:0050764	REGULATION OF PHAGOCYTOSIS%GOBP%GO:0050764		46	0.35197327	1.2014173	0.17438105	0.47967178	1.0	1805	tags=20%, list=13%, signal=23%	
EPIGENETIC REGULATION OF ADIPOGENESIS GENES BY MLL3 AND MLL4 COMPLEXES%REACTOME%R-HSA-9851695.2	EPIGENETIC REGULATION OF ADIPOGENESIS GENES BY MLL3 AND MLL4 COMPLEXES%REACTOME%R-HSA-9851695.2		64	0.32680944	1.2007177	0.13669822	0.48103517	1.0	2134	tags=25%, list=16%, signal=30%	
T CELL ACTIVATION SARS COV 2%WIKIPATHWAYS_20260211%WP5098%HOMO SAPIENS	T CELL ACTIVATION SARS COV 2%WIKIPATHWAYS_20260211%WP5098%HOMO SAPIENS		49	0.34608257	1.2003704	0.16477858	0.48146474	1.0	3485	tags=39%, list=26%, signal=52%	
NEURON PROJECTION EXTENSION%GOBP%GO:1990138	NEURON PROJECTION EXTENSION%GOBP%GO:1990138		31	0.38140815	1.2000798	0.2022022	0.48176438	1.0	4164	tags=58%, list=31%, signal=84%	
GLUCONEOGENESIS%PATHWHIZ%PW088242	GLUCONEOGENESIS%PATHWHIZ%PW088242		16	0.45251808	1.2000072	0.2184265	0.4815305	1.0	5093	tags=81%, list=38%, signal=130%	
SPLICEOSOMAL CONFORMATIONAL CHANGES TO GENERATE CATALYTIC CONFORMATION%GOBP%GO:0000393	SPLICEOSOMAL CONFORMATIONAL CHANGES TO GENERATE CATALYTIC CONFORMATION%GOBP%GO:0000393		36	0.3720658	1.1991824	0.1819149	0.48317242	1.0	1379	tags=17%, list=10%, signal=19%	
REGULATION OF STRESS-ACTIVATED MAPK CASCADE%GOBP%GO:0032872	REGULATION OF STRESS-ACTIVATED MAPK CASCADE%GOBP%GO:0032872		25	0.40688232	1.1990119	0.20735444	0.4831612	1.0	2253	tags=36%, list=17%, signal=43%	
ACTIVATION OF GENE EXPRESSION BY SREBF (SREBP)%REACTOME DATABASE ID RELEASE 95%2426168	ACTIVATION OF GENE EXPRESSION BY SREBF (SREBP)%REACTOME DATABASE ID RELEASE 95%2426168		40	0.360529	1.198828	0.18153527	0.48318037	1.0	1022	tags=23%, list=8%, signal=24%	
REGULATION OF PROTEIN TARGETING TO MEMBRANE%GOBP%GO:0090313	REGULATION OF PROTEIN TARGETING TO MEMBRANE%GOBP%GO:0090313		23	0.41579095	1.1986297	0.2089109	0.48326078	1.0	2421	tags=35%, list=18%, signal=42%	
POSITIVE REGULATION OF SODIUM ION TRANSPORT%GOBP%GO:0010765	POSITIVE REGULATION OF SODIUM ION TRANSPORT%GOBP%GO:0010765		22	0.41526684	1.1981663	0.21031746	0.48394802	1.0	4091	tags=50%, list=30%, signal=72%	
REGULATION OF LEUKOCYTE ADHESION TO VASCULAR ENDOTHELIAL CELL%GOBP%GO:1904994	REGULATION OF LEUKOCYTE ADHESION TO VASCULAR ENDOTHELIAL CELL%GOBP%GO:1904994		15	0.4531612	1.1974081	0.21486762	0.48540944	1.0	4445	tags=73%, list=33%, signal=109%	
ALZHEIMER 39 S DISEASE%WIKIPATHWAYS_20260211%WP5124%HOMO SAPIENS	ALZHEIMER 39 S DISEASE%WIKIPATHWAYS_20260211%WP5124%HOMO SAPIENS		158	0.2816923	1.1973732	0.09910913	0.4850762	1.0	1848	tags=23%, list=14%, signal=26%	
MESODERM DEVELOPMENT%GOBP%GO:0007498	MESODERM DEVELOPMENT%GOBP%GO:0007498		36	0.36543274	1.1970245	0.20703934	0.48548448	1.0	2073	tags=19%, list=15%, signal=23%	
2Q13 COPY NUMBER VARIATION SYNDROME%WIKIPATHWAYS_20260211%WP5222%HOMO SAPIENS	2Q13 COPY NUMBER VARIATION SYNDROME%WIKIPATHWAYS_20260211%WP5222%HOMO SAPIENS		32	0.37833604	1.1969463	0.18743667	0.48526028	1.0	3390	tags=38%, list=25%, signal=50%	
THE ONCOGENIC ACTION OF D-2-HYDROXYGLUTARATE IN HYDROXYGLUTARIC ACIDURIA%SMPDB%SMP0002359	THE ONCOGENIC ACTION OF D-2-HYDROXYGLUTARATE IN HYDROXYGLUTARIC ACIDURIA%SMPDB%SMP0002359		27	0.39721093	1.1968172	0.20787084	0.48513594	1.0	2041	tags=26%, list=15%, signal=30%	
RESPONSE TO PEPTIDE HORMONE%GOBP%GO:0043434	RESPONSE TO PEPTIDE HORMONE%GOBP%GO:0043434		156	0.28520018	1.1964022	0.10169491	0.48574376	1.0	2669	tags=27%, list=20%, signal=33%	
CALNEXIN CALRETICULIN CYCLE%REACTOME%R-HSA-901042.5	CALNEXIN CALRETICULIN CYCLE%REACTOME%R-HSA-901042.5		25	0.39813364	1.1962872	0.19146723	0.48559734	1.0	3102	tags=36%, list=23%, signal=47%	
ESTABLISHMENT OF MITOCHONDRION LOCALIZATION, MICROTUBULE-MEDIATED%GOBP%GO:0034643	ESTABLISHMENT OF MITOCHONDRION LOCALIZATION, MICROTUBULE-MEDIATED%GOBP%GO:0034643		19	0.4273896	1.1960053	0.21752267	0.485877	1.0	3044	tags=47%, list=23%, signal=61%	
ISOPRENOID METABOLIC PROCESS%GOBP%GO:0006720	ISOPRENOID METABOLIC PROCESS%GOBP%GO:0006720		56	0.33471408	1.195435	0.17367853	0.4868933	1.0	2825	tags=32%, list=21%, signal=40%	
PHOSPHOLIPID CATABOLIC PROCESS%GOBP%GO:0009395	PHOSPHOLIPID CATABOLIC PROCESS%GOBP%GO:0009395		26	0.3946377	1.1945928	0.2165992	0.48858395	1.0	1069	tags=23%, list=8%, signal=25%	
OLEFINIC COMPOUND METABOLIC PROCESS%GOBP%GO:0120254	OLEFINIC COMPOUND METABOLIC PROCESS%GOBP%GO:0120254		55	0.33838034	1.1944273	0.15572034	0.48856252	1.0	2085	tags=25%, list=15%, signal=30%	
TRANSCRIPTION INITIATION AT RNA POLYMERASE II PROMOTER%GOBP%GO:0006367	TRANSCRIPTION INITIATION AT RNA POLYMERASE II PROMOTER%GOBP%GO:0006367		133	0.29137126	1.1943939	0.116827436	0.48822138	1.0	2719	tags=29%, list=20%, signal=35%	
FATTY ACID DERIVATIVE BIOSYNTHETIC PROCESS%GOBP%GO:1901570	FATTY ACID DERIVATIVE BIOSYNTHETIC PROCESS%GOBP%GO:1901570		34	0.3734762	1.1935554	0.18293937	0.48985898	1.0	1464	tags=21%, list=11%, signal=23%	
REGULATION OF MITOCHONDRION ORGANIZATION%GOBP%GO:0010821	REGULATION OF MITOCHONDRION ORGANIZATION%GOBP%GO:0010821		89	0.30881196	1.1933569	0.13528138	0.48992297	1.0	3046	tags=33%, list=23%, signal=42%	
OVARIAN FOLLICLE DEVELOPMENT%GOBP%GO:0001541	OVARIAN FOLLICLE DEVELOPMENT%GOBP%GO:0001541		15	0.4537821	1.193052	0.2323031	0.49025303	1.0	1798	tags=20%, list=13%, signal=23%	
NEGATIVE REGULATION OF PROTEIN MODIFICATION PROCESS%GOBP%GO:0031400	NEGATIVE REGULATION OF PROTEIN MODIFICATION PROCESS%GOBP%GO:0031400		151	0.2850391	1.1921833	0.10085837	0.49200654	1.0	2476	tags=25%, list=18%, signal=30%	
POSITIVE REGULATION OF TRANSMEMBRANE RECEPTOR PROTEIN SERINE/THREONINE KINASE SIGNALING PATHWAY%GOBP%GO:0090100	POSITIVE REGULATION OF TRANSMEMBRANE RECEPTOR PROTEIN SERINE/THREONINE KINASE SIGNALING PATHWAY%GOBP%GO:0090100		66	0.3272288	1.192139	0.16859852	0.4916944	1.0	2073	tags=23%, list=15%, signal=27%	
RESPONSE TO OXYGEN LEVELS%GOBP%GO:0070482	RESPONSE TO OXYGEN LEVELS%GOBP%GO:0070482		125	0.29468197	1.1914535	0.12926577	0.4929916	1.0	2423	tags=26%, list=18%, signal=31%	
RAF ACTIVATION%REACTOME%R-HSA-5673000.4	RAF ACTIVATION%REACTOME%R-HSA-5673000.4		32	0.3827788	1.1912049	0.19709544	0.4932246	1.0	2307	tags=38%, list=17%, signal=45%	
FEMALE GONAD DEVELOPMENT%GOBP%GO:0008585	FEMALE GONAD DEVELOPMENT%GOBP%GO:0008585		19	0.4218242	1.190896	0.22199592	0.49357495	1.0	569	tags=16%, list=4%, signal=16%	
TNFALPHA%IOB%TNFALPHA	TNFALPHA%IOB%TNFALPHA		158	0.28453296	1.1907226	0.101111114	0.4935814	1.0	2862	tags=33%, list=21%, signal=41%	
EGFR DOWNREGULATION%REACTOME DATABASE ID RELEASE 95%182971	EGFR DOWNREGULATION%REACTOME DATABASE ID RELEASE 95%182971		23	0.40705004	1.1905764	0.21471775	0.49352765	1.0	2071	tags=35%, list=15%, signal=41%	
RAB GERANYLGERANYLATION%REACTOME%R-HSA-8873719.4	RAB GERANYLGERANYLATION%REACTOME%R-HSA-8873719.4		57	0.33193335	1.1904507	0.17113402	0.4934273	1.0	1256	tags=21%, list=9%, signal=23%	
NEGATIVE REGULATION OF MOLECULAR FUNCTION%GOBP%GO:0044092	NEGATIVE REGULATION OF MOLECULAR FUNCTION%GOBP%GO:0044092		155	0.28497127	1.1898192	0.11240721	0.4945986	1.0	2508	tags=28%, list=19%, signal=34%	
CELLULAR COMPONENT ASSEMBLY INVOLVED IN MORPHOGENESIS%GOBP%GO:0010927	CELLULAR COMPONENT ASSEMBLY INVOLVED IN MORPHOGENESIS%GOBP%GO:0010927		71	0.3202084	1.1894636	0.14605543	0.4950849	1.0	3982	tags=41%, list=29%, signal=58%	
KETOROLAC ACTION PATHWAY%SMPDB%SMP0000098	KETOROLAC ACTION PATHWAY%SMPDB%SMP0000098		15	0.44517145	1.1890738	0.22096609	0.4956249	1.0	1475	tags=33%, list=11%, signal=37%	
EPIGENETIC REGULATION OF GENE EXPRESSION BY MLL3 AND MLL4 COMPLEXES%REACTOME%R-HSA-9818564.2	EPIGENETIC REGULATION OF GENE EXPRESSION BY MLL3 AND MLL4 COMPLEXES%REACTOME%R-HSA-9818564.2		64	0.32680944	1.189071	0.17230769	0.4951996	1.0	2134	tags=25%, list=16%, signal=30%	
SLC-MEDIATED TRANSPORT OF AMINO ACIDS%REACTOME%R-HSA-9958863.1	SLC-MEDIATED TRANSPORT OF AMINO ACIDS%REACTOME%R-HSA-9958863.1		24	0.40696305	1.1889935	0.21674877	0.4949611	1.0	1880	tags=25%, list=14%, signal=29%	
IRON-SULFUR CLUSTER ASSEMBLY%GOBP%GO:0016226	IRON-SULFUR CLUSTER ASSEMBLY%GOBP%GO:0016226		22	0.41304713	1.188732	0.23255815	0.49521062	1.0	3322	tags=36%, list=25%, signal=48%	
REGULATION OF PROTEOLYSIS%GOBP%GO:0030162	REGULATION OF PROTEOLYSIS%GOBP%GO:0030162		90	0.30738267	1.1887207	0.146875	0.49481243	1.0	1648	tags=21%, list=12%, signal=24%	
REGULATION OF EXOCYTOSIS%GOBP%GO:0017157	REGULATION OF EXOCYTOSIS%GOBP%GO:0017157		100	0.30125087	1.188608	0.13368984	0.49465635	1.0	2327	tags=26%, list=17%, signal=31%	
REGULATION OF ENDOPLASMIC RETICULUM STRESS-INDUCED INTRINSIC APOPTOTIC SIGNALING PATHWAY%GOBP%GO:1902235	REGULATION OF ENDOPLASMIC RETICULUM STRESS-INDUCED INTRINSIC APOPTOTIC SIGNALING PATHWAY%GOBP%GO:1902235		19	0.43097985	1.18797	0.23492724	0.4958609	1.0	2658	tags=47%, list=20%, signal=59%	
POSITIVE REGULATION OF TUMOR NECROSIS FACTOR SUPERFAMILY CYTOKINE PRODUCTION%GOBP%GO:1903557	POSITIVE REGULATION OF TUMOR NECROSIS FACTOR SUPERFAMILY CYTOKINE PRODUCTION%GOBP%GO:1903557		63	0.32417563	1.1879419	0.14900315	0.49549264	1.0	2998	tags=38%, list=22%, signal=49%	
CELLULAR ANATOMICAL ENTITY MORPHOGENESIS%GOBP%GO:0032989	CELLULAR ANATOMICAL ENTITY MORPHOGENESIS%GOBP%GO:0032989		71	0.3202084	1.1875563	0.1565126	0.49605557	1.0	3982	tags=41%, list=29%, signal=58%	
OLIGODENDROCYTE DEVELOPMENT%GOBP%GO:0014003	OLIGODENDROCYTE DEVELOPMENT%GOBP%GO:0014003		18	0.43114877	1.1871487	0.2326284	0.4966908	1.0	1174	tags=28%, list=9%, signal=30%	
MITOCHONDRION TRANSPORT ALONG MICROTUBULE%GOBP%GO:0047497	MITOCHONDRION TRANSPORT ALONG MICROTUBULE%GOBP%GO:0047497		19	0.4273896	1.1867875	0.2328629	0.4972003	1.0	3044	tags=47%, list=23%, signal=61%	
TH17 CELL DIFFERENTIATION PATHWAY%WIKIPATHWAYS_20260211%WP5130%HOMO SAPIENS	TH17 CELL DIFFERENTIATION PATHWAY%WIKIPATHWAYS_20260211%WP5130%HOMO SAPIENS		44	0.35080686	1.1867121	0.18287526	0.49696007	1.0	3269	tags=34%, list=24%, signal=45%	
MITOCHONDRIAL TRANSLATION%GOBP%GO:0032543	MITOCHONDRIAL TRANSLATION%GOBP%GO:0032543		104	0.300767	1.1865617	0.12779553	0.49692443	1.0	3332	tags=38%, list=25%, signal=49%	
ETODOLAC ACTION PATHWAY%PATHWHIZ%PW000129	ETODOLAC ACTION PATHWAY%PATHWHIZ%PW000129		15	0.44517145	1.1862953	0.23316061	0.49717793	1.0	1475	tags=33%, list=11%, signal=37%	
CELLULAR RESPONSE TO NUTRIENT LEVELS%GOBP%GO:0031669	CELLULAR RESPONSE TO NUTRIENT LEVELS%GOBP%GO:0031669		163	0.2808331	1.1857498	0.10543478	0.49814165	1.0	3296	tags=31%, list=24%, signal=41%	
REGULATION OF TRANSLATIONAL INITIATION%GOBP%GO:0006446	REGULATION OF TRANSLATIONAL INITIATION%GOBP%GO:0006446		78	0.31444293	1.1842195	0.1459854	0.5016141	1.0	3793	tags=38%, list=28%, signal=53%	
REGULATION OF LEUKOCYTE CELL-CELL ADHESION%GOBP%GO:1903037	REGULATION OF LEUKOCYTE CELL-CELL ADHESION%GOBP%GO:1903037		196	0.27262405	1.1838515	0.0832444	0.50211805	1.0	1581	tags=17%, list=12%, signal=19%	
ALZHEIMER 39 S DISEASE AND MIRNA EFFECTS%WIKIPATHWAYS_20260211%WP2059%HOMO SAPIENS	ALZHEIMER 39 S DISEASE AND MIRNA EFFECTS%WIKIPATHWAYS_20260211%WP2059%HOMO SAPIENS		158	0.2816923	1.1837314	0.10064935	0.5019886	1.0	1848	tags=23%, list=14%, signal=26%	
PID_P38_ALPHA_BETA_PATHWAY%MSIGDB_C2%PID_P38_ALPHA_BETA_PATHWAY	PID_P38_ALPHA_BETA_PATHWAY%MSIGDB_C2%PID_P38_ALPHA_BETA_PATHWAY		20	0.4160433	1.1836947	0.23260437	0.5016587	1.0	3111	tags=45%, list=23%, signal=58%	
COMMON PATHWAYS UNDERLYING DRUG ADDICTION%WIKIPATHWAYS_20260211%WP2636%HOMO SAPIENS	COMMON PATHWAYS UNDERLYING DRUG ADDICTION%WIKIPATHWAYS_20260211%WP2636%HOMO SAPIENS		18	0.4309746	1.1834428	0.22819473	0.50187236	1.0	1458	tags=33%, list=11%, signal=37%	
NEGATIVE REGULATION OF PHOSPHATE METABOLIC PROCESS%GOBP%GO:0045936	NEGATIVE REGULATION OF PHOSPHATE METABOLIC PROCESS%GOBP%GO:0045936		122	0.29490954	1.1834302	0.12421053	0.50146484	1.0	2134	tags=25%, list=16%, signal=29%	
CHLORIDE TRANSMEMBRANE TRANSPORT%GOBP%GO:1902476	CHLORIDE TRANSMEMBRANE TRANSPORT%GOBP%GO:1902476		29	0.37660086	1.1832272	0.19899498	0.50157946	1.0	1424	tags=24%, list=11%, signal=27%	
POSITIVE REGULATION OF CALCIUM ION TRANSPORT%GOBP%GO:0051928	POSITIVE REGULATION OF CALCIUM ION TRANSPORT%GOBP%GO:0051928		41	0.3550895	1.1829686	0.18686868	0.50181544	1.0	1967	tags=24%, list=15%, signal=28%	
METABOLISM OF VITAMINS AND COFACTORS%REACTOME DATABASE ID RELEASE 95%196854	METABOLISM OF VITAMINS AND COFACTORS%REACTOME DATABASE ID RELEASE 95%196854		146	0.28370133	1.1829083	0.11146838	0.5015379	1.0	3008	tags=34%, list=22%, signal=44%	
SNRNA TRANSCRIPTION%GOBP%GO:0009301	SNRNA TRANSCRIPTION%GOBP%GO:0009301		15	0.45302695	1.1824722	0.2320888	0.5021925	1.0	2506	tags=33%, list=19%, signal=41%	
MLL4 AND MLL3 COMPLEXES REGULATE EXPRESSION OF PPARG TARGET GENES IN ADIPOGENESIS AND HEPATIC STEATOSIS%REACTOME DATABASE ID RELEASE 95%9841922	MLL4 AND MLL3 COMPLEXES REGULATE EXPRESSION OF PPARG TARGET GENES IN ADIPOGENESIS AND HEPATIC STEATOSIS%REACTOME DATABASE ID RELEASE 95%9841922		64	0.32680944	1.1822021	0.1670103	0.5024588	1.0	2134	tags=25%, list=16%, signal=30%	
L-AMINO ACID CATABOLIC PROCESS%GOBP%GO:0170035	L-AMINO ACID CATABOLIC PROCESS%GOBP%GO:0170035		42	0.35162276	1.182184	0.1875	0.50206923	1.0	3262	tags=38%, list=24%, signal=50%	
POSITIVE REGULATION OF INTRACELLULAR TRANSPORT%GOBP%GO:0032388	POSITIVE REGULATION OF INTRACELLULAR TRANSPORT%GOBP%GO:0032388		116	0.29299182	1.1817144	0.1187905	0.5028328	1.0	2581	tags=30%, list=19%, signal=37%	
METALLO-SULFUR CLUSTER ASSEMBLY%GOBP%GO:0031163	METALLO-SULFUR CLUSTER ASSEMBLY%GOBP%GO:0031163		22	0.41304713	1.181676	0.23305085	0.5025007	1.0	3322	tags=36%, list=25%, signal=48%	
EPIDERMAL CELL DIFFERENTIATION%GOBP%GO:0009913	EPIDERMAL CELL DIFFERENTIATION%GOBP%GO:0009913		42	0.35129404	1.1813277	0.18382353	0.50294846	1.0	3029	tags=33%, list=22%, signal=43%	
CARGO TRAFFICKING TO THE PERICILIARY MEMBRANE%REACTOME%R-HSA-5620920.6	CARGO TRAFFICKING TO THE PERICILIARY MEMBRANE%REACTOME%R-HSA-5620920.6		49	0.3401447	1.1811852	0.17635271	0.5028585	1.0	3414	tags=35%, list=25%, signal=46%	
SYNTHESIS OF PA%REACTOME%R-HSA-1483166.8	SYNTHESIS OF PA%REACTOME%R-HSA-1483166.8		25	0.39088407	1.1811819	0.21487603	0.5024393	1.0	2518	tags=32%, list=19%, signal=39%	
POSITIVE REGULATION OF EPITHELIAL TO MESENCHYMAL TRANSITION%GOBP%GO:0010718	POSITIVE REGULATION OF EPITHELIAL TO MESENCHYMAL TRANSITION%GOBP%GO:0010718		43	0.3484401	1.181137	0.1826923	0.50213504	1.0	1946	tags=28%, list=14%, signal=32%	
MITOCHONDRIAL MEMBRANE ORGANIZATION%GOBP%GO:0007006	MITOCHONDRIAL MEMBRANE ORGANIZATION%GOBP%GO:0007006		46	0.3473991	1.1811324	0.1875	0.50172	1.0	3247	tags=41%, list=24%, signal=54%	
REGULATION OF CARBOHYDRATE METABOLIC PROCESS%GOBP%GO:0006109	REGULATION OF CARBOHYDRATE METABOLIC PROCESS%GOBP%GO:0006109		104	0.3026345	1.1811166	0.1438999	0.50133723	1.0	1970	tags=23%, list=15%, signal=27%	
REGULATION OF FILOPODIUM ASSEMBLY%GOBP%GO:0051489	REGULATION OF FILOPODIUM ASSEMBLY%GOBP%GO:0051489		27	0.38726458	1.1809583	0.21661721	0.5012987	1.0	3466	tags=41%, list=26%, signal=55%	
PHASE I - FUNCTIONALIZATION OF COMPOUNDS%REACTOME%R-HSA-211945.8	PHASE I - FUNCTIONALIZATION OF COMPOUNDS%REACTOME%R-HSA-211945.8		50	0.340869	1.1803925	0.17471737	0.502381	1.0	2250	tags=24%, list=17%, signal=29%	
SALICYLIC ACID ACTION PATHWAY%SMPDB%SMP0000709	SALICYLIC ACID ACTION PATHWAY%SMPDB%SMP0000709		15	0.44517145	1.1787734	0.24407114	0.50602263	1.0	1475	tags=33%, list=11%, signal=37%	
AFFECTED PATHWAYS IN DUCHENNE MUSCULAR DYSTROPHY%WIKIPATHWAYS_20260211%WP5356%HOMO SAPIENS	AFFECTED PATHWAYS IN DUCHENNE MUSCULAR DYSTROPHY%WIKIPATHWAYS_20260211%WP5356%HOMO SAPIENS		40	0.3580628	1.1787133	0.19768664	0.5057313	1.0	4218	tags=52%, list=31%, signal=76%	
REGULATION OF STRIATED MUSCLE CELL DIFFERENTIATION%GOBP%GO:0051153	REGULATION OF STRIATED MUSCLE CELL DIFFERENTIATION%GOBP%GO:0051153		37	0.3571404	1.1775383	0.19957761	0.5082761	1.0	2539	tags=32%, list=19%, signal=40%	
MELOXICAM ACTION PATHWAY%SMPDB%SMP0000106	MELOXICAM ACTION PATHWAY%SMPDB%SMP0000106		15	0.44517145	1.1773262	0.24361493	0.5083999	1.0	1475	tags=33%, list=11%, signal=37%	
PID_IFNG_PATHWAY%MSIGDB_C2%PID_IFNG_PATHWAY	PID_IFNG_PATHWAY%MSIGDB_C2%PID_IFNG_PATHWAY		28	0.38321385	1.1773038	0.23671013	0.5080183	1.0	3815	tags=39%, list=28%, signal=55%	
RESPONSE TO TOXIC SUBSTANCE%GOBP%GO:0009636	RESPONSE TO TOXIC SUBSTANCE%GOBP%GO:0009636		71	0.31382012	1.1772842	0.16408668	0.5076371	1.0	3299	tags=35%, list=24%, signal=46%	
REGULATION OF PROTEIN LOCALIZATION TO NUCLEUS%GOBP%GO:1900180	REGULATION OF PROTEIN LOCALIZATION TO NUCLEUS%GOBP%GO:1900180		95	0.3006936	1.1770597	0.15449736	0.50775284	1.0	2650	tags=31%, list=20%, signal=38%	
TENOXICAM ACTION PATHWAY%SMPDB%SMP0000706	TENOXICAM ACTION PATHWAY%SMPDB%SMP0000706		15	0.44517145	1.1764004	0.2382353	0.50905514	1.0	1475	tags=33%, list=11%, signal=37%	
NEGATIVE REGULATION OF TYPE I INTERFERON PRODUCTION%GOBP%GO:0032480	NEGATIVE REGULATION OF TYPE I INTERFERON PRODUCTION%GOBP%GO:0032480		30	0.37718347	1.1758953	0.2106383	0.5099158	1.0	2929	tags=30%, list=22%, signal=38%	
SPERMATID DEVELOPMENT%GOBP%GO:0007286	SPERMATID DEVELOPMENT%GOBP%GO:0007286		82	0.30795226	1.1757481	0.14799154	0.50987184	1.0	2820	tags=24%, list=21%, signal=31%	
TRANSLATION FACTORS%WIKIPATHWAYS_20260211%WP107%HOMO SAPIENS	TRANSLATION FACTORS%WIKIPATHWAYS_20260211%WP107%HOMO SAPIENS		38	0.3619843	1.1754917	0.22436549	0.510131	1.0	3697	tags=45%, list=27%, signal=61%	
ROFECOXIB ACTION PATHWAY%SMPDB%SMP0000087	ROFECOXIB ACTION PATHWAY%SMPDB%SMP0000087		15	0.44517145	1.1752653	0.24541752	0.5102887	1.0	1475	tags=33%, list=11%, signal=37%	
ARACHIDONIC ACID METABOLISM%SMPDB%SMP0000075	ARACHIDONIC ACID METABOLISM%SMPDB%SMP0000075		15	0.44517145	1.1752493	0.25281474	0.50989634	1.0	1475	tags=33%, list=11%, signal=37%	
PID_BMP_PATHWAY%MSIGDB_C2%PID_BMP_PATHWAY	PID_BMP_PATHWAY%MSIGDB_C2%PID_BMP_PATHWAY		24	0.40148672	1.1748788	0.24023438	0.5104035	1.0	1870	tags=25%, list=14%, signal=29%	
REGULATION OF CALCIUM-MEDIATED SIGNALING%GOBP%GO:0050848	REGULATION OF CALCIUM-MEDIATED SIGNALING%GOBP%GO:0050848		47	0.34400862	1.1744573	0.17954071	0.51107395	1.0	3360	tags=36%, list=25%, signal=48%	
POSITIVE REGULATION OF ENDOCYTOSIS%GOBP%GO:0045807	POSITIVE REGULATION OF ENDOCYTOSIS%GOBP%GO:0045807		84	0.30375072	1.1744542	0.14646997	0.51065624	1.0	2505	tags=24%, list=19%, signal=29%	
DICLOFENAC ACTION PATHWAY%PATHWHIZ%PW000135	DICLOFENAC ACTION PATHWAY%PATHWHIZ%PW000135		15	0.44517145	1.1740434	0.25333333	0.51130503	1.0	1475	tags=33%, list=11%, signal=37%	
GLYCOSPHINGOLIPID CATABOLISM%REACTOME DATABASE ID RELEASE 95%9840310	GLYCOSPHINGOLIPID CATABOLISM%REACTOME DATABASE ID RELEASE 95%9840310		27	0.3864655	1.1736835	0.22647059	0.5117792	1.0	3652	tags=56%, list=27%, signal=76%	
MICROAUTOPHAGY%GOBP%GO:0016237	MICROAUTOPHAGY%GOBP%GO:0016237		20	0.41617197	1.1730933	0.24044265	0.5129334	1.0	1263	tags=20%, list=9%, signal=22%	
DEVELOPMENTAL MATURATION%GOBP%GO:0021700	DEVELOPMENTAL MATURATION%GOBP%GO:0021700		82	0.30769444	1.172709	0.16396761	0.51351166	1.0	1048	tags=16%, list=8%, signal=17%	
FLURBIPROFEN ACTION PATHWAY%SMPDB%SMP0000697	FLURBIPROFEN ACTION PATHWAY%SMPDB%SMP0000697		15	0.44517145	1.1725765	0.2553626	0.51343423	1.0	1475	tags=33%, list=11%, signal=37%	
SENSORY PERCEPTION OF LIGHT STIMULUS%GOBP%GO:0050953	SENSORY PERCEPTION OF LIGHT STIMULUS%GOBP%GO:0050953		69	0.320829	1.1724313	0.1714579	0.5133731	1.0	2509	tags=25%, list=19%, signal=30%	
MITOPHAGY%GOBP%GO:0000423	MITOPHAGY%GOBP%GO:0000423		44	0.34727377	1.1724268	0.1986028	0.5129596	1.0	3287	tags=34%, list=24%, signal=45%	
CELLULAR RESPONSE TO UNFOLDED PROTEIN%GOBP%GO:0034620	CELLULAR RESPONSE TO UNFOLDED PROTEIN%GOBP%GO:0034620		61	0.3238198	1.1723183	0.18698347	0.512786	1.0	2766	tags=33%, list=20%, signal=41%	
SEROTONIN RECEPTOR 4 6 7 AND NR3C SIGNALING%WIKIPATHWAYS_20260211%WP734%HOMO SAPIENS	SEROTONIN RECEPTOR 4 6 7 AND NR3C SIGNALING%WIKIPATHWAYS_20260211%WP734%HOMO SAPIENS		15	0.44766068	1.1723171	0.25279188	0.5123651	1.0	1458	tags=20%, list=11%, signal=22%	
FORMATION OF HIV ELONGATION COMPLEX IN THE ABSENCE OF HIV TAT%REACTOME%R-HSA-167152.5	FORMATION OF HIV ELONGATION COMPLEX IN THE ABSENCE OF HIV TAT%REACTOME%R-HSA-167152.5		40	0.35072276	1.1723007	0.2012848	0.51198673	1.0	2397	tags=30%, list=18%, signal=36%	
NEGATIVE REGULATION OF LEUKOCYTE DIFFERENTIATION%GOBP%GO:1902106	NEGATIVE REGULATION OF LEUKOCYTE DIFFERENTIATION%GOBP%GO:1902106		62	0.32609147	1.1721977	0.18770581	0.51183116	1.0	1374	tags=21%, list=10%, signal=23%	
ETORICOXIB ACTION PATHWAY%SMPDB%SMP0000695	ETORICOXIB ACTION PATHWAY%SMPDB%SMP0000695		15	0.44517145	1.1719371	0.2520747	0.5120585	1.0	1475	tags=33%, list=11%, signal=37%	
RESPONSE TO LAMINAR FLUID SHEAR STRESS%GOBP%GO:0034616	RESPONSE TO LAMINAR FLUID SHEAR STRESS%GOBP%GO:0034616		28	0.38044035	1.1716154	0.21186441	0.51248443	1.0	1452	tags=18%, list=11%, signal=20%	
POSITIVE REGULATION OF TUMOR NECROSIS FACTOR PRODUCTION%GOBP%GO:0032760	POSITIVE REGULATION OF TUMOR NECROSIS FACTOR PRODUCTION%GOBP%GO:0032760		61	0.3268379	1.1715142	0.18117408	0.51231956	1.0	2998	tags=39%, list=22%, signal=50%	
MAPK SIGNALING AND ARTD FAMILY MEMBERS%WIKIPATHWAYS_20260211%WP5530%HOMO SAPIENS	MAPK SIGNALING AND ARTD FAMILY MEMBERS%WIKIPATHWAYS_20260211%WP5530%HOMO SAPIENS		27	0.38541338	1.1714636	0.22073922	0.5120148	1.0	3111	tags=41%, list=23%, signal=53%	
ACETAMINOPHEN ACTION PATHWAY%SMPDB%SMP0000710	ACETAMINOPHEN ACTION PATHWAY%SMPDB%SMP0000710		15	0.44517145	1.1714104	0.24498416	0.5117394	1.0	1475	tags=33%, list=11%, signal=37%	
MAMMARY GLAND DEVELOPMENT%GOBP%GO:0030879	MAMMARY GLAND DEVELOPMENT%GOBP%GO:0030879		22	0.40490526	1.171326	0.24623115	0.5115397	1.0	2567	tags=27%, list=19%, signal=34%	
REGULATION OF LIPID TRANSPORT%GOBP%GO:0032368	REGULATION OF LIPID TRANSPORT%GOBP%GO:0032368		64	0.32081592	1.1710956	0.19003116	0.5116999	1.0	1678	tags=22%, list=12%, signal=25%	
TOLMETIN ACTION PATHWAY%PATHWHIZ%PW000681	TOLMETIN ACTION PATHWAY%PATHWHIZ%PW000681		15	0.44517145	1.1707515	0.2510776	0.5121435	1.0	1475	tags=33%, list=11%, signal=37%	
MAGNESIUM SALICYLATE ACTION PATHWAY%PATHWHIZ%PW000675	MAGNESIUM SALICYLATE ACTION PATHWAY%PATHWHIZ%PW000675		15	0.44517145	1.1705662	0.23541453	0.5121958	1.0	1475	tags=33%, list=11%, signal=37%	
PROTEIN UBIQUITINATION%REACTOME%R-HSA-8852135.4	PROTEIN UBIQUITINATION%REACTOME%R-HSA-8852135.4		62	0.32404825	1.1699656	0.1802935	0.51328963	1.0	3327	tags=37%, list=25%, signal=49%	
DIFLUNISAL ACTION PATHWAY%SMPDB%SMP0000289	DIFLUNISAL ACTION PATHWAY%SMPDB%SMP0000289		15	0.44517145	1.169658	0.24826217	0.5136655	1.0	1475	tags=33%, list=11%, signal=37%	
GNAQ PATHWAYS IN PORT WINE STAIN%WIKIPATHWAYS_20260211%WP5437%HOMO SAPIENS	GNAQ PATHWAYS IN PORT WINE STAIN%WIKIPATHWAYS_20260211%WP5437%HOMO SAPIENS		16	0.43794373	1.1694256	0.2479757	0.51382494	1.0	1458	tags=25%, list=11%, signal=28%	
TARGET OF RAPAMYCIN SIGNALING%WIKIPATHWAYS_20260211%WP1471%HOMO SAPIENS	TARGET OF RAPAMYCIN SIGNALING%WIKIPATHWAYS_20260211%WP1471%HOMO SAPIENS		29	0.37783936	1.1694047	0.22695738	0.5134639	1.0	3851	tags=41%, list=28%, signal=58%	
VENTRICULAR SEPTUM MORPHOGENESIS%GOBP%GO:0060412	VENTRICULAR SEPTUM MORPHOGENESIS%GOBP%GO:0060412		25	0.39261892	1.169338	0.2258727	0.51321995	1.0	2197	tags=32%, list=16%, signal=38%	
RAF-INDEPENDENT MAPK1 3 ACTIVATION%REACTOME%R-HSA-112409.5	RAF-INDEPENDENT MAPK1 3 ACTIVATION%REACTOME%R-HSA-112409.5		22	0.39837992	1.1692843	0.24611974	0.5129296	1.0	2282	tags=36%, list=17%, signal=44%	
PID_FAK_PATHWAY%MSIGDB_C2%PID_FAK_PATHWAY	PID_FAK_PATHWAY%MSIGDB_C2%PID_FAK_PATHWAY		47	0.34067094	1.1685971	0.20767717	0.5142834	1.0	1020	tags=17%, list=8%, signal=18%	
FENOPROFEN ACTION PATHWAY%SMPDB%SMP0000696	FENOPROFEN ACTION PATHWAY%SMPDB%SMP0000696		15	0.44517145	1.1683972	0.2755511	0.51440436	1.0	1475	tags=33%, list=11%, signal=37%	
VIRAL BUDDING%GOBP%GO:0046755	VIRAL BUDDING%GOBP%GO:0046755		24	0.3923803	1.1682609	0.22424242	0.5143288	1.0	3298	tags=54%, list=24%, signal=72%	
HALLMARK_COMPLEMENT%MSIGDBHALLMARK%HALLMARK_COMPLEMENT	HALLMARK_COMPLEMENT%MSIGDBHALLMARK%HALLMARK_COMPLEMENT		99	0.29694346	1.1677077	0.16240267	0.5153332	1.0	3269	tags=25%, list=24%, signal=33%	
REGULATION OF COMPLEMENT CASCADE%REACTOME%R-HSA-977606.8	REGULATION OF COMPLEMENT CASCADE%REACTOME%R-HSA-977606.8		16	0.4378543	1.1673328	0.25484198	0.5158398	1.0	1300	tags=19%, list=10%, signal=21%	
MONOCARBOXYLIC ACID BIOSYNTHETIC PROCESS%GOBP%GO:0072330	MONOCARBOXYLIC ACID BIOSYNTHETIC PROCESS%GOBP%GO:0072330		88	0.30352214	1.1671675	0.1657754	0.5158427	1.0	1746	tags=23%, list=13%, signal=26%	
PHENYLBUTAZONE ACTION PATHWAY%PATHWHIZ%PW000678	PHENYLBUTAZONE ACTION PATHWAY%PATHWHIZ%PW000678		15	0.44517145	1.1671232	0.25474524	0.51554257	1.0	1475	tags=33%, list=11%, signal=37%	
POSITIVE REGULATION OF CD4-POSITIVE, ALPHA-BETA T CELL DIFFERENTIATION%GOBP%GO:0043372	POSITIVE REGULATION OF CD4-POSITIVE, ALPHA-BETA T CELL DIFFERENTIATION%GOBP%GO:0043372		17	0.42930424	1.1668646	0.2707889	0.5157825	1.0	285	tags=12%, list=2%, signal=12%	
SIGNALING BY BRAF AND RAF1 FUSIONS%REACTOME DATABASE ID RELEASE 95%6802952	SIGNALING BY BRAF AND RAF1 FUSIONS%REACTOME DATABASE ID RELEASE 95%6802952		54	0.32872066	1.1666627	0.19198312	0.5158895	1.0	1654	tags=22%, list=12%, signal=25%	
SALICYLATE-SODIUM ACTION PATHWAY%SMPDB%SMP0000708	SALICYLATE-SODIUM ACTION PATHWAY%SMPDB%SMP0000708		15	0.44517145	1.1663183	0.2572283	0.51637506	1.0	1475	tags=33%, list=11%, signal=37%	
EFFECT OF OMEGA 3 PUFA ON HUNTINGTON 39 S DISEASE PATHWAYS%WIKIPATHWAYS_20260211%WP5470%HOMO SAPIENS	EFFECT OF OMEGA 3 PUFA ON HUNTINGTON 39 S DISEASE PATHWAYS%WIKIPATHWAYS_20260211%WP5470%HOMO SAPIENS		79	0.307312	1.1658021	0.18743455	0.5173132	1.0	1826	tags=23%, list=14%, signal=26%	
PEPTIDE METABOLIC PROCESS%GOBP%GO:0006518	PEPTIDE METABOLIC PROCESS%GOBP%GO:0006518		30	0.3780799	1.1656363	0.22567703	0.5172993	1.0	3664	tags=37%, list=27%, signal=50%	
LORNOXICAM ACTION PATHWAY%PATHWHIZ%PW000677	LORNOXICAM ACTION PATHWAY%PATHWHIZ%PW000677		15	0.44517145	1.1655864	0.2618807	0.5170134	1.0	1475	tags=33%, list=11%, signal=37%	
SUPROFEN ACTION PATHWAY%SMPDB%SMP0000101	SUPROFEN ACTION PATHWAY%SMPDB%SMP0000101		15	0.44517145	1.165561	0.2634855	0.51666456	1.0	1475	tags=33%, list=11%, signal=37%	
SPERMATID DIFFERENTIATION%GOBP%GO:0048515	SPERMATID DIFFERENTIATION%GOBP%GO:0048515		86	0.30677474	1.16546	0.17163412	0.516521	1.0	2820	tags=24%, list=21%, signal=31%	
ENDOSOME TRANSPORT VIA MULTIVESICULAR BODY SORTING PATHWAY%GOBP%GO:0032509	ENDOSOME TRANSPORT VIA MULTIVESICULAR BODY SORTING PATHWAY%GOBP%GO:0032509		39	0.35321203	1.1651008	0.225	0.5170442	1.0	3298	tags=51%, list=24%, signal=68%	
REGULATION OF PROGRAMMED NECROTIC CELL DEATH%GOBP%GO:0062098	REGULATION OF PROGRAMMED NECROTIC CELL DEATH%GOBP%GO:0062098		19	0.42053106	1.1649572	0.25607288	0.51697475	1.0	1071	tags=26%, list=8%, signal=29%	
MIRNA REGULATION OF PROSTATE CANCER SIGNALING%WIKIPATHWAYS_20260211%WP3981%HOMO SAPIENS	MIRNA REGULATION OF PROSTATE CANCER SIGNALING%WIKIPATHWAYS_20260211%WP3981%HOMO SAPIENS		25	0.39119267	1.1648104	0.2442211	0.5169316	1.0	1458	tags=24%, list=11%, signal=27%	
FGFR3 SIGNALING IN CHONDROCYTE PROLIFERATION AND TERMINAL DIFFERENTIATION%WIKIPATHWAYS_20260211%WP4767%HOMO SAPIENS	FGFR3 SIGNALING IN CHONDROCYTE PROLIFERATION AND TERMINAL DIFFERENTIATION%WIKIPATHWAYS_20260211%WP4767%HOMO SAPIENS		24	0.39449513	1.1645133	0.25514403	0.517287	1.0	1458	tags=29%, list=11%, signal=33%	
CELLULAR RESPONSE TO REACTIVE OXYGEN SPECIES%GOBP%GO:0034614	CELLULAR RESPONSE TO REACTIVE OXYGEN SPECIES%GOBP%GO:0034614		71	0.31080127	1.1645129	0.1875	0.5168733	1.0	3273	tags=31%, list=24%, signal=41%	
ACETYLSALICYLIC ACID ACTION PATHWAY%PATHWHIZ%PW000128	ACETYLSALICYLIC ACID ACTION PATHWAY%PATHWHIZ%PW000128		15	0.44517145	1.1643553	0.2672148	0.51687425	1.0	1475	tags=33%, list=11%, signal=37%	
LUMIRACOXIB ACTION PATHWAY%SMPDB%SMP0000699	LUMIRACOXIB ACTION PATHWAY%SMPDB%SMP0000699		15	0.44517145	1.1641742	0.24430642	0.5169212	1.0	1475	tags=33%, list=11%, signal=37%	
LEUKOTRIENE C4 SYNTHESIS DEFICIENCY%PATHWHIZ%PW000118	LEUKOTRIENE C4 SYNTHESIS DEFICIENCY%PATHWHIZ%PW000118		15	0.44517145	1.1639856	0.25694445	0.51699543	1.0	1475	tags=33%, list=11%, signal=37%	
SNRNA METABOLIC PROCESS%GOBP%GO:0016073	SNRNA METABOLIC PROCESS%GOBP%GO:0016073		51	0.3316559	1.1638445	0.19679144	0.5169677	1.0	1542	tags=18%, list=11%, signal=20%	
LEARNING OR MEMORY%GOBP%GO:0007611	LEARNING OR MEMORY%GOBP%GO:0007611		72	0.31588784	1.1637613	0.19415449	0.516762	1.0	3093	tags=33%, list=23%, signal=43%	
VALDECOXIB ACTION PATHWAY%SMPDB%SMP0000116	VALDECOXIB ACTION PATHWAY%SMPDB%SMP0000116		15	0.44517145	1.1632912	0.25588536	0.51757586	1.0	1475	tags=33%, list=11%, signal=37%	
KETOPROFEN ACTION PATHWAY%SMPDB%SMP0000085	KETOPROFEN ACTION PATHWAY%SMPDB%SMP0000085		15	0.44517145	1.1628656	0.24807692	0.51825124	1.0	1475	tags=33%, list=11%, signal=37%	
POSITIVE REGULATION OF IMMUNE EFFECTOR PROCESS%GOBP%GO:0002699	POSITIVE REGULATION OF IMMUNE EFFECTOR PROCESS%GOBP%GO:0002699		106	0.29194304	1.1622384	0.15417106	0.5194264	1.0	2842	tags=24%, list=21%, signal=30%	
CARPROFEN ACTION PATHWAY%SMPDB%SMP0000694	CARPROFEN ACTION PATHWAY%SMPDB%SMP0000694		15	0.44517145	1.1622119	0.27263373	0.5190876	1.0	1475	tags=33%, list=11%, signal=37%	
CELL-MATRIX ADHESION%GOBP%GO:0007160	CELL-MATRIX ADHESION%GOBP%GO:0007160		84	0.3029549	1.1620859	0.16629712	0.5189796	1.0	1078	tags=14%, list=8%, signal=15%	
REGULATION OF PROTEIN MODIFICATION BY SMALL PROTEIN CONJUGATION OR REMOVAL%GOBP%GO:1903320	REGULATION OF PROTEIN MODIFICATION BY SMALL PROTEIN CONJUGATION OR REMOVAL%GOBP%GO:1903320		163	0.27520797	1.1619759	0.12280702	0.51883376	1.0	2656	tags=26%, list=20%, signal=32%	
DOWNSTREAM SIGNALING OF ACTIVATED FGFR1%REACTOME DATABASE ID RELEASE 95%5654687	DOWNSTREAM SIGNALING OF ACTIVATED FGFR1%REACTOME DATABASE ID RELEASE 95%5654687		17	0.43140993	1.1616557	0.27419356	0.5192155	1.0	2539	tags=35%, list=19%, signal=43%	
CELECOXIB ACTION PATHWAY%SMPDB%SMP0000096	CELECOXIB ACTION PATHWAY%SMPDB%SMP0000096		15	0.44517145	1.1614963	0.27482447	0.51922125	1.0	1475	tags=33%, list=11%, signal=37%	
DEVELOPMENT OF PRIMARY FEMALE SEXUAL CHARACTERISTICS%GOBP%GO:0046545	DEVELOPMENT OF PRIMARY FEMALE SEXUAL CHARACTERISTICS%GOBP%GO:0046545		20	0.41433203	1.1614594	0.26458752	0.5189058	1.0	569	tags=15%, list=4%, signal=16%	
COMPLEX IV ASSEMBLY%REACTOME DATABASE ID RELEASE 95%9864848	COMPLEX IV ASSEMBLY%REACTOME DATABASE ID RELEASE 95%9864848		38	0.35251528	1.1611207	0.22455405	0.5193029	1.0	2828	tags=37%, list=21%, signal=46%	
NEGATIVE REGULATION OF RESPONSE TO EXTERNAL STIMULUS%GOBP%GO:0032102	NEGATIVE REGULATION OF RESPONSE TO EXTERNAL STIMULUS%GOBP%GO:0032102		199	0.26862565	1.1609176	0.105442174	0.5194092	1.0	2223	tags=21%, list=16%, signal=24%	
PROTEIN MONOUBIQUITINATION%GOBP%GO:0006513	PROTEIN MONOUBIQUITINATION%GOBP%GO:0006513		38	0.35675162	1.1601102	0.22268908	0.52110445	1.0	2314	tags=32%, list=17%, signal=38%	
POSITIVE REGULATION OF RNA SPLICING%GOBP%GO:0033120	POSITIVE REGULATION OF RNA SPLICING%GOBP%GO:0033120		23	0.40149206	1.1600769	0.23838384	0.52078193	1.0	1919	tags=30%, list=14%, signal=35%	
REGULATION OF EPITHELIAL TO MESENCHYMAL TRANSITION%GOBP%GO:0010717	REGULATION OF EPITHELIAL TO MESENCHYMAL TRANSITION%GOBP%GO:0010717		74	0.30781958	1.1597441	0.17653508	0.5212125	1.0	2325	tags=28%, list=17%, signal=34%	
ANTIPYRINE ACTION PATHWAY%SMPDB%SMP0000692	ANTIPYRINE ACTION PATHWAY%SMPDB%SMP0000692		15	0.44517145	1.1597438	0.2682927	0.52080214	1.0	1475	tags=33%, list=11%, signal=37%	
VASCULAR ENDOTHELIAL CELL RESPONSE TO LAMINAR FLUID SHEAR STRESS%GOBP%GO:0097700	VASCULAR ENDOTHELIAL CELL RESPONSE TO LAMINAR FLUID SHEAR STRESS%GOBP%GO:0097700		18	0.4244671	1.159537	0.25957447	0.52091163	1.0	1452	tags=22%, list=11%, signal=25%	
INDOMETHACIN ACTION PATHWAY%PATHWHIZ%PW000260	INDOMETHACIN ACTION PATHWAY%PATHWHIZ%PW000260		15	0.44517145	1.159354	0.26050422	0.5209384	1.0	1475	tags=33%, list=11%, signal=37%	
PIROXICAM ACTION PATHWAY%SMPDB%SMP0000077	PIROXICAM ACTION PATHWAY%SMPDB%SMP0000077		15	0.44517145	1.1592687	0.25967413	0.5207648	1.0	1475	tags=33%, list=11%, signal=37%	
TIAPROFENIC ACID ACTION PATHWAY%PATHWHIZ%PW000682	TIAPROFENIC ACID ACTION PATHWAY%PATHWHIZ%PW000682		15	0.44517145	1.1592574	0.2747792	0.52038014	1.0	1475	tags=33%, list=11%, signal=37%	
OXAPROZIN ACTION PATHWAY%PATHWHIZ%PW000262	OXAPROZIN ACTION PATHWAY%PATHWHIZ%PW000262		15	0.44517145	1.1588051	0.2626775	0.52112883	1.0	1475	tags=33%, list=11%, signal=37%	
CITRIC ACID CYCLE%SMPDB%SMP0000057	CITRIC ACID CYCLE%SMPDB%SMP0000057		21	0.39630452	1.1586707	0.24098867	0.52107143	1.0	1683	tags=24%, list=12%, signal=27%	
SULINDAC ACTION PATHWAY%PATHWHIZ%PW000136	SULINDAC ACTION PATHWAY%PATHWHIZ%PW000136		15	0.44517145	1.1586692	0.26390293	0.5206662	1.0	1475	tags=33%, list=11%, signal=37%	
HIV ELONGATION ARREST AND RECOVERY%REACTOME DATABASE ID RELEASE 95%167287	HIV ELONGATION ARREST AND RECOVERY%REACTOME DATABASE ID RELEASE 95%167287		29	0.37438437	1.1585029	0.24162437	0.52067393	1.0	2397	tags=31%, list=18%, signal=38%	
MATURATION OF SPIKE PROTEIN%REACTOME%R-HSA-9694548.5	MATURATION OF SPIKE PROTEIN%REACTOME%R-HSA-9694548.5		38	0.35393527	1.1584533	0.226943	0.52038676	1.0	1411	tags=18%, list=10%, signal=21%	
SPLICEOSOME CONFORMATIONAL CHANGE TO RELEASE U4 (OR U4ATAC) AND U1 (OR U11)%GOBP%GO:0000388	SPLICEOSOME CONFORMATIONAL CHANGE TO RELEASE U4 (OR U4ATAC) AND U1 (OR U11)%GOBP%GO:0000388		33	0.36575466	1.1584164	0.23641852	0.52007985	1.0	1379	tags=15%, list=10%, signal=17%	
NEPAFENAC ACTION PATHWAY%PATHWHIZ%PW000679	NEPAFENAC ACTION PATHWAY%PATHWHIZ%PW000679		15	0.44517145	1.1583482	0.26020408	0.51983505	1.0	1475	tags=33%, list=11%, signal=37%	
PID_VEGFR1_2_PATHWAY%MSIGDB_C2%PID_VEGFR1_2_PATHWAY	PID_VEGFR1_2_PATHWAY%MSIGDB_C2%PID_VEGFR1_2_PATHWAY		46	0.3369747	1.1583385	0.22065218	0.5194459	1.0	2167	tags=17%, list=16%, signal=21%	
SALSALATE ACTION PATHWAY%SMPDB%SMP0000707	SALSALATE ACTION PATHWAY%SMPDB%SMP0000707		15	0.44517145	1.158165	0.26993865	0.51946855	1.0	1475	tags=33%, list=11%, signal=37%	
SIGNALING BY EGFR%REACTOME%R-HSA-177929.6	SIGNALING BY EGFR%REACTOME%R-HSA-177929.6		43	0.3458507	1.158028	0.20758693	0.5194067	1.0	2071	tags=28%, list=15%, signal=33%	
GLYCEROPHOSPHOLIPID CATABOLIC PROCESS%GOBP%GO:0046475	GLYCEROPHOSPHOLIPID CATABOLIC PROCESS%GOBP%GO:0046475		20	0.4062456	1.1577765	0.25945377	0.51962024	1.0	604	tags=20%, list=4%, signal=21%	
PLASMA LIPOPROTEIN CLEARANCE%REACTOME%R-HSA-8964043.3	PLASMA LIPOPROTEIN CLEARANCE%REACTOME%R-HSA-8964043.3		29	0.3745636	1.1576989	0.23219815	0.51941735	1.0	3308	tags=41%, list=24%, signal=55%	
PROSTAGLANDIN SYNTHESIS AND REGULATION%WIKIPATHWAYS_20260211%WP98%HOMO SAPIENS	PROSTAGLANDIN SYNTHESIS AND REGULATION%WIKIPATHWAYS_20260211%WP98%HOMO SAPIENS		21	0.40351558	1.1573666	0.25763747	0.51984364	1.0	1455	tags=19%, list=11%, signal=21%	
REGULATION OF ESTABLISHMENT OR MAINTENANCE OF CELL POLARITY%GOBP%GO:0032878	REGULATION OF ESTABLISHMENT OR MAINTENANCE OF CELL POLARITY%GOBP%GO:0032878		18	0.42209467	1.157046	0.2618807	0.5202462	1.0	136	tags=11%, list=1%, signal=11%	
GLUTAMINOLYSIS AND CANCER%SMPDB%SMP0002298	GLUTAMINOLYSIS AND CANCER%SMPDB%SMP0002298		32	0.3664407	1.1568774	0.23108384	0.52027196	1.0	4226	tags=47%, list=31%, signal=68%	
HALLMARK_BILE_ACID_METABOLISM%MSIGDBHALLMARK%HALLMARK_BILE_ACID_METABOLISM	HALLMARK_BILE_ACID_METABOLISM%MSIGDBHALLMARK%HALLMARK_BILE_ACID_METABOLISM		61	0.32181025	1.1566435	0.1822863	0.5204882	1.0	1475	tags=25%, list=11%, signal=27%	
ENVELOPE PROTEINS AND THEIR POTENTIAL ROLES IN EDMD PHYSIOPATHOLOGY%WIKIPATHWAYS_20260211%WP4535%HOMO SAPIENS	ENVELOPE PROTEINS AND THEIR POTENTIAL ROLES IN EDMD PHYSIOPATHOLOGY%WIKIPATHWAYS_20260211%WP4535%HOMO SAPIENS		30	0.3746511	1.156588	0.23984143	0.5202175	1.0	2669	tags=27%, list=20%, signal=33%	
VENTRICULAR SEPTUM DEVELOPMENT%GOBP%GO:0003281	VENTRICULAR SEPTUM DEVELOPMENT%GOBP%GO:0003281		33	0.36239147	1.1565046	0.22142121	0.5200153	1.0	2197	tags=27%, list=16%, signal=32%	
CARDIAC CHAMBER DEVELOPMENT%GOBP%GO:0003205	CARDIAC CHAMBER DEVELOPMENT%GOBP%GO:0003205		70	0.30910987	1.1564733	0.187567	0.5196983	1.0	2628	tags=27%, list=19%, signal=34%	
REGULATION OF HSF1-MEDIATED HEAT SHOCK RESPONSE%REACTOME DATABASE ID RELEASE 95%3371453	REGULATION OF HSF1-MEDIATED HEAT SHOCK RESPONSE%REACTOME DATABASE ID RELEASE 95%3371453		61	0.3152109	1.1564649	0.19565217	0.519319	1.0	2649	tags=31%, list=20%, signal=39%	
REGULATION OF DENDRITE MORPHOGENESIS%GOBP%GO:0048814	REGULATION OF DENDRITE MORPHOGENESIS%GOBP%GO:0048814		32	0.36857006	1.1563414	0.23326133	0.51925457	1.0	2224	tags=31%, list=16%, signal=37%	
SKIN DEVELOPMENT%GOBP%GO:0043588	SKIN DEVELOPMENT%GOBP%GO:0043588		60	0.32201573	1.1559292	0.21036269	0.51993704	1.0	1743	tags=17%, list=13%, signal=19%	
REGULATION OF PEPTIDYL-SERINE PHOSPHORYLATION%GOBP%GO:0033135	REGULATION OF PEPTIDYL-SERINE PHOSPHORYLATION%GOBP%GO:0033135		22	0.40051603	1.1557549	0.2568251	0.519982	1.0	1952	tags=32%, list=14%, signal=37%	
AMINO ACID CATABOLIC PROCESS%GOBP%GO:0009063	AMINO ACID CATABOLIC PROCESS%GOBP%GO:0009063		59	0.32075775	1.1556053	0.20429009	0.51999074	1.0	3407	tags=41%, list=25%, signal=54%	
REGULATION OF RESPONSE TO OXIDATIVE STRESS%GOBP%GO:1902882	REGULATION OF RESPONSE TO OXIDATIVE STRESS%GOBP%GO:1902882		15	0.44650838	1.1551998	0.273872	0.52065027	1.0	1039	tags=33%, list=8%, signal=36%	
2-HYDROXYGLUTRIC ACIDURIA (D AND L FORM)%SMPDB%SMP0000136	2-HYDROXYGLUTRIC ACIDURIA (D AND L FORM)%SMPDB%SMP0000136		20	0.40410852	1.15517	0.26447877	0.5203323	1.0	2941	tags=35%, list=22%, signal=45%	
T CELL HOMEOSTASIS%GOBP%GO:0043029	T CELL HOMEOSTASIS%GOBP%GO:0043029		22	0.4031674	1.1548713	0.2466735	0.5206858	1.0	3390	tags=45%, list=25%, signal=61%	
NABUMETONE ACTION PATHWAY%SMPDB%SMP0000114	NABUMETONE ACTION PATHWAY%SMPDB%SMP0000114		15	0.44517145	1.1544212	0.2641899	0.5214481	1.0	1475	tags=33%, list=11%, signal=37%	
PID_LKB1_PATHWAY%MSIGDB_C2%PID_LKB1_PATHWAY	PID_LKB1_PATHWAY%MSIGDB_C2%PID_LKB1_PATHWAY		34	0.35956055	1.1537066	0.23700623	0.52287865	1.0	2109	tags=26%, list=16%, signal=31%	
TORC1 SIGNALING%GOBP%GO:0038202	TORC1 SIGNALING%GOBP%GO:0038202		17	0.42553633	1.1534642	0.2617108	0.5231214	1.0	2736	tags=29%, list=20%, signal=37%	
HALLMARK_HYPOXIA%MSIGDBHALLMARK%HALLMARK_HYPOXIA	HALLMARK_HYPOXIA%MSIGDBHALLMARK%HALLMARK_HYPOXIA		119	0.2871002	1.1533144	0.1613924	0.52311134	1.0	2657	tags=22%, list=20%, signal=27%	
CELL SURFACE INTERACTIONS AT THE VASCULAR WALL%REACTOME%R-HSA-202733.7	CELL SURFACE INTERACTIONS AT THE VASCULAR WALL%REACTOME%R-HSA-202733.7		73	0.307398	1.1532841	0.18789144	0.52279234	1.0	2772	tags=25%, list=21%, signal=31%	
REGULATION OF IMMUNE EFFECTOR PROCESS%GOBP%GO:0002697	REGULATION OF IMMUNE EFFECTOR PROCESS%GOBP%GO:0002697		156	0.27562395	1.1532555	0.15496098	0.5224623	1.0	2543	tags=23%, list=19%, signal=28%	
SYNTHESIS OF VERY LONG-CHAIN FATTY ACYL-COAS%REACTOME DATABASE ID RELEASE 95%75876	SYNTHESIS OF VERY LONG-CHAIN FATTY ACYL-COAS%REACTOME DATABASE ID RELEASE 95%75876		21	0.40561786	1.1532335	0.2661208	0.52211696	1.0	1433	tags=19%, list=11%, signal=21%	
REGULATION OF CARDIAC MUSCLE TISSUE GROWTH%GOBP%GO:0055021	REGULATION OF CARDIAC MUSCLE TISSUE GROWTH%GOBP%GO:0055021		18	0.4161618	1.1530327	0.24974619	0.5222091	1.0	1180	tags=17%, list=9%, signal=18%	
CALCIUM ION TRANSMEMBRANE TRANSPORT%GOBP%GO:0070588	CALCIUM ION TRANSMEMBRANE TRANSPORT%GOBP%GO:0070588		98	0.2935275	1.1528585	0.18450561	0.5222722	1.0	2729	tags=31%, list=20%, signal=38%	
PIGMENTATION%GOBP%GO:0043473	PIGMENTATION%GOBP%GO:0043473		64	0.3167006	1.1523547	0.20768432	0.5231687	1.0	1335	tags=16%, list=10%, signal=17%	
STRIATED MUSCLE CELL DIFFERENTIATION%GOBP%GO:0051146	STRIATED MUSCLE CELL DIFFERENTIATION%GOBP%GO:0051146		103	0.29076555	1.1518793	0.17538461	0.52395207	1.0	4589	tags=49%, list=34%, signal=73%	
TRANSLATIONAL INITIATION%GOBP%GO:0006413	TRANSLATIONAL INITIATION%GOBP%GO:0006413		51	0.33255565	1.1518567	0.21095334	0.5236037	1.0	3954	tags=43%, list=29%, signal=61%	
NEGATIVE REGULATION OF INSULIN RECEPTOR SIGNALING PATHWAY%GOBP%GO:0046627	NEGATIVE REGULATION OF INSULIN RECEPTOR SIGNALING PATHWAY%GOBP%GO:0046627		29	0.37171364	1.1518428	0.2368692	0.5232365	1.0	3713	tags=38%, list=27%, signal=52%	
ERAD PATHWAY%GOBP%GO:0036503	ERAD PATHWAY%GOBP%GO:0036503		80	0.30489415	1.1517605	0.2	0.5230685	1.0	2689	tags=25%, list=20%, signal=31%	
OSTEOCLAST DIFFERENTIATION%GOBP%GO:0030316	OSTEOCLAST DIFFERENTIATION%GOBP%GO:0030316		22	0.39838094	1.1514207	0.26666668	0.5235655	1.0	1178	tags=18%, list=9%, signal=20%	
REGULATION OF TRANSCRIPTION ELONGATION BY RNA POLYMERASE II%GOBP%GO:0034243	REGULATION OF TRANSCRIPTION ELONGATION BY RNA POLYMERASE II%GOBP%GO:0034243		81	0.30407137	1.1510804	0.19270833	0.5240548	1.0	3464	tags=33%, list=26%, signal=45%	
REGULATION OF GENERATION OF PRECURSOR METABOLITES AND ENERGY%GOBP%GO:0043467	REGULATION OF GENERATION OF PRECURSOR METABOLITES AND ENERGY%GOBP%GO:0043467		85	0.30031824	1.1505888	0.18916155	0.5249496	1.0	1966	tags=24%, list=15%, signal=27%	
HYPERINSULINISM-HYPERAMMONEMIA SYNDROME%PATHWHIZ%PW000072	HYPERINSULINISM-HYPERAMMONEMIA SYNDROME%PATHWHIZ%PW000072		20	0.40410852	1.1505047	0.27116936	0.5247629	1.0	2941	tags=35%, list=22%, signal=45%	
FOXO-MEDIATED TRANSCRIPTION OF CELL DEATH GENES%REACTOME%R-HSA-9614657.2	FOXO-MEDIATED TRANSCRIPTION OF CELL DEATH GENES%REACTOME%R-HSA-9614657.2		15	0.4416356	1.1503415	0.27094105	0.52479	1.0	1287	tags=20%, list=10%, signal=22%	
TNFR1-INDUCED PROAPOPTOTIC SIGNALING%REACTOME%R-HSA-5357786.6	TNFR1-INDUCED PROAPOPTOTIC SIGNALING%REACTOME%R-HSA-5357786.6		23	0.38673735	1.1503272	0.26386037	0.5244258	1.0	2058	tags=30%, list=15%, signal=36%	
COGNITION%GOBP%GO:0050890	COGNITION%GOBP%GO:0050890		98	0.29383355	1.1500926	0.18679051	0.52463174	1.0	2868	tags=28%, list=21%, signal=35%	
REGULATION OF PROTEIN KINASE ACTIVITY%GOBP%GO:0045859	REGULATION OF PROTEIN KINASE ACTIVITY%GOBP%GO:0045859		175	0.27052063	1.1500039	0.13282937	0.52447087	1.0	2473	tags=24%, list=18%, signal=29%	
MEFENAMIC ACID ACTION PATHWAY%PATHWHIZ%PW000261	MEFENAMIC ACID ACTION PATHWAY%PATHWHIZ%PW000261		15	0.44517145	1.1497409	0.26586103	0.5247215	1.0	1475	tags=33%, list=11%, signal=37%	
BIOCARTA_CERAMIDE_PATHWAY%MSIGDB_C2%BIOCARTA_CERAMIDE_PATHWAY	BIOCARTA_CERAMIDE_PATHWAY%MSIGDB_C2%BIOCARTA_CERAMIDE_PATHWAY		21	0.4043569	1.149545	0.26804122	0.524816	1.0	1071	tags=24%, list=8%, signal=26%	
PAUSING AND RECOVERY OF HIV ELONGATION%REACTOME DATABASE ID RELEASE 95%167290	PAUSING AND RECOVERY OF HIV ELONGATION%REACTOME DATABASE ID RELEASE 95%167290		29	0.37438437	1.1494285	0.25382262	0.5247229	1.0	2397	tags=31%, list=18%, signal=38%	
ANTRAFENINE ACTION PATHWAY%SMPDB%SMP0000693	ANTRAFENINE ACTION PATHWAY%SMPDB%SMP0000693		15	0.44517145	1.1492656	0.25576732	0.5247382	1.0	1475	tags=33%, list=11%, signal=37%	
TOLL LIKE RECEPTOR 3 (TLR3) CASCADE%REACTOME%R-HSA-168164.6	TOLL LIKE RECEPTOR 3 (TLR3) CASCADE%REACTOME%R-HSA-168164.6		96	0.29470044	1.1490777	0.18611987	0.5248243	1.0	3361	tags=35%, list=25%, signal=47%	
E3 UBIQUITIN LIGASES UBIQUITINATE TARGET PROTEINS%REACTOME%R-HSA-8866654.5	E3 UBIQUITIN LIGASES UBIQUITINATE TARGET PROTEINS%REACTOME%R-HSA-8866654.5		42	0.3439149	1.1490316	0.246138	0.52455544	1.0	3264	tags=31%, list=24%, signal=41%	
ESTABLISHMENT OF MITOCHONDRION LOCALIZATION%GOBP%GO:0051654	ESTABLISHMENT OF MITOCHONDRION LOCALIZATION%GOBP%GO:0051654		22	0.40436327	1.148873	0.26744187	0.5245795	1.0	3044	tags=45%, list=23%, signal=59%	
ACTIVATION OF INNATE IMMUNE RESPONSE%GOBP%GO:0002218	ACTIVATION OF INNATE IMMUNE RESPONSE%GOBP%GO:0002218		109	0.2881058	1.148454	0.18163055	0.52523327	1.0	2911	tags=28%, list=22%, signal=35%	
NEGATIVE REGULATION OF MAPK PATHWAY%REACTOME DATABASE ID RELEASE 95%5675221	NEGATIVE REGULATION OF MAPK PATHWAY%REACTOME DATABASE ID RELEASE 95%5675221		41	0.34337977	1.1474116	0.2253807	0.5275249	1.0	1716	tags=29%, list=13%, signal=33%	
CYCLIC PURINE NUCLEOTIDE METABOLIC PROCESS%GOBP%GO:0052652	CYCLIC PURINE NUCLEOTIDE METABOLIC PROCESS%GOBP%GO:0052652		17	0.42245665	1.1472653	0.285	0.52750474	1.0	1452	tags=24%, list=11%, signal=26%	
REGULATION OF INTRINSIC APOPTOTIC SIGNALING PATHWAY%GOBP%GO:2001242	REGULATION OF INTRINSIC APOPTOTIC SIGNALING PATHWAY%GOBP%GO:2001242		105	0.29006866	1.1472342	0.17981073	0.52718675	1.0	3273	tags=28%, list=24%, signal=36%	
HDMS DEMETHYLATE HISTONES%REACTOME%R-HSA-3214842.5	HDMS DEMETHYLATE HISTONES%REACTOME%R-HSA-3214842.5		20	0.4060732	1.1469223	0.2710779	0.52755463	1.0	3142	tags=40%, list=23%, signal=52%	
PROTEIN LOCALIZATION TO MITOCHONDRION%GOBP%GO:0070585	PROTEIN LOCALIZATION TO MITOCHONDRION%GOBP%GO:0070585		58	0.3215654	1.146619	0.2200614	0.5279215	1.0	3015	tags=31%, list=22%, signal=40%	
BBSOME-MEDIATED CARGO-TARGETING TO CILIUM%REACTOME%R-HSA-5620922.5	BBSOME-MEDIATED CARGO-TARGETING TO CILIUM%REACTOME%R-HSA-5620922.5		23	0.38829944	1.1465696	0.25888324	0.5276589	1.0	3414	tags=43%, list=25%, signal=58%	
HOMOCARNOSINOSIS%SMPDB%SMP0000385	HOMOCARNOSINOSIS%SMPDB%SMP0000385		20	0.40410852	1.1465394	0.24537988	0.5273455	1.0	2941	tags=35%, list=22%, signal=45%	
NEUTRAL LIPID METABOLIC PROCESS%GOBP%GO:0006638	NEUTRAL LIPID METABOLIC PROCESS%GOBP%GO:0006638		52	0.32678676	1.1465044	0.21398304	0.52704203	1.0	2966	tags=29%, list=22%, signal=37%	
PID_MYC_ACTIV_PATHWAY%MSIGDB_C2%PID_MYC_ACTIV_PATHWAY	PID_MYC_ACTIV_PATHWAY%MSIGDB_C2%PID_MYC_ACTIV_PATHWAY		62	0.3155235	1.1463786	0.21015228	0.5269688	1.0	2047	tags=27%, list=15%, signal=32%	
RIBONUCLEOTIDE METABOLIC PROCESS%GOBP%GO:0009259	RIBONUCLEOTIDE METABOLIC PROCESS%GOBP%GO:0009259		177	0.27066258	1.1462915	0.16160521	0.5267996	1.0	2931	tags=28%, list=22%, signal=36%	
TNF RELATED WEAK INDUCER OF APOPTOSIS TWEAK SIGNALING%WIKIPATHWAYS_20260211%WP2036%HOMO SAPIENS	TNF RELATED WEAK INDUCER OF APOPTOSIS TWEAK SIGNALING%WIKIPATHWAYS_20260211%WP2036%HOMO SAPIENS		32	0.36368543	1.1461513	0.24264705	0.5267606	1.0	3029	tags=38%, list=22%, signal=48%	
TRISALICYLATE-CHOLINE ACTION PATHWAY%PATHWHIZ%PW000680	TRISALICYLATE-CHOLINE ACTION PATHWAY%PATHWHIZ%PW000680		15	0.44517145	1.1460644	0.27663934	0.52657443	1.0	1475	tags=33%, list=11%, signal=37%	
FEMALE SEX DIFFERENTIATION%GOBP%GO:0046660	FEMALE SEX DIFFERENTIATION%GOBP%GO:0046660		23	0.39043355	1.1459513	0.2487412	0.5264673	1.0	569	tags=13%, list=4%, signal=14%	
VITAMIN METABOLIC PROCESS%GOBP%GO:0006766	VITAMIN METABOLIC PROCESS%GOBP%GO:0006766		15	0.43935782	1.145624	0.27849355	0.52690095	1.0	2211	tags=33%, list=16%, signal=40%	
REGULATION OF CARDIOCYTE DIFFERENTIATION%GOBP%GO:1905207	REGULATION OF CARDIOCYTE DIFFERENTIATION%GOBP%GO:1905207		16	0.4283922	1.1454605	0.27988046	0.52691895	1.0	2599	tags=50%, list=19%, signal=62%	
POSITIVE REGULATION OF JNK CASCADE%GOBP%GO:0046330	POSITIVE REGULATION OF JNK CASCADE%GOBP%GO:0046330		65	0.31127524	1.1450646	0.20344457	0.5275703	1.0	2050	tags=23%, list=15%, signal=27%	
REGULATION OF INTERLEUKIN-17 PRODUCTION%GOBP%GO:0032660	REGULATION OF INTERLEUKIN-17 PRODUCTION%GOBP%GO:0032660		18	0.4147737	1.1448709	0.25512296	0.5276679	1.0	3269	tags=33%, list=24%, signal=44%	
FATTY ACID AND LIPOPROTEIN TRANSPORT IN HEPATOCYTES%WIKIPATHWAYS_20260211%WP5323%HOMO SAPIENS	FATTY ACID AND LIPOPROTEIN TRANSPORT IN HEPATOCYTES%WIKIPATHWAYS_20260211%WP5323%HOMO SAPIENS		20	0.406708	1.1446712	0.27558258	0.527778	1.0	3742	tags=55%, list=28%, signal=76%	
NAPROXEN ACTION PATHWAY%SMPDB%SMP0000120	NAPROXEN ACTION PATHWAY%SMPDB%SMP0000120		15	0.44517145	1.1443763	0.26185346	0.52812636	1.0	1475	tags=33%, list=11%, signal=37%	
REGULATION OF CALCINEURIN-NFAT SIGNALING CASCADE%GOBP%GO:0070884	REGULATION OF CALCINEURIN-NFAT SIGNALING CASCADE%GOBP%GO:0070884		26	0.37567037	1.1442168	0.2651357	0.52812773	1.0	2277	tags=35%, list=17%, signal=42%	
REGULATION OF SMALL MOLECULE METABOLIC PROCESS%GOBP%GO:0062012	REGULATION OF SMALL MOLECULE METABOLIC PROCESS%GOBP%GO:0062012		191	0.26547244	1.1436036	0.13953489	0.5292869	1.0	2549	tags=26%, list=19%, signal=31%	
DOWNSTREAM SIGNALING OF ACTIVATED FGFR2%REACTOME%R-HSA-5654696.3	DOWNSTREAM SIGNALING OF ACTIVATED FGFR2%REACTOME%R-HSA-5654696.3		15	0.4427681	1.1432647	0.29897958	0.52976215	1.0	2798	tags=33%, list=21%, signal=42%	
MITOCHONDRIAL COMPLEX IV ASSEMBLY%WIKIPATHWAYS_20260211%WP4922%HOMO SAPIENS	MITOCHONDRIAL COMPLEX IV ASSEMBLY%WIKIPATHWAYS_20260211%WP4922%HOMO SAPIENS		25	0.38112593	1.1429381	0.25	0.5301889	1.0	2828	tags=40%, list=21%, signal=50%	
POSITIVE REGULATION OF STEROID METABOLIC PROCESS%GOBP%GO:0045940	POSITIVE REGULATION OF STEROID METABOLIC PROCESS%GOBP%GO:0045940		18	0.41828725	1.1429106	0.280402	0.52987283	1.0	1622	tags=33%, list=12%, signal=38%	
REGULATION OF PROTEIN POLYUBIQUITINATION%GOBP%GO:1902914	REGULATION OF PROTEIN POLYUBIQUITINATION%GOBP%GO:1902914		20	0.40402853	1.1428351	0.26980942	0.529681	1.0	3722	tags=45%, list=28%, signal=62%	
ACYLGLYCEROL METABOLIC PROCESS%GOBP%GO:0006639	ACYLGLYCEROL METABOLIC PROCESS%GOBP%GO:0006639		52	0.32678676	1.1427771	0.2320162	0.5294264	1.0	2966	tags=29%, list=22%, signal=37%	
CELLULAR RESPONSE TO HYPOXIA%GOBP%GO:0071456	CELLULAR RESPONSE TO HYPOXIA%GOBP%GO:0071456		66	0.3098158	1.1426212	0.21116751	0.52943814	1.0	2081	tags=23%, list=15%, signal=27%	
REGULATION OF MITOCHONDRIAL MEMBRANE POTENTIAL%GOBP%GO:0051881	REGULATION OF MITOCHONDRIAL MEMBRANE POTENTIAL%GOBP%GO:0051881		31	0.3633252	1.1419361	0.24070022	0.5308426	1.0	3044	tags=35%, list=23%, signal=46%	
TOLL LIKE RECEPTOR SIGNALING RELATED TO MYD88%WIKIPATHWAYS_20260211%WP3858%HOMO SAPIENS	TOLL LIKE RECEPTOR SIGNALING RELATED TO MYD88%WIKIPATHWAYS_20260211%WP3858%HOMO SAPIENS		23	0.3881612	1.1417786	0.2672956	0.5308537	1.0	2896	tags=39%, list=21%, signal=50%	
TRIF (TICAM1)-MEDIATED TLR4 SIGNALING%REACTOME%R-HSA-937061.5	TRIF (TICAM1)-MEDIATED TLR4 SIGNALING%REACTOME%R-HSA-937061.5		98	0.29335183	1.1416457	0.19519833	0.53079826	1.0	3361	tags=35%, list=25%, signal=46%	
COMPLEX III ASSEMBLY%REACTOME%R-HSA-9865881.2	COMPLEX III ASSEMBLY%REACTOME%R-HSA-9865881.2		21	0.39650175	1.1415524	0.28241205	0.53064376	1.0	3566	tags=33%, list=26%, signal=45%	
SUCCINIC SEMIALDEHYDE DEHYDROGENASE DEFICIENCY%SMPDB%SMP0000567	SUCCINIC SEMIALDEHYDE DEHYDROGENASE DEFICIENCY%SMPDB%SMP0000567		20	0.40410852	1.1412334	0.26876268	0.5310417	1.0	2941	tags=35%, list=22%, signal=45%	
POSITIVE REGULATION OF PHOSPHORYLATION%GOBP%GO:0042327	POSITIVE REGULATION OF PHOSPHORYLATION%GOBP%GO:0042327		162	0.27064353	1.1411858	0.15053764	0.5307786	1.0	2885	tags=28%, list=21%, signal=35%	
SULFUR COMPOUND METABOLIC PROCESS%GOBP%GO:0006790	SULFUR COMPOUND METABOLIC PROCESS%GOBP%GO:0006790		181	0.270088	1.1410964	0.14962325	0.5306139	1.0	1808	tags=19%, list=13%, signal=21%	
MYD88-INDEPENDENT TLR4 CASCADE%REACTOME DATABASE ID RELEASE 95%166166	MYD88-INDEPENDENT TLR4 CASCADE%REACTOME DATABASE ID RELEASE 95%166166		98	0.29335183	1.1407194	0.18860103	0.53114873	1.0	3361	tags=35%, list=25%, signal=46%	
4-HYDROXYBUTYRIC ACIDURIA SUCCINIC SEMIALDEHYDE DEHYDROGENASE DEFICIENCY%SMPDB%SMP0000243	4-HYDROXYBUTYRIC ACIDURIA SUCCINIC SEMIALDEHYDE DEHYDROGENASE DEFICIENCY%SMPDB%SMP0000243		20	0.40410852	1.1406922	0.26864147	0.5308257	1.0	2941	tags=35%, list=22%, signal=45%	
NEGATIVE REGULATION OF CELL-CELL ADHESION%GOBP%GO:0022408	NEGATIVE REGULATION OF CELL-CELL ADHESION%GOBP%GO:0022408		103	0.28772044	1.1405623	0.17492098	0.5307848	1.0	1374	tags=16%, list=10%, signal=17%	
PEPTIDE HORMONE PROCESSING%GOBP%GO:0016486	PEPTIDE HORMONE PROCESSING%GOBP%GO:0016486		18	0.40838233	1.1399673	0.2710372	0.531899	1.0	385	tags=11%, list=3%, signal=11%	
NEGATIVE REGULATION OF PROTEIN LOCALIZATION TO MEMBRANE%GOBP%GO:1905476	NEGATIVE REGULATION OF PROTEIN LOCALIZATION TO MEMBRANE%GOBP%GO:1905476		27	0.37664646	1.1396656	0.25751072	0.5322967	1.0	2861	tags=37%, list=21%, signal=47%	
MATURATION OF SSU-RRNA FROM TRICISTRONIC RRNA TRANSCRIPT (SSU-RRNA, 5.8S RRNA, LSU-RRNA)%GOBP%GO:0000462	MATURATION OF SSU-RRNA FROM TRICISTRONIC RRNA TRANSCRIPT (SSU-RRNA, 5.8S RRNA, LSU-RRNA)%GOBP%GO:0000462		26	0.38042876	1.1396614	0.27134147	0.5319169	1.0	3644	tags=42%, list=27%, signal=58%	
DEFENSE RESPONSE TO BACTERIUM%GOBP%GO:0042742	DEFENSE RESPONSE TO BACTERIUM%GOBP%GO:0042742		83	0.2992615	1.1396086	0.1944146	0.53165627	1.0	1744	tags=18%, list=13%, signal=21%	
ENDOPLASMIC RETICULUM UNFOLDED PROTEIN RESPONSE%GOBP%GO:0030968	ENDOPLASMIC RETICULUM UNFOLDED PROTEIN RESPONSE%GOBP%GO:0030968		48	0.32848018	1.1394516	0.22348095	0.531681	1.0	2766	tags=31%, list=20%, signal=39%	
SLC TRANSPORTER DISORDERS%REACTOME%R-HSA-5619102.9	SLC TRANSPORTER DISORDERS%REACTOME%R-HSA-5619102.9		56	0.32220498	1.1393334	0.23214285	0.5315956	1.0	1880	tags=29%, list=14%, signal=33%	
INTEGRIN FAMILY CELL SURFACE INTERACTIONS%PATHWAY INTERACTION DATABASE NCI-NATURE CURATED DATA%INTEGRIN FAMILY CELL SURFACE INTERACTIONS	INTEGRIN FAMILY CELL SURFACE INTERACTIONS%PATHWAY INTERACTION DATABASE NCI-NATURE CURATED DATA%INTEGRIN FAMILY CELL SURFACE INTERACTIONS		22	0.39268056	1.1392325	0.2672234	0.53147584	1.0	2441	tags=27%, list=18%, signal=33%	
DEREGULATING CELLULAR METABOLISM THROUGH NON GENOTOXIC CARCINOGENS%WIKIPATHWAYS_20260211%WP5571%HOMO SAPIENS	DEREGULATING CELLULAR METABOLISM THROUGH NON GENOTOXIC CARCINOGENS%WIKIPATHWAYS_20260211%WP5571%HOMO SAPIENS		17	0.42253348	1.1392269	0.2830385	0.53109926	1.0	2344	tags=29%, list=17%, signal=36%	
OXYSTEROLS DERIVED FROM CHOLESTEROL%WIKIPATHWAYS_20260211%WP4545%HOMO SAPIENS	OXYSTEROLS DERIVED FROM CHOLESTEROL%WIKIPATHWAYS_20260211%WP4545%HOMO SAPIENS		23	0.3894236	1.1387631	0.27839196	0.53189695	1.0	3508	tags=65%, list=26%, signal=88%	
NEGATIVE REGULATION OF CATALYTIC ACTIVITY%GOBP%GO:0043086	NEGATIVE REGULATION OF CATALYTIC ACTIVITY%GOBP%GO:0043086		108	0.28520432	1.1384021	0.2	0.53243786	1.0	2508	tags=28%, list=19%, signal=34%	
IL5%NETPATH%IL5	IL5%NETPATH%IL5		33	0.35579404	1.1382868	0.25918153	0.53233606	1.0	3364	tags=42%, list=25%, signal=56%	
CYCLIC NUCLEOTIDE METABOLIC PROCESS%GOBP%GO:0009187	CYCLIC NUCLEOTIDE METABOLIC PROCESS%GOBP%GO:0009187		17	0.42245665	1.1382201	0.30061984	0.53211427	1.0	1452	tags=24%, list=11%, signal=26%	
IMMUNE RESPONSE-ACTIVATING SIGNALING PATHWAY%GOBP%GO:0002757	IMMUNE RESPONSE-ACTIVATING SIGNALING PATHWAY%GOBP%GO:0002757		173	0.26763406	1.1380507	0.13516368	0.5321733	1.0	2896	tags=24%, list=21%, signal=30%	
GOLGI-TO-ER RETROGRADE TRANSPORT%REACTOME DATABASE ID RELEASE 95%8856688	GOLGI-TO-ER RETROGRADE TRANSPORT%REACTOME DATABASE ID RELEASE 95%8856688		110	0.28508002	1.1376809	0.19527897	0.5327462	1.0	2854	tags=35%, list=21%, signal=45%	
BROMFENAC ACTION PATHWAY%SMPDB%SMP0000102	BROMFENAC ACTION PATHWAY%SMPDB%SMP0000102		15	0.44517145	1.1376183	0.30933064	0.53251565	1.0	1475	tags=33%, list=11%, signal=37%	
CELLULAR RESPONSE TO TOPOLOGICALLY INCORRECT PROTEIN%GOBP%GO:0035967	CELLULAR RESPONSE TO TOPOLOGICALLY INCORRECT PROTEIN%GOBP%GO:0035967		75	0.3022521	1.1375922	0.21283096	0.5322004	1.0	2779	tags=29%, list=21%, signal=37%	
TRANSLATIONAL ELONGATION%GOBP%GO:0006414	TRANSLATIONAL ELONGATION%GOBP%GO:0006414		50	0.3245148	1.1375624	0.2555205	0.531891	1.0	2644	tags=30%, list=20%, signal=37%	
INHIBITION OF DNA RECOMBINATION AT TELOMERE%REACTOME DATABASE ID RELEASE 95%9670095	INHIBITION OF DNA RECOMBINATION AT TELOMERE%REACTOME DATABASE ID RELEASE 95%9670095		20	0.40087616	1.1371332	0.261	0.53258824	1.0	1894	tags=35%, list=14%, signal=41%	
2-KETOGLUTARATE DEHYDROGENASE COMPLEX DEFICIENCY%PATHWHIZ%PW000525	2-KETOGLUTARATE DEHYDROGENASE COMPLEX DEFICIENCY%PATHWHIZ%PW000525		21	0.39630452	1.1370261	0.27021277	0.5324814	1.0	1683	tags=24%, list=12%, signal=27%	
7 OXO C AND 7 BETA HC PATHWAYS%WIKIPATHWAYS_20260211%WP5064%HOMO SAPIENS	7 OXO C AND 7 BETA HC PATHWAYS%WIKIPATHWAYS_20260211%WP5064%HOMO SAPIENS		18	0.4105981	1.1369473	0.28105262	0.5322902	1.0	3508	tags=61%, list=26%, signal=82%	
REGULATION OF SPROUTING ANGIOGENESIS%GOBP%GO:1903670	REGULATION OF SPROUTING ANGIOGENESIS%GOBP%GO:1903670		31	0.3604446	1.136811	0.2589928	0.5322507	1.0	2071	tags=23%, list=15%, signal=27%	
BIOCARTA_VIP_PATHWAY%MSIGDB_C2%BIOCARTA_VIP_PATHWAY	BIOCARTA_VIP_PATHWAY%MSIGDB_C2%BIOCARTA_VIP_PATHWAY		15	0.4293446	1.1366512	0.2895005	0.5322938	1.0	3863	tags=53%, list=29%, signal=75%	
CALCIUM ION TRANSPORT%GOBP%GO:0006816	CALCIUM ION TRANSPORT%GOBP%GO:0006816		126	0.28265074	1.1365606	0.18094218	0.5321462	1.0	2729	tags=29%, list=20%, signal=35%	
PID_ERBB1_RECEPTOR_PROXIMAL_PATHWAY%MSIGDB_C2%PID_ERBB1_RECEPTOR_PROXIMAL_PATHWAY	PID_ERBB1_RECEPTOR_PROXIMAL_PATHWAY%MSIGDB_C2%PID_ERBB1_RECEPTOR_PROXIMAL_PATHWAY		29	0.36345595	1.1362582	0.25500527	0.5325316	1.0	2503	tags=28%, list=19%, signal=34%	
REGULATION OF CARDIAC MUSCLE CELL PROLIFERATION%GOBP%GO:0060043	REGULATION OF CARDIAC MUSCLE CELL PROLIFERATION%GOBP%GO:0060043		15	0.4289055	1.1361576	0.27102804	0.53238195	1.0	2609	tags=33%, list=19%, signal=41%	
PID_ALK1_PATHWAY%MSIGDB_C2%PID_ALK1_PATHWAY	PID_ALK1_PATHWAY%MSIGDB_C2%PID_ALK1_PATHWAY		20	0.40663397	1.1359979	0.27091634	0.53242564	1.0	1103	tags=20%, list=8%, signal=22%	
ENDOPLASMIC RETICULUM STRESS RESPONSE IN CORONAVIRUS INFECTION%WIKIPATHWAYS_20260211%WP4861%HOMO SAPIENS	ENDOPLASMIC RETICULUM STRESS RESPONSE IN CORONAVIRUS INFECTION%WIKIPATHWAYS_20260211%WP4861%HOMO SAPIENS		34	0.35174152	1.1358855	0.23668033	0.5323245	1.0	2634	tags=32%, list=19%, signal=40%	
CONGENITAL LACTIC ACIDOSIS%PATHWHIZ%PW000522	CONGENITAL LACTIC ACIDOSIS%PATHWHIZ%PW000522		21	0.39630452	1.1358798	0.2834891	0.53196216	1.0	1683	tags=24%, list=12%, signal=27%	
REGULATION OF LIPID METABOLIC PROCESS%GOBP%GO:0019216	REGULATION OF LIPID METABOLIC PROCESS%GOBP%GO:0019216		179	0.26703012	1.1357933	0.15991238	0.5317942	1.0	2348	tags=24%, list=17%, signal=29%	
DRAVET SYNDROME%WIKIPATHWAYS_20260211%WP5200%HOMO SAPIENS	DRAVET SYNDROME%WIKIPATHWAYS_20260211%WP5200%HOMO SAPIENS		22	0.3976484	1.135559	0.26847035	0.53198963	1.0	3775	tags=55%, list=28%, signal=76%	
NUCLEOSIDE TRIPHOSPHATE METABOLIC PROCESS%GOBP%GO:0009141	NUCLEOSIDE TRIPHOSPHATE METABOLIC PROCESS%GOBP%GO:0009141		128	0.2786061	1.135062	0.17409766	0.5328235	1.0	3582	tags=36%, list=27%, signal=48%	
NUCLEOSIDE TRIPHOSPHATE BIOSYNTHETIC PROCESS%GOBP%GO:0009142	NUCLEOSIDE TRIPHOSPHATE BIOSYNTHETIC PROCESS%GOBP%GO:0009142		61	0.31812212	1.135052	0.23093683	0.5324651	1.0	3852	tags=46%, list=29%, signal=64%	
CYTOCHROME COMPLEX ASSEMBLY%GOBP%GO:0017004	CYTOCHROME COMPLEX ASSEMBLY%GOBP%GO:0017004		36	0.3530071	1.1350427	0.24498416	0.5321028	1.0	2287	tags=28%, list=17%, signal=33%	
POSITIVE REGULATION OF TRANSCRIPTION ELONGATION BY RNA POLYMERASE II%GOBP%GO:0032968	POSITIVE REGULATION OF TRANSCRIPTION ELONGATION BY RNA POLYMERASE II%GOBP%GO:0032968		50	0.32248065	1.1349761	0.22653721	0.53189254	1.0	3714	tags=42%, list=27%, signal=58%	
REGULATION OF DNA BINDING%GOBP%GO:0051101	REGULATION OF DNA BINDING%GOBP%GO:0051101		31	0.36155704	1.1334687	0.2640163	0.5353202	1.0	2911	tags=39%, list=22%, signal=49%	
GLUTAMATE METABOLISM%PATHWHIZ%PW000003	GLUTAMATE METABOLISM%PATHWHIZ%PW000003		20	0.40410852	1.133419	0.2783705	0.5350767	1.0	2941	tags=35%, list=22%, signal=45%	
NEGATIVE REGULATION OF CELL ADHESION%GOBP%GO:0007162	NEGATIVE REGULATION OF CELL ADHESION%GOBP%GO:0007162		169	0.26558566	1.1331745	0.14822547	0.5353116	1.0	1374	tags=14%, list=10%, signal=16%	
NEGATIVE REGULATION OF NON-CANONICAL NF-KAPPAB SIGNAL TRANSDUCTION%GOBP%GO:1901223	NEGATIVE REGULATION OF NON-CANONICAL NF-KAPPAB SIGNAL TRANSDUCTION%GOBP%GO:1901223		20	0.4050576	1.1331252	0.26819128	0.5350561	1.0	3590	tags=50%, list=27%, signal=68%	
FUMARASE DEFICIENCY%SMPDB%SMP0000547	FUMARASE DEFICIENCY%SMPDB%SMP0000547		21	0.39630452	1.1329398	0.26680243	0.5351491	1.0	1683	tags=24%, list=12%, signal=27%	
NEGATIVE REGULATION OF APOPTOTIC SIGNALING PATHWAY%GOBP%GO:2001234	NEGATIVE REGULATION OF APOPTOTIC SIGNALING PATHWAY%GOBP%GO:2001234		134	0.2775551	1.1323429	0.19330454	0.53627115	1.0	3292	tags=28%, list=24%, signal=37%	
REGULATION OF CD4-POSITIVE, ALPHA-BETA T CELL DIFFERENTIATION%GOBP%GO:0043370	REGULATION OF CD4-POSITIVE, ALPHA-BETA T CELL DIFFERENTIATION%GOBP%GO:0043370		30	0.3597996	1.1323148	0.26169154	0.5359614	1.0	285	tags=13%, list=2%, signal=14%	
REGULATION OF INTRACELLULAR STEROID HORMONE RECEPTOR SIGNALING PATHWAY%GOBP%GO:0033143	REGULATION OF INTRACELLULAR STEROID HORMONE RECEPTOR SIGNALING PATHWAY%GOBP%GO:0033143		54	0.32026586	1.1321906	0.22154471	0.5358962	1.0	2471	tags=31%, list=18%, signal=38%	
NEUROTROPHIN SIGNALING PATHWAY%GOBP%GO:0038179	NEUROTROPHIN SIGNALING PATHWAY%GOBP%GO:0038179		17	0.42246482	1.1318542	0.29296067	0.53636307	1.0	583	tags=18%, list=4%, signal=18%	
TRANSPORT ALONG MICROTUBULE%GOBP%GO:0010970	TRANSPORT ALONG MICROTUBULE%GOBP%GO:0010970		135	0.27930427	1.1315778	0.1923077	0.5366728	1.0	2763	tags=30%, list=20%, signal=37%	
SIGNALING DOWNSTREAM OF RAS MUTANTS%REACTOME%R-HSA-9649948.2	SIGNALING DOWNSTREAM OF RAS MUTANTS%REACTOME%R-HSA-9649948.2		36	0.3487485	1.1309067	0.25188375	0.53802234	1.0	1654	tags=25%, list=12%, signal=28%	
POSITIVE REGULATION OF MRNA CATABOLIC PROCESS%GOBP%GO:0061014	POSITIVE REGULATION OF MRNA CATABOLIC PROCESS%GOBP%GO:0061014		91	0.29045978	1.1307054	0.20162933	0.53818095	1.0	2167	tags=25%, list=16%, signal=30%	
POSITIVE REGULATION OF SMAD PROTEIN SIGNAL TRANSDUCTION%GOBP%GO:0060391	POSITIVE REGULATION OF SMAD PROTEIN SIGNAL TRANSDUCTION%GOBP%GO:0060391		30	0.35831365	1.130693	0.2692703	0.53783363	1.0	2073	tags=27%, list=15%, signal=31%	
MESODERMAL COMMITMENT PATHWAY%WIKIPATHWAYS_20260211%WP2857%HOMO SAPIENS	MESODERMAL COMMITMENT PATHWAY%WIKIPATHWAYS_20260211%WP2857%HOMO SAPIENS		106	0.2844343	1.1299248	0.21420765	0.5394434	1.0	1413	tags=21%, list=10%, signal=23%	
RESPONSE TO FLUID SHEAR STRESS%GOBP%GO:0034405	RESPONSE TO FLUID SHEAR STRESS%GOBP%GO:0034405		44	0.3335962	1.1298261	0.25382262	0.53932726	1.0	1452	tags=16%, list=11%, signal=18%	
GLYCOSPHINGOLIPID METABOLISM%REACTOME DATABASE ID RELEASE 95%1660662	GLYCOSPHINGOLIPID METABOLISM%REACTOME DATABASE ID RELEASE 95%1660662		43	0.339137	1.12969	0.26173827	0.5393022	1.0	2375	tags=30%, list=18%, signal=37%	
REGULATION OF DEVELOPMENTAL GROWTH%GOBP%GO:0048638	REGULATION OF DEVELOPMENTAL GROWTH%GOBP%GO:0048638		109	0.2837863	1.1283046	0.19933921	0.5424613	1.0	2611	tags=28%, list=19%, signal=34%	
SIGNALING BY RAS MUTANTS%REACTOME DATABASE ID RELEASE 95%6802949	SIGNALING BY RAS MUTANTS%REACTOME DATABASE ID RELEASE 95%6802949		36	0.3487485	1.127514	0.25929752	0.5441086	1.0	1654	tags=25%, list=12%, signal=28%	
U12 DEPENDENT SPLICING%REACTOME%R-HSA-72165.3	U12 DEPENDENT SPLICING%REACTOME%R-HSA-72165.3		50	0.3273405	1.1274163	0.25556734	0.54396474	1.0	1894	tags=20%, list=14%, signal=23%	
CARBOHYDRATE DERIVATIVE CATABOLIC PROCESS%GOBP%GO:1901136	CARBOHYDRATE DERIVATIVE CATABOLIC PROCESS%GOBP%GO:1901136		136	0.27439713	1.1273761	0.1875	0.5436832	1.0	2534	tags=24%, list=19%, signal=30%	
PYRUVATE DEHYDROGENASE DEFICIENCY (E3)%SMPDB%SMP0000550	PYRUVATE DEHYDROGENASE DEFICIENCY (E3)%SMPDB%SMP0000550		21	0.39630452	1.1272892	0.28429425	0.54352003	1.0	1683	tags=24%, list=12%, signal=27%	
CARDIAC SEPTUM MORPHOGENESIS%GOBP%GO:0060411	CARDIAC SEPTUM MORPHOGENESIS%GOBP%GO:0060411		40	0.33913767	1.1271434	0.2580982	0.54352707	1.0	2609	tags=33%, list=19%, signal=40%	
HALLMARK_UNFOLDED_PROTEIN_RESPONSE%MSIGDBHALLMARK%HALLMARK_UNFOLDED_PROTEIN_RESPONSE	HALLMARK_UNFOLDED_PROTEIN_RESPONSE%MSIGDBHALLMARK%HALLMARK_UNFOLDED_PROTEIN_RESPONSE		88	0.29448235	1.127065	0.21243523	0.54334366	1.0	1694	tags=22%, list=13%, signal=25%	
EVASION BY RSV OF HOST INTERFERON RESPONSES%REACTOME%R-HSA-9833109.1	EVASION BY RSV OF HOST INTERFERON RESPONSES%REACTOME%R-HSA-9833109.1		17	0.41818193	1.1270303	0.28909466	0.54304516	1.0	1716	tags=29%, list=13%, signal=34%	
PARADOXICAL ACTIVATION OF RAF SIGNALING BY KINASE INACTIVE BRAF%REACTOME%R-HSA-6802955.4	PARADOXICAL ACTIVATION OF RAF SIGNALING BY KINASE INACTIVE BRAF%REACTOME%R-HSA-6802955.4		36	0.3487485	1.1269038	0.26293996	0.5429853	1.0	1654	tags=25%, list=12%, signal=28%	
LDL CLEARANCE%REACTOME DATABASE ID RELEASE 95%8964038	LDL CLEARANCE%REACTOME DATABASE ID RELEASE 95%8964038		16	0.4271096	1.126431	0.29179332	0.5438238	1.0	2068	tags=31%, list=15%, signal=37%	
RAB REGULATION OF TRAFFICKING%REACTOME%R-HSA-9007101.4	RAB REGULATION OF TRAFFICKING%REACTOME%R-HSA-9007101.4		115	0.28220206	1.1258674	0.19581152	0.5449283	1.0	2610	tags=23%, list=19%, signal=29%	
OXIDATIVE DAMAGE RESPONSE%WIKIPATHWAYS_20260211%WP3941%HOMO SAPIENS	OXIDATIVE DAMAGE RESPONSE%WIKIPATHWAYS_20260211%WP3941%HOMO SAPIENS		29	0.36434442	1.1258047	0.2801205	0.5447146	1.0	4052	tags=45%, list=30%, signal=64%	
POSITIVE REGULATION OF INTERLEUKIN-10 PRODUCTION%GOBP%GO:0032733	POSITIVE REGULATION OF INTERLEUKIN-10 PRODUCTION%GOBP%GO:0032733		20	0.40130815	1.1252754	0.2975558	0.54571146	1.0	3372	tags=40%, list=25%, signal=53%	
LKB1 SIGNALING EVENTS%PATHWAY INTERACTION DATABASE NCI-NATURE CURATED DATA%LKB1 SIGNALING EVENTS	LKB1 SIGNALING EVENTS%PATHWAY INTERACTION DATABASE NCI-NATURE CURATED DATA%LKB1 SIGNALING EVENTS		41	0.33408266	1.1249754	0.25233644	0.5461216	1.0	2109	tags=24%, list=16%, signal=29%	
POSITIVE REGULATION OF TRANSLATIONAL INITIATION%GOBP%GO:0045948	POSITIVE REGULATION OF TRANSLATIONAL INITIATION%GOBP%GO:0045948		26	0.3733705	1.1249651	0.28341708	0.5457637	1.0	2923	tags=31%, list=22%, signal=39%	
PHOSPHATIDYLINOSITOL-MEDIATED SIGNALING%GOBP%GO:0048015	PHOSPHATIDYLINOSITOL-MEDIATED SIGNALING%GOBP%GO:0048015		19	0.39654076	1.1249645	0.2762763	0.54538286	1.0	2363	tags=47%, list=17%, signal=57%	
REGULATION OF OSTEOCLAST DIFFERENTIATION%GOBP%GO:0045670	REGULATION OF OSTEOCLAST DIFFERENTIATION%GOBP%GO:0045670		27	0.36693266	1.1248194	0.2942387	0.5453896	1.0	2817	tags=30%, list=21%, signal=37%	
ERYTHROCYTE DIFFERENTIATION%GOBP%GO:0030218	ERYTHROCYTE DIFFERENTIATION%GOBP%GO:0030218		42	0.3344695	1.1244256	0.22294372	0.5459897	1.0	2112	tags=31%, list=16%, signal=37%	
SPLICEOSOMAL TRI-SNRNP COMPLEX ASSEMBLY%GOBP%GO:0000244	SPLICEOSOMAL TRI-SNRNP COMPLEX ASSEMBLY%GOBP%GO:0000244		35	0.35045552	1.1238384	0.26810175	0.54713416	1.0	1399	tags=20%, list=10%, signal=22%	
POSITIVE REGULATION OF PROTEIN TARGETING TO MEMBRANE%GOBP%GO:0090314	POSITIVE REGULATION OF PROTEIN TARGETING TO MEMBRANE%GOBP%GO:0090314		20	0.3974752	1.1238034	0.3010204	0.54684377	1.0	2421	tags=35%, list=18%, signal=43%	
POSITIVE REGULATION OF PROTEIN-CONTAINING COMPLEX DISASSEMBLY%GOBP%GO:0043243	POSITIVE REGULATION OF PROTEIN-CONTAINING COMPLEX DISASSEMBLY%GOBP%GO:0043243		22	0.38192862	1.1235573	0.28542915	0.5471053	1.0	1576	tags=23%, list=12%, signal=26%	
CARBOXYLIC ACID CATABOLIC PROCESS%GOBP%GO:0046395	CARBOXYLIC ACID CATABOLIC PROCESS%GOBP%GO:0046395		139	0.27323157	1.1228536	0.1956044	0.548562	1.0	3465	tags=33%, list=26%, signal=44%	
SIGNALING BY MODERATE KINASE ACTIVITY BRAF MUTANTS%REACTOME%R-HSA-6802946.3	SIGNALING BY MODERATE KINASE ACTIVITY BRAF MUTANTS%REACTOME%R-HSA-6802946.3		36	0.3487485	1.1228131	0.27229148	0.54828906	1.0	1654	tags=25%, list=12%, signal=28%	
RIBOSE PHOSPHATE BIOSYNTHETIC PROCESS%GOBP%GO:0046390	RIBOSE PHOSPHATE BIOSYNTHETIC PROCESS%GOBP%GO:0046390		95	0.2874714	1.1227189	0.23681489	0.54815817	1.0	2931	tags=33%, list=22%, signal=41%	
REGULATION OF T CELL ACTIVATION%GOBP%GO:0050863	REGULATION OF T CELL ACTIVATION%GOBP%GO:0050863		191	0.26188046	1.1224623	0.17054264	0.5484368	1.0	1581	tags=16%, list=12%, signal=18%	
SIGNALING BY FGFR2%REACTOME DATABASE ID RELEASE 95%5654738	SIGNALING BY FGFR2%REACTOME DATABASE ID RELEASE 95%5654738		53	0.31614366	1.1222785	0.25603357	0.5485304	1.0	3275	tags=36%, list=24%, signal=47%	
RNA 5'-END PROCESSING%GOBP%GO:0000966	RNA 5'-END PROCESSING%GOBP%GO:0000966		34	0.3527684	1.1222397	0.28385156	0.548238	1.0	2170	tags=26%, list=16%, signal=31%	
DENDRITIC SPINE ORGANIZATION%GOBP%GO:0097061	DENDRITIC SPINE ORGANIZATION%GOBP%GO:0097061		21	0.39292854	1.1221863	0.28796843	0.5479982	1.0	2771	tags=33%, list=21%, signal=42%	
TAT-MEDIATED ELONGATION OF THE HIV-1 TRANSCRIPT%REACTOME DATABASE ID RELEASE 95%167246	TAT-MEDIATED ELONGATION OF THE HIV-1 TRANSCRIPT%REACTOME DATABASE ID RELEASE 95%167246		38	0.34132528	1.121855	0.2752753	0.54847217	1.0	2397	tags=29%, list=18%, signal=35%	
INTRACELLULAR TRAFFICKING PROTEINS INVOLVED IN CMT NEUROPATHY%WIKIPATHWAYS_20260211%WP4856%HOMO SAPIENS	INTRACELLULAR TRAFFICKING PROTEINS INVOLVED IN CMT NEUROPATHY%WIKIPATHWAYS_20260211%WP4856%HOMO SAPIENS		20	0.39505392	1.1218003	0.27459016	0.54823196	1.0	3413	tags=35%, list=25%, signal=47%	
RNA DESTABILIZATION%GOBP%GO:0050779	RNA DESTABILIZATION%GOBP%GO:0050779		80	0.2953399	1.1217064	0.23375262	0.5481043	1.0	2167	tags=25%, list=16%, signal=30%	
MAP2K AND MAPK ACTIVATION%REACTOME DATABASE ID RELEASE 95%5674135	MAP2K AND MAPK ACTIVATION%REACTOME DATABASE ID RELEASE 95%5674135		31	0.35785118	1.1212946	0.27172828	0.5487951	1.0	1654	tags=23%, list=12%, signal=26%	
CHOLESTEROL HOMEOSTASIS%GOBP%GO:0042632	CHOLESTEROL HOMEOSTASIS%GOBP%GO:0042632		49	0.32137823	1.1208603	0.25913978	0.54952216	1.0	1852	tags=22%, list=14%, signal=26%	
HSF1-DEPENDENT TRANSACTIVATION%REACTOME%R-HSA-3371571.3	HSF1-DEPENDENT TRANSACTIVATION%REACTOME%R-HSA-3371571.3		21	0.39182687	1.1204023	0.27360514	0.550339	1.0	4031	tags=52%, list=30%, signal=75%	
ANTEROGRADE AXONAL TRANSPORT%GOBP%GO:0008089	ANTEROGRADE AXONAL TRANSPORT%GOBP%GO:0008089		35	0.34737846	1.1201955	0.26455027	0.5505183	1.0	982	tags=17%, list=7%, signal=18%	
CYTOSKELETON-DEPENDENT INTRACELLULAR TRANSPORT%GOBP%GO:0030705	CYTOSKELETON-DEPENDENT INTRACELLULAR TRANSPORT%GOBP%GO:0030705		154	0.26797453	1.1200067	0.18859649	0.5506208	1.0	2763	tags=29%, list=20%, signal=36%	
GLYCOPROTEIN BIOSYNTHETIC PROCESS%GOBP%GO:0009101	GLYCOPROTEIN BIOSYNTHETIC PROCESS%GOBP%GO:0009101		190	0.26145217	1.119952	0.17640573	0.5504038	1.0	2199	tags=21%, list=16%, signal=25%	
VIRAL RELEASE FROM HOST CELL%GOBP%GO:0019076	VIRAL RELEASE FROM HOST CELL%GOBP%GO:0019076		26	0.37163115	1.1193775	0.28761515	0.55149686	1.0	3680	tags=54%, list=27%, signal=74%	
TGF BETA RECEPTOR SIGNALING IN SKELETAL DYSPLASIAS%WIKIPATHWAYS_20260211%WP4816%HOMO SAPIENS	TGF BETA RECEPTOR SIGNALING IN SKELETAL DYSPLASIAS%WIKIPATHWAYS_20260211%WP4816%HOMO SAPIENS		46	0.32572758	1.1192328	0.26028806	0.5515001	1.0	3029	tags=33%, list=22%, signal=42%	
REGULATION OF MRNA STABILITY BY PROTEINS THAT BIND AU-RICH ELEMENTS%REACTOME%R-HSA-450531.6	REGULATION OF MRNA STABILITY BY PROTEINS THAT BIND AU-RICH ELEMENTS%REACTOME%R-HSA-450531.6		71	0.30389908	1.1190426	0.26415095	0.5516042	1.0	3102	tags=38%, list=23%, signal=49%	
HIV TRANSCRIPTION ELONGATION%REACTOME DATABASE ID RELEASE 95%167169	HIV TRANSCRIPTION ELONGATION%REACTOME DATABASE ID RELEASE 95%167169		38	0.34132528	1.1189086	0.27789047	0.5515726	1.0	2397	tags=29%, list=18%, signal=35%	
APOPTOTIC MITOCHONDRIAL CHANGES%GOBP%GO:0008637	APOPTOTIC MITOCHONDRIAL CHANGES%GOBP%GO:0008637		37	0.3425894	1.118834	0.2772773	0.5513816	1.0	2023	tags=24%, list=15%, signal=29%	
SIGNALING BY ACTIVIN%REACTOME%R-HSA-1502540.5	SIGNALING BY ACTIVIN%REACTOME%R-HSA-1502540.5		15	0.42680302	1.1185398	0.31085354	0.5517652	1.0	1798	tags=33%, list=13%, signal=38%	
ORGANIC ACID CATABOLIC PROCESS%GOBP%GO:0016054	ORGANIC ACID CATABOLIC PROCESS%GOBP%GO:0016054		139	0.27323157	1.1185354	0.20797414	0.55139935	1.0	3465	tags=33%, list=26%, signal=44%	
REGULATION OF CELL MIGRATION INVOLVED IN SPROUTING ANGIOGENESIS%GOBP%GO:0090049	REGULATION OF CELL MIGRATION INVOLVED IN SPROUTING ANGIOGENESIS%GOBP%GO:0090049		28	0.3633943	1.1183364	0.28397566	0.55153465	1.0	3292	tags=39%, list=24%, signal=52%	
PYRUVATE DEHYDROGENASE DEFICIENCY (E2)%SMPDB%SMP0000551	PYRUVATE DEHYDROGENASE DEFICIENCY (E2)%SMPDB%SMP0000551		21	0.39630452	1.1178842	0.3022541	0.5522927	1.0	1683	tags=24%, list=12%, signal=27%	
BETA3 INTEGRIN CELL SURFACE INTERACTIONS%PATHWAY INTERACTION DATABASE NCI-NATURE CURATED DATA%BETA3 INTEGRIN CELL SURFACE INTERACTIONS	BETA3 INTEGRIN CELL SURFACE INTERACTIONS%PATHWAY INTERACTION DATABASE NCI-NATURE CURATED DATA%BETA3 INTEGRIN CELL SURFACE INTERACTIONS		33	0.35671994	1.1168212	0.29514563	0.5547054	1.0	1648	tags=18%, list=12%, signal=21%	
NUCLEOTIDE-SUGAR BIOSYNTHETIC PROCESS%GOBP%GO:0009226	NUCLEOTIDE-SUGAR BIOSYNTHETIC PROCESS%GOBP%GO:0009226		24	0.38023707	1.1162215	0.2971549	0.5558967	1.0	2494	tags=38%, list=18%, signal=46%	
MITOCHONDRIAL COMPLEX II DEFICIENCY%PATHWHIZ%PW000524	MITOCHONDRIAL COMPLEX II DEFICIENCY%PATHWHIZ%PW000524		21	0.39630452	1.1162186	0.31934494	0.5555249	1.0	1683	tags=24%, list=12%, signal=27%	
TRANSCRIPTION OF THE HIV GENOME%REACTOME DATABASE ID RELEASE 95%167172	TRANSCRIPTION OF THE HIV GENOME%REACTOME DATABASE ID RELEASE 95%167172		64	0.30349252	1.1154886	0.25823593	0.55707216	1.0	2889	tags=33%, list=21%, signal=42%	
REGULATION OF POST-TRANSLATIONAL PROTEIN MODIFICATION%GOBP%GO:1901873	REGULATION OF POST-TRANSLATIONAL PROTEIN MODIFICATION%GOBP%GO:1901873		167	0.26437312	1.1154332	0.18625277	0.55682373	1.0	2656	tags=26%, list=20%, signal=32%	
REGULATION OF CALCINEURIN-MEDIATED SIGNALING%GOBP%GO:0106056	REGULATION OF CALCINEURIN-MEDIATED SIGNALING%GOBP%GO:0106056		27	0.36729836	1.1144819	0.2811861	0.55888563	1.0	2277	tags=33%, list=17%, signal=40%	
FORMATION OF HIV-1 ELONGATION COMPLEX CONTAINING HIV-1 TAT%REACTOME%R-HSA-167200.5	FORMATION OF HIV-1 ELONGATION COMPLEX CONTAINING HIV-1 TAT%REACTOME%R-HSA-167200.5		38	0.34132528	1.1144534	0.27419356	0.55857617	1.0	2397	tags=29%, list=18%, signal=35%	
RECEPTOR-MEDIATED ENDOCYTOSIS%GOBP%GO:0006898	RECEPTOR-MEDIATED ENDOCYTOSIS%GOBP%GO:0006898		114	0.278145	1.114162	0.22129436	0.55897677	1.0	2505	tags=27%, list=19%, signal=33%	
TAT-MEDIATED HIV ELONGATION ARREST AND RECOVERY%REACTOME DATABASE ID RELEASE 95%167243	TAT-MEDIATED HIV ELONGATION ARREST AND RECOVERY%REACTOME DATABASE ID RELEASE 95%167243		27	0.363822	1.113972	0.2887538	0.55908823	1.0	1894	tags=26%, list=14%, signal=30%	
ENDOCHONDRAL BONE MORPHOGENESIS%GOBP%GO:0060350	ENDOCHONDRAL BONE MORPHOGENESIS%GOBP%GO:0060350		16	0.4164238	1.1137246	0.30287474	0.559365	1.0	1276	tags=19%, list=9%, signal=21%	
POSITIVE REGULATION OF CELL KILLING%GOBP%GO:0031343	POSITIVE REGULATION OF CELL KILLING%GOBP%GO:0031343		27	0.3652131	1.1135734	0.30241936	0.5593893	1.0	2149	tags=26%, list=16%, signal=31%	
EXIT FROM HOST CELL%GOBP%GO:0035891	EXIT FROM HOST CELL%GOBP%GO:0035891		26	0.37163115	1.1134359	0.30456853	0.5593379	1.0	3680	tags=54%, list=27%, signal=74%	
POSITIVE REGULATION OF INNATE IMMUNE RESPONSE%GOBP%GO:0045089	POSITIVE REGULATION OF INNATE IMMUNE RESPONSE%GOBP%GO:0045089		194	0.25669336	1.1132686	0.18171683	0.5593993	1.0	2911	tags=23%, list=22%, signal=29%	
ORC1 REMOVAL FROM CHROMATIN%REACTOME%R-HSA-68949.5	ORC1 REMOVAL FROM CHROMATIN%REACTOME%R-HSA-68949.5		57	0.31047565	1.1126789	0.25024927	0.5605866	1.0	3102	tags=40%, list=23%, signal=52%	
ZINC ION TRANSMEMBRANE TRANSPORT%GOBP%GO:0071577	ZINC ION TRANSMEMBRANE TRANSPORT%GOBP%GO:0071577		19	0.39587674	1.1121336	0.31176472	0.5616275	1.0	1421	tags=21%, list=11%, signal=23%	
LATE ENDOSOMAL MICROAUTOPHAGY%REACTOME DATABASE ID RELEASE 95%9615710	LATE ENDOSOMAL MICROAUTOPHAGY%REACTOME DATABASE ID RELEASE 95%9615710		29	0.35688445	1.1118705	0.2705078	0.56191343	1.0	3102	tags=52%, list=23%, signal=67%	
PIECEMEAL MICROAUTOPHAGY OF THE NUCLEUS%GOBP%GO:0034727	PIECEMEAL MICROAUTOPHAGY OF THE NUCLEUS%GOBP%GO:0034727		17	0.40782487	1.1116914	0.3090172	0.56199616	1.0	1263	tags=18%, list=9%, signal=19%	
POSITIVE REGULATION OF SMALL MOLECULE METABOLIC PROCESS%GOBP%GO:0062013	POSITIVE REGULATION OF SMALL MOLECULE METABOLIC PROCESS%GOBP%GO:0062013		86	0.2919472	1.1116627	0.23681489	0.561698	1.0	2549	tags=29%, list=19%, signal=36%	
B CELL ACTIVATION%GOBP%GO:0042113	B CELL ACTIVATION%GOBP%GO:0042113		71	0.30106327	1.1114354	0.24686192	0.5619176	1.0	2448	tags=27%, list=18%, signal=33%	
S1P3 PATHWAY%PATHWAY INTERACTION DATABASE NCI-NATURE CURATED DATA%S1P3 PATHWAY	S1P3 PATHWAY%PATHWAY INTERACTION DATABASE NCI-NATURE CURATED DATA%S1P3 PATHWAY		22	0.3806804	1.1113404	0.33024693	0.56179476	1.0	860	tags=14%, list=6%, signal=15%	
BASIGIN INTERACTIONS%REACTOME DATABASE ID RELEASE 95%210991	BASIGIN INTERACTIONS%REACTOME DATABASE ID RELEASE 95%210991		19	0.40330958	1.110804	0.2983871	0.56284314	1.0	71	tags=11%, list=1%, signal=11%	
SIGNALING BY FGFR1%REACTOME DATABASE ID RELEASE 95%5654736	SIGNALING BY FGFR1%REACTOME DATABASE ID RELEASE 95%5654736		35	0.34464747	1.1104573	0.2814668	0.56337255	1.0	3275	tags=40%, list=24%, signal=53%	
MRNA DESTABILIZATION%GOBP%GO:0061157	MRNA DESTABILIZATION%GOBP%GO:0061157		77	0.29743084	1.1104156	0.26152197	0.5630986	1.0	2167	tags=26%, list=16%, signal=31%	
PID_HIF1_TFPATHWAY%MSIGDB_C2%PID_HIF1_TFPATHWAY	PID_HIF1_TFPATHWAY%MSIGDB_C2%PID_HIF1_TFPATHWAY		35	0.34627557	1.1101601	0.28020304	0.5633908	1.0	1626	tags=26%, list=12%, signal=29%	
RESPONSE TO COLD%GOBP%GO:0009409	RESPONSE TO COLD%GOBP%GO:0009409		15	0.4233699	1.1099607	0.30324543	0.5635293	1.0	3847	tags=60%, list=28%, signal=84%	
REGULATION OF INTRACELLULAR PROTEIN TRANSPORT%GOBP%GO:0033157	REGULATION OF INTRACELLULAR PROTEIN TRANSPORT%GOBP%GO:0033157		107	0.2814883	1.109935	0.23206751	0.5632103	1.0	2689	tags=28%, list=20%, signal=35%	
HISTONE MRNA CATABOLIC PROCESS%GOBP%GO:0071044	HISTONE MRNA CATABOLIC PROCESS%GOBP%GO:0071044		20	0.38822237	1.1096652	0.29724208	0.5635103	1.0	2926	tags=35%, list=22%, signal=45%	
REGULATION OF SYNAPTIC TRANSMISSION, GLUTAMATERGIC%GOBP%GO:0051966	REGULATION OF SYNAPTIC TRANSMISSION, GLUTAMATERGIC%GOBP%GO:0051966		26	0.37081414	1.1093277	0.29622063	0.5639959	1.0	4064	tags=50%, list=30%, signal=71%	
INTRACELLULAR SODIUM ION HOMEOSTASIS%GOBP%GO:0006883	INTRACELLULAR SODIUM ION HOMEOSTASIS%GOBP%GO:0006883		16	0.41108572	1.1092528	0.32846716	0.5638046	1.0	1983	tags=25%, list=15%, signal=29%	
PAUSING AND RECOVERY OF TAT-MEDIATED HIV ELONGATION%REACTOME DATABASE ID RELEASE 95%167238	PAUSING AND RECOVERY OF TAT-MEDIATED HIV ELONGATION%REACTOME DATABASE ID RELEASE 95%167238		27	0.363822	1.1081901	0.2994924	0.5661809	1.0	1894	tags=26%, list=14%, signal=30%	
IL17 SIGNALING%WIKIPATHWAYS_20260211%WP2112%HOMO SAPIENS	IL17 SIGNALING%WIKIPATHWAYS_20260211%WP2112%HOMO SAPIENS		24	0.36867532	1.1080307	0.29735234	0.5662025	1.0	2769	tags=42%, list=20%, signal=52%	
PLASMA MEMBRANE ORGANIZATION%GOBP%GO:0007009	PLASMA MEMBRANE ORGANIZATION%GOBP%GO:0007009		76	0.296353	1.1072223	0.25349087	0.5679274	1.0	2005	tags=28%, list=15%, signal=32%	
MAP KINASE ACTIVATION%REACTOME%R-HSA-450294.5	MAP KINASE ACTIVATION%REACTOME%R-HSA-450294.5		61	0.30861923	1.1069183	0.26854753	0.5683604	1.0	3275	tags=34%, list=24%, signal=45%	
VIRAL BUDDING VIA HOST ESCRT COMPLEX%GOBP%GO:0039702	VIRAL BUDDING VIA HOST ESCRT COMPLEX%GOBP%GO:0039702		21	0.3879601	1.1067944	0.3041709	0.5682902	1.0	3298	tags=57%, list=24%, signal=75%	
PROTEIN-LIPID COMPLEX ASSEMBLY%GOBP%GO:0065005	PROTEIN-LIPID COMPLEX ASSEMBLY%GOBP%GO:0065005		16	0.41292164	1.1066154	0.32258064	0.56836575	1.0	2385	tags=31%, list=18%, signal=38%	
FATTY-ACYL-COA METABOLIC PROCESS%GOBP%GO:0035337	FATTY-ACYL-COA METABOLIC PROCESS%GOBP%GO:0035337		40	0.33596635	1.1066016	0.28172043	0.5680218	1.0	1649	tags=20%, list=12%, signal=23%	
BLOOD VESSEL DIAMETER MAINTENANCE%GOBP%GO:0097746	BLOOD VESSEL DIAMETER MAINTENANCE%GOBP%GO:0097746		53	0.3146637	1.106511	0.27765957	0.56787944	1.0	845	tags=15%, list=6%, signal=16%	
REGULATION OF TUBE SIZE%GOBP%GO:0035150	REGULATION OF TUBE SIZE%GOBP%GO:0035150		53	0.3146637	1.1064553	0.27899686	0.56762725	1.0	845	tags=15%, list=6%, signal=16%	
POSITIVE REGULATION OF TRANSCRIPTION INITIATION BY RNA POLYMERASE II%GOBP%GO:0060261	POSITIVE REGULATION OF TRANSCRIPTION INITIATION BY RNA POLYMERASE II%GOBP%GO:0060261		55	0.31348583	1.1064352	0.2713348	0.5673096	1.0	3489	tags=36%, list=26%, signal=49%	
REGULATION OF DNA-TEMPLATED TRANSCRIPTION ELONGATION%GOBP%GO:0032784	REGULATION OF DNA-TEMPLATED TRANSCRIPTION ELONGATION%GOBP%GO:0032784		94	0.2868123	1.1061589	0.24840085	0.5676751	1.0	3464	tags=34%, list=26%, signal=45%	
HEMATOPOIETIC OR LYMPHOID ORGAN DEVELOPMENT%GOBP%GO:0048534	HEMATOPOIETIC OR LYMPHOID ORGAN DEVELOPMENT%GOBP%GO:0048534		20	0.3981271	1.1056051	0.306962	0.5687476	1.0	864	tags=25%, list=6%, signal=27%	
PYRIMIDINE NUCLEOTIDE CATABOLIC PROCESS%GOBP%GO:0006244	PYRIMIDINE NUCLEOTIDE CATABOLIC PROCESS%GOBP%GO:0006244		18	0.40069556	1.1055373	0.3170478	0.5685524	1.0	1485	tags=22%, list=11%, signal=25%	
INFLAMMATORY RESPONSE%GOBP%GO:0006954	INFLAMMATORY RESPONSE%GOBP%GO:0006954		171	0.2621912	1.1054384	0.21762209	0.56841856	1.0	2160	tags=19%, list=16%, signal=23%	
ADHERENS JUNCTIONS INTERACTIONS%REACTOME DATABASE ID RELEASE 95%418990	ADHERENS JUNCTIONS INTERACTIONS%REACTOME DATABASE ID RELEASE 95%418990		143	0.26558518	1.1049844	0.21523179	0.5692805	1.0	1404	tags=17%, list=10%, signal=19%	
PID_TGFBR_PATHWAY%MSIGDB_C2%PID_TGFBR_PATHWAY	PID_TGFBR_PATHWAY%MSIGDB_C2%PID_TGFBR_PATHWAY		34	0.34185702	1.1049123	0.30240175	0.5691008	1.0	3389	tags=38%, list=25%, signal=51%	
PID_MTOR_4PATHWAY%MSIGDB_C2%PID_MTOR_4PATHWAY	PID_MTOR_4PATHWAY%MSIGDB_C2%PID_MTOR_4PATHWAY		53	0.31233028	1.1041926	0.28585756	0.5706166	1.0	2569	tags=25%, list=19%, signal=30%	
REGULATION OF TUBE DIAMETER%GOBP%GO:0035296	REGULATION OF TUBE DIAMETER%GOBP%GO:0035296		53	0.3146637	1.1040004	0.26545087	0.5707367	1.0	845	tags=15%, list=6%, signal=16%	
RRNA MODIFICATION%GOBP%GO:0000154	RRNA MODIFICATION%GOBP%GO:0000154		31	0.35041755	1.1036949	0.29141104	0.57113767	1.0	2762	tags=32%, list=20%, signal=40%	
CELLULAR DEFENSE RESPONSE%GOBP%GO:0006968	CELLULAR DEFENSE RESPONSE%GOBP%GO:0006968		20	0.3933847	1.1033481	0.31847134	0.57165194	1.0	4021	tags=50%, list=30%, signal=71%	
PROTEIN BRANCHED POLYUBIQUITINATION%GOBP%GO:0141198	PROTEIN BRANCHED POLYUBIQUITINATION%GOBP%GO:0141198		19	0.39799577	1.1024833	0.3197065	0.5735721	1.0	3283	tags=37%, list=24%, signal=49%	
NEGATIVE REGULATION OF GROWTH%GOBP%GO:0045926	NEGATIVE REGULATION OF GROWTH%GOBP%GO:0045926		110	0.27612412	1.1016927	0.2410148	0.5752756	1.0	3033	tags=31%, list=22%, signal=40%	
GLYCOLYSIS AND GLUCONEOGENESIS%WIKIPATHWAYS_20260211%WP534%HOMO SAPIENS	GLYCOLYSIS AND GLUCONEOGENESIS%WIKIPATHWAYS_20260211%WP534%HOMO SAPIENS		22	0.3842364	1.1007495	0.31314167	0.57736033	1.0	3614	tags=41%, list=27%, signal=56%	
SPHINGOLIPID METABOLISM IN SENESCENCE%WIKIPATHWAYS_20260211%WP5121%HOMO SAPIENS	SPHINGOLIPID METABOLISM IN SENESCENCE%WIKIPATHWAYS_20260211%WP5121%HOMO SAPIENS		20	0.39106852	1.1001852	0.317757	0.5784678	1.0	1368	tags=30%, list=10%, signal=33%	
SIGNALING EVENTS MEDIATED BY PRL%PATHWAY INTERACTION DATABASE NCI-NATURE CURATED DATA%SIGNALING EVENTS MEDIATED BY PRL	SIGNALING EVENTS MEDIATED BY PRL%PATHWAY INTERACTION DATABASE NCI-NATURE CURATED DATA%SIGNALING EVENTS MEDIATED BY PRL		23	0.37497842	1.0998404	0.31617647	0.5789965	1.0	2167	tags=35%, list=16%, signal=41%	
DETECTION OF CHEMICAL STIMULUS%GOBP%GO:0009593	DETECTION OF CHEMICAL STIMULUS%GOBP%GO:0009593		27	0.35898584	1.0989666	0.30825496	0.5808905	1.0	2972	tags=37%, list=22%, signal=47%	
VIRION ASSEMBLY%GOBP%GO:0019068	VIRION ASSEMBLY%GOBP%GO:0019068		34	0.3478821	1.098924	0.29959515	0.58061564	1.0	3298	tags=47%, list=24%, signal=62%	
MONOAMINE TRANSPORT AND REGULATION%WIKIPATHWAYS_20260211%WP727%HOMO SAPIENS	MONOAMINE TRANSPORT AND REGULATION%WIKIPATHWAYS_20260211%WP727%HOMO SAPIENS		16	0.40993124	1.0982385	0.32218844	0.5820792	1.0	2333	tags=25%, list=17%, signal=30%	
REGULATION OF CIRCADIAN RHYTHM%GOBP%GO:0042752	REGULATION OF CIRCADIAN RHYTHM%GOBP%GO:0042752		81	0.2874689	1.0979927	0.25823045	0.58234507	1.0	2224	tags=26%, list=16%, signal=31%	
HALLMARK_MYOGENESIS%MSIGDBHALLMARK%HALLMARK_MYOGENESIS	HALLMARK_MYOGENESIS%MSIGDBHALLMARK%HALLMARK_MYOGENESIS		143	0.26680133	1.0975076	0.22873563	0.58321536	1.0	4081	tags=40%, list=30%, signal=57%	
PYRIMIDINE-CONTAINING COMPOUND CATABOLIC PROCESS%GOBP%GO:0072529	PYRIMIDINE-CONTAINING COMPOUND CATABOLIC PROCESS%GOBP%GO:0072529		20	0.39305055	1.097458	0.32655138	0.58296293	1.0	1485	tags=20%, list=11%, signal=22%	
INTRACELLULAR SIGNALLING THROUGH ADENOSINE RECEPTOR A2A AND ADENOSINE%SMPDB%SMP0000320	INTRACELLULAR SIGNALLING THROUGH ADENOSINE RECEPTOR A2A AND ADENOSINE%SMPDB%SMP0000320		35	0.34404907	1.0974579	0.30575916	0.5825808	1.0	803	tags=14%, list=6%, signal=15%	
REGULATION OF HEART CONTRACTION%GOBP%GO:0008016	REGULATION OF HEART CONTRACTION%GOBP%GO:0008016		115	0.273756	1.0970521	0.22993493	0.58327794	1.0	2810	tags=30%, list=21%, signal=38%	
CELLULAR RESPONSE TO PEPTIDE HORMONE STIMULUS%GOBP%GO:0071375	CELLULAR RESPONSE TO PEPTIDE HORMONE STIMULUS%GOBP%GO:0071375		128	0.27012885	1.0969954	0.23460722	0.5830582	1.0	2669	tags=27%, list=20%, signal=33%	
FORMATION OF FIBRIN CLOT (CLOTTING CASCADE)%REACTOME DATABASE ID RELEASE 95%140877	FORMATION OF FIBRIN CLOT (CLOTTING CASCADE)%REACTOME DATABASE ID RELEASE 95%140877		16	0.4129683	1.0965979	0.33366936	0.5837642	1.0	1191	tags=25%, list=9%, signal=27%	
PHOSPHATIDYLGLYCEROL METABOLIC PROCESS%GOBP%GO:0046471	PHOSPHATIDYLGLYCEROL METABOLIC PROCESS%GOBP%GO:0046471		17	0.41038957	1.0964414	0.31301653	0.5837962	1.0	1074	tags=18%, list=8%, signal=19%	
AMYLOID-BETA CLEARANCE%GOBP%GO:0097242	AMYLOID-BETA CLEARANCE%GOBP%GO:0097242		19	0.39543277	1.0961064	0.330366	0.5843143	1.0	2181	tags=32%, list=16%, signal=38%	
REGULATION OF ATP METABOLIC PROCESS%GOBP%GO:1903578	REGULATION OF ATP METABOLIC PROCESS%GOBP%GO:1903578		43	0.3260081	1.0961015	0.2834008	0.58394206	1.0	2532	tags=28%, list=19%, signal=34%	
REGULATION OF TRANSLATION IN RESPONSE TO STRESS%GOBP%GO:0043555	REGULATION OF TRANSLATION IN RESPONSE TO STRESS%GOBP%GO:0043555		16	0.41288716	1.09581	0.35323888	0.5843431	1.0	2923	tags=38%, list=22%, signal=48%	
MULTI-ORGANISM REPRODUCTIVE PROCESS%GOBP%GO:0044703	MULTI-ORGANISM REPRODUCTIVE PROCESS%GOBP%GO:0044703		39	0.3301468	1.0954087	0.3172775	0.5850342	1.0	1266	tags=15%, list=9%, signal=17%	
MULTIVESICULAR BODY SORTING PATHWAY%GOBP%GO:0071985	MULTIVESICULAR BODY SORTING PATHWAY%GOBP%GO:0071985		44	0.3249781	1.0951982	0.30125523	0.5852244	1.0	3298	tags=48%, list=24%, signal=63%	
BRANCHED-CHAIN AMINO ACID CATABOLISM%REACTOME DATABASE ID RELEASE 95%70895	BRANCHED-CHAIN AMINO ACID CATABOLISM%REACTOME DATABASE ID RELEASE 95%70895		21	0.38381666	1.0950786	0.30010384	0.585178	1.0	3153	tags=43%, list=23%, signal=56%	
REGULATION OF ALPHA-BETA T CELL ACTIVATION%GOBP%GO:0046634	REGULATION OF ALPHA-BETA T CELL ACTIVATION%GOBP%GO:0046634		53	0.31147212	1.0947847	0.29657388	0.5855791	1.0	416	tags=11%, list=3%, signal=12%	
NEGATIVE REGULATION OF HYDROLASE ACTIVITY%GOBP%GO:0051346	NEGATIVE REGULATION OF HYDROLASE ACTIVITY%GOBP%GO:0051346		21	0.38035396	1.0944948	0.34201956	0.5859745	1.0	1232	tags=29%, list=9%, signal=31%	
NEGATIVE REGULATION OF LEUKOCYTE MIGRATION%GOBP%GO:0002686	NEGATIVE REGULATION OF LEUKOCYTE MIGRATION%GOBP%GO:0002686		15	0.4225706	1.0935857	0.33937562	0.58802134	1.0	351	tags=13%, list=3%, signal=14%	
ACTIN FILAMENT-BASED MOVEMENT%GOBP%GO:0030048	ACTIN FILAMENT-BASED MOVEMENT%GOBP%GO:0030048		64	0.29843104	1.0934439	0.2964072	0.5880049	1.0	1087	tags=17%, list=8%, signal=19%	
SEMI-LUNAR VALVE DEVELOPMENT%GOBP%GO:1905314	SEMI-LUNAR VALVE DEVELOPMENT%GOBP%GO:1905314		39	0.32999775	1.0933257	0.30587023	0.58795327	1.0	3450	tags=36%, list=26%, signal=48%	
INACTIVATION OF CSF3 (G-CSF) SIGNALING%REACTOME DATABASE ID RELEASE 95%9705462	INACTIVATION OF CSF3 (G-CSF) SIGNALING%REACTOME DATABASE ID RELEASE 95%9705462		19	0.3917835	1.0925617	0.32998997	0.5895806	1.0	3239	tags=58%, list=24%, signal=76%	
THYMIC STROMAL LYMPHOPOIETIN TSLP SIGNALING%WIKIPATHWAYS_20260211%WP2203%HOMO SAPIENS	THYMIC STROMAL LYMPHOPOIETIN TSLP SIGNALING%WIKIPATHWAYS_20260211%WP2203%HOMO SAPIENS		27	0.36166877	1.092504	0.3034557	0.5893569	1.0	2769	tags=37%, list=20%, signal=46%	
REGULATION OF CYTOPLASMIC PATTERN RECOGNITION RECEPTOR SIGNALING PATHWAY%GOBP%GO:0039531	REGULATION OF CYTOPLASMIC PATTERN RECOGNITION RECEPTOR SIGNALING PATHWAY%GOBP%GO:0039531		95	0.2814882	1.0924627	0.26680243	0.58908105	1.0	1857	tags=19%, list=14%, signal=22%	
MTOR SIGNALING PATHWAY%PATHWAY INTERACTION DATABASE NCI-NATURE CURATED DATA%MTOR SIGNALING PATHWAY	MTOR SIGNALING PATHWAY%PATHWAY INTERACTION DATABASE NCI-NATURE CURATED DATA%MTOR SIGNALING PATHWAY		62	0.29937014	1.0921923	0.2725367	0.5894399	1.0	3235	tags=31%, list=24%, signal=40%	
POSITIVE REGULATION OF LIPID LOCALIZATION%GOBP%GO:1905954	POSITIVE REGULATION OF LIPID LOCALIZATION%GOBP%GO:1905954		49	0.31725782	1.0910406	0.29746836	0.5920807	1.0	1678	tags=20%, list=12%, signal=23%	
REGULATION OF MEMBRANE PERMEABILITY%GOBP%GO:0090559	REGULATION OF MEMBRANE PERMEABILITY%GOBP%GO:0090559		46	0.32110623	1.0909427	0.3132653	0.5919359	1.0	1105	tags=17%, list=8%, signal=19%	
EPIGENETIC REGULATION BY WDR5-CONTAINING HISTONE MODIFYING COMPLEXES%REACTOME DATABASE ID RELEASE 95%9917777	EPIGENETIC REGULATION BY WDR5-CONTAINING HISTONE MODIFYING COMPLEXES%REACTOME DATABASE ID RELEASE 95%9917777		94	0.28086275	1.0906909	0.27582535	0.59222746	1.0	2264	tags=24%, list=17%, signal=29%	
APOPTOSIS MODULATION AND SIGNALING%WIKIPATHWAYS_20260211%WP1772%HOMO SAPIENS	APOPTOSIS MODULATION AND SIGNALING%WIKIPATHWAYS_20260211%WP1772%HOMO SAPIENS		62	0.30306023	1.0903563	0.29936975	0.5927429	1.0	1427	tags=19%, list=11%, signal=22%	
GLYCOPROTEIN CATABOLIC PROCESS%GOBP%GO:0006516	GLYCOPROTEIN CATABOLIC PROCESS%GOBP%GO:0006516		31	0.34558898	1.090236	0.32	0.5926757	1.0	717	tags=13%, list=5%, signal=14%	
REGULATION OF LONG-TERM SYNAPTIC POTENTIATION%GOBP%GO:1900271	REGULATION OF LONG-TERM SYNAPTIC POTENTIATION%GOBP%GO:1900271		21	0.3842644	1.0895821	0.34607646	0.5940599	1.0	1452	tags=29%, list=11%, signal=32%	
REGULATION OF CELL SIZE%GOBP%GO:0008361	REGULATION OF CELL SIZE%GOBP%GO:0008361		79	0.28587702	1.0894138	0.2803838	0.5941279	1.0	2315	tags=23%, list=17%, signal=27%	
REGULATION OF IMMUNE RESPONSE TO TUMOR CELL%GOBP%GO:0002837	REGULATION OF IMMUNE RESPONSE TO TUMOR CELL%GOBP%GO:0002837		18	0.3946469	1.089331	0.3204868	0.5939858	1.0	2060	tags=28%, list=15%, signal=33%	
CELLULAR RESPONSE TO BIOTIC STIMULUS%GOBP%GO:0071216	CELLULAR RESPONSE TO BIOTIC STIMULUS%GOBP%GO:0071216		94	0.27922773	1.0893129	0.26511136	0.59364545	1.0	2896	tags=31%, list=21%, signal=39%	
REGULATION OF ALPHA-BETA T CELL DIFFERENTIATION%GOBP%GO:0046637	REGULATION OF ALPHA-BETA T CELL DIFFERENTIATION%GOBP%GO:0046637		35	0.33867586	1.0892518	0.30142567	0.5934248	1.0	416	tags=14%, list=3%, signal=15%	
TOLL LIKE RECEPTOR 4 (TLR4) CASCADE%REACTOME%R-HSA-166016.4	TOLL LIKE RECEPTOR 4 (TLR4) CASCADE%REACTOME%R-HSA-166016.4		120	0.27030316	1.0888606	0.251806	0.5940453	1.0	3275	tags=33%, list=24%, signal=43%	
FC-EPSILON RECEPTOR I SIGNALING IN MAST CELLS%PATHWAY INTERACTION DATABASE NCI-NATURE CURATED DATA%FC-EPSILON RECEPTOR I SIGNALING IN MAST CELLS	FC-EPSILON RECEPTOR I SIGNALING IN MAST CELLS%PATHWAY INTERACTION DATABASE NCI-NATURE CURATED DATA%FC-EPSILON RECEPTOR I SIGNALING IN MAST CELLS		46	0.32014945	1.0885569	0.30645162	0.59448767	1.0	2862	tags=28%, list=21%, signal=36%	
NEGATIVE REGULATION OF CELL GROWTH%GOBP%GO:0030308	NEGATIVE REGULATION OF CELL GROWTH%GOBP%GO:0030308		91	0.2847387	1.0883087	0.27596742	0.59476656	1.0	1829	tags=22%, list=14%, signal=25%	
NEGATIVE REGULATION OF DEFENSE RESPONSE%GOBP%GO:0031348	NEGATIVE REGULATION OF DEFENSE RESPONSE%GOBP%GO:0031348		148	0.26083675	1.0875796	0.2701525	0.59637505	1.0	2223	tags=22%, list=16%, signal=26%	
REGULATION OF INTRINSIC APOPTOTIC SIGNALING PATHWAY IN RESPONSE TO DNA DAMAGE%GOBP%GO:1902229	REGULATION OF INTRINSIC APOPTOTIC SIGNALING PATHWAY IN RESPONSE TO DNA DAMAGE%GOBP%GO:1902229		24	0.37064707	1.0873525	0.3233233	0.59660107	1.0	2889	tags=25%, list=21%, signal=32%	
RNA POLYMERASE I PROMOTER ESCAPE%REACTOME DATABASE ID RELEASE 95%73772	RNA POLYMERASE I PROMOTER ESCAPE%REACTOME DATABASE ID RELEASE 95%73772		27	0.35413462	1.086035	0.32544377	0.5998067	1.0	2719	tags=37%, list=20%, signal=46%	
UPTAKE AND ACTIONS OF BACTERIAL TOXINS%REACTOME%R-HSA-5339562.5	UPTAKE AND ACTIONS OF BACTERIAL TOXINS%REACTOME%R-HSA-5339562.5		22	0.3704645	1.0852381	0.33231083	0.6014921	1.0	2581	tags=27%, list=19%, signal=34%	
RIBOSE PHOSPHATE METABOLIC PROCESS%GOBP%GO:0019693	RIBOSE PHOSPHATE METABOLIC PROCESS%GOBP%GO:0019693		183	0.2522223	1.0851425	0.2361419	0.60136807	1.0	2931	tags=28%, list=22%, signal=35%	
TRANSPORT OF VITAMINS, NUCLEOSIDES, AND RELATED MOLECULES%REACTOME%R-HSA-425397.6	TRANSPORT OF VITAMINS, NUCLEOSIDES, AND RELATED MOLECULES%REACTOME%R-HSA-425397.6		23	0.37082428	1.0850437	0.3296371	0.6012251	1.0	2240	tags=39%, list=17%, signal=47%	
NEGATIVE REGULATION OF INFLAMMATORY RESPONSE%GOBP%GO:0050728	NEGATIVE REGULATION OF INFLAMMATORY RESPONSE%GOBP%GO:0050728		85	0.28331485	1.0846599	0.2922423	0.60187536	1.0	2134	tags=24%, list=16%, signal=28%	
POSITIVE REGULATION OF MRNA METABOLIC PROCESS%GOBP%GO:1903313	POSITIVE REGULATION OF MRNA METABOLIC PROCESS%GOBP%GO:1903313		105	0.27326664	1.0846285	0.29798517	0.6015739	1.0	2878	tags=30%, list=21%, signal=38%	
CARDIAC MUSCLE TISSUE DEVELOPMENT%GOBP%GO:0048738	CARDIAC MUSCLE TISSUE DEVELOPMENT%GOBP%GO:0048738		82	0.28631377	1.084472	0.2747934	0.6015861	1.0	2628	tags=26%, list=19%, signal=32%	
MICROTUBULE-BASED TRANSPORT%GOBP%GO:0099111	MICROTUBULE-BASED TRANSPORT%GOBP%GO:0099111		146	0.2605833	1.0841637	0.25167784	0.60202456	1.0	2868	tags=29%, list=21%, signal=37%	
PROTEIN DESTABILIZATION%GOBP%GO:0031648	PROTEIN DESTABILIZATION%GOBP%GO:0031648		29	0.35216123	1.08277	0.33467337	0.6053212	1.0	2912	tags=31%, list=22%, signal=39%	
SYNAPTIC VESICLE RECYCLING%GOBP%GO:0036465	SYNAPTIC VESICLE RECYCLING%GOBP%GO:0036465		38	0.332037	1.0824857	0.31746033	0.60570776	1.0	3552	tags=47%, list=26%, signal=64%	
CELL-CELL RECOGNITION%GOBP%GO:0009988	CELL-CELL RECOGNITION%GOBP%GO:0009988		17	0.4002432	1.0822166	0.34226805	0.60603887	1.0	2275	tags=35%, list=17%, signal=42%	
INTRACELLULAR SIGNALLING THROUGH ADENOSINE RECEPTOR A2B AND ADENOSINE%SMPDB%SMP0000321	INTRACELLULAR SIGNALLING THROUGH ADENOSINE RECEPTOR A2B AND ADENOSINE%SMPDB%SMP0000321		37	0.3280411	1.0821923	0.32199788	0.60571975	1.0	803	tags=14%, list=6%, signal=14%	
BRANCHED-CHAIN AMINO ACID METABOLIC PROCESS%GOBP%GO:0009081	BRANCHED-CHAIN AMINO ACID METABOLIC PROCESS%GOBP%GO:0009081		23	0.36911392	1.0815585	0.34	0.6070492	1.0	3153	tags=43%, list=23%, signal=57%	
NEGATIVE REGULATION OF RHO PROTEIN SIGNAL TRANSDUCTION%GOBP%GO:0035024	NEGATIVE REGULATION OF RHO PROTEIN SIGNAL TRANSDUCTION%GOBP%GO:0035024		15	0.40767017	1.0810769	0.34631148	0.60793173	1.0	970	tags=20%, list=7%, signal=22%	
T CELL DIFFERENTIATION IN THYMUS%GOBP%GO:0033077	T CELL DIFFERENTIATION IN THYMUS%GOBP%GO:0033077		26	0.36231232	1.0805885	0.33435583	0.60881996	1.0	2998	tags=42%, list=22%, signal=54%	
ACUTE VIRAL MYOCARDITIS%WIKIPATHWAYS_20260211%WP4298%HOMO SAPIENS	ACUTE VIRAL MYOCARDITIS%WIKIPATHWAYS_20260211%WP4298%HOMO SAPIENS		52	0.3084311	1.0802603	0.31410918	0.60930425	1.0	4052	tags=44%, list=30%, signal=63%	
PID_CASPASE_PATHWAY%MSIGDB_C2%PID_CASPASE_PATHWAY	PID_CASPASE_PATHWAY%MSIGDB_C2%PID_CASPASE_PATHWAY		36	0.33098608	1.0793943	0.3311828	0.6112845	1.0	1071	tags=17%, list=8%, signal=18%	
TNFR1-INDUCED NF-KAPPA-B SIGNALING PATHWAY%REACTOME%R-HSA-5357956.5	TNFR1-INDUCED NF-KAPPA-B SIGNALING PATHWAY%REACTOME%R-HSA-5357956.5		26	0.35557786	1.0777333	0.33131924	0.6154321	1.0	1380	tags=19%, list=10%, signal=21%	
FATTY ACID METABOLIC PROCESS%GOBP%GO:0006631	FATTY ACID METABOLIC PROCESS%GOBP%GO:0006631		177	0.25358585	1.0772748	0.26360726	0.616307	1.0	3508	tags=31%, list=26%, signal=41%	
HOST INTERACTIONS OF HIV FACTORS%REACTOME DATABASE ID RELEASE 95%162909	HOST INTERACTIONS OF HIV FACTORS%REACTOME DATABASE ID RELEASE 95%162909		105	0.27159148	1.0763302	0.2805526	0.6184866	1.0	1842	tags=21%, list=14%, signal=24%	
REGULATION OF GLYCOLYTIC PROCESS%GOBP%GO:0006110	REGULATION OF GLYCOLYTIC PROCESS%GOBP%GO:0006110		33	0.33688614	1.0762388	0.34334764	0.6183572	1.0	1423	tags=21%, list=11%, signal=24%	
DENGUE VIRUS MODULATES APOPTOSIS%REACTOME%R-HSA-9920951.1	DENGUE VIRUS MODULATES APOPTOSIS%REACTOME%R-HSA-9920951.1		15	0.4127874	1.0761667	0.3694779	0.61815035	1.0	1663	tags=40%, list=12%, signal=46%	
REGULATION OF INTERFERON-BETA PRODUCTION%GOBP%GO:0032648	REGULATION OF INTERFERON-BETA PRODUCTION%GOBP%GO:0032648		41	0.32132512	1.0760318	0.32055378	0.6181394	1.0	2160	tags=22%, list=16%, signal=26%	
COENZYME A METABOLIC PROCESS%GOBP%GO:0015936	COENZYME A METABOLIC PROCESS%GOBP%GO:0015936		15	0.40995017	1.0759261	0.36105478	0.6180323	1.0	1584	tags=27%, list=12%, signal=30%	
POSITIVE REGULATION OF CHOLESTEROL METABOLIC PROCESS%GOBP%GO:0090205	POSITIVE REGULATION OF CHOLESTEROL METABOLIC PROCESS%GOBP%GO:0090205		15	0.40998796	1.0758678	0.37125748	0.6177925	1.0	1622	tags=33%, list=12%, signal=38%	
PID_P38_MKK3_6PATHWAY%MSIGDB_C2%PID_P38_MKK3_6PATHWAY	PID_P38_MKK3_6PATHWAY%MSIGDB_C2%PID_P38_MKK3_6PATHWAY		20	0.38148803	1.0754247	0.34558824	0.6186124	1.0	2050	tags=25%, list=15%, signal=29%	
REGULATION OF KINASE ACTIVITY%GOBP%GO:0043549	REGULATION OF KINASE ACTIVITY%GOBP%GO:0043549		192	0.2508617	1.0754046	0.24181627	0.6182703	1.0	2473	tags=23%, list=18%, signal=28%	
EARLY ENDOSOME TO LATE ENDOSOME TRANSPORT%GOBP%GO:0045022	EARLY ENDOSOME TO LATE ENDOSOME TRANSPORT%GOBP%GO:0045022		22	0.37244347	1.0737883	0.35	0.6222471	1.0	2555	tags=45%, list=19%, signal=56%	
MONOATOMIC ANION TRANSPORT%GOBP%GO:0006820	MONOATOMIC ANION TRANSPORT%GOBP%GO:0006820		54	0.30834258	1.0737797	0.3220697	0.6218767	1.0	2240	tags=30%, list=17%, signal=35%	
CELLULAR RESPONSE TO CARBOHYDRATE STIMULUS%GOBP%GO:0071322	CELLULAR RESPONSE TO CARBOHYDRATE STIMULUS%GOBP%GO:0071322		33	0.33429366	1.073563	0.32883817	0.62207687	1.0	298	tags=12%, list=2%, signal=12%	
SIGNALING BY FGFR4%REACTOME DATABASE ID RELEASE 95%5654743	SIGNALING BY FGFR4%REACTOME DATABASE ID RELEASE 95%5654743		29	0.3470974	1.0734723	0.35721597	0.62193984	1.0	3275	tags=38%, list=24%, signal=50%	
POSITIVE REGULATION OF KINASE ACTIVITY%GOBP%GO:0033674	POSITIVE REGULATION OF KINASE ACTIVITY%GOBP%GO:0033674		91	0.27823004	1.0731472	0.29837838	0.6224532	1.0	2860	tags=26%, list=21%, signal=33%	
POSITIVE REGULATION OF CELL-CELL ADHESION%GOBP%GO:0022409	POSITIVE REGULATION OF CELL-CELL ADHESION%GOBP%GO:0022409		167	0.25374496	1.0729306	0.26744187	0.6226462	1.0	2817	tags=24%, list=21%, signal=30%	
REGULATION OF NUCLEOTIDE CATABOLIC PROCESS%GOBP%GO:0030811	REGULATION OF NUCLEOTIDE CATABOLIC PROCESS%GOBP%GO:0030811		33	0.33688614	1.0723938	0.32258064	0.62372154	1.0	1423	tags=21%, list=11%, signal=24%	
REGULATION OF T-HELPER CELL DIFFERENTIATION%GOBP%GO:0045622	REGULATION OF T-HELPER CELL DIFFERENTIATION%GOBP%GO:0045622		22	0.37583646	1.0723784	0.35991606	0.62336886	1.0	285	tags=14%, list=2%, signal=14%	
IMMUNE RESPONSE-REGULATING SIGNALING PATHWAY%GOBP%GO:0002764	IMMUNE RESPONSE-REGULATING SIGNALING PATHWAY%GOBP%GO:0002764		183	0.25161165	1.0723015	0.27902022	0.62318534	1.0	2896	tags=23%, list=21%, signal=29%	
POSITIVE REGULATION OF CALCIUM-MEDIATED SIGNALING%GOBP%GO:0050850	POSITIVE REGULATION OF CALCIUM-MEDIATED SIGNALING%GOBP%GO:0050850		27	0.35002136	1.0720866	0.33061224	0.6233899	1.0	2277	tags=26%, list=17%, signal=31%	
NUCLEOBASE-CONTAINING COMPOUND TRANSPORT%GOBP%GO:0015931	NUCLEOBASE-CONTAINING COMPOUND TRANSPORT%GOBP%GO:0015931		141	0.25926378	1.0720795	0.2748663	0.62301433	1.0	1483	tags=18%, list=11%, signal=20%	
UROTENSIN II MEDIATED SIGNALING%WIKIPATHWAYS_20260211%WP5158%HOMO SAPIENS	UROTENSIN II MEDIATED SIGNALING%WIKIPATHWAYS_20260211%WP5158%HOMO SAPIENS		46	0.3156573	1.0716971	0.32873806	0.6236599	1.0	1046	tags=17%, list=8%, signal=19%	
THYMIC T CELL SELECTION%GOBP%GO:0045061	THYMIC T CELL SELECTION%GOBP%GO:0045061		17	0.3969744	1.0714617	0.34650457	0.623897	1.0	3355	tags=47%, list=25%, signal=63%	
VITAMIN A AND CAROTENOID METABOLISM%WIKIPATHWAYS_20260211%WP716%HOMO SAPIENS	VITAMIN A AND CAROTENOID METABOLISM%WIKIPATHWAYS_20260211%WP716%HOMO SAPIENS		21	0.37110093	1.0713265	0.34643227	0.62387615	1.0	803	tags=19%, list=6%, signal=20%	
PID_PI3KCI_PATHWAY%MSIGDB_C2%PID_PI3KCI_PATHWAY	PID_PI3KCI_PATHWAY%MSIGDB_C2%PID_PI3KCI_PATHWAY		29	0.34654865	1.0703402	0.33471075	0.626238	1.0	2277	tags=17%, list=17%, signal=21%	
PROSTAGLANDIN AND LEUKOTRIENE METABOLISM IN SENESCENCE %WIKIPATHWAYS_20260211%WP5122%HOMO SAPIENS	PROSTAGLANDIN AND LEUKOTRIENE METABOLISM IN SENESCENCE %WIKIPATHWAYS_20260211%WP5122%HOMO SAPIENS		17	0.39512932	1.0701777	0.35714287	0.6262752	1.0	2394	tags=35%, list=18%, signal=43%	
TGF-BETA RECEPTOR SIGNALING ACTIVATES SMADS%REACTOME%R-HSA-2173789.6	TGF-BETA RECEPTOR SIGNALING ACTIVATES SMADS%REACTOME%R-HSA-2173789.6		42	0.31846112	1.0690528	0.33739838	0.62895346	1.0	2441	tags=31%, list=18%, signal=38%	
CELLULAR RESPONSE TO HEAT STRESS%REACTOME DATABASE ID RELEASE 95%3371556	CELLULAR RESPONSE TO HEAT STRESS%REACTOME DATABASE ID RELEASE 95%3371556		81	0.28132394	1.0685194	0.32916668	0.6299951	1.0	2649	tags=27%, list=20%, signal=34%	
CELLULAR RESPONSE TO XENOBIOTIC STIMULUS%GOBP%GO:0071466	CELLULAR RESPONSE TO XENOBIOTIC STIMULUS%GOBP%GO:0071466		81	0.2817766	1.0677919	0.31016597	0.6316464	1.0	2448	tags=22%, list=18%, signal=27%	
POTASSIUM ION HOMEOSTASIS%GOBP%GO:0055075	POTASSIUM ION HOMEOSTASIS%GOBP%GO:0055075		20	0.38189724	1.0677916	0.3426724	0.6312525	1.0	1983	tags=20%, list=15%, signal=23%	
RENAL WATER HOMEOSTASIS%GOBP%GO:0003091	RENAL WATER HOMEOSTASIS%GOBP%GO:0003091		20	0.3817446	1.0676324	0.3551308	0.63130474	1.0	1787	tags=30%, list=13%, signal=35%	
NEGATIVE REGULATION OF FGFR4 SIGNALING%REACTOME%R-HSA-5654733.3	NEGATIVE REGULATION OF FGFR4 SIGNALING%REACTOME%R-HSA-5654733.3		21	0.37174016	1.0672989	0.34504133	0.63182163	1.0	3275	tags=43%, list=24%, signal=56%	
NEGATIVE REGULATION OF HEMOSTASIS%GOBP%GO:1900047	NEGATIVE REGULATION OF HEMOSTASIS%GOBP%GO:1900047		22	0.36883542	1.066888	0.3563715	0.63257015	1.0	303	tags=9%, list=2%, signal=9%	
AXON ENSHEATHMENT%GOBP%GO:0008366	AXON ENSHEATHMENT%GOBP%GO:0008366		46	0.3093831	1.0668576	0.33789062	0.6322649	1.0	1041	tags=17%, list=8%, signal=19%	
PROTEIN INSERTION INTO MITOCHONDRIAL MEMBRANE%GOBP%GO:0051204	PROTEIN INSERTION INTO MITOCHONDRIAL MEMBRANE%GOBP%GO:0051204		28	0.34513247	1.0664653	0.33968255	0.6329805	1.0	3247	tags=39%, list=24%, signal=52%	
MUSCLE CELL DEVELOPMENT%GOBP%GO:0055001	MUSCLE CELL DEVELOPMENT%GOBP%GO:0055001		93	0.27461922	1.0664214	0.31657755	0.6326994	1.0	4127	tags=41%, list=31%, signal=58%	
NEGATIVE REGULATION OF BLOOD COAGULATION%GOBP%GO:0030195	NEGATIVE REGULATION OF BLOOD COAGULATION%GOBP%GO:0030195		22	0.36883542	1.0663551	0.3546748	0.6324938	1.0	303	tags=9%, list=2%, signal=9%	
REGULATION OF LIPID LOCALIZATION%GOBP%GO:1905952	REGULATION OF LIPID LOCALIZATION%GOBP%GO:1905952		77	0.28190416	1.066217	0.3085896	0.6324871	1.0	1678	tags=18%, list=12%, signal=21%	
BIOCARTA_ALK_PATHWAY%MSIGDB_C2%BIOCARTA_ALK_PATHWAY	BIOCARTA_ALK_PATHWAY%MSIGDB_C2%BIOCARTA_ALK_PATHWAY		26	0.35371462	1.0657192	0.35550934	0.6334152	1.0	1870	tags=27%, list=14%, signal=31%	
REGULATION OF PURINE NUCLEOTIDE CATABOLIC PROCESS%GOBP%GO:0033121	REGULATION OF PURINE NUCLEOTIDE CATABOLIC PROCESS%GOBP%GO:0033121		33	0.33688614	1.0654304	0.3568507	0.6338036	1.0	1423	tags=21%, list=11%, signal=24%	
TRANSCRIPTION PREINITIATION COMPLEX ASSEMBLY%GOBP%GO:0070897	TRANSCRIPTION PREINITIATION COMPLEX ASSEMBLY%GOBP%GO:0070897		50	0.30824077	1.0652248	0.33767536	0.63397	1.0	3489	tags=40%, list=26%, signal=54%	
LIPID HOMEOSTASIS%GOBP%GO:0055088	LIPID HOMEOSTASIS%GOBP%GO:0055088		95	0.2733433	1.0651035	0.32	0.63389605	1.0	2072	tags=22%, list=15%, signal=26%	
TRNA PROCESSING%GOBP%GO:0008033	TRNA PROCESSING%GOBP%GO:0008033		110	0.2671568	1.0647064	0.32055378	0.6345915	1.0	1620	tags=18%, list=12%, signal=20%	
NEUROINFLAMMATION AND GLUTAMATERGIC SIGNALING%WIKIPATHWAYS_20260211%WP5083%HOMO SAPIENS	NEUROINFLAMMATION AND GLUTAMATERGIC SIGNALING%WIKIPATHWAYS_20260211%WP5083%HOMO SAPIENS		74	0.2827814	1.0644985	0.3226804	0.6347515	1.0	1673	tags=19%, list=12%, signal=21%	
PDGFR-BETA SIGNALING PATHWAY%PATHWAY INTERACTION DATABASE NCI-NATURE CURATED DATA%PDGFR-BETA SIGNALING PATHWAY	PDGFR-BETA SIGNALING PATHWAY%PATHWAY INTERACTION DATABASE NCI-NATURE CURATED DATA%PDGFR-BETA SIGNALING PATHWAY		109	0.2680116	1.064422	0.32406417	0.63457936	1.0	2503	tags=21%, list=19%, signal=26%	
REGULATION OF HEART GROWTH%GOBP%GO:0060420	REGULATION OF HEART GROWTH%GOBP%GO:0060420		21	0.37716115	1.0643128	0.37827352	0.63451487	1.0	2609	tags=29%, list=19%, signal=35%	
REGULATION OF CD4-POSITIVE, ALPHA-BETA T CELL ACTIVATION%GOBP%GO:2000514	REGULATION OF CD4-POSITIVE, ALPHA-BETA T CELL ACTIVATION%GOBP%GO:2000514		39	0.32291228	1.063224	0.33924845	0.6371125	1.0	416	tags=13%, list=3%, signal=13%	
POSITIVE REGULATION OF LIPID BIOSYNTHETIC PROCESS%GOBP%GO:0046889	POSITIVE REGULATION OF LIPID BIOSYNTHETIC PROCESS%GOBP%GO:0046889		57	0.30037248	1.0630411	0.33085108	0.6372169	1.0	2007	tags=25%, list=15%, signal=29%	
REGULATION OF P38MAPK CASCADE%GOBP%GO:1900744	REGULATION OF P38MAPK CASCADE%GOBP%GO:1900744		27	0.35379934	1.0629647	0.36419126	0.63703376	1.0	1588	tags=26%, list=12%, signal=29%	
REGULATION OF LYMPHOCYTE DIFFERENTIATION%GOBP%GO:0045619	REGULATION OF LYMPHOCYTE DIFFERENTIATION%GOBP%GO:0045619		117	0.2634586	1.0628841	0.30942622	0.63688713	1.0	1374	tags=17%, list=10%, signal=19%	
RNA POLYMERASE III TRANSCRIPTION TERMINATION%REACTOME%R-HSA-73980.5	RNA POLYMERASE III TRANSCRIPTION TERMINATION%REACTOME%R-HSA-73980.5		23	0.3614399	1.0625788	0.360835	0.6373173	1.0	1894	tags=35%, list=14%, signal=40%	
LYSOSOME VESICLE BIOGENESIS%REACTOME DATABASE ID RELEASE 95%432720	LYSOSOME VESICLE BIOGENESIS%REACTOME DATABASE ID RELEASE 95%432720		32	0.33376896	1.0625728	0.36927772	0.6369413	1.0	3562	tags=44%, list=26%, signal=59%	
METABOLISM OF WATER-SOLUBLE VITAMINS AND COFACTORS%REACTOME DATABASE ID RELEASE 95%196849	METABOLISM OF WATER-SOLUBLE VITAMINS AND COFACTORS%REACTOME DATABASE ID RELEASE 95%196849		98	0.27297118	1.0624725	0.3195021	0.63681847	1.0	2761	tags=33%, list=20%, signal=41%	
NEGATIVE REGULATION OF CYTOPLASMIC PATTERN RECOGNITION RECEPTOR SIGNALING PATHWAY%GOBP%GO:0039532	NEGATIVE REGULATION OF CYTOPLASMIC PATTERN RECOGNITION RECEPTOR SIGNALING PATHWAY%GOBP%GO:0039532		47	0.3099074	1.0623063	0.34148937	0.63687867	1.0	1348	tags=17%, list=10%, signal=19%	
TRIGLYCERIDE METABOLIC PROCESS%GOBP%GO:0006641	TRIGLYCERIDE METABOLIC PROCESS%GOBP%GO:0006641		31	0.3376141	1.062058	0.3642578	0.6371738	1.0	2966	tags=35%, list=22%, signal=45%	
CHLORIDE TRANSPORT%GOBP%GO:0006821	CHLORIDE TRANSPORT%GOBP%GO:0006821		43	0.31741664	1.0618135	0.3384933	0.63746	1.0	1424	tags=23%, list=11%, signal=26%	
ERYTHROCYTE HOMEOSTASIS%GOBP%GO:0034101	ERYTHROCYTE HOMEOSTASIS%GOBP%GO:0034101		45	0.31008276	1.0613163	0.34143764	0.6384446	1.0	2112	tags=29%, list=16%, signal=34%	
MONOATOMIC ANION TRANSMEMBRANE TRANSPORT%GOBP%GO:0098656	MONOATOMIC ANION TRANSMEMBRANE TRANSPORT%GOBP%GO:0098656		35	0.32825363	1.061172	0.36113936	0.63846695	1.0	1424	tags=23%, list=11%, signal=25%	
REGULATION OF PROTEIN UBIQUITINATION%GOBP%GO:0031396	REGULATION OF PROTEIN UBIQUITINATION%GOBP%GO:0031396		129	0.25972334	1.0607902	0.29622063	0.63912296	1.0	2476	tags=23%, list=18%, signal=28%	
PID_MYC_PATHWAY%MSIGDB_C2%PID_MYC_PATHWAY	PID_MYC_PATHWAY%MSIGDB_C2%PID_MYC_PATHWAY		21	0.3770868	1.0605421	0.36125126	0.63941646	1.0	3206	tags=43%, list=24%, signal=56%	
U2-TYPE PRESPLICEOSOME ASSEMBLY%GOBP%GO:1903241	U2-TYPE PRESPLICEOSOME ASSEMBLY%GOBP%GO:1903241		25	0.3545801	1.0605308	0.35940593	0.6390507	1.0	2367	tags=24%, list=18%, signal=29%	
NEGATIVE REGULATION OF ALPHA-BETA T CELL DIFFERENTIATION%GOBP%GO:0046639	NEGATIVE REGULATION OF ALPHA-BETA T CELL DIFFERENTIATION%GOBP%GO:0046639		19	0.37589648	1.0599219	0.36418512	0.6403332	1.0	285	tags=21%, list=2%, signal=21%	
CELLULAR PROCESS INVOLVED IN REPRODUCTION IN MULTICELLULAR ORGANISM%GOBP%GO:0022412	CELLULAR PROCESS INVOLVED IN REPRODUCTION IN MULTICELLULAR ORGANISM%GOBP%GO:0022412		128	0.25993726	1.0595933	0.2998955	0.64084995	1.0	2229	tags=19%, list=16%, signal=22%	
B CELL RECEPTOR SIGNALING%WIKIPATHWAYS_20260211%WP23%HOMO SAPIENS	B CELL RECEPTOR SIGNALING%WIKIPATHWAYS_20260211%WP23%HOMO SAPIENS		63	0.29097065	1.0594273	0.35721597	0.64091027	1.0	2376	tags=24%, list=18%, signal=29%	
MULTICELLULAR ORGANISMAL-LEVEL WATER HOMEOSTASIS%GOBP%GO:0050891	MULTICELLULAR ORGANISMAL-LEVEL WATER HOMEOSTASIS%GOBP%GO:0050891		21	0.37359095	1.0591915	0.37997958	0.6411886	1.0	1787	tags=29%, list=13%, signal=33%	
RESPONSE TO DECREASED OXYGEN LEVELS%GOBP%GO:0036293	RESPONSE TO DECREASED OXYGEN LEVELS%GOBP%GO:0036293		115	0.26014295	1.0591359	0.3104213	0.64095277	1.0	2423	tags=24%, list=18%, signal=29%	
CREB1 PHOSPHORYLATION THROUGH NMDA RECEPTOR-MEDIATED ACTIVATION OF RAS SIGNALING%REACTOME%R-HSA-442742.5	CREB1 PHOSPHORYLATION THROUGH NMDA RECEPTOR-MEDIATED ACTIVATION OF RAS SIGNALING%REACTOME%R-HSA-442742.5		22	0.3653653	1.0590254	0.36753926	0.64088386	1.0	973	tags=18%, list=7%, signal=20%	
XENOBIOTIC METABOLIC PROCESS%GOBP%GO:0006805	XENOBIOTIC METABOLIC PROCESS%GOBP%GO:0006805		65	0.2852094	1.058728	0.33058703	0.6413201	1.0	1358	tags=15%, list=10%, signal=17%	
TCR%NETPATH%TCR	TCR%NETPATH%TCR		147	0.2549723	1.0585927	0.29077253	0.64130193	1.0	3383	tags=33%, list=25%, signal=44%	
NEURON CELLULAR HOMEOSTASIS%GOBP%GO:0070050	NEURON CELLULAR HOMEOSTASIS%GOBP%GO:0070050		19	0.37595266	1.0584519	0.37040818	0.6413107	1.0	3301	tags=53%, list=24%, signal=70%	
CELL JUNCTION ORGANIZATION%REACTOME DATABASE ID RELEASE 95%446728	CELL JUNCTION ORGANIZATION%REACTOME DATABASE ID RELEASE 95%446728		179	0.24920848	1.0577948	0.29586425	0.6427367	1.0	1848	tags=18%, list=14%, signal=21%	
REGULATION OF ATP-DEPENDENT ACTIVITY%GOBP%GO:0043462	REGULATION OF ATP-DEPENDENT ACTIVITY%GOBP%GO:0043462		26	0.35630608	1.0575012	0.3593429	0.6431537	1.0	2010	tags=27%, list=15%, signal=32%	
MATURATION OF 5.8S RRNA%GOBP%GO:0000460	MATURATION OF 5.8S RRNA%GOBP%GO:0000460		37	0.3257215	1.0572115	0.34953463	0.6435727	1.0	3646	tags=41%, list=27%, signal=55%	
BLOOD CIRCULATION%GOBP%GO:0008015	BLOOD CIRCULATION%GOBP%GO:0008015		166	0.2501853	1.0567877	0.29936975	0.6443716	1.0	2567	tags=23%, list=19%, signal=29%	
CELLULAR RESPONSE TO TUMOR NECROSIS FACTOR%GOBP%GO:0071356	CELLULAR RESPONSE TO TUMOR NECROSIS FACTOR%GOBP%GO:0071356		73	0.28240123	1.0563426	0.34408602	0.6452115	1.0	2316	tags=22%, list=17%, signal=26%	
GLYCEROPHOSPHOLIPID BIOSYNTHETIC PATHWAY%WIKIPATHWAYS_20260211%WP2533%HOMO SAPIENS	GLYCEROPHOSPHOLIPID BIOSYNTHETIC PATHWAY%WIKIPATHWAYS_20260211%WP2533%HOMO SAPIENS		23	0.36038798	1.0561683	0.3641189	0.64530665	1.0	1658	tags=22%, list=12%, signal=25%	
NEGATIVE REGULATION OF LEUKOCYTE PROLIFERATION%GOBP%GO:0070664	NEGATIVE REGULATION OF LEUKOCYTE PROLIFERATION%GOBP%GO:0070664		28	0.3437448	1.0557544	0.36600626	0.6460596	1.0	2112	tags=25%, list=16%, signal=30%	
AMINO ACID TRANSPORT ACROSS THE PLASMA MEMBRANE%REACTOME%R-HSA-352230.6	AMINO ACID TRANSPORT ACROSS THE PLASMA MEMBRANE%REACTOME%R-HSA-352230.6		23	0.3622709	1.055333	0.38587514	0.6468385	1.0	1880	tags=22%, list=14%, signal=25%	
CARDIAC CHAMBER MORPHOGENESIS%GOBP%GO:0003206	CARDIAC CHAMBER MORPHOGENESIS%GOBP%GO:0003206		58	0.29724178	1.0553137	0.34658512	0.6465026	1.0	2628	tags=28%, list=19%, signal=34%	
EGFR TYROSINE KINASE INHIBITOR RESISTANCE%WIKIPATHWAYS_20260211%WP4806%HOMO SAPIENS	EGFR TYROSINE KINASE INHIBITOR RESISTANCE%WIKIPATHWAYS_20260211%WP4806%HOMO SAPIENS		65	0.28890014	1.0547911	0.32815734	0.6475427	1.0	2542	tags=31%, list=19%, signal=38%	
ONCOGENIC MAPK SIGNALING%REACTOME%R-HSA-6802957.9	ONCOGENIC MAPK SIGNALING%REACTOME%R-HSA-6802957.9		71	0.28399	1.0547833	0.3394794	0.647173	1.0	3370	tags=35%, list=25%, signal=47%	
PID_PDGFRB_PATHWAY%MSIGDB_C2%PID_PDGFRB_PATHWAY	PID_PDGFRB_PATHWAY%MSIGDB_C2%PID_PDGFRB_PATHWAY		85	0.2758609	1.0542157	0.33987603	0.64839727	1.0	2503	tags=22%, list=19%, signal=27%	
REGULATION OF CARDIAC MUSCLE CONTRACTION%GOBP%GO:0055117	REGULATION OF CARDIAC MUSCLE CONTRACTION%GOBP%GO:0055117		50	0.30011037	1.0541507	0.34196892	0.6481944	1.0	2916	tags=34%, list=22%, signal=43%	
SMALL CELL LUNG CANCER%WIKIPATHWAYS_20260211%WP4658%HOMO SAPIENS	SMALL CELL LUNG CANCER%WIKIPATHWAYS_20260211%WP4658%HOMO SAPIENS		75	0.2822638	1.0535424	0.3525641	0.64949167	1.0	2134	tags=21%, list=16%, signal=25%	
MONONUCLEAR CELL MIGRATION%GOBP%GO:0071674	MONONUCLEAR CELL MIGRATION%GOBP%GO:0071674		39	0.3165916	1.0532613	0.35630965	0.6498865	1.0	4268	tags=36%, list=32%, signal=52%	
NEURON PROJECTION ORGANIZATION%GOBP%GO:0106027	NEURON PROJECTION ORGANIZATION%GOBP%GO:0106027		29	0.3430497	1.0532306	0.36447638	0.6495844	1.0	2771	tags=34%, list=21%, signal=43%	
NEGATIVE REGULATION OF ERK1 AND ERK2 CASCADE%GOBP%GO:0070373	NEGATIVE REGULATION OF ERK1 AND ERK2 CASCADE%GOBP%GO:0070373		41	0.31517357	1.0524783	0.36016098	0.65129846	1.0	3082	tags=39%, list=23%, signal=50%	
NEGATIVE REGULATION OF TRANSLATION%GOBP%GO:0017148	NEGATIVE REGULATION OF TRANSLATION%GOBP%GO:0017148		93	0.27197278	1.052473	0.33191034	0.6509244	1.0	1792	tags=23%, list=13%, signal=26%	
HOMEOSTASIS OF NUMBER OF CELLS%GOBP%GO:0048872	HOMEOSTASIS OF NUMBER OF CELLS%GOBP%GO:0048872		96	0.26785257	1.0523468	0.34461537	0.6508758	1.0	3467	tags=36%, list=26%, signal=49%	
CONSTITUTIVE SIGNALING BY AKT1 E17K IN CANCER%REACTOME DATABASE ID RELEASE 95%5674400	CONSTITUTIVE SIGNALING BY AKT1 E17K IN CANCER%REACTOME DATABASE ID RELEASE 95%5674400		25	0.35141352	1.0518684	0.36767676	0.6518305	1.0	4052	tags=44%, list=30%, signal=63%	
MYELINATION%GOBP%GO:0042552	MYELINATION%GOBP%GO:0042552		45	0.311135	1.0517429	0.35427395	0.6517738	1.0	1041	tags=18%, list=8%, signal=19%	
LATE PHASE OF HIV LIFE CYCLE%REACTOME%R-HSA-162599.4	LATE PHASE OF HIV LIFE CYCLE%REACTOME%R-HSA-162599.4		126	0.25906873	1.0513015	0.35114503	0.65264356	1.0	3187	tags=36%, list=24%, signal=46%	
NO CGMP PKG MEDIATED NEUROPROTECTION%WIKIPATHWAYS_20260211%WP4008%HOMO SAPIENS	NO CGMP PKG MEDIATED NEUROPROTECTION%WIKIPATHWAYS_20260211%WP4008%HOMO SAPIENS		20	0.37103578	1.0512632	0.38178095	0.65234786	1.0	973	tags=20%, list=7%, signal=22%	
CELLULAR RESPONSE TO INTERLEUKIN-6%GOBP%GO:0071354	CELLULAR RESPONSE TO INTERLEUKIN-6%GOBP%GO:0071354		19	0.37523797	1.0507224	0.36724314	0.6534744	1.0	3269	tags=47%, list=24%, signal=62%	
15Q25 COPY NUMBER VARIATION%WIKIPATHWAYS_20260211%WP5408%HOMO SAPIENS	15Q25 COPY NUMBER VARIATION%WIKIPATHWAYS_20260211%WP5408%HOMO SAPIENS		27	0.34318182	1.0504551	0.36916837	0.65384054	1.0	1758	tags=30%, list=13%, signal=34%	
BIOCARTA_DEATH_PATHWAY%MSIGDB_C2%BIOCARTA_DEATH_PATHWAY	BIOCARTA_DEATH_PATHWAY%MSIGDB_C2%BIOCARTA_DEATH_PATHWAY		22	0.36207956	1.050387	0.39403293	0.6536377	1.0	1071	tags=23%, list=8%, signal=25%	
MYELOID LEUKOCYTE DIFFERENTIATION%GOBP%GO:0002573	MYELOID LEUKOCYTE DIFFERENTIATION%GOBP%GO:0002573		65	0.2844463	1.0502366	0.35965848	0.65365237	1.0	1416	tags=15%, list=10%, signal=17%	
REGULATION OF REACTIVE OXYGEN SPECIES METABOLIC PROCESS%GOBP%GO:2000377	REGULATION OF REACTIVE OXYGEN SPECIES METABOLIC PROCESS%GOBP%GO:2000377		76	0.2796914	1.0500844	0.3476923	0.65368265	1.0	2432	tags=25%, list=18%, signal=30%	
PROTEIN TETRAMERIZATION%GOBP%GO:0051262	PROTEIN TETRAMERIZATION%GOBP%GO:0051262		63	0.28983063	1.0497288	0.35104167	0.6543009	1.0	1743	tags=25%, list=13%, signal=29%	
SIGNALING RECEPTOR LIGAND PRECURSOR PROCESSING%GOBP%GO:0140448	SIGNALING RECEPTOR LIGAND PRECURSOR PROCESSING%GOBP%GO:0140448		20	0.37486356	1.048814	0.38777554	0.6564354	1.0	385	tags=10%, list=3%, signal=10%	
SYNAPTIC VESICLE CYCLE%GOBP%GO:0099504	SYNAPTIC VESICLE CYCLE%GOBP%GO:0099504		75	0.27996773	1.0478711	0.34965035	0.6586594	1.0	2692	tags=31%, list=20%, signal=38%	
NEGATIVE REGULATION OF COLD-INDUCED THERMOGENESIS%GOBP%GO:0120163	NEGATIVE REGULATION OF COLD-INDUCED THERMOGENESIS%GOBP%GO:0120163		39	0.32061377	1.0478034	0.34698054	0.6584614	1.0	3481	tags=31%, list=26%, signal=41%	
INTERLEUKIN-17 SIGNALING%REACTOME DATABASE ID RELEASE 95%448424	INTERLEUKIN-17 SIGNALING%REACTOME DATABASE ID RELEASE 95%448424		65	0.28583398	1.0477009	0.33913043	0.65836257	1.0	3275	tags=32%, list=24%, signal=42%	
ZINC ION TRANSPORT%GOBP%GO:0006829	ZINC ION TRANSPORT%GOBP%GO:0006829		21	0.36238953	1.0476326	0.38033763	0.6581646	1.0	1421	tags=19%, list=11%, signal=21%	
B CELL MEDIATED IMMUNITY%GOBP%GO:0019724	B CELL MEDIATED IMMUNITY%GOBP%GO:0019724		23	0.35632196	1.0476276	0.38476562	0.6577874	1.0	1719	tags=22%, list=13%, signal=25%	
SMALL GTPASE-MEDIATED SIGNAL TRANSDUCTION%GOBP%GO:0007264	SMALL GTPASE-MEDIATED SIGNAL TRANSDUCTION%GOBP%GO:0007264		170	0.2451845	1.0472689	0.3266385	0.6584161	1.0	1368	tags=15%, list=10%, signal=17%	
AMINO SUGAR METABOLIC PROCESS%GOBP%GO:0006040	AMINO SUGAR METABOLIC PROCESS%GOBP%GO:0006040		28	0.33629656	1.046584	0.37487125	0.65994346	1.0	2494	tags=32%, list=18%, signal=39%	
RESPONSE TO INTERLEUKIN-6%GOBP%GO:0070741	RESPONSE TO INTERLEUKIN-6%GOBP%GO:0070741		20	0.37304166	1.0464886	0.39892474	0.659817	1.0	3269	tags=45%, list=24%, signal=59%	
APC C-MEDIATED DEGRADATION OF CELL CYCLE PROTEINS%REACTOME DATABASE ID RELEASE 95%174143	APC C-MEDIATED DEGRADATION OF CELL CYCLE PROTEINS%REACTOME DATABASE ID RELEASE 95%174143		74	0.28062916	1.0464588	0.3625	0.6595094	1.0	3102	tags=38%, list=23%, signal=49%	
NEGATIVE REGULATION OF TRANSLATIONAL INITIATION%GOBP%GO:0045947	NEGATIVE REGULATION OF TRANSLATIONAL INITIATION%GOBP%GO:0045947		24	0.3544235	1.0462673	0.37551442	0.6596527	1.0	4203	tags=42%, list=31%, signal=60%	
NUCLEUS ORGANIZATION%GOBP%GO:0006997	NUCLEUS ORGANIZATION%GOBP%GO:0006997		101	0.26610294	1.04606	0.3449692	0.65984493	1.0	2829	tags=32%, list=21%, signal=40%	
REGULATED NECROSIS%REACTOME DATABASE ID RELEASE 95%5218859	REGULATED NECROSIS%REACTOME DATABASE ID RELEASE 95%5218859		44	0.30751023	1.0455681	0.36221296	0.6607583	1.0	3102	tags=36%, list=23%, signal=47%	
NEGATIVE REGULATION OF ALPHA-BETA T CELL ACTIVATION%GOBP%GO:0046636	NEGATIVE REGULATION OF ALPHA-BETA T CELL ACTIVATION%GOBP%GO:0046636		25	0.3501234	1.0455589	0.36787564	0.6603911	1.0	285	tags=16%, list=2%, signal=16%	
CELL-CELL JUNCTION ORGANIZATION%REACTOME DATABASE ID RELEASE 95%421270	CELL-CELL JUNCTION ORGANIZATION%REACTOME DATABASE ID RELEASE 95%421270		156	0.2507324	1.0448018	0.3361433	0.66216093	1.0	1404	tags=16%, list=10%, signal=18%	
NEGATIVE REGULATION OF MONONUCLEAR CELL PROLIFERATION%GOBP%GO:0032945	NEGATIVE REGULATION OF MONONUCLEAR CELL PROLIFERATION%GOBP%GO:0032945		23	0.3591982	1.0446999	0.38036808	0.66205984	1.0	1988	tags=26%, list=15%, signal=31%	
GONAD DEVELOPMENT%GOBP%GO:0008406	GONAD DEVELOPMENT%GOBP%GO:0008406		50	0.30119252	1.044595	0.36719576	0.66195816	1.0	1994	tags=22%, list=15%, signal=26%	
CILIARY LANDSCAPE%WIKIPATHWAYS_20260211%WP4352%HOMO SAPIENS	CILIARY LANDSCAPE%WIKIPATHWAYS_20260211%WP4352%HOMO SAPIENS		161	0.24704392	1.0445088	0.3432836	0.66181684	1.0	1576	tags=18%, list=12%, signal=20%	
IMMUNOGLOBULIN MEDIATED IMMUNE RESPONSE%GOBP%GO:0016064	IMMUNOGLOBULIN MEDIATED IMMUNE RESPONSE%GOBP%GO:0016064		23	0.35632196	1.0443972	0.37835053	0.66171783	1.0	1719	tags=22%, list=13%, signal=25%	
GERM CELL DEVELOPMENT%GOBP%GO:0007281	GERM CELL DEVELOPMENT%GOBP%GO:0007281		118	0.25950336	1.0440257	0.33404255	0.66236186	1.0	2186	tags=18%, list=16%, signal=21%	
CELLULAR RESPONSE TO OSMOTIC STRESS%GOBP%GO:0071470	CELLULAR RESPONSE TO OSMOTIC STRESS%GOBP%GO:0071470		29	0.33469406	1.0438323	0.3970742	0.66251403	1.0	2109	tags=28%, list=16%, signal=33%	
PID_P75_NTR_PATHWAY%MSIGDB_C2%PID_P75_NTR_PATHWAY	PID_P75_NTR_PATHWAY%MSIGDB_C2%PID_P75_NTR_PATHWAY		45	0.30627954	1.0437536	0.36060607	0.66232663	1.0	2050	tags=22%, list=15%, signal=26%	
REGULATION OF MITOTIC CELL CYCLE%REACTOME DATABASE ID RELEASE 95%453276	REGULATION OF MITOTIC CELL CYCLE%REACTOME DATABASE ID RELEASE 95%453276		74	0.28062916	1.0433315	0.355042	0.6630863	1.0	3102	tags=38%, list=23%, signal=49%	
SIGNALING BY RETINOIC ACID%REACTOME DATABASE ID RELEASE 95%5362517	SIGNALING BY RETINOIC ACID%REACTOME DATABASE ID RELEASE 95%5362517		27	0.3419086	1.0431861	0.37667698	0.66310525	1.0	3648	tags=41%, list=27%, signal=56%	
COLLAGEN CATABOLIC PROCESS%GOBP%GO:0030574	COLLAGEN CATABOLIC PROCESS%GOBP%GO:0030574		17	0.38531774	1.0431193	0.40141556	0.66289085	1.0	305	tags=12%, list=2%, signal=12%	
STEROL HOMEOSTASIS%GOBP%GO:0055092	STEROL HOMEOSTASIS%GOBP%GO:0055092		50	0.29778013	1.0423366	0.36987704	0.6646763	1.0	1852	tags=22%, list=14%, signal=25%	
PIGMENT METABOLIC PROCESS%GOBP%GO:0042440	PIGMENT METABOLIC PROCESS%GOBP%GO:0042440		35	0.32664365	1.0415925	0.38535032	0.6663454	1.0	2262	tags=31%, list=17%, signal=38%	
MYELOID CELL HOMEOSTASIS%GOBP%GO:0002262	MYELOID CELL HOMEOSTASIS%GOBP%GO:0002262		52	0.29687044	1.0403645	0.38	0.6694051	1.0	2112	tags=27%, list=16%, signal=32%	
POSITIVE REGULATION OF TRANSLATION%GOBP%GO:0045727	POSITIVE REGULATION OF TRANSLATION%GOBP%GO:0045727		103	0.26344627	1.0402704	0.35843053	0.6692696	1.0	2923	tags=27%, list=22%, signal=34%	
TRANSCRIPTIONAL ACTIVATION OF MITOCHONDRIAL BIOGENESIS%REACTOME%R-HSA-2151201.4	TRANSCRIPTIONAL ACTIVATION OF MITOCHONDRIAL BIOGENESIS%REACTOME%R-HSA-2151201.4		49	0.30576712	1.0398542	0.3744681	0.67004454	1.0	2057	tags=20%, list=15%, signal=24%	
B CELL ACTIVATION INVOLVED IN IMMUNE RESPONSE%GOBP%GO:0002312	B CELL ACTIVATION INVOLVED IN IMMUNE RESPONSE%GOBP%GO:0002312		19	0.371625	1.0390753	0.38883144	0.6718126	1.0	1719	tags=26%, list=13%, signal=30%	
ENSHEATHMENT OF NEURONS%GOBP%GO:0007272	ENSHEATHMENT OF NEURONS%GOBP%GO:0007272		46	0.3093831	1.0389177	0.38300106	0.67185277	1.0	1041	tags=17%, list=8%, signal=19%	
NEGATIVE REGULATION OF LYMPHOCYTE PROLIFERATION%GOBP%GO:0050672	NEGATIVE REGULATION OF LYMPHOCYTE PROLIFERATION%GOBP%GO:0050672		23	0.3591982	1.0387325	0.39874083	0.67200494	1.0	1988	tags=26%, list=15%, signal=31%	
IMMUNE EFFECTOR PROCESS%GOBP%GO:0002252	IMMUNE EFFECTOR PROCESS%GOBP%GO:0002252		134	0.25534955	1.0386933	0.35546038	0.6717154	1.0	2842	tags=25%, list=21%, signal=32%	
LEUKOCYTE CELL-CELL ADHESION%GOBP%GO:0007159	LEUKOCYTE CELL-CELL ADHESION%GOBP%GO:0007159		32	0.3276513	1.0377347	0.40124094	0.6740112	1.0	2370	tags=25%, list=18%, signal=30%	
BIOCARTA_NFAT_PATHWAY%MSIGDB_C2%BIOCARTA_NFAT_PATHWAY	BIOCARTA_NFAT_PATHWAY%MSIGDB_C2%BIOCARTA_NFAT_PATHWAY		35	0.32054698	1.0374486	0.37945065	0.67440164	1.0	1046	tags=14%, list=8%, signal=15%	
CARBOHYDRATE METABOLIC PROCESS%GOBP%GO:0005975	CARBOHYDRATE METABOLIC PROCESS%GOBP%GO:0005975		197	0.23999251	1.0373741	0.34030837	0.6742227	1.0	1812	tags=19%, list=13%, signal=22%	
REGULATION OF NERVOUS SYSTEM PROCESS%GOBP%GO:0031644	REGULATION OF NERVOUS SYSTEM PROCESS%GOBP%GO:0031644		43	0.3084276	1.0373728	0.3614331	0.6738296	1.0	3416	tags=33%, list=25%, signal=43%	
SIGNALING BY RAF1 MUTANTS%REACTOME%R-HSA-9656223.2	SIGNALING BY RAF1 MUTANTS%REACTOME%R-HSA-9656223.2		32	0.33124086	1.0373424	0.39934355	0.6735237	1.0	1458	tags=22%, list=11%, signal=24%	
CARDIAC MUSCLE CELL DEVELOPMENT%GOBP%GO:0055013	CARDIAC MUSCLE CELL DEVELOPMENT%GOBP%GO:0055013		28	0.33651185	1.0370872	0.40183112	0.673852	1.0	4655	tags=46%, list=34%, signal=71%	
CLASS I PI3K SIGNALING EVENTS%PATHWAY INTERACTION DATABASE NCI-NATURE CURATED DATA%CLASS I PI3K SIGNALING EVENTS	CLASS I PI3K SIGNALING EVENTS%PATHWAY INTERACTION DATABASE NCI-NATURE CURATED DATA%CLASS I PI3K SIGNALING EVENTS		33	0.32409588	1.0362377	0.39143425	0.6758736	1.0	2277	tags=15%, list=17%, signal=18%	
RNA CATABOLIC PROCESS%GOBP%GO:0006401	RNA CATABOLIC PROCESS%GOBP%GO:0006401		176	0.24514587	1.035557	0.34953463	0.67740846	1.0	2284	tags=22%, list=17%, signal=26%	
AMP ACTIVATED PROTEIN KINASE SIGNALING%WIKIPATHWAYS_20260211%WP1403%HOMO SAPIENS	AMP ACTIVATED PROTEIN KINASE SIGNALING%WIKIPATHWAYS_20260211%WP1403%HOMO SAPIENS		46	0.3041563	1.0347921	0.39438087	0.67915	1.0	2515	tags=26%, list=19%, signal=32%	
REGULATION OF MEGAKARYOCYTE DIFFERENTIATION%GOBP%GO:0045652	REGULATION OF MEGAKARYOCYTE DIFFERENTIATION%GOBP%GO:0045652		17	0.3837211	1.0344476	0.39897436	0.67973375	1.0	2448	tags=41%, list=18%, signal=50%	
ANTIGEN ACTIVATES B CELL RECEPTOR (BCR) LEADING TO GENERATION OF SECOND MESSENGERS%REACTOME DATABASE ID RELEASE 95%983695	ANTIGEN ACTIVATES B CELL RECEPTOR (BCR) LEADING TO GENERATION OF SECOND MESSENGERS%REACTOME DATABASE ID RELEASE 95%983695		18	0.37586963	1.0344206	0.40263692	0.6794174	1.0	2376	tags=33%, list=18%, signal=40%	
REGULATION OF INTERLEUKIN-10 PRODUCTION%GOBP%GO:0032653	REGULATION OF INTERLEUKIN-10 PRODUCTION%GOBP%GO:0032653		27	0.3396449	1.0338104	0.4010101	0.6807191	1.0	3372	tags=37%, list=25%, signal=49%	
IL6 SIGNALING%WIKIPATHWAYS_20260211%WP364%HOMO SAPIENS	IL6 SIGNALING%WIKIPATHWAYS_20260211%WP364%HOMO SAPIENS		33	0.32447115	1.0333203	0.4004171	0.68173105	1.0	3269	tags=33%, list=24%, signal=44%	
VASODILATION%GOBP%GO:0042311	VASODILATION%GOBP%GO:0042311		18	0.37373555	1.0328598	0.40060544	0.68261355	1.0	486	tags=11%, list=4%, signal=12%	
NEGATIVE REGULATION OF NERVOUS SYSTEM DEVELOPMENT%GOBP%GO:0051961	NEGATIVE REGULATION OF NERVOUS SYSTEM DEVELOPMENT%GOBP%GO:0051961		50	0.29922134	1.0327185	0.39337474	0.68262255	1.0	425	tags=12%, list=3%, signal=12%	
HALLMARK_KRAS_SIGNALING_UP%MSIGDBHALLMARK%HALLMARK_KRAS_SIGNALING_UP	HALLMARK_KRAS_SIGNALING_UP%MSIGDBHALLMARK%HALLMARK_KRAS_SIGNALING_UP		105	0.2589819	1.0326465	0.37084147	0.6824322	1.0	2241	tags=19%, list=17%, signal=23%	
RENAL SYSTEM PROCESS%GOBP%GO:0003014	RENAL SYSTEM PROCESS%GOBP%GO:0003014		62	0.2833002	1.0319898	0.40501043	0.68392336	1.0	1787	tags=21%, list=13%, signal=24%	
VESICLE-MEDIATED TRANSPORT IN SYNAPSE%GOBP%GO:0099003	VESICLE-MEDIATED TRANSPORT IN SYNAPSE%GOBP%GO:0099003		77	0.27469364	1.0319427	0.36477986	0.68366665	1.0	2692	tags=30%, list=20%, signal=37%	
PID_FCER1_PATHWAY%MSIGDB_C2%PID_FCER1_PATHWAY	PID_FCER1_PATHWAY%MSIGDB_C2%PID_FCER1_PATHWAY		38	0.31572467	1.0315267	0.38007736	0.6844018	1.0	3111	tags=32%, list=23%, signal=41%	
PLASMA LIPOPROTEIN PARTICLE CLEARANCE%GOBP%GO:0034381	PLASMA LIPOPROTEIN PARTICLE CLEARANCE%GOBP%GO:0034381		16	0.3892393	1.0314589	0.4224224	0.6841808	1.0	2385	tags=31%, list=18%, signal=38%	
REGULATION OF MACROPHAGE DERIVED FOAM CELL DIFFERENTIATION%GOBP%GO:0010743	REGULATION OF MACROPHAGE DERIVED FOAM CELL DIFFERENTIATION%GOBP%GO:0010743		17	0.38131946	1.0314133	0.41389433	0.68390685	1.0	776	tags=12%, list=6%, signal=12%	
REGULATION OF MRNA CATABOLIC PROCESS%GOBP%GO:0061013	REGULATION OF MRNA CATABOLIC PROCESS%GOBP%GO:0061013		166	0.24492921	1.0307231	0.3530043	0.68547	1.0	2167	tags=22%, list=16%, signal=26%	
TRANSLATION OF STRUCTURAL PROTEINS%REACTOME%R-HSA-9683701.6	TRANSLATION OF STRUCTURAL PROTEINS%REACTOME%R-HSA-9683701.6		27	0.339838	1.0305601	0.4049844	0.685528	1.0	3102	tags=37%, list=23%, signal=48%	
TOLL-LIKE RECEPTOR SIGNALING PATHWAY%GOBP%GO:0002224	TOLL-LIKE RECEPTOR SIGNALING PATHWAY%GOBP%GO:0002224		30	0.3273012	1.0305039	0.38827097	0.6852773	1.0	2896	tags=30%, list=21%, signal=38%	
PID_MET_PATHWAY%MSIGDB_C2%PID_MET_PATHWAY	PID_MET_PATHWAY%MSIGDB_C2%PID_MET_PATHWAY		62	0.28538263	1.0303475	0.39223698	0.68531555	1.0	3364	tags=31%, list=25%, signal=41%	
SYNAPTIC VESICLE ENDOCYTOSIS%GOBP%GO:0048488	SYNAPTIC VESICLE ENDOCYTOSIS%GOBP%GO:0048488		32	0.32274804	1.029854	0.407	0.6863127	1.0	3962	tags=56%, list=29%, signal=79%	
CLOCK CONTROLLED AUTOPHAGY IN BONE METABOLISM%WIKIPATHWAYS_20260211%WP5205%HOMO SAPIENS	CLOCK CONTROLLED AUTOPHAGY IN BONE METABOLISM%WIKIPATHWAYS_20260211%WP5205%HOMO SAPIENS		46	0.29851285	1.0297433	0.397463	0.6862298	1.0	1361	tags=22%, list=10%, signal=24%	
BASE-EXCISION REPAIR, AP SITE FORMATION%REACTOME DATABASE ID RELEASE 95%73929	BASE-EXCISION REPAIR, AP SITE FORMATION%REACTOME DATABASE ID RELEASE 95%73929		15	0.38878646	1.029734	0.4056604	0.68586063	1.0	395	tags=20%, list=3%, signal=21%	
POSITIVE REGULATION OF CATION TRANSMEMBRANE TRANSPORT%GOBP%GO:1904064	POSITIVE REGULATION OF CATION TRANSMEMBRANE TRANSPORT%GOBP%GO:1904064		57	0.28843716	1.0293217	0.38804457	0.6866307	1.0	2165	tags=23%, list=16%, signal=27%	
MESENCHYMAL CELL DIFFERENTIATION%GOBP%GO:0048762	MESENCHYMAL CELL DIFFERENTIATION%GOBP%GO:0048762		106	0.2597655	1.0292946	0.37486687	0.6863087	1.0	1870	tags=19%, list=14%, signal=22%	
TAR SYNDROME%WIKIPATHWAYS_20260211%WP5362%HOMO SAPIENS	TAR SYNDROME%WIKIPATHWAYS_20260211%WP5362%HOMO SAPIENS		43	0.30508137	1.0289203	0.39187816	0.6869735	1.0	1306	tags=16%, list=10%, signal=18%	
NEGATIVE REGULATION OF CALCIUM-MEDIATED SIGNALING%GOBP%GO:0050849	NEGATIVE REGULATION OF CALCIUM-MEDIATED SIGNALING%GOBP%GO:0050849		15	0.393686	1.028415	0.41633466	0.68803155	1.0	1968	tags=33%, list=15%, signal=39%	
POSITIVE REGULATION OF PROTEIN KINASE ACTIVITY%GOBP%GO:0045860	POSITIVE REGULATION OF PROTEIN KINASE ACTIVITY%GOBP%GO:0045860		85	0.26705858	1.02788	0.3848614	0.6891514	1.0	2860	tags=26%, list=21%, signal=33%	
NEPHRIN FAMILY INTERACTIONS%REACTOME DATABASE ID RELEASE 95%373753	NEPHRIN FAMILY INTERACTIONS%REACTOME DATABASE ID RELEASE 95%373753		19	0.373264	1.0277812	0.41505596	0.6890304	1.0	4109	tags=47%, list=30%, signal=68%	
HISTONE MRNA METABOLIC PROCESS%GOBP%GO:0008334	HISTONE MRNA METABOLIC PROCESS%GOBP%GO:0008334		26	0.34258437	1.0272635	0.3976024	0.6900928	1.0	567	tags=15%, list=4%, signal=16%	
RESPONSE TO TEMPERATURE STIMULUS%GOBP%GO:0009266	RESPONSE TO TEMPERATURE STIMULUS%GOBP%GO:0009266		69	0.27838045	1.0270196	0.38119313	0.69036114	1.0	3536	tags=35%, list=26%, signal=47%	
MATURATION OF NUCLEOPROTEIN%REACTOME DATABASE ID RELEASE 95%9694631	MATURATION OF NUCLEOPROTEIN%REACTOME DATABASE ID RELEASE 95%9694631		15	0.38629705	1.0269296	0.41302136	0.6902018	1.0	2641	tags=33%, list=20%, signal=41%	
VASCULAR ENDOTHELIAL CELL RESPONSE TO FLUID SHEAR STRESS%GOBP%GO:0097699	VASCULAR ENDOTHELIAL CELL RESPONSE TO FLUID SHEAR STRESS%GOBP%GO:0097699		22	0.35409215	1.0265831	0.41182467	0.6907773	1.0	1452	tags=18%, list=11%, signal=20%	
AORTIC VALVE MORPHOGENESIS%GOBP%GO:0003180	AORTIC VALVE MORPHOGENESIS%GOBP%GO:0003180		32	0.32770434	1.0265198	0.4026915	0.6905484	1.0	3450	tags=38%, list=26%, signal=50%	
NEGATIVE REGULATION OF TUMOR NECROSIS FACTOR-MEDIATED SIGNALING PATHWAY%GOBP%GO:0010804	NEGATIVE REGULATION OF TUMOR NECROSIS FACTOR-MEDIATED SIGNALING PATHWAY%GOBP%GO:0010804		18	0.3701367	1.026056	0.4121339	0.69144374	1.0	1380	tags=17%, list=10%, signal=19%	
DICARBOXYLIC ACID METABOLIC PROCESS%GOBP%GO:0043648	DICARBOXYLIC ACID METABOLIC PROCESS%GOBP%GO:0043648		61	0.28260657	1.0258958	0.3997934	0.6915013	1.0	3039	tags=33%, list=22%, signal=42%	
ORGANIC CATION TRANSPORT%GOBP%GO:0015695	ORGANIC CATION TRANSPORT%GOBP%GO:0015695		54	0.29220206	1.025858	0.4051447	0.6912174	1.0	1882	tags=20%, list=14%, signal=24%	
POLYCYSTIC KIDNEY DISEASE PATHWAY%WIKIPATHWAYS_20260211%WP2571%HOMO SAPIENS	POLYCYSTIC KIDNEY DISEASE PATHWAY%WIKIPATHWAYS_20260211%WP2571%HOMO SAPIENS		56	0.28932497	1.0258124	0.40695298	0.69095033	1.0	1758	tags=18%, list=13%, signal=20%	
PRE-NOTCH PROCESSING IN GOLGI%REACTOME DATABASE ID RELEASE 95%1912420	PRE-NOTCH PROCESSING IN GOLGI%REACTOME DATABASE ID RELEASE 95%1912420		16	0.38635805	1.0257021	0.3981855	0.6908777	1.0	1411	tags=31%, list=10%, signal=35%	
NEGATIVE REGULATION OF MRNA CATABOLIC PROCESS%GOBP%GO:1902373	NEGATIVE REGULATION OF MRNA CATABOLIC PROCESS%GOBP%GO:1902373		53	0.29363328	1.0249087	0.41538462	0.6927049	1.0	1879	tags=23%, list=14%, signal=26%	
REGULATION OF CARDIAC CONDUCTION%GOBP%GO:1903779	REGULATION OF CARDIAC CONDUCTION%GOBP%GO:1903779		15	0.3953765	1.0247896	0.4113402	0.69264466	1.0	421	tags=13%, list=3%, signal=14%	
POSITIVE REGULATION OF PROTEIN SERINE/THREONINE KINASE ACTIVITY%GOBP%GO:0071902	POSITIVE REGULATION OF PROTEIN SERINE/THREONINE KINASE ACTIVITY%GOBP%GO:0071902		30	0.3273124	1.0246432	0.4	0.6926766	1.0	1952	tags=20%, list=14%, signal=23%	
ESTABLISHMENT OF ENDOTHELIAL BARRIER%GOBP%GO:0061028	ESTABLISHMENT OF ENDOTHELIAL BARRIER%GOBP%GO:0061028		20	0.36113754	1.0240146	0.3897436	0.6940284	1.0	1885	tags=15%, list=14%, signal=17%	
CYTOKINE-MEDIATED SIGNALING PATHWAY%GOBP%GO:0019221	CYTOKINE-MEDIATED SIGNALING PATHWAY%GOBP%GO:0019221		185	0.23867793	1.023964	0.38320774	0.69377244	1.0	2118	tags=18%, list=16%, signal=21%	
REGULATION OF ALPHA-BETA T CELL PROLIFERATION%GOBP%GO:0046640	REGULATION OF ALPHA-BETA T CELL PROLIFERATION%GOBP%GO:0046640		17	0.3794122	1.0238796	0.42914572	0.6936288	1.0	416	tags=12%, list=3%, signal=12%	
REGULATION OF DEFENSE RESPONSE TO VIRUS BY HOST%GOBP%GO:0050691	REGULATION OF DEFENSE RESPONSE TO VIRUS BY HOST%GOBP%GO:0050691		24	0.3467293	1.0236344	0.4114114	0.69391096	1.0	4005	tags=42%, list=30%, signal=59%	
NEGATIVE REGULATION OF COAGULATION%GOBP%GO:0050819	NEGATIVE REGULATION OF COAGULATION%GOBP%GO:0050819		25	0.34207556	1.0233549	0.40801644	0.69431144	1.0	303	tags=8%, list=2%, signal=8%	
SMALL MOLECULE CATABOLIC PROCESS%GOBP%GO:0044282	SMALL MOLECULE CATABOLIC PROCESS%GOBP%GO:0044282		199	0.2364246	1.0231103	0.38638857	0.69460815	1.0	3493	tags=32%, list=26%, signal=43%	
NEUTRAL LIPID BIOSYNTHETIC PROCESS%GOBP%GO:0046460	NEUTRAL LIPID BIOSYNTHETIC PROCESS%GOBP%GO:0046460		18	0.37021992	1.0227262	0.43543223	0.6953197	1.0	1658	tags=22%, list=12%, signal=25%	
POSITIVE REGULATION OF DEFENSE RESPONSE TO VIRUS BY HOST%GOBP%GO:0002230	POSITIVE REGULATION OF DEFENSE RESPONSE TO VIRUS BY HOST%GOBP%GO:0002230		17	0.38249794	1.0224746	0.41898865	0.6956309	1.0	2960	tags=35%, list=22%, signal=45%	
RESPONSE TO INSULIN%GOBP%GO:0032868	RESPONSE TO INSULIN%GOBP%GO:0032868		98	0.2587381	1.022033	0.40020263	0.69647974	1.0	2019	tags=19%, list=15%, signal=23%	
PID_INTEGRIN3_PATHWAY%MSIGDB_C2%PID_INTEGRIN3_PATHWAY	PID_INTEGRIN3_PATHWAY%MSIGDB_C2%PID_INTEGRIN3_PATHWAY		28	0.3323657	1.0217131	0.4218107	0.69696426	1.0	1648	tags=18%, list=12%, signal=20%	
REGULATION OF WOUND HEALING%GOBP%GO:0061041	REGULATION OF WOUND HEALING%GOBP%GO:0061041		71	0.27626714	1.0213658	0.4114053	0.6975424	1.0	1648	tags=15%, list=12%, signal=18%	
PID_ALPHA_SYNUCLEIN_PATHWAY%MSIGDB_C2%PID_ALPHA_SYNUCLEIN_PATHWAY	PID_ALPHA_SYNUCLEIN_PATHWAY%MSIGDB_C2%PID_ALPHA_SYNUCLEIN_PATHWAY		17	0.37769705	1.0211414	0.40814197	0.6977833	1.0	2203	tags=29%, list=16%, signal=35%	
POSITIVE REGULATION OF ACTIN FILAMENT BUNDLE ASSEMBLY%GOBP%GO:0032233	POSITIVE REGULATION OF ACTIN FILAMENT BUNDLE ASSEMBLY%GOBP%GO:0032233		41	0.30546936	1.0208528	0.39518556	0.6981972	1.0	289	tags=10%, list=2%, signal=10%	
RESPONSE TO ESTROGEN%GOBP%GO:0043627	RESPONSE TO ESTROGEN%GOBP%GO:0043627		25	0.34219423	1.0197481	0.4402834	0.700909	1.0	4234	tags=44%, list=31%, signal=64%	
IL19 SIGNALING%WIKIPATHWAYS_20260211%WP5422%HOMO SAPIENS	IL19 SIGNALING%WIKIPATHWAYS_20260211%WP5422%HOMO SAPIENS		19	0.369022	1.0197467	0.43195876	0.70051706	1.0	1215	tags=26%, list=9%, signal=29%	
REGULATION OF BLOOD PRESSURE%GOBP%GO:0008217	REGULATION OF BLOOD PRESSURE%GOBP%GO:0008217		60	0.28638512	1.0196338	0.40713537	0.70045555	1.0	1193	tags=17%, list=9%, signal=18%	
CELLULAR RESPONSE TO FLUID SHEAR STRESS%GOBP%GO:0071498	CELLULAR RESPONSE TO FLUID SHEAR STRESS%GOBP%GO:0071498		34	0.3201614	1.019613	0.39959016	0.7001149	1.0	2669	tags=24%, list=20%, signal=29%	
CYTOPLASMIC TRANSLATIONAL INITIATION%GOBP%GO:0002183	CYTOPLASMIC TRANSLATIONAL INITIATION%GOBP%GO:0002183		33	0.32303607	1.0189102	0.40122825	0.7017244	1.0	3793	tags=42%, list=28%, signal=59%	
POST-TRANSLATIONAL PROTEIN TARGETING TO ENDOPLASMIC RETICULUM MEMBRANE%GOBP%GO:0006620	POST-TRANSLATIONAL PROTEIN TARGETING TO ENDOPLASMIC RETICULUM MEMBRANE%GOBP%GO:0006620		18	0.37181073	1.0189054	0.44444445	0.7013428	1.0	1401	tags=22%, list=10%, signal=25%	
LEUKOCYTE HOMEOSTASIS%GOBP%GO:0001776	LEUKOCYTE HOMEOSTASIS%GOBP%GO:0001776		40	0.3070755	1.0179832	0.41329178	0.70354426	1.0	3390	tags=38%, list=25%, signal=50%	
PHOTODYNAMIC THERAPY INDUCED UNFOLDED PROTEIN RESPONSE%WIKIPATHWAYS_20260211%WP3613%HOMO SAPIENS	PHOTODYNAMIC THERAPY INDUCED UNFOLDED PROTEIN RESPONSE%WIKIPATHWAYS_20260211%WP3613%HOMO SAPIENS		17	0.37531486	1.0178939	0.43508425	0.70340365	1.0	1694	tags=18%, list=13%, signal=20%	
REGULATION OF NEURONAL SYNAPTIC PLASTICITY%GOBP%GO:0048168	REGULATION OF NEURONAL SYNAPTIC PLASTICITY%GOBP%GO:0048168		32	0.32048807	1.0169245	0.42169908	0.7058116	1.0	2771	tags=31%, list=21%, signal=39%	
POSITIVE REGULATION OF PHOSPHATIDYLINOSITOL 3-KINASE/PROTEIN KINASE B SIGNAL TRANSDUCTION%GOBP%GO:0051897	POSITIVE REGULATION OF PHOSPHATIDYLINOSITOL 3-KINASE/PROTEIN KINASE B SIGNAL TRANSDUCTION%GOBP%GO:0051897		109	0.25487062	1.0168562	0.41150922	0.7056027	1.0	2073	tags=22%, list=15%, signal=26%	
TOLL-LIKE RECEPTOR CASCADES%REACTOME%R-HSA-168898.11	TOLL-LIKE RECEPTOR CASCADES%REACTOME%R-HSA-168898.11		137	0.24693915	1.0165535	0.39187816	0.706088	1.0	3275	tags=31%, list=24%, signal=40%	
ORGANOPHOSPHATE CATABOLIC PROCESS%GOBP%GO:0046434	ORGANOPHOSPHATE CATABOLIC PROCESS%GOBP%GO:0046434		122	0.25019333	1.0163734	0.3983051	0.7061968	1.0	3331	tags=29%, list=25%, signal=38%	
PRESYNAPTIC ENDOCYTOSIS%GOBP%GO:0140238	PRESYNAPTIC ENDOCYTOSIS%GOBP%GO:0140238		32	0.32274804	1.0156103	0.41133264	0.7079417	1.0	3962	tags=56%, list=29%, signal=79%	
SYNAPTIC VESICLE LOCALIZATION%GOBP%GO:0097479	SYNAPTIC VESICLE LOCALIZATION%GOBP%GO:0097479		38	0.3086163	1.0155965	0.43654823	0.7075802	1.0	3168	tags=32%, list=23%, signal=41%	
REGULATION OF GLYCOPROTEIN METABOLIC PROCESS%GOBP%GO:1903018	REGULATION OF GLYCOPROTEIN METABOLIC PROCESS%GOBP%GO:1903018		25	0.341409	1.0151962	0.4253112	0.7082714	1.0	1722	tags=28%, list=13%, signal=32%	
POSITIVE REGULATION OF ENDOTHELIAL CELL MIGRATION%GOBP%GO:0010595	POSITIVE REGULATION OF ENDOTHELIAL CELL MIGRATION%GOBP%GO:0010595		81	0.26759186	1.0150367	0.41614908	0.7083097	1.0	2415	tags=23%, list=18%, signal=28%	
T CELL RECEPTOR SIGNALING PATHWAY%GOBP%GO:0050852	T CELL RECEPTOR SIGNALING PATHWAY%GOBP%GO:0050852		64	0.28046232	1.0148114	0.41232732	0.70854235	1.0	2345	tags=19%, list=17%, signal=23%	
CELLULAR RESPONSE TO INTERFERON-BETA%GOBP%GO:0035458	CELLULAR RESPONSE TO INTERFERON-BETA%GOBP%GO:0035458		16	0.38675618	1.0146288	0.42945418	0.7086526	1.0	1918	tags=25%, list=14%, signal=29%	
CELLULAR RESPONSE TO INSULIN STIMULUS%GOBP%GO:0032869	CELLULAR RESPONSE TO INSULIN STIMULUS%GOBP%GO:0032869		88	0.26543903	1.0138248	0.43254817	0.7105283	1.0	2019	tags=20%, list=15%, signal=24%	
RESPONSE OF ENDOTHELIAL CELLS TO SHEAR STRESS%REACTOME DATABASE ID RELEASE 95%9860931	RESPONSE OF ENDOTHELIAL CELLS TO SHEAR STRESS%REACTOME DATABASE ID RELEASE 95%9860931		80	0.26819783	1.0137907	0.41364604	0.71022964	1.0	1582	tags=15%, list=12%, signal=17%	
NEGATIVE REGULATION OF EXTRINSIC APOPTOTIC SIGNALING PATHWAY IN ABSENCE OF LIGAND%GOBP%GO:2001240	NEGATIVE REGULATION OF EXTRINSIC APOPTOTIC SIGNALING PATHWAY IN ABSENCE OF LIGAND%GOBP%GO:2001240		17	0.37373513	1.0137132	0.416	0.71004885	1.0	1666	tags=18%, list=12%, signal=20%	
PID_ERBB1_DOWNSTREAM_PATHWAY%MSIGDB_C2%PID_ERBB1_DOWNSTREAM_PATHWAY	PID_ERBB1_DOWNSTREAM_PATHWAY%MSIGDB_C2%PID_ERBB1_DOWNSTREAM_PATHWAY		82	0.26459587	1.0134296	0.42276424	0.71046823	1.0	3292	tags=32%, list=24%, signal=42%	
POSITIVE REGULATION OF B CELL ACTIVATION%GOBP%GO:0050871	POSITIVE REGULATION OF B CELL ACTIVATION%GOBP%GO:0050871		32	0.31795767	1.0124367	0.43632567	0.7129191	1.0	3269	tags=34%, list=24%, signal=45%	
TP53 REGULATES TRANSCRIPTION OF CELL DEATH GENES%REACTOME DATABASE ID RELEASE 95%5633008	TP53 REGULATES TRANSCRIPTION OF CELL DEATH GENES%REACTOME DATABASE ID RELEASE 95%5633008		35	0.31092474	1.0120598	0.4432773	0.71361405	1.0	2626	tags=20%, list=19%, signal=25%	
MICROTUBULE ANCHORING%GOBP%GO:0034453	MICROTUBULE ANCHORING%GOBP%GO:0034453		20	0.35733616	1.0117861	0.4284243	0.71398574	1.0	202	tags=10%, list=1%, signal=10%	
CARDIAC VENTRICLE DEVELOPMENT%GOBP%GO:0003231	CARDIAC VENTRICLE DEVELOPMENT%GOBP%GO:0003231		51	0.29239023	1.0116516	0.42916667	0.71396935	1.0	2448	tags=22%, list=18%, signal=26%	
SNRNA PROCESSING%GOBP%GO:0016180	SNRNA PROCESSING%GOBP%GO:0016180		32	0.32006142	1.0113416	0.41354167	0.71447384	1.0	1542	tags=16%, list=11%, signal=18%	
NEGATIVE REGULATION OF BINDING%GOBP%GO:0051100	NEGATIVE REGULATION OF BINDING%GOBP%GO:0051100		30	0.3232418	1.0111685	0.4421699	0.71457833	1.0	2167	tags=33%, list=16%, signal=40%	
NEGATIVE REGULATION OF SIGNAL TRANSDUCTION IN ABSENCE OF LIGAND%GOBP%GO:1901099	NEGATIVE REGULATION OF SIGNAL TRANSDUCTION IN ABSENCE OF LIGAND%GOBP%GO:1901099		17	0.37373513	1.0110987	0.43870315	0.71438146	1.0	1666	tags=18%, list=12%, signal=20%	
REGULATION OF INFLAMMATORY RESPONSE TO ANTIGENIC STIMULUS%GOBP%GO:0002861	REGULATION OF INFLAMMATORY RESPONSE TO ANTIGENIC STIMULUS%GOBP%GO:0002861		18	0.37010324	1.0110954	0.43168318	0.7139943	1.0	2805	tags=39%, list=21%, signal=49%	
LEUKOCYTE MIGRATION%GOBP%GO:0050900	LEUKOCYTE MIGRATION%GOBP%GO:0050900		91	0.25988996	1.0103351	0.43006262	0.7157772	1.0	2412	tags=22%, list=18%, signal=27%	
CELLULAR RESPONSE TO LIGHT STIMULUS%GOBP%GO:0071482	CELLULAR RESPONSE TO LIGHT STIMULUS%GOBP%GO:0071482		69	0.26870853	1.0099118	0.421638	0.71658015	1.0	2778	tags=25%, list=21%, signal=31%	
PLATELET HOMEOSTASIS%REACTOME%R-HSA-418346.4	PLATELET HOMEOSTASIS%REACTOME%R-HSA-418346.4		59	0.28163826	1.0098369	0.44352332	0.71639246	1.0	1639	tags=19%, list=12%, signal=21%	
PID_S1P_S1P2_PATHWAY%MSIGDB_C2%PID_S1P_S1P2_PATHWAY	PID_S1P_S1P2_PATHWAY%MSIGDB_C2%PID_S1P_S1P2_PATHWAY		16	0.37841558	1.0095432	0.4301887	0.71682054	1.0	803	tags=13%, list=6%, signal=13%	
SECONDARY METABOLIC PROCESS%GOBP%GO:0019748	SECONDARY METABOLIC PROCESS%GOBP%GO:0019748		21	0.3510234	1.0092454	0.4378819	0.7172759	1.0	5060	tags=57%, list=37%, signal=91%	
REGULATION OF IMMUNOGLOBULIN MEDIATED IMMUNE RESPONSE%GOBP%GO:0002889	REGULATION OF IMMUNOGLOBULIN MEDIATED IMMUNE RESPONSE%GOBP%GO:0002889		17	0.37365407	1.0091223	0.44704685	0.7172213	1.0	1023	tags=18%, list=8%, signal=19%	
CALCIUM-MEDIATED SIGNALING%GOBP%GO:0019722	CALCIUM-MEDIATED SIGNALING%GOBP%GO:0019722		73	0.2711887	1.0090574	0.43229166	0.71701616	1.0	2636	tags=29%, list=20%, signal=36%	
LAMELLIPODIUM ORGANIZATION%GOBP%GO:0097581	LAMELLIPODIUM ORGANIZATION%GOBP%GO:0097581		26	0.3362955	1.008896	0.44146827	0.71709317	1.0	2329	tags=38%, list=17%, signal=46%	
POSITIVE REGULATION OF MONOATOMIC ION TRANSPORT%GOBP%GO:0043270	POSITIVE REGULATION OF MONOATOMIC ION TRANSPORT%GOBP%GO:0043270		83	0.26353103	1.008532	0.42393735	0.71771353	1.0	2518	tags=23%, list=19%, signal=28%	
RESPONSE TO CHOLESTEROL%GOBP%GO:0070723	RESPONSE TO CHOLESTEROL%GOBP%GO:0070723		15	0.3874868	1.0082449	0.43529412	0.71814525	1.0	1970	tags=33%, list=15%, signal=39%	
MODULATORS OF TCR SIGNALING AND T CELL ACTIVATION%WIKIPATHWAYS_20260211%WP5072%HOMO SAPIENS	MODULATORS OF TCR SIGNALING AND T CELL ACTIVATION%WIKIPATHWAYS_20260211%WP5072%HOMO SAPIENS		38	0.30307433	1.0077031	0.43634498	0.7192804	1.0	3880	tags=39%, list=29%, signal=55%	
IL5 SIGNALING%WIKIPATHWAYS_20260211%WP127%HOMO SAPIENS	IL5 SIGNALING%WIKIPATHWAYS_20260211%WP127%HOMO SAPIENS		25	0.33680025	1.0073277	0.43942505	0.7199464	1.0	2862	tags=36%, list=21%, signal=46%	
PID_ERBB1_INTERNALIZATION_PATHWAY%MSIGDB_C2%PID_ERBB1_INTERNALIZATION_PATHWAY	PID_ERBB1_INTERNALIZATION_PATHWAY%MSIGDB_C2%PID_ERBB1_INTERNALIZATION_PATHWAY		33	0.31909692	1.0073189	0.43145162	0.719573	1.0	2422	tags=30%, list=18%, signal=37%	
PYRUVATE METABOLIC PROCESS%GOBP%GO:0006090	PYRUVATE METABOLIC PROCESS%GOBP%GO:0006090		43	0.29695824	1.0072681	0.4356137	0.7193179	1.0	2809	tags=30%, list=21%, signal=38%	
REGULATION OF DNA-TEMPLATED TRANSCRIPTION INITIATION%GOBP%GO:2000142	REGULATION OF DNA-TEMPLATED TRANSCRIPTION INITIATION%GOBP%GO:2000142		80	0.2666582	1.0072157	0.42784032	0.7190707	1.0	3489	tags=36%, list=26%, signal=49%	
ADENYLATE CYCLASE-ACTIVATING G PROTEIN-COUPLED RECEPTOR SIGNALING PATHWAY%GOBP%GO:0007189	ADENYLATE CYCLASE-ACTIVATING G PROTEIN-COUPLED RECEPTOR SIGNALING PATHWAY%GOBP%GO:0007189		69	0.2745975	1.0069116	0.44253492	0.71956277	1.0	643	tags=10%, list=5%, signal=11%	
POSITIVE REGULATION OF PROTEIN PHOSPHORYLATION%GOBP%GO:0001934	POSITIVE REGULATION OF PROTEIN PHOSPHORYLATION%GOBP%GO:0001934		149	0.24339491	1.0067865	0.41318682	0.71952283	1.0	2885	tags=26%, list=21%, signal=33%	
DUAL INCISION IN TC-NER%REACTOME%R-HSA-6782135.4	DUAL INCISION IN TC-NER%REACTOME%R-HSA-6782135.4		61	0.27717954	1.0065889	0.40720525	0.7196883	1.0	3187	tags=36%, list=24%, signal=47%	
CELLULAR RESPONSE TO GLUCOSE STARVATION%GOBP%GO:0042149	CELLULAR RESPONSE TO GLUCOSE STARVATION%GOBP%GO:0042149		40	0.30343947	1.0063928	0.44186047	0.71987575	1.0	2911	tags=33%, list=22%, signal=41%	
CLASS I PI3K SIGNALING EVENTS MEDIATED BY AKT%PATHWAY INTERACTION DATABASE NCI-NATURE CURATED DATA%CLASS I PI3K SIGNALING EVENTS MEDIATED BY AKT	CLASS I PI3K SIGNALING EVENTS MEDIATED BY AKT%PATHWAY INTERACTION DATABASE NCI-NATURE CURATED DATA%CLASS I PI3K SIGNALING EVENTS MEDIATED BY AKT		34	0.31853715	1.0063257	0.42544317	0.71966696	1.0	1368	tags=18%, list=10%, signal=20%	
PROSTAGLANDIN SIGNALING%WIKIPATHWAYS_20260211%WP5088%HOMO SAPIENS	PROSTAGLANDIN SIGNALING%WIKIPATHWAYS_20260211%WP5088%HOMO SAPIENS		16	0.37062538	1.0061777	0.43186373	0.7196887	1.0	1455	tags=19%, list=11%, signal=21%	
NEGATIVE REGULATION OF PROTEOLYSIS%GOBP%GO:0045861	NEGATIVE REGULATION OF PROTEOLYSIS%GOBP%GO:0045861		32	0.32152644	1.0061115	0.4396642	0.71947056	1.0	2490	tags=31%, list=18%, signal=38%	
REGULATION OF CELLULAR RESPONSE TO GROWTH FACTOR STIMULUS%GOBP%GO:0090287	REGULATION OF CELLULAR RESPONSE TO GROWTH FACTOR STIMULUS%GOBP%GO:0090287		189	0.23507863	1.0059544	0.4147157	0.719509	1.0	2216	tags=17%, list=16%, signal=21%	
16P11 2 PROXIMAL DELETION SYNDROME%WIKIPATHWAYS_20260211%WP4949%HOMO SAPIENS	16P11 2 PROXIMAL DELETION SYNDROME%WIKIPATHWAYS_20260211%WP4949%HOMO SAPIENS		51	0.2893545	1.005917	0.4288577	0.7192184	1.0	2057	tags=22%, list=15%, signal=25%	
TOR SIGNALING%GOBP%GO:0031929	TOR SIGNALING%GOBP%GO:0031929		33	0.31617847	1.0055121	0.43482906	0.71996474	1.0	2736	tags=24%, list=20%, signal=30%	
COMPLEMENT CASCADE%REACTOME%R-HSA-166658.6	COMPLEMENT CASCADE%REACTOME%R-HSA-166658.6		18	0.36729816	1.0054675	0.42971087	0.7196932	1.0	1300	tags=17%, list=10%, signal=18%	
LONG-CHAIN FATTY-ACYL-COA METABOLIC PROCESS%GOBP%GO:0035336	LONG-CHAIN FATTY-ACYL-COA METABOLIC PROCESS%GOBP%GO:0035336		23	0.3456271	1.0050324	0.43666324	0.72051114	1.0	3742	tags=39%, list=28%, signal=54%	
PROTEIN LOCALIZATION TO SYNAPSE%GOBP%GO:0035418	PROTEIN LOCALIZATION TO SYNAPSE%GOBP%GO:0035418		28	0.3286193	1.0049179	0.43979058	0.72045326	1.0	764	tags=14%, list=6%, signal=15%	
TRNA METABOLIC PROCESS%GOBP%GO:0006399	TRNA METABOLIC PROCESS%GOBP%GO:0006399		160	0.24065311	1.0046668	0.43184182	0.7207708	1.0	3345	tags=28%, list=25%, signal=37%	
UNSATURATED FATTY ACID METABOLIC PROCESS%GOBP%GO:0033559	UNSATURATED FATTY ACID METABOLIC PROCESS%GOBP%GO:0033559		54	0.28633717	1.0046599	0.42561984	0.72039545	1.0	2085	tags=22%, list=15%, signal=26%	
SYNDECAN-2-MEDIATED SIGNALING EVENTS%PATHWAY INTERACTION DATABASE NCI-NATURE CURATED DATA%SYNDECAN-2-MEDIATED SIGNALING EVENTS	SYNDECAN-2-MEDIATED SIGNALING EVENTS%PATHWAY INTERACTION DATABASE NCI-NATURE CURATED DATA%SYNDECAN-2-MEDIATED SIGNALING EVENTS		29	0.32794073	1.0044276	0.43782654	0.7206468	1.0	803	tags=17%, list=6%, signal=18%	
ACYLGLYCEROL BIOSYNTHETIC PROCESS%GOBP%GO:0046463	ACYLGLYCEROL BIOSYNTHETIC PROCESS%GOBP%GO:0046463		18	0.37021992	1.0043962	0.44827586	0.7203455	1.0	1658	tags=22%, list=12%, signal=25%	
16P12 2 COPY NUMBER VARIATION SYNDROME 520KB %WIKIPATHWAYS_20260211%WP5510%HOMO SAPIENS	16P12 2 COPY NUMBER VARIATION SYNDROME 520KB %WIKIPATHWAYS_20260211%WP5510%HOMO SAPIENS		39	0.30451846	1.0042845	0.42331934	0.7202652	1.0	3819	tags=36%, list=28%, signal=50%	
RESPONSE TO ESTRADIOL%GOBP%GO:0032355	RESPONSE TO ESTRADIOL%GOBP%GO:0032355		22	0.3481188	1.0041811	0.44918698	0.72016346	1.0	3029	tags=41%, list=22%, signal=53%	
CA-DEPENDENT EVENTS%REACTOME DATABASE ID RELEASE 95%111996	CA-DEPENDENT EVENTS%REACTOME DATABASE ID RELEASE 95%111996		27	0.3296635	1.0039358	0.4538784	0.72047246	1.0	1452	tags=22%, list=11%, signal=25%	
MITOCHONDRIAL BIOGENESIS%REACTOME%R-HSA-1592230.4	MITOCHONDRIAL BIOGENESIS%REACTOME%R-HSA-1592230.4		67	0.27497312	1.0035206	0.42811158	0.7212561	1.0	2057	tags=19%, list=15%, signal=23%	
AMINO ACID IMPORT ACROSS PLASMA MEMBRANE%GOBP%GO:0089718	AMINO ACID IMPORT ACROSS PLASMA MEMBRANE%GOBP%GO:0089718		22	0.34594285	1.003009	0.44272447	0.7223008	1.0	1880	tags=23%, list=14%, signal=26%	
REGULATION OF FOCAL ADHESION ASSEMBLY%GOBP%GO:0051893	REGULATION OF FOCAL ADHESION ASSEMBLY%GOBP%GO:0051893		52	0.28527096	1.002212	0.44624746	0.72418946	1.0	2325	tags=21%, list=17%, signal=25%	
REGULATION OF PATTERN RECOGNITION RECEPTOR SIGNALING PATHWAY%GOBP%GO:0062207	REGULATION OF PATTERN RECOGNITION RECEPTOR SIGNALING PATHWAY%GOBP%GO:0062207		132	0.24418867	1.0021422	0.44924405	0.7239934	1.0	2374	tags=21%, list=18%, signal=25%	
HALLMARK_P53_PATHWAY%MSIGDBHALLMARK%HALLMARK_P53_PATHWAY	HALLMARK_P53_PATHWAY%MSIGDBHALLMARK%HALLMARK_P53_PATHWAY		154	0.24023663	1.0019208	0.44637054	0.7242185	1.0	1703	tags=16%, list=13%, signal=18%	
MAPK CASCADE%GOBP%GO:0000165	MAPK CASCADE%GOBP%GO:0000165		98	0.2569572	1.0018092	0.457868	0.7241486	1.0	1758	tags=18%, list=13%, signal=21%	
SYNDECAN INTERACTIONS%REACTOME%R-HSA-3000170.4	SYNDECAN INTERACTIONS%REACTOME%R-HSA-3000170.4		19	0.36056036	1.0013164	0.43954918	0.7251649	1.0	552	tags=16%, list=4%, signal=16%	
RESPONSE TO KETONE%GOBP%GO:1901654	RESPONSE TO KETONE%GOBP%GO:1901654		49	0.2897768	1.0010823	0.44108447	0.72543705	1.0	2825	tags=29%, list=21%, signal=36%	
SODIUM ION HOMEOSTASIS%GOBP%GO:0055078	SODIUM ION HOMEOSTASIS%GOBP%GO:0055078		18	0.37104383	1.0010389	0.44879517	0.72516626	1.0	1983	tags=22%, list=15%, signal=26%	
HALLMARK_UV_RESPONSE_DN%MSIGDBHALLMARK%HALLMARK_UV_RESPONSE_DN	HALLMARK_UV_RESPONSE_DN%MSIGDBHALLMARK%HALLMARK_UV_RESPONSE_DN		107	0.25155732	1.0007498	0.45879734	0.7255865	1.0	1180	tags=16%, list=9%, signal=17%	
VITAMIN A DEFICIENCY%SMPDB%SMP0000336	VITAMIN A DEFICIENCY%SMPDB%SMP0000336		17	0.3656826	1.0005975	0.4514463	0.72563607	1.0	3434	tags=41%, list=25%, signal=55%	
REGULATION OF B CELL MEDIATED IMMUNITY%GOBP%GO:0002712	REGULATION OF B CELL MEDIATED IMMUNITY%GOBP%GO:0002712		17	0.37365407	1.0002016	0.4596527	0.7263724	1.0	1023	tags=18%, list=8%, signal=19%	
REGULATION OF NECROPTOTIC PROCESS%GOBP%GO:0060544	REGULATION OF NECROPTOTIC PROCESS%GOBP%GO:0060544		17	0.36815965	1.0001427	0.45945945	0.7261555	1.0	1071	tags=24%, list=8%, signal=26%	
ZYMOGEN ACTIVATION%GOBP%GO:0031638	ZYMOGEN ACTIVATION%GOBP%GO:0031638		18	0.36375433	1.0001119	0.44773176	0.72583985	1.0	305	tags=11%, list=2%, signal=11%	
NON-PROTEINOGENIC AMINO ACID METABOLIC PROCESS%GOBP%GO:0170041	NON-PROTEINOGENIC AMINO ACID METABOLIC PROCESS%GOBP%GO:0170041		25	0.3375581	1.0000823	0.4535124	0.7255335	1.0	3385	tags=44%, list=25%, signal=59%	
CHROMOSOMAL AND MICROSATELLITE INSTABILITY IN COLORECTAL CANCER %WIKIPATHWAYS_20260211%WP4216%HOMO SAPIENS	CHROMOSOMAL AND MICROSATELLITE INSTABILITY IN COLORECTAL CANCER %WIKIPATHWAYS_20260211%WP4216%HOMO SAPIENS		58	0.2799252	0.9999701	0.46096256	0.7254571	1.0	1928	tags=22%, list=14%, signal=26%	
NUCLEOTIDE-SUGAR METABOLIC PROCESS%GOBP%GO:0009225	NUCLEOTIDE-SUGAR METABOLIC PROCESS%GOBP%GO:0009225		32	0.3163007	0.9990767	0.42752868	0.7276106	1.0	2494	tags=31%, list=18%, signal=38%	
PARKINSON 39 S DISEASE PATHWAY%WIKIPATHWAYS_20260211%WP2371%HOMO SAPIENS	PARKINSON 39 S DISEASE PATHWAY%WIKIPATHWAYS_20260211%WP2371%HOMO SAPIENS		26	0.32973504	0.999071	0.4534413	0.7272316	1.0	1039	tags=23%, list=8%, signal=25%	
REGULATION OF GLIAL CELL DIFFERENTIATION%GOBP%GO:0045685	REGULATION OF GLIAL CELL DIFFERENTIATION%GOBP%GO:0045685		26	0.3326545	0.99826336	0.45726055	0.72913414	1.0	1494	tags=27%, list=11%, signal=30%	
MYELOID LEUKOCYTE ACTIVATION%GOBP%GO:0002274	MYELOID LEUKOCYTE ACTIVATION%GOBP%GO:0002274		50	0.2878573	0.99806315	0.43445286	0.7293095	1.0	2896	tags=32%, list=21%, signal=41%	
NUCLEOTIDE EXCISION REPAIR%REACTOME%R-HSA-5696398.4	NUCLEOTIDE EXCISION REPAIR%REACTOME%R-HSA-5696398.4		106	0.25158474	0.9979854	0.43329775	0.7291348	1.0	2719	tags=28%, list=20%, signal=35%	
MOLECULAR PATHWAY FOR OXIDATIVE STRESS%WIKIPATHWAYS_20260211%WP5477%HOMO SAPIENS	MOLECULAR PATHWAY FOR OXIDATIVE STRESS%WIKIPATHWAYS_20260211%WP5477%HOMO SAPIENS		36	0.3055864	0.99753267	0.46097815	0.73000634	1.0	1368	tags=19%, list=10%, signal=22%	
METAPATHWAY BIOTRANSFORMATION PHASE I AND II%WIKIPATHWAYS_20260211%WP702%HOMO SAPIENS	METAPATHWAY BIOTRANSFORMATION PHASE I AND II%WIKIPATHWAYS_20260211%WP702%HOMO SAPIENS		69	0.26920444	0.99736905	0.432319	0.7300814	1.0	1834	tags=19%, list=14%, signal=22%	
REGULATION OF CELL-SUBSTRATE JUNCTION ASSEMBLY%GOBP%GO:0090109	REGULATION OF CELL-SUBSTRATE JUNCTION ASSEMBLY%GOBP%GO:0090109		52	0.28527096	0.9965467	0.4679752	0.73204195	1.0	2325	tags=21%, list=17%, signal=25%	
BIOLOGICAL PROCESS INVOLVED IN INTRASPECIES INTERACTION BETWEEN ORGANISMS%GOBP%GO:0051703	BIOLOGICAL PROCESS INVOLVED IN INTRASPECIES INTERACTION BETWEEN ORGANISMS%GOBP%GO:0051703		16	0.37263736	0.9962923	0.46587536	0.73233765	1.0	10	tags=6%, list=0%, signal=6%	
REGULATION OF MYELOID CELL DIFFERENTIATION%GOBP%GO:0045637	REGULATION OF MYELOID CELL DIFFERENTIATION%GOBP%GO:0045637		107	0.25122586	0.99605703	0.4655704	0.73262805	1.0	3078	tags=30%, list=23%, signal=38%	
REGULATION OF HUMORAL IMMUNE RESPONSE%GOBP%GO:0002920	REGULATION OF HUMORAL IMMUNE RESPONSE%GOBP%GO:0002920		15	0.38557702	0.99598634	0.48736098	0.73243666	1.0	2223	tags=20%, list=16%, signal=24%	
REGULATION OF TISSUE REMODELING%GOBP%GO:0034103	REGULATION OF TISSUE REMODELING%GOBP%GO:0034103		41	0.29737827	0.99583656	0.45705196	0.732467	1.0	1032	tags=12%, list=8%, signal=13%	
REGULATION OF PLATELET ACTIVATION%GOBP%GO:0010543	REGULATION OF PLATELET ACTIVATION%GOBP%GO:0010543		28	0.32235137	0.99579734	0.44639176	0.7321857	1.0	3269	tags=32%, list=24%, signal=42%	
NEGATIVE REGULATION OF ADAPTIVE IMMUNE RESPONSE BASED ON SOMATIC RECOMBINATION OF IMMUNE RECEPTORS BUILT FROM IMMUNOGLOBULIN SUPERFAMILY DOMAINS%GOBP%GO:0002823	NEGATIVE REGULATION OF ADAPTIVE IMMUNE RESPONSE BASED ON SOMATIC RECOMBINATION OF IMMUNE RECEPTORS BUILT FROM IMMUNOGLOBULIN SUPERFAMILY DOMAINS%GOBP%GO:0002823		28	0.3261195	0.9954753	0.47405902	0.7326845	1.0	2014	tags=18%, list=15%, signal=21%	
EMBRYONIC STEM CELL PLURIPOTENCY PATHWAYS%WIKIPATHWAYS_20260211%WP3931%HOMO SAPIENS	EMBRYONIC STEM CELL PLURIPOTENCY PATHWAYS%WIKIPATHWAYS_20260211%WP3931%HOMO SAPIENS		72	0.26424572	0.99491537	0.45993757	0.733832	1.0	1458	tags=18%, list=11%, signal=20%	
IBUPROFEN ACTION PATHWAY%SMPDB%SMP0000086	IBUPROFEN ACTION PATHWAY%SMPDB%SMP0000086		24	0.33513808	0.9947684	0.45266274	0.7338654	1.0	1475	tags=21%, list=11%, signal=23%	
REGULATION OF ENDOCYTOSIS%GOBP%GO:0030100	REGULATION OF ENDOCYTOSIS%GOBP%GO:0030100		167	0.2372409	0.9947601	0.45770064	0.7334927	1.0	2544	tags=22%, list=19%, signal=27%	
REGULATION OF MUSCLE SYSTEM PROCESS%GOBP%GO:0090257	REGULATION OF MUSCLE SYSTEM PROCESS%GOBP%GO:0090257		125	0.24389216	0.9945428	0.46226415	0.73369086	1.0	2468	tags=25%, list=18%, signal=30%	
SOCIAL BEHAVIOR%GOBP%GO:0035176	SOCIAL BEHAVIOR%GOBP%GO:0035176		16	0.37263736	0.9945071	0.46331236	0.7333892	1.0	10	tags=6%, list=0%, signal=6%	
PLASMA MEMBRANE REPAIR%GOBP%GO:0001778	PLASMA MEMBRANE REPAIR%GOBP%GO:0001778		23	0.34020743	0.99447006	0.456778	0.73310214	1.0	3298	tags=52%, list=24%, signal=69%	
PROTEIN-RNA COMPLEX ASSEMBLY%GOBP%GO:0022618	PROTEIN-RNA COMPLEX ASSEMBLY%GOBP%GO:0022618		199	0.23175904	0.9944527	0.47065216	0.73275584	1.0	2367	tags=19%, list=18%, signal=22%	
REGULATION OF HOMOTYPIC CELL-CELL ADHESION%REACTOME DATABASE ID RELEASE 95%9759476	REGULATION OF HOMOTYPIC CELL-CELL ADHESION%REACTOME DATABASE ID RELEASE 95%9759476		134	0.23984697	0.9944447	0.45073614	0.7323872	1.0	1373	tags=16%, list=10%, signal=17%	
NEGATIVE REGULATION OF NEUROGENESIS%GOBP%GO:0050768	NEGATIVE REGULATION OF NEUROGENESIS%GOBP%GO:0050768		47	0.2902007	0.99406856	0.47153598	0.733107	1.0	359	tags=11%, list=3%, signal=11%	
LPS AND CITRATE SIGNALING AND INFLAMMATION%PATHWHIZ%PW101069	LPS AND CITRATE SIGNALING AND INFLAMMATION%PATHWHIZ%PW101069		21	0.34702793	0.99397814	0.44319344	0.73297447	1.0	2846	tags=29%, list=21%, signal=36%	
NUCLEAR RECEPTORS META PATHWAY%WIKIPATHWAYS_20260211%WP2882%HOMO SAPIENS	NUCLEAR RECEPTORS META PATHWAY%WIKIPATHWAYS_20260211%WP2882%HOMO SAPIENS		166	0.2368877	0.9938877	0.47729674	0.73284376	1.0	2649	tags=22%, list=20%, signal=27%	
TRANSCRIPTION INITIATION AT RNA POLYMERASE I PROMOTER%GOBP%GO:0006361	TRANSCRIPTION INITIATION AT RNA POLYMERASE I PROMOTER%GOBP%GO:0006361		15	0.38642666	0.99353063	0.46006066	0.73349786	1.0	2529	tags=40%, list=19%, signal=49%	
DEVELOPMENT OF PRIMARY SEXUAL CHARACTERISTICS%GOBP%GO:0045137	DEVELOPMENT OF PRIMARY SEXUAL CHARACTERISTICS%GOBP%GO:0045137		52	0.2824342	0.99321395	0.45310855	0.73402816	1.0	1994	tags=21%, list=15%, signal=25%	
REGULATION OF VASOCONSTRICTION%GOBP%GO:0019229	REGULATION OF VASOCONSTRICTION%GOBP%GO:0019229		22	0.34361896	0.99297684	0.47009444	0.73428077	1.0	845	tags=18%, list=6%, signal=19%	
EPHB FORWARD SIGNALING%PATHWAY INTERACTION DATABASE NCI-NATURE CURATED DATA%EPHB FORWARD SIGNALING	EPHB FORWARD SIGNALING%PATHWAY INTERACTION DATABASE NCI-NATURE CURATED DATA%EPHB FORWARD SIGNALING		37	0.30491737	0.9928424	0.46979168	0.73425364	1.0	803	tags=16%, list=6%, signal=17%	
MUSCLE CELL DIFFERENTIATION%GOBP%GO:0042692	MUSCLE CELL DIFFERENTIATION%GOBP%GO:0042692		134	0.2408042	0.9923001	0.46582544	0.7354277	1.0	2628	tags=25%, list=19%, signal=30%	
CARDIOMYOCYTE SIGNALING CONVERGING ON TITIN%WIKIPATHWAYS_20260211%WP5344%HOMO SAPIENS	CARDIOMYOCYTE SIGNALING CONVERGING ON TITIN%WIKIPATHWAYS_20260211%WP5344%HOMO SAPIENS		21	0.34641296	0.9922175	0.45586708	0.7352685	1.0	3982	tags=57%, list=29%, signal=81%	
PID_NETRIN_PATHWAY%MSIGDB_C2%PID_NETRIN_PATHWAY	PID_NETRIN_PATHWAY%MSIGDB_C2%PID_NETRIN_PATHWAY		24	0.33478153	0.9922136	0.4542683	0.7348873	1.0	1800	tags=25%, list=13%, signal=29%	
VESICLE TRANSPORT ALONG MICROTUBULE%GOBP%GO:0047496	VESICLE TRANSPORT ALONG MICROTUBULE%GOBP%GO:0047496		37	0.30728862	0.9916466	0.46624473	0.7360981	1.0	2868	tags=32%, list=21%, signal=41%	
POSITIVE REGULATION OF MONOATOMIC ION TRANSMEMBRANE TRANSPORT%GOBP%GO:0034767	POSITIVE REGULATION OF MONOATOMIC ION TRANSMEMBRANE TRANSPORT%GOBP%GO:0034767		61	0.2732518	0.99162245	0.47301587	0.73577887	1.0	2165	tags=21%, list=16%, signal=25%	
INNER MITOCHONDRIAL MEMBRANE ORGANIZATION%GOBP%GO:0007007	INNER MITOCHONDRIAL MEMBRANE ORGANIZATION%GOBP%GO:0007007		33	0.3108409	0.9912011	0.45694023	0.7365662	1.0	3247	tags=36%, list=24%, signal=48%	
REGULATION OF TRANSFORMING GROWTH FACTOR BETA PRODUCTION%GOBP%GO:0071634	REGULATION OF TRANSFORMING GROWTH FACTOR BETA PRODUCTION%GOBP%GO:0071634		15	0.37984088	0.9911848	0.46341464	0.7362191	1.0	1665	tags=27%, list=12%, signal=30%	
TRANSCRIPTIONAL REGULATION BY RUNX1%REACTOME DATABASE ID RELEASE 95%8878171	TRANSCRIPTIONAL REGULATION BY RUNX1%REACTOME DATABASE ID RELEASE 95%8878171		143	0.23954214	0.99036866	0.4732424	0.73811626	1.0	3110	tags=27%, list=23%, signal=35%	
NUCLEAR-TRANSCRIBED MRNA CATABOLIC PROCESS, DEADENYLATION-DEPENDENT DECAY%GOBP%GO:0000288	NUCLEAR-TRANSCRIBED MRNA CATABOLIC PROCESS, DEADENYLATION-DEPENDENT DECAY%GOBP%GO:0000288		41	0.30100426	0.9902553	0.45541403	0.738044	1.0	3017	tags=39%, list=22%, signal=50%	
NEGATIVE REGULATION OF TYPE II INTERFERON PRODUCTION%GOBP%GO:0032689	NEGATIVE REGULATION OF TYPE II INTERFERON PRODUCTION%GOBP%GO:0032689		17	0.36470005	0.9895866	0.47415507	0.73953843	1.0	1968	tags=24%, list=15%, signal=28%	
SNRNA 3'-END PROCESSING%GOBP%GO:0034472	SNRNA 3'-END PROCESSING%GOBP%GO:0034472		19	0.35584283	0.9893591	0.472167	0.7397734	1.0	299	tags=11%, list=2%, signal=11%	
CELLULAR DETOXIFICATION%GOBP%GO:1990748	CELLULAR DETOXIFICATION%GOBP%GO:1990748		38	0.3002294	0.98934495	0.46985447	0.7394198	1.0	3273	tags=39%, list=24%, signal=52%	
STEM CELL PROLIFERATION%GOBP%GO:0072089	STEM CELL PROLIFERATION%GOBP%GO:0072089		16	0.37318498	0.9890329	0.46018615	0.7398875	1.0	1345	tags=13%, list=10%, signal=14%	
REGULATION OF EXTRINSIC APOPTOTIC SIGNALING PATHWAY%GOBP%GO:2001236	REGULATION OF EXTRINSIC APOPTOTIC SIGNALING PATHWAY%GOBP%GO:2001236		90	0.25678855	0.9888555	0.47245762	0.7399886	1.0	1994	tags=20%, list=15%, signal=23%	
MESENCHYME DEVELOPMENT%GOBP%GO:0060485	MESENCHYME DEVELOPMENT%GOBP%GO:0060485		136	0.24005413	0.98835915	0.47009444	0.74102366	1.0	1735	tags=17%, list=13%, signal=19%	
MUSCLE CONTRACTION%REACTOME DATABASE ID RELEASE 95%397014	MUSCLE CONTRACTION%REACTOME DATABASE ID RELEASE 95%397014		140	0.238368	0.98824185	0.48481676	0.7409632	1.0	2191	tags=18%, list=16%, signal=21%	
PPARA ACTIVATES GENE EXPRESSION%REACTOME DATABASE ID RELEASE 95%1989781	PPARA ACTIVATES GENE EXPRESSION%REACTOME DATABASE ID RELEASE 95%1989781		100	0.25043184	0.9881122	0.4717369	0.7409262	1.0	1311	tags=15%, list=10%, signal=16%	
DEVELOPMENTAL CELL GROWTH%GOBP%GO:0048588	DEVELOPMENTAL CELL GROWTH%GOBP%GO:0048588		41	0.29538706	0.9877646	0.48429036	0.74150145	1.0	4164	tags=49%, list=31%, signal=70%	
POSITIVE REGULATION OF MUSCLE HYPERTROPHY%GOBP%GO:0014742	POSITIVE REGULATION OF MUSCLE HYPERTROPHY%GOBP%GO:0014742		16	0.37083033	0.9876365	0.45409673	0.7414724	1.0	2167	tags=31%, list=16%, signal=37%	
REGULATION OF ENDOTHELIAL CELL DIFFERENTIATION%GOBP%GO:0045601	REGULATION OF ENDOTHELIAL CELL DIFFERENTIATION%GOBP%GO:0045601		22	0.33815	0.98761135	0.46363637	0.7411594	1.0	845	tags=14%, list=6%, signal=15%	
AORTIC VALVE DEVELOPMENT%GOBP%GO:0003176	AORTIC VALVE DEVELOPMENT%GOBP%GO:0003176		36	0.30274636	0.9876085	0.47521865	0.74077874	1.0	416	tags=11%, list=3%, signal=11%	
NEGATIVE REGULATION OF ADAPTIVE IMMUNE RESPONSE%GOBP%GO:0002820	NEGATIVE REGULATION OF ADAPTIVE IMMUNE RESPONSE%GOBP%GO:0002820		29	0.32024625	0.9873786	0.46936655	0.74104255	1.0	2014	tags=17%, list=15%, signal=20%	
DEOXYRIBOSE PHOSPHATE CATABOLIC PROCESS%GOBP%GO:0046386	DEOXYRIBOSE PHOSPHATE CATABOLIC PROCESS%GOBP%GO:0046386		20	0.34709334	0.986212	0.46369293	0.74397624	1.0	2000	tags=20%, list=15%, signal=23%	
NEUTRAL AMINO ACID TRANSPORT%GOBP%GO:0015804	NEUTRAL AMINO ACID TRANSPORT%GOBP%GO:0015804		30	0.3144342	0.9857378	0.47141424	0.74494463	1.0	2210	tags=23%, list=16%, signal=28%	
ORGANIC ANION TRANSPORT%GOBP%GO:0015711	ORGANIC ANION TRANSPORT%GOBP%GO:0015711		192	0.22805442	0.9848053	0.4928493	0.74720114	1.0	2253	tags=20%, list=17%, signal=24%	
INSERTION OF TAIL-ANCHORED PROTEINS INTO THE ENDOPLASMIC RETICULUM MEMBRANE%REACTOME%R-HSA-9609523.4	INSERTION OF TAIL-ANCHORED PROTEINS INTO THE ENDOPLASMIC RETICULUM MEMBRANE%REACTOME%R-HSA-9609523.4		16	0.36587247	0.9845158	0.47497547	0.74761015	1.0	4116	tags=56%, list=30%, signal=81%	
SUDDEN INFANT DEATH SYNDROME SIDS SUSCEPTIBILITY PATHWAYS%WIKIPATHWAYS_20260211%WP706%HOMO SAPIENS	SUDDEN INFANT DEATH SYNDROME SIDS SUSCEPTIBILITY PATHWAYS%WIKIPATHWAYS_20260211%WP706%HOMO SAPIENS		80	0.25958693	0.9843835	0.48317048	0.7476011	1.0	3029	tags=31%, list=22%, signal=40%	
NEGATIVE REGULATION OF ANGIOGENESIS%GOBP%GO:0016525	NEGATIVE REGULATION OF ANGIOGENESIS%GOBP%GO:0016525		63	0.27106518	0.98431814	0.48429585	0.74740493	1.0	3223	tags=30%, list=24%, signal=39%	
CASPASE CASCADE IN APOPTOSIS%PATHWAY INTERACTION DATABASE NCI-NATURE CURATED DATA%CASPASE CASCADE IN APOPTOSIS	CASPASE CASCADE IN APOPTOSIS%PATHWAY INTERACTION DATABASE NCI-NATURE CURATED DATA%CASPASE CASCADE IN APOPTOSIS		46	0.28842705	0.9842774	0.49946752	0.747124	1.0	1380	tags=17%, list=10%, signal=19%	
NUCLEIC ACID CATABOLIC PROCESS%GOBP%GO:0141188	NUCLEIC ACID CATABOLIC PROCESS%GOBP%GO:0141188		194	0.22810534	0.98401177	0.47592998	0.74746805	1.0	2293	tags=22%, list=17%, signal=26%	
NEGATIVE REGULATION OF VASCULATURE DEVELOPMENT%GOBP%GO:1901343	NEGATIVE REGULATION OF VASCULATURE DEVELOPMENT%GOBP%GO:1901343		63	0.27106518	0.984011	0.4931071	0.74707884	1.0	3223	tags=30%, list=24%, signal=39%	
T CELL ACTIVATION%GOBP%GO:0042110	T CELL ACTIVATION%GOBP%GO:0042110		134	0.23931053	0.98378575	0.49895614	0.74732006	1.0	3003	tags=25%, list=22%, signal=31%	
BURN WOUND HEALING%WIKIPATHWAYS_20260211%WP5055%HOMO SAPIENS	BURN WOUND HEALING%WIKIPATHWAYS_20260211%WP5055%HOMO SAPIENS		38	0.29783973	0.9835348	0.46474358	0.74764735	1.0	1758	tags=18%, list=13%, signal=21%	
CIRCADIAN RHYTHM%GOBP%GO:0007623	CIRCADIAN RHYTHM%GOBP%GO:0007623		81	0.25783676	0.98352444	0.47979274	0.74728346	1.0	2852	tags=28%, list=21%, signal=36%	
NEGATIVE REGULATION OF INTRINSIC APOPTOTIC SIGNALING PATHWAY%GOBP%GO:2001243	NEGATIVE REGULATION OF INTRINSIC APOPTOTIC SIGNALING PATHWAY%GOBP%GO:2001243		65	0.26972696	0.98303735	0.49945945	0.74828315	1.0	3273	tags=26%, list=24%, signal=34%	
POSITIVE REGULATION OF STEM CELL DIFFERENTIATION%GOBP%GO:2000738	POSITIVE REGULATION OF STEM CELL DIFFERENTIATION%GOBP%GO:2000738		15	0.37414587	0.9829057	0.47164178	0.74825925	1.0	1665	tags=33%, list=12%, signal=38%	
NEGATIVE REGULATION OF RESPONSE TO WOUNDING%GOBP%GO:1903035	NEGATIVE REGULATION OF RESPONSE TO WOUNDING%GOBP%GO:1903035		44	0.28957447	0.98286587	0.490316	0.7479752	1.0	303	tags=9%, list=2%, signal=9%	
MICRORNAS IN CARDIOMYOCYTE HYPERTROPHY%WIKIPATHWAYS_20260211%WP1544%HOMO SAPIENS	MICRORNAS IN CARDIOMYOCYTE HYPERTROPHY%WIKIPATHWAYS_20260211%WP1544%HOMO SAPIENS		63	0.26799926	0.98286146	0.4802495	0.7475991	1.0	1852	tags=21%, list=14%, signal=24%	
MEMBRANE RAFT ORGANIZATION%GOBP%GO:0031579	MEMBRANE RAFT ORGANIZATION%GOBP%GO:0031579		16	0.36884856	0.982837	0.4659091	0.74727523	1.0	4186	tags=50%, list=31%, signal=72%	
REGULATION OF BLOOD CIRCULATION%GOBP%GO:1903522	REGULATION OF BLOOD CIRCULATION%GOBP%GO:1903522		132	0.23827638	0.9823371	0.48376623	0.74830496	1.0	2636	tags=27%, list=20%, signal=34%	
CANNABINOID RECEPTOR SIGNALING%WIKIPATHWAYS_20260211%WP3869%HOMO SAPIENS	CANNABINOID RECEPTOR SIGNALING%WIKIPATHWAYS_20260211%WP3869%HOMO SAPIENS		17	0.36422792	0.98228157	0.48629442	0.7480696	1.0	2778	tags=35%, list=21%, signal=44%	
REGULATION OF CELL JUNCTION ASSEMBLY%GOBP%GO:1901888	REGULATION OF CELL JUNCTION ASSEMBLY%GOBP%GO:1901888		134	0.24072444	0.9822403	0.50213677	0.7478014	1.0	2455	tags=22%, list=18%, signal=27%	
PTERIDINE-CONTAINING COMPOUND METABOLIC PROCESS%GOBP%GO:0042558	PTERIDINE-CONTAINING COMPOUND METABOLIC PROCESS%GOBP%GO:0042558		24	0.3361141	0.98206365	0.47624075	0.74789506	1.0	1718	tags=29%, list=13%, signal=33%	
MAINTENANCE OF PROTEIN LOCATION%GOBP%GO:0045185	MAINTENANCE OF PROTEIN LOCATION%GOBP%GO:0045185		43	0.28733677	0.9815482	0.49175256	0.7490081	1.0	2929	tags=35%, list=22%, signal=44%	
PID_SYNDECAN_2_PATHWAY%MSIGDB_C2%PID_SYNDECAN_2_PATHWAY	PID_SYNDECAN_2_PATHWAY%MSIGDB_C2%PID_SYNDECAN_2_PATHWAY		21	0.34742028	0.9812987	0.49150848	0.74931353	1.0	803	tags=19%, list=6%, signal=20%	
NEGATIVE REGULATION OF BLOOD VESSEL MORPHOGENESIS%GOBP%GO:2000181	NEGATIVE REGULATION OF BLOOD VESSEL MORPHOGENESIS%GOBP%GO:2000181		63	0.27106518	0.98122734	0.46824542	0.74912846	1.0	3223	tags=30%, list=24%, signal=39%	
SARS-COV-2-HOST INTERACTIONS%REACTOME DATABASE ID RELEASE 95%9705683	SARS-COV-2-HOST INTERACTIONS%REACTOME DATABASE ID RELEASE 95%9705683		158	0.23539247	0.98089945	0.49283352	0.74967694	1.0	2896	tags=27%, list=21%, signal=33%	
VALIDATED TARGETS OF C-MYC TRANSCRIPTIONAL ACTIVATION%PATHWAY INTERACTION DATABASE NCI-NATURE CURATED DATA%VALIDATED TARGETS OF C-MYC TRANSCRIPTIONAL ACTIVATION	VALIDATED TARGETS OF C-MYC TRANSCRIPTIONAL ACTIVATION%PATHWAY INTERACTION DATABASE NCI-NATURE CURATED DATA%VALIDATED TARGETS OF C-MYC TRANSCRIPTIONAL ACTIVATION		75	0.26294282	0.98067755	0.48345783	0.74992037	1.0	2047	tags=24%, list=15%, signal=28%	
RESPONSE OF MTB TO PHAGOCYTOSIS%REACTOME%R-HSA-9637690.3	RESPONSE OF MTB TO PHAGOCYTOSIS%REACTOME%R-HSA-9637690.3		21	0.3403845	0.98044544	0.4802495	0.7501797	1.0	1921	tags=29%, list=14%, signal=33%	
POSITIVE REGULATION OF CARDIAC MUSCLE HYPERTROPHY%GOBP%GO:0010613	POSITIVE REGULATION OF CARDIAC MUSCLE HYPERTROPHY%GOBP%GO:0010613		16	0.37083033	0.97995955	0.48041236	0.7511508	1.0	2167	tags=31%, list=16%, signal=37%	
PDGF PATHWAY%WIKIPATHWAYS_20260211%WP2526%HOMO SAPIENS	PDGF PATHWAY%WIKIPATHWAYS_20260211%WP2526%HOMO SAPIENS		30	0.31676525	0.9794844	0.47765958	0.75210303	1.0	3111	tags=30%, list=23%, signal=39%	
MITOCHONDRIAL RNA METABOLIC PROCESS%GOBP%GO:0000959	MITOCHONDRIAL RNA METABOLIC PROCESS%GOBP%GO:0000959		48	0.28162378	0.9794733	0.492163	0.7517427	1.0	2284	tags=27%, list=17%, signal=32%	
CELLULAR RESPONSE TO TOXIC SUBSTANCE%GOBP%GO:0097237	CELLULAR RESPONSE TO TOXIC SUBSTANCE%GOBP%GO:0097237		42	0.29540423	0.9793709	0.4844845	0.75163573	1.0	3039	tags=36%, list=22%, signal=46%	
PLATELET DEGRANULATION%REACTOME DATABASE ID RELEASE 95%114608	PLATELET DEGRANULATION%REACTOME DATABASE ID RELEASE 95%114608		91	0.25506935	0.97929925	0.49432406	0.7514548	1.0	1946	tags=22%, list=14%, signal=26%	
RESPONSE TO HEAT%GOBP%GO:0009408	RESPONSE TO HEAT%GOBP%GO:0009408		49	0.28317192	0.9791211	0.47521552	0.75154924	1.0	2649	tags=24%, list=20%, signal=30%	
T CELL COSTIMULATION%GOBP%GO:0031295	T CELL COSTIMULATION%GOBP%GO:0031295		19	0.35550025	0.9789846	0.47089398	0.7515373	1.0	3485	tags=37%, list=26%, signal=50%	
RETINOL METABOLISM%SMPDB%SMP0000074	RETINOL METABOLISM%SMPDB%SMP0000074		17	0.3656826	0.9777588	0.49947312	0.754653	1.0	3434	tags=41%, list=25%, signal=55%	
TGF-BETA RECEPTOR SIGNALING%PATHWAY INTERACTION DATABASE NCI-NATURE CURATED DATA%TGF-BETA RECEPTOR SIGNALING	TGF-BETA RECEPTOR SIGNALING%PATHWAY INTERACTION DATABASE NCI-NATURE CURATED DATA%TGF-BETA RECEPTOR SIGNALING		49	0.28351653	0.9776934	0.50155765	0.7544492	1.0	3389	tags=37%, list=25%, signal=49%	
ALPHA-SYNUCLEIN SIGNALING%PATHWAY INTERACTION DATABASE NCI-NATURE CURATED DATA%ALPHA-SYNUCLEIN SIGNALING	ALPHA-SYNUCLEIN SIGNALING%PATHWAY INTERACTION DATABASE NCI-NATURE CURATED DATA%ALPHA-SYNUCLEIN SIGNALING		20	0.34710374	0.97759014	0.48070908	0.75433934	1.0	2432	tags=30%, list=18%, signal=37%	
T CELL ANTIGEN RECEPTOR TCR PATHWAY DURING STAPHYLOCOCCUS AUREUS INFECTION%WIKIPATHWAYS_20260211%WP3863%HOMO SAPIENS	T CELL ANTIGEN RECEPTOR TCR PATHWAY DURING STAPHYLOCOCCUS AUREUS INFECTION%WIKIPATHWAYS_20260211%WP3863%HOMO SAPIENS		36	0.30005187	0.977552	0.5035389	0.7540504	1.0	2862	tags=28%, list=21%, signal=35%	
RENIN ANGIOTENSIN ALDOSTERONE SYSTEM RAAS %WIKIPATHWAYS_20260211%WP4756%HOMO SAPIENS	RENIN ANGIOTENSIN ALDOSTERONE SYSTEM RAAS %WIKIPATHWAYS_20260211%WP4756%HOMO SAPIENS		22	0.33916032	0.9772302	0.49373695	0.75456554	1.0	1517	tags=23%, list=11%, signal=26%	
ACTIN-MEDIATED CELL CONTRACTION%GOBP%GO:0070252	ACTIN-MEDIATED CELL CONTRACTION%GOBP%GO:0070252		48	0.28360304	0.97712505	0.48547718	0.7544824	1.0	2916	tags=31%, list=22%, signal=40%	
N-GLYCAN PROCESSING%GOBP%GO:0006491	N-GLYCAN PROCESSING%GOBP%GO:0006491		19	0.35196117	0.97683513	0.47467726	0.7548889	1.0	1633	tags=16%, list=12%, signal=18%	
SLC-MEDIATED TRANSPORT OF INORGANIC ANIONS%REACTOME%R-HSA-9958790.2	SLC-MEDIATED TRANSPORT OF INORGANIC ANIONS%REACTOME%R-HSA-9958790.2		21	0.34157142	0.9767717	0.47962382	0.7546707	1.0	1571	tags=29%, list=12%, signal=32%	
FRAGILE X SYNDROME%WIKIPATHWAYS_20260211%WP4549%HOMO SAPIENS	FRAGILE X SYNDROME%WIKIPATHWAYS_20260211%WP4549%HOMO SAPIENS		82	0.25805444	0.97609836	0.48938322	0.7562126	1.0	2423	tags=26%, list=18%, signal=31%	
BRAIN MORPHOGENESIS%GOBP%GO:0048854	BRAIN MORPHOGENESIS%GOBP%GO:0048854		15	0.37177044	0.9759289	0.4860835	0.75630766	1.0	10	tags=7%, list=0%, signal=7%	
NEGATIVE REGULATION OF INNATE IMMUNE RESPONSE%GOBP%GO:0045824	NEGATIVE REGULATION OF INNATE IMMUNE RESPONSE%GOBP%GO:0045824		59	0.27125546	0.975907	0.4895178	0.7559807	1.0	3674	tags=36%, list=27%, signal=49%	
SARS-COV-1 ACTIVATES MODULATES INNATE IMMUNE RESPONSES%REACTOME%R-HSA-9692916.2	SARS-COV-1 ACTIVATES MODULATES INNATE IMMUNE RESPONSES%REACTOME%R-HSA-9692916.2		32	0.30778393	0.97581017	0.48964804	0.7558645	1.0	3165	tags=38%, list=23%, signal=49%	
REGULATION OF D-GLUCOSE IMPORT ACROSS PLASMA MEMBRANE%GOBP%GO:0046324	REGULATION OF D-GLUCOSE IMPORT ACROSS PLASMA MEMBRANE%GOBP%GO:0046324		25	0.3309002	0.9752219	0.49261084	0.7571641	1.0	2123	tags=20%, list=16%, signal=24%	
REGULATION OF T CELL DIFFERENTIATION%GOBP%GO:0045580	REGULATION OF T CELL DIFFERENTIATION%GOBP%GO:0045580		102	0.24567032	0.9746748	0.5083426	0.7583011	1.0	1550	tags=18%, list=11%, signal=20%	
HALLMARK_PEROXISOME%MSIGDBHALLMARK%HALLMARK_PEROXISOME	HALLMARK_PEROXISOME%MSIGDBHALLMARK%HALLMARK_PEROXISOME		68	0.264252	0.97451764	0.49319372	0.75836354	1.0	2003	tags=26%, list=15%, signal=31%	
HEME METABOLIC PROCESS%GOBP%GO:0042168	HEME METABOLIC PROCESS%GOBP%GO:0042168		29	0.31706658	0.9742819	0.5057712	0.7586314	1.0	2262	tags=34%, list=17%, signal=41%	
MONOCARBOXYLIC ACID TRANSPORT%GOBP%GO:0015718	MONOCARBOXYLIC ACID TRANSPORT%GOBP%GO:0015718		66	0.26580578	0.97409153	0.5042553	0.7587731	1.0	4235	tags=39%, list=31%, signal=57%	
NUCLEOTIDE BIOSYNTHETIC PROCESS%GOBP%GO:0009165	NUCLEOTIDE BIOSYNTHETIC PROCESS%GOBP%GO:0009165		121	0.2384688	0.97346526	0.5222584	0.7601812	1.0	2931	tags=31%, list=22%, signal=40%	
MITOCHONDRIAL RNA PROCESSING%GOBP%GO:0000963	MITOCHONDRIAL RNA PROCESSING%GOBP%GO:0000963		27	0.31800634	0.9733685	0.50654584	0.7600554	1.0	2025	tags=30%, list=15%, signal=35%	
DENDRITE DEVELOPMENT%GOBP%GO:0016358	DENDRITE DEVELOPMENT%GOBP%GO:0016358		47	0.2841035	0.97252864	0.5057232	0.7619867	1.0	2771	tags=32%, list=21%, signal=40%	
NUCLEOSIDE PHOSPHATE CATABOLIC PROCESS%GOBP%GO:1901292	NUCLEOSIDE PHOSPHATE CATABOLIC PROCESS%GOBP%GO:1901292		91	0.25178456	0.9724754	0.5122471	0.7617493	1.0	3331	tags=29%, list=25%, signal=38%	
MAINTENANCE OF PROTEIN LOCATION IN CELL%GOBP%GO:0032507	MAINTENANCE OF PROTEIN LOCATION IN CELL%GOBP%GO:0032507		43	0.28733677	0.97234297	0.51115835	0.7617461	1.0	2929	tags=35%, list=22%, signal=44%	
DEOXYRIBONUCLEOTIDE CATABOLIC PROCESS%GOBP%GO:0009264	DEOXYRIBONUCLEOTIDE CATABOLIC PROCESS%GOBP%GO:0009264		21	0.34199166	0.97232383	0.5159301	0.76141745	1.0	2000	tags=19%, list=15%, signal=22%	
MESODERM FORMATION%GOBP%GO:0001707	MESODERM FORMATION%GOBP%GO:0001707		20	0.34663993	0.9721417	0.48626652	0.76152277	1.0	1937	tags=20%, list=14%, signal=23%	
LYMPHOCYTE DIFFERENTIATION%GOBP%GO:0030098	LYMPHOCYTE DIFFERENTIATION%GOBP%GO:0030098		119	0.24192658	0.9720645	0.51237893	0.76134264	1.0	3485	tags=33%, list=26%, signal=44%	
ADAPTIVE IMMUNE RESPONSE BASED ON SOMATIC RECOMBINATION OF IMMUNE RECEPTORS BUILT FROM IMMUNOGLOBULIN SUPERFAMILY DOMAINS%GOBP%GO:0002460	ADAPTIVE IMMUNE RESPONSE BASED ON SOMATIC RECOMBINATION OF IMMUNE RECEPTORS BUILT FROM IMMUNOGLOBULIN SUPERFAMILY DOMAINS%GOBP%GO:0002460		71	0.26133046	0.97205734	0.507772	0.7609764	1.0	2998	tags=28%, list=22%, signal=36%	
REGULATION OF CARDIAC MUSCLE CELL ACTION POTENTIAL%GOBP%GO:0098901	REGULATION OF CARDIAC MUSCLE CELL ACTION POTENTIAL%GOBP%GO:0098901		24	0.3314385	0.9720226	0.48272458	0.7606901	1.0	3274	tags=46%, list=24%, signal=60%	
NEGATIVE REGULATION OF RESPONSE TO BIOTIC STIMULUS%GOBP%GO:0002832	NEGATIVE REGULATION OF RESPONSE TO BIOTIC STIMULUS%GOBP%GO:0002832		82	0.2538646	0.97198164	0.51602894	0.7604234	1.0	3674	tags=34%, list=27%, signal=47%	
CELL MATURATION%GOBP%GO:0048469	CELL MATURATION%GOBP%GO:0048469		48	0.28099847	0.971745	0.50619835	0.760696	1.0	1048	tags=17%, list=8%, signal=18%	
HEPATITIS C AND HEPATOCELLULAR CARCINOMA%WIKIPATHWAYS_20260211%WP3646%HOMO SAPIENS	HEPATITIS C AND HEPATOCELLULAR CARCINOMA%WIKIPATHWAYS_20260211%WP3646%HOMO SAPIENS		35	0.30065972	0.97170234	0.47751606	0.7604259	1.0	1368	tags=23%, list=10%, signal=25%	
ALPHA-AMINO ACID CATABOLIC PROCESS%GOBP%GO:1901606	ALPHA-AMINO ACID CATABOLIC PROCESS%GOBP%GO:1901606		47	0.28485262	0.9715578	0.48879403	0.760444	1.0	3385	tags=36%, list=25%, signal=48%	
POSITIVE REGULATION OF LYMPHOCYTE MEDIATED IMMUNITY%GOBP%GO:0002708	POSITIVE REGULATION OF LYMPHOCYTE MEDIATED IMMUNITY%GOBP%GO:0002708		55	0.27128989	0.97092247	0.49896908	0.7618603	1.0	2149	tags=20%, list=16%, signal=24%	
HEART PROCESS%GOBP%GO:0003015	HEART PROCESS%GOBP%GO:0003015		55	0.272795	0.97091824	0.49488753	0.761487	1.0	2518	tags=31%, list=19%, signal=38%	
POSITIVE REGULATION OF STEROL TRANSPORT%GOBP%GO:0032373	POSITIVE REGULATION OF STEROL TRANSPORT%GOBP%GO:0032373		21	0.3370567	0.97087175	0.49031007	0.76123327	1.0	1678	tags=29%, list=12%, signal=33%	
GLYCEROLIPIDS AND GLYCEROPHOSPHOLIPIDS%WIKIPATHWAYS_20260211%WP4722%HOMO SAPIENS	GLYCEROLIPIDS AND GLYCEROPHOSPHOLIPIDS%WIKIPATHWAYS_20260211%WP4722%HOMO SAPIENS		18	0.3555579	0.9701753	0.47843942	0.7627652	1.0	1658	tags=33%, list=12%, signal=38%	
REGULATION OF CELLULAR COMPONENT SIZE%GOBP%GO:0032535	REGULATION OF CELLULAR COMPONENT SIZE%GOBP%GO:0032535		176	0.2284893	0.9698407	0.52771616	0.76333225	1.0	1432	tags=14%, list=11%, signal=16%	
PID_IL2_PI3K_PATHWAY%MSIGDB_C2%PID_IL2_PI3K_PATHWAY	PID_IL2_PI3K_PATHWAY%MSIGDB_C2%PID_IL2_PI3K_PATHWAY		26	0.3241045	0.9694482	0.49848023	0.7640481	1.0	2769	tags=31%, list=20%, signal=39%	
NEGATIVE REGULATION OF EXTRINSIC APOPTOTIC SIGNALING PATHWAY%GOBP%GO:2001237	NEGATIVE REGULATION OF EXTRINSIC APOPTOTIC SIGNALING PATHWAY%GOBP%GO:2001237		59	0.2688603	0.9693107	0.5223124	0.7640498	1.0	1666	tags=17%, list=12%, signal=19%	
REGULATION OF D-GLUCOSE TRANSMEMBRANE TRANSPORT%GOBP%GO:0010827	REGULATION OF D-GLUCOSE TRANSMEMBRANE TRANSPORT%GOBP%GO:0010827		36	0.298921	0.9691593	0.5044776	0.7640739	1.0	1573	tags=17%, list=12%, signal=19%	
MAINTENANCE OF LOCATION%GOBP%GO:0051235	MAINTENANCE OF LOCATION%GOBP%GO:0051235		51	0.27499044	0.9688525	0.50409836	0.7645212	1.0	2929	tags=31%, list=22%, signal=40%	
MAPK CASCADE%WIKIPATHWAYS_20260211%WP422%HOMO SAPIENS	MAPK CASCADE%WIKIPATHWAYS_20260211%WP422%HOMO SAPIENS		29	0.31620184	0.9687529	0.49686193	0.7644158	1.0	3111	tags=41%, list=23%, signal=54%	
POSITIVE REGULATION OF CYTOKINE PRODUCTION INVOLVED IN IMMUNE RESPONSE%GOBP%GO:0002720	POSITIVE REGULATION OF CYTOKINE PRODUCTION INVOLVED IN IMMUNE RESPONSE%GOBP%GO:0002720		34	0.30267614	0.96848696	0.5010526	0.7647439	1.0	2277	tags=18%, list=17%, signal=21%	
PROTEIN ACYLATION%GOBP%GO:0043543	PROTEIN ACYLATION%GOBP%GO:0043543		47	0.28548723	0.968378	0.5025853	0.7646647	1.0	1316	tags=15%, list=10%, signal=16%	
REGULATION OF PLATELET AGGREGATION%GOBP%GO:0090330	REGULATION OF PLATELET AGGREGATION%GOBP%GO:0090330		18	0.35247654	0.9678637	0.49075976	0.76575845	1.0	3269	tags=33%, list=24%, signal=44%	
GOLGI TO PLASMA MEMBRANE PROTEIN TRANSPORT%GOBP%GO:0043001	GOLGI TO PLASMA MEMBRANE PROTEIN TRANSPORT%GOBP%GO:0043001		29	0.31564665	0.9677494	0.51706827	0.7657007	1.0	2932	tags=38%, list=22%, signal=48%	
INFECTION WITH MYCOBACTERIUM TUBERCULOSIS%REACTOME DATABASE ID RELEASE 95%9635486	INFECTION WITH MYCOBACTERIUM TUBERCULOSIS%REACTOME DATABASE ID RELEASE 95%9635486		22	0.33708668	0.9677122	0.50347567	0.7654066	1.0	1921	tags=27%, list=14%, signal=32%	
MODIFIED AMINO ACID TRANSPORT%GOBP%GO:0072337	MODIFIED AMINO ACID TRANSPORT%GOBP%GO:0072337		21	0.33395642	0.96739715	0.47147146	0.7658912	1.0	3589	tags=52%, list=27%, signal=71%	
CELL GROWTH%GOBP%GO:0016049	CELL GROWTH%GOBP%GO:0016049		42	0.28919342	0.96739477	0.48004094	0.7655122	1.0	4164	tags=48%, list=31%, signal=69%	
PPAR SIGNALING%WIKIPATHWAYS_20260211%WP3942%HOMO SAPIENS	PPAR SIGNALING%WIKIPATHWAYS_20260211%WP3942%HOMO SAPIENS		23	0.3335879	0.9671628	0.4924925	0.7657648	1.0	4041	tags=52%, list=30%, signal=74%	
HALLMARK_PI3K_AKT_MTOR_SIGNALING%MSIGDBHALLMARK%HALLMARK_PI3K_AKT_MTOR_SIGNALING	HALLMARK_PI3K_AKT_MTOR_SIGNALING%MSIGDBHALLMARK%HALLMARK_PI3K_AKT_MTOR_SIGNALING		70	0.26106098	0.96714306	0.5111821	0.76543665	1.0	2109	tags=20%, list=16%, signal=24%	
DETOXIFICATION%GOBP%GO:0098754	DETOXIFICATION%GOBP%GO:0098754		53	0.27750403	0.9668138	0.49124727	0.765973	1.0	3995	tags=43%, list=30%, signal=61%	
NEGATIVE REGULATION OF RNA SPLICING%GOBP%GO:0033119	NEGATIVE REGULATION OF RNA SPLICING%GOBP%GO:0033119		31	0.30455813	0.966774	0.50554997	0.76569366	1.0	1879	tags=26%, list=14%, signal=30%	
REGULATION OF BMP SIGNALING PATHWAY%GOBP%GO:0030510	REGULATION OF BMP SIGNALING PATHWAY%GOBP%GO:0030510		53	0.27486548	0.9666915	0.5148305	0.7655547	1.0	1988	tags=19%, list=15%, signal=22%	
POSITIVE REGULATION OF CHOLESTEROL TRANSPORT%GOBP%GO:0032376	POSITIVE REGULATION OF CHOLESTEROL TRANSPORT%GOBP%GO:0032376		21	0.3370567	0.96627593	0.50462484	0.7663101	1.0	1678	tags=29%, list=12%, signal=33%	
NEGATIVE REGULATION OF TUMOR NECROSIS FACTOR PRODUCTION%GOBP%GO:0032720	NEGATIVE REGULATION OF TUMOR NECROSIS FACTOR PRODUCTION%GOBP%GO:0032720		22	0.33678892	0.9662612	0.49267784	0.7659672	1.0	1648	tags=18%, list=12%, signal=21%	
RAS ACTIVATION UPON CA2+ INFLUX THROUGH NMDA RECEPTOR%REACTOME%R-HSA-442982.5	RAS ACTIVATION UPON CA2+ INFLUX THROUGH NMDA RECEPTOR%REACTOME%R-HSA-442982.5		15	0.37022683	0.9657075	0.5119048	0.7671537	1.0	973	tags=20%, list=7%, signal=22%	
BMP RECEPTOR SIGNALING%PATHWAY INTERACTION DATABASE NCI-NATURE CURATED DATA%BMP RECEPTOR SIGNALING	BMP RECEPTOR SIGNALING%PATHWAY INTERACTION DATABASE NCI-NATURE CURATED DATA%BMP RECEPTOR SIGNALING		33	0.30000612	0.9656959	0.4989796	0.76679945	1.0	1870	tags=21%, list=14%, signal=25%	
REGULATION OF CELL-SUBSTRATE JUNCTION ORGANIZATION%GOBP%GO:0150116	REGULATION OF CELL-SUBSTRATE JUNCTION ORGANIZATION%GOBP%GO:0150116		60	0.26672247	0.9656537	0.5118679	0.766536	1.0	2325	tags=20%, list=17%, signal=24%	
POSITIVE REGULATION OF PROTEIN TRANSPORT%GOBP%GO:0051222	POSITIVE REGULATION OF PROTEIN TRANSPORT%GOBP%GO:0051222		144	0.2327403	0.9655565	0.5682773	0.76641184	1.0	2161	tags=21%, list=16%, signal=25%	
CELLULAR RESPONSE TO ESTRADIOL STIMULUS%GOBP%GO:0071392	CELLULAR RESPONSE TO ESTRADIOL STIMULUS%GOBP%GO:0071392		15	0.36777306	0.9650731	0.50152594	0.76737964	1.0	2036	tags=27%, list=15%, signal=31%	
BIOCARTA_FMLP_PATHWAY%MSIGDB_C2%BIOCARTA_FMLP_PATHWAY	BIOCARTA_FMLP_PATHWAY%MSIGDB_C2%BIOCARTA_FMLP_PATHWAY		24	0.3260215	0.9649939	0.48654038	0.7672208	1.0	1458	tags=17%, list=11%, signal=19%	
ACTIN FILAMENT BUNDLE ORGANIZATION%GOBP%GO:0061572	ACTIN FILAMENT BUNDLE ORGANIZATION%GOBP%GO:0061572		51	0.27883074	0.9649594	0.5222672	0.7669278	1.0	1527	tags=18%, list=11%, signal=20%	
INNER EAR DEVELOPMENT%GOBP%GO:0048839	INNER EAR DEVELOPMENT%GOBP%GO:0048839		38	0.29324192	0.9649282	0.52459013	0.76662457	1.0	1665	tags=21%, list=12%, signal=24%	
MESODERM MORPHOGENESIS%GOBP%GO:0048332	MESODERM MORPHOGENESIS%GOBP%GO:0048332		21	0.33784884	0.964563	0.5058939	0.7672739	1.0	1937	tags=19%, list=14%, signal=22%	
ORGANIC ACID BIOSYNTHETIC PROCESS%GOBP%GO:0016053	ORGANIC ACID BIOSYNTHETIC PROCESS%GOBP%GO:0016053		141	0.23335432	0.96410495	0.53333336	0.7681628	1.0	1746	tags=19%, list=13%, signal=22%	
COLLAGEN METABOLIC PROCESS%GOBP%GO:0032963	COLLAGEN METABOLIC PROCESS%GOBP%GO:0032963		35	0.30214402	0.9636275	0.5118191	0.7691335	1.0	305	tags=9%, list=2%, signal=9%	
PID_AVB3_INTEGRIN_PATHWAY%MSIGDB_C2%PID_AVB3_INTEGRIN_PATHWAY	PID_AVB3_INTEGRIN_PATHWAY%MSIGDB_C2%PID_AVB3_INTEGRIN_PATHWAY		48	0.2817894	0.9627095	0.5178197	0.77137846	1.0	2363	tags=23%, list=17%, signal=28%	
POSITIVE REGULATION OF CARBOHYDRATE METABOLIC PROCESS%GOBP%GO:0045913	POSITIVE REGULATION OF CARBOHYDRATE METABOLIC PROCESS%GOBP%GO:0045913		45	0.2862776	0.9626552	0.5090726	0.7711401	1.0	1970	tags=24%, list=15%, signal=29%	
POSITIVE REGULATION OF PROTEOLYSIS%GOBP%GO:0045862	POSITIVE REGULATION OF PROTEOLYSIS%GOBP%GO:0045862		45	0.2845773	0.9623338	0.5248447	0.7716751	1.0	1425	tags=20%, list=11%, signal=22%	
NEGATIVE REGULATION OF PROTEIN CATABOLIC PROCESS%GOBP%GO:0042177	NEGATIVE REGULATION OF PROTEIN CATABOLIC PROCESS%GOBP%GO:0042177		100	0.24549195	0.9622728	0.5294748	0.77146	1.0	2432	tags=23%, list=18%, signal=28%	
ADAPTIVE IMMUNE RESPONSE%GOBP%GO:0002250	ADAPTIVE IMMUNE RESPONSE%GOBP%GO:0002250		91	0.2483448	0.96205604	0.54077256	0.7716844	1.0	3485	tags=30%, list=26%, signal=40%	
NUCLEAR EVENTS (KINASE AND TRANSCRIPTION FACTOR ACTIVATION)%REACTOME%R-HSA-198725.4	NUCLEAR EVENTS (KINASE AND TRANSCRIPTION FACTOR ACTIVATION)%REACTOME%R-HSA-198725.4		57	0.2693975	0.9620159	0.52708334	0.77141464	1.0	1542	tags=16%, list=11%, signal=18%	
DNA DAMAGE RECOGNITION IN GG-NER%REACTOME%R-HSA-5696394.2	DNA DAMAGE RECOGNITION IN GG-NER%REACTOME%R-HSA-5696394.2		37	0.29507414	0.9619302	0.51654965	0.7712667	1.0	3102	tags=35%, list=23%, signal=45%	
SYNAPTIC VESICLE TRANSPORT%GOBP%GO:0048489	SYNAPTIC VESICLE TRANSPORT%GOBP%GO:0048489		35	0.30049965	0.96188223	0.509865	0.77100873	1.0	3168	tags=31%, list=23%, signal=41%	
CARBOXYLIC ACID BIOSYNTHETIC PROCESS%GOBP%GO:0046394	CARBOXYLIC ACID BIOSYNTHETIC PROCESS%GOBP%GO:0046394		140	0.23412806	0.96186817	0.55359	0.7706586	1.0	1746	tags=19%, list=13%, signal=22%	
AXIS SPECIFICATION%GOBP%GO:0009798	AXIS SPECIFICATION%GOBP%GO:0009798		30	0.31420302	0.96153367	0.5217391	0.7712043	1.0	975	tags=20%, list=7%, signal=22%	
REGULATION OF LIPID METABOLISM BY PPARALPHA%REACTOME DATABASE ID RELEASE 95%400206	REGULATION OF LIPID METABOLISM BY PPARALPHA%REACTOME DATABASE ID RELEASE 95%400206		101	0.24534602	0.96122473	0.5496894	0.7716857	1.0	1311	tags=15%, list=10%, signal=16%	
LEUKOCYTE DIFFERENTIATION%GOBP%GO:0002521	LEUKOCYTE DIFFERENTIATION%GOBP%GO:0002521		182	0.22425167	0.960339	0.563818	0.77381414	1.0	2277	tags=19%, list=17%, signal=22%	
LYMPHOCYTE MIGRATION%GOBP%GO:0072676	LYMPHOCYTE MIGRATION%GOBP%GO:0072676		22	0.33150887	0.9602526	0.4990177	0.77365226	1.0	4268	tags=45%, list=32%, signal=66%	
VIRAL GENE EXPRESSION%GOBP%GO:0019080	VIRAL GENE EXPRESSION%GOBP%GO:0019080		48	0.27765667	0.9602067	0.51724136	0.7733917	1.0	2917	tags=27%, list=22%, signal=34%	
REGULATION OF INTERLEUKIN-4 PRODUCTION%GOBP%GO:0032673	REGULATION OF INTERLEUKIN-4 PRODUCTION%GOBP%GO:0032673		17	0.3563217	0.960067	0.50295275	0.7734007	1.0	967	tags=12%, list=7%, signal=13%	
FEMALE PREGNANCY%GOBP%GO:0007565	FEMALE PREGNANCY%GOBP%GO:0007565		36	0.29666683	0.9597911	0.5273109	0.7737953	1.0	2567	tags=22%, list=19%, signal=27%	
ACUTE INFLAMMATORY RESPONSE%GOBP%GO:0002526	ACUTE INFLAMMATORY RESPONSE%GOBP%GO:0002526		16	0.35881212	0.95971286	0.503	0.7736257	1.0	40	tags=6%, list=0%, signal=6%	
LONG-TERM POTENTIATION%REACTOME%R-HSA-9620244.3	LONG-TERM POTENTIATION%REACTOME%R-HSA-9620244.3		16	0.35672003	0.9588127	0.52537316	0.775765	1.0	973	tags=19%, list=7%, signal=20%	
POST NMDA RECEPTOR ACTIVATION EVENTS%REACTOME%R-HSA-438064.5	POST NMDA RECEPTOR ACTIVATION EVENTS%REACTOME%R-HSA-438064.5		46	0.28388783	0.95856464	0.51009566	0.776073	1.0	1452	tags=15%, list=11%, signal=17%	
REGULATION OF EPITHELIAL CELL MIGRATION%GOBP%GO:0010632	REGULATION OF EPITHELIAL CELL MIGRATION%GOBP%GO:0010632		44	0.28301266	0.9584159	0.52929085	0.77609617	1.0	3002	tags=30%, list=22%, signal=38%	
SWITCHING OF ORIGINS TO A POST-REPLICATIVE STATE%REACTOME%R-HSA-69052.6	SWITCHING OF ORIGINS TO A POST-REPLICATIVE STATE%REACTOME%R-HSA-69052.6		78	0.25613037	0.95829374	0.5475444	0.7760531	1.0	3102	tags=35%, list=23%, signal=45%	
CARDIAC CELL DEVELOPMENT%GOBP%GO:0055006	CARDIAC CELL DEVELOPMENT%GOBP%GO:0055006		33	0.30332434	0.95826405	0.5253165	0.7757453	1.0	2628	tags=24%, list=19%, signal=30%	
NADH DEHYDROGENASE COMPLEX ASSEMBLY%GOBP%GO:0010257	NADH DEHYDROGENASE COMPLEX ASSEMBLY%GOBP%GO:0010257		30	0.3072071	0.9580499	0.5214286	0.7759823	1.0	1532	tags=23%, list=11%, signal=26%	
REGULATION OF RNA STABILITY%GOBP%GO:0043487	REGULATION OF RNA STABILITY%GOBP%GO:0043487		156	0.22919898	0.95802313	0.5565032	0.7756716	1.0	2167	tags=22%, list=16%, signal=26%	
REGULATION OF RESPONSE TO CYTOKINE STIMULUS%GOBP%GO:0060759	REGULATION OF RESPONSE TO CYTOKINE STIMULUS%GOBP%GO:0060759		111	0.24056421	0.95769465	0.5788901	0.7761953	1.0	3536	tags=26%, list=26%, signal=35%	
MONONUCLEAR CELL DIFFERENTIATION%GOBP%GO:1903131	MONONUCLEAR CELL DIFFERENTIATION%GOBP%GO:1903131		152	0.23137902	0.9571985	0.5685005	0.77721024	1.0	3269	tags=28%, list=24%, signal=37%	
PEROXISOME ORGANIZATION%GOBP%GO:0007031	PEROXISOME ORGANIZATION%GOBP%GO:0007031		29	0.3084159	0.95715696	0.51859295	0.77694494	1.0	2954	tags=41%, list=22%, signal=53%	
CELLULAR RESPONSE TO UV%GOBP%GO:0034644	CELLULAR RESPONSE TO UV%GOBP%GO:0034644		66	0.26055118	0.95702946	0.53989637	0.7769134	1.0	2778	tags=24%, list=21%, signal=30%	
SPLICEOSOMAL COMPLEX ASSEMBLY%GOBP%GO:0000245	SPLICEOSOMAL COMPLEX ASSEMBLY%GOBP%GO:0000245		72	0.25767174	0.9568441	0.55053765	0.77703667	1.0	2367	tags=21%, list=18%, signal=25%	
ID%IOB%ID	ID%IOB%ID		15	0.36547223	0.95670974	0.51979697	0.7770246	1.0	2134	tags=27%, list=16%, signal=32%	
MITOCHONDRIAL RESPIRATORY CHAIN COMPLEX I ASSEMBLY%GOBP%GO:0032981	MITOCHONDRIAL RESPIRATORY CHAIN COMPLEX I ASSEMBLY%GOBP%GO:0032981		30	0.3072071	0.95669454	0.51844263	0.7766852	1.0	1532	tags=23%, list=11%, signal=26%	
REGULATION OF INTERLEUKIN-12 PRODUCTION%GOBP%GO:0032655	REGULATION OF INTERLEUKIN-12 PRODUCTION%GOBP%GO:0032655		24	0.32608998	0.9563856	0.51179487	0.77715474	1.0	2831	tags=42%, list=21%, signal=53%	
TRNA MODIFICATION%GOBP%GO:0006400	TRNA MODIFICATION%GOBP%GO:0006400		82	0.25248396	0.9552762	0.53367877	0.7798836	1.0	1620	tags=17%, list=12%, signal=19%	
NEGATIVE REGULATION OF MONOATOMIC ION TRANSMEMBRANE TRANSPORT%GOBP%GO:0034766	NEGATIVE REGULATION OF MONOATOMIC ION TRANSMEMBRANE TRANSPORT%GOBP%GO:0034766		40	0.28611156	0.95526403	0.5065065	0.7795321	1.0	2916	tags=30%, list=22%, signal=38%	
HIF-1-ALPHA TRANSCRIPTION FACTOR NETWORK%PATHWAY INTERACTION DATABASE NCI-NATURE CURATED DATA%HIF-1-ALPHA TRANSCRIPTION FACTOR NETWORK	HIF-1-ALPHA TRANSCRIPTION FACTOR NETWORK%PATHWAY INTERACTION DATABASE NCI-NATURE CURATED DATA%HIF-1-ALPHA TRANSCRIPTION FACTOR NETWORK		54	0.26953468	0.9552333	0.55158323	0.7792375	1.0	1650	tags=19%, list=12%, signal=21%	
BIOCARTA_EIF4_PATHWAY%MSIGDB_C2%BIOCARTA_EIF4_PATHWAY	BIOCARTA_EIF4_PATHWAY%MSIGDB_C2%BIOCARTA_EIF4_PATHWAY		18	0.3506588	0.95516723	0.5215164	0.7790476	1.0	1429	tags=22%, list=11%, signal=25%	
REGULATION OF STRIATED MUSCLE CONTRACTION%GOBP%GO:0006942	REGULATION OF STRIATED MUSCLE CONTRACTION%GOBP%GO:0006942		60	0.26438844	0.95480883	0.5482234	0.7796524	1.0	2916	tags=30%, list=22%, signal=38%	
INTERLEUKIN-37 SIGNALING%REACTOME DATABASE ID RELEASE 95%9008059	INTERLEUKIN-37 SIGNALING%REACTOME DATABASE ID RELEASE 95%9008059		15	0.3653471	0.9548029	0.52385587	0.77928734	1.0	3003	tags=33%, list=22%, signal=43%	
PROTEINOGENIC AMINO ACID CATABOLIC PROCESS%GOBP%GO:0170040	PROTEINOGENIC AMINO ACID CATABOLIC PROCESS%GOBP%GO:0170040		42	0.28575578	0.9544259	0.55035603	0.7799449	1.0	3262	tags=36%, list=24%, signal=47%	
ASSEMBLY OF THE PRE-REPLICATIVE COMPLEX%REACTOME DATABASE ID RELEASE 95%68867	ASSEMBLY OF THE PRE-REPLICATIVE COMPLEX%REACTOME DATABASE ID RELEASE 95%68867		72	0.25776857	0.9544023	0.5366631	0.77963024	1.0	3102	tags=36%, list=23%, signal=47%	
REGULATION OF TRANSMEMBRANE RECEPTOR PROTEIN SERINE/THREONINE KINASE SIGNALING PATHWAY%GOBP%GO:0090092	REGULATION OF TRANSMEMBRANE RECEPTOR PROTEIN SERINE/THREONINE KINASE SIGNALING PATHWAY%GOBP%GO:0090092		168	0.22564466	0.95342857	0.58278143	0.78190416	1.0	2073	tags=18%, list=15%, signal=21%	
NEGATIVE REGULATION OF EPIDERMAL GROWTH FACTOR RECEPTOR SIGNALING PATHWAY%GOBP%GO:0042059	NEGATIVE REGULATION OF EPIDERMAL GROWTH FACTOR RECEPTOR SIGNALING PATHWAY%GOBP%GO:0042059		27	0.311098	0.953127	0.5283019	0.7823669	1.0	3082	tags=33%, list=23%, signal=43%	
REGULATION OF INSULIN RECEPTOR SIGNALING PATHWAY%GOBP%GO:0046626	REGULATION OF INSULIN RECEPTOR SIGNALING PATHWAY%GOBP%GO:0046626		40	0.2831872	0.95288455	0.5503634	0.782651	1.0	3713	tags=33%, list=27%, signal=45%	
REGULATION OF EXPRESSION AND FUNCTION OF TYPE I CLASSICAL CADHERINS%REACTOME DATABASE ID RELEASE 95%9764274	REGULATION OF EXPRESSION AND FUNCTION OF TYPE I CLASSICAL CADHERINS%REACTOME DATABASE ID RELEASE 95%9764274		124	0.23583265	0.9527729	0.5654054	0.7825675	1.0	3150	tags=29%, list=23%, signal=38%	
PID_PI3KCI_AKT_PATHWAY%MSIGDB_C2%PID_PI3KCI_AKT_PATHWAY	PID_PI3KCI_AKT_PATHWAY%MSIGDB_C2%PID_PI3KCI_AKT_PATHWAY		26	0.31208786	0.95275134	0.5378323	0.7822457	1.0	2026	tags=23%, list=15%, signal=27%	
RESPONSE TO DSRNA%GOBP%GO:0043331	RESPONSE TO DSRNA%GOBP%GO:0043331		17	0.35263377	0.9526635	0.5255545	0.7821089	1.0	1634	tags=24%, list=12%, signal=27%	
PHYSIOLOGICAL AND PATHOLOGICAL HYPERTROPHY OF THE HEART%WIKIPATHWAYS_20260211%WP1528%HOMO SAPIENS	PHYSIOLOGICAL AND PATHOLOGICAL HYPERTROPHY OF THE HEART%WIKIPATHWAYS_20260211%WP1528%HOMO SAPIENS		18	0.3540091	0.95212376	0.52246606	0.7832243	1.0	973	tags=17%, list=7%, signal=18%	
RESPONSE TO HYPOXIA%GOBP%GO:0001666	RESPONSE TO HYPOXIA%GOBP%GO:0001666		112	0.24059923	0.9516537	0.5825137	0.78413725	1.0	2423	tags=23%, list=18%, signal=28%	
NEURAL CREST CELL DIFFERENTIATION%GOBP%GO:0014033	NEURAL CREST CELL DIFFERENTIATION%GOBP%GO:0014033		50	0.27384317	0.95139414	0.5455508	0.7844626	1.0	1735	tags=20%, list=13%, signal=23%	
VITAMIN B12 METABOLISM%WIKIPATHWAYS_20260211%WP1533%HOMO SAPIENS	VITAMIN B12 METABOLISM%WIKIPATHWAYS_20260211%WP1533%HOMO SAPIENS		21	0.3341709	0.95115	0.5175781	0.7847567	1.0	2769	tags=29%, list=20%, signal=36%	
INOSITOL PHOSPHATE METABOLIC PROCESS%GOBP%GO:0043647	INOSITOL PHOSPHATE METABOLIC PROCESS%GOBP%GO:0043647		22	0.32775503	0.9511457	0.5348101	0.7843863	1.0	2608	tags=27%, list=19%, signal=34%	
INTERFERON SIGNALING IN TUBERCULOSIS%WIKIPATHWAYS_20260211%WP4197%HOMO SAPIENS	INTERFERON SIGNALING IN TUBERCULOSIS%WIKIPATHWAYS_20260211%WP4197%HOMO SAPIENS		20	0.3404111	0.9511338	0.5113169	0.7840416	1.0	1465	tags=15%, list=11%, signal=17%	
REGULATION OF CDH1 EXPRESSION AND FUNCTION%REACTOME DATABASE ID RELEASE 95%9764265	REGULATION OF CDH1 EXPRESSION AND FUNCTION%REACTOME DATABASE ID RELEASE 95%9764265		124	0.23583265	0.9510945	0.5584944	0.78376555	1.0	3150	tags=29%, list=23%, signal=38%	
NEGATIVE REGULATION OF MRNA METABOLIC PROCESS%GOBP%GO:1903312	NEGATIVE REGULATION OF MRNA METABOLIC PROCESS%GOBP%GO:1903312		79	0.25098634	0.9508722	0.54669464	0.7840015	1.0	1879	tags=22%, list=14%, signal=25%	
NEGATIVE REGULATION OF AXONOGENESIS%GOBP%GO:0050771	NEGATIVE REGULATION OF AXONOGENESIS%GOBP%GO:0050771		17	0.34980276	0.95010984	0.5090361	0.7857452	1.0	1697	tags=24%, list=13%, signal=27%	
VENTRICULAR CARDIAC MUSCLE TISSUE DEVELOPMENT%GOBP%GO:0003229	VENTRICULAR CARDIAC MUSCLE TISSUE DEVELOPMENT%GOBP%GO:0003229		26	0.31355312	0.95005447	0.5413136	0.78551346	1.0	2197	tags=23%, list=16%, signal=28%	
PROLACTIN SIGNALING%WIKIPATHWAYS_20260211%WP2037%HOMO SAPIENS	PROLACTIN SIGNALING%WIKIPATHWAYS_20260211%WP2037%HOMO SAPIENS		59	0.26536718	0.9495963	0.5397667	0.7863553	1.0	2862	tags=29%, list=21%, signal=36%	
CIRCADIAN REGULATION OF GENE EXPRESSION%GOBP%GO:0032922	CIRCADIAN REGULATION OF GENE EXPRESSION%GOBP%GO:0032922		53	0.2729224	0.949327	0.52842104	0.7867142	1.0	2724	tags=28%, list=20%, signal=35%	
RIBOSOME DISASSEMBLY%GOBP%GO:0032790	RIBOSOME DISASSEMBLY%GOBP%GO:0032790		37	0.2914778	0.94888777	0.54312116	0.7875457	1.0	3507	tags=41%, list=26%, signal=55%	
CELLULAR RESPONSES TO MECHANICAL STIMULI%REACTOME%R-HSA-9855142.1	CELLULAR RESPONSES TO MECHANICAL STIMULI%REACTOME%R-HSA-9855142.1		88	0.24472064	0.94852924	0.5627753	0.78817266	1.0	1582	tags=15%, list=12%, signal=17%	
RND2 GTPASE CYCLE%REACTOME%R-HSA-9696270.2	RND2 GTPASE CYCLE%REACTOME%R-HSA-9696270.2		39	0.28791553	0.94844896	0.55544454	0.7880083	1.0	1851	tags=26%, list=14%, signal=30%	
MAINTENANCE OF LOCATION IN CELL%GOBP%GO:0051651	MAINTENANCE OF LOCATION IN CELL%GOBP%GO:0051651		51	0.27499044	0.9481413	0.53271025	0.7884588	1.0	2929	tags=31%, list=22%, signal=40%	
LONG-CHAIN FATTY ACID METABOLIC PROCESS%GOBP%GO:0001676	LONG-CHAIN FATTY ACID METABOLIC PROCESS%GOBP%GO:0001676		61	0.26174542	0.9478953	0.54469854	0.7887654	1.0	1746	tags=16%, list=13%, signal=19%	
TOLL-LIKE RECEPTOR PATHWAY 2%SMPDB%SMP0069593	TOLL-LIKE RECEPTOR PATHWAY 2%SMPDB%SMP0069593		26	0.31399032	0.94779277	0.5280899	0.78865975	1.0	4439	tags=50%, list=33%, signal=74%	
ENDONUCLEOLYTIC CLEAVAGE OF TRICISTRONIC RRNA TRANSCRIPT (SSU-RRNA, 5.8S RRNA, LSU-RRNA)%GOBP%GO:0000479	ENDONUCLEOLYTIC CLEAVAGE OF TRICISTRONIC RRNA TRANSCRIPT (SSU-RRNA, 5.8S RRNA, LSU-RRNA)%GOBP%GO:0000479		20	0.33217454	0.9472497	0.52469134	0.7897701	1.0	3646	tags=35%, list=27%, signal=48%	
IL7 SIGNALING%WIKIPATHWAYS_20260211%WP205%HOMO SAPIENS	IL7 SIGNALING%WIKIPATHWAYS_20260211%WP205%HOMO SAPIENS		16	0.3569806	0.94722235	0.52868855	0.78946626	1.0	1458	tags=25%, list=11%, signal=28%	
HIGH LAMINAR FLOW SHEAR STRESS ACTIVATES SIGNALING BY PIEZO1 AND PECAM1:CDH5:KDR IN ENDOTHELIAL CELLS%REACTOME DATABASE ID RELEASE 95%9856530	HIGH LAMINAR FLOW SHEAR STRESS ACTIVATES SIGNALING BY PIEZO1 AND PECAM1:CDH5:KDR IN ENDOTHELIAL CELLS%REACTOME DATABASE ID RELEASE 95%9856530		59	0.26321697	0.9467743	0.5429448	0.79031163	1.0	1582	tags=14%, list=12%, signal=15%	
NEURON MIGRATION%GOBP%GO:0001764	NEURON MIGRATION%GOBP%GO:0001764		47	0.2765398	0.9464058	0.55954826	0.7909362	1.0	3286	tags=34%, list=24%, signal=45%	
NEGATIVE REGULATION OF TUMOR NECROSIS FACTOR SUPERFAMILY CYTOKINE PRODUCTION%GOBP%GO:1903556	NEGATIVE REGULATION OF TUMOR NECROSIS FACTOR SUPERFAMILY CYTOKINE PRODUCTION%GOBP%GO:1903556		23	0.32334128	0.9461527	0.5264735	0.79123306	1.0	747	tags=13%, list=6%, signal=14%	
PROTEIN LOCALIZATION TO ENDOPLASMIC RETICULUM%GOBP%GO:0070972	PROTEIN LOCALIZATION TO ENDOPLASMIC RETICULUM%GOBP%GO:0070972		22	0.33406588	0.94603103	0.54613733	0.7911863	1.0	2689	tags=32%, list=20%, signal=40%	
MARKERS OF KIDNEY CELL LINEAGE%WIKIPATHWAYS_20260211%WP5236%HOMO SAPIENS	MARKERS OF KIDNEY CELL LINEAGE%WIKIPATHWAYS_20260211%WP5236%HOMO SAPIENS		31	0.2983792	0.94545984	0.5394872	0.792336	1.0	1949	tags=23%, list=14%, signal=26%	
POSITIVE REGULATION OF STRESS FIBER ASSEMBLY%GOBP%GO:0051496	POSITIVE REGULATION OF STRESS FIBER ASSEMBLY%GOBP%GO:0051496		35	0.29486048	0.945442	0.5429769	0.7920032	1.0	289	tags=9%, list=2%, signal=9%	
REGULATION OF MRNA STABILITY%GOBP%GO:0043488	REGULATION OF MRNA STABILITY%GOBP%GO:0043488		143	0.23054412	0.9453561	0.6020833	0.7918673	1.0	2167	tags=22%, list=16%, signal=26%	
SODIUM ION IMPORT ACROSS PLASMA MEMBRANE%GOBP%GO:0098719	SODIUM ION IMPORT ACROSS PLASMA MEMBRANE%GOBP%GO:0098719		16	0.34727252	0.94513434	0.5277487	0.79209036	1.0	2219	tags=25%, list=16%, signal=30%	
ANTI-INFLAMMATORY RESPONSE FAVOURING LEISHMANIA PARASITE INFECTION%REACTOME%R-HSA-9662851.3	ANTI-INFLAMMATORY RESPONSE FAVOURING LEISHMANIA PARASITE INFECTION%REACTOME%R-HSA-9662851.3		55	0.26513535	0.94483316	0.54825026	0.79253435	1.0	2277	tags=20%, list=17%, signal=24%	
REGULATION OF LEUKOCYTE DIFFERENTIATION%GOBP%GO:1902105	REGULATION OF LEUKOCYTE DIFFERENTIATION%GOBP%GO:1902105		170	0.22255823	0.9445546	0.6048218	0.79290456	1.0	3003	tags=26%, list=22%, signal=34%	
HIV LIFE CYCLE%REACTOME%R-HSA-162587.5	HIV LIFE CYCLE%REACTOME%R-HSA-162587.5		138	0.22806527	0.9444139	0.599182	0.7929195	1.0	3187	tags=34%, list=24%, signal=44%	
REGULATION OF LIPID BIOSYNTHETIC PROCESS%GOBP%GO:0046890	REGULATION OF LIPID BIOSYNTHETIC PROCESS%GOBP%GO:0046890		111	0.23596698	0.9442363	0.60103095	0.7930328	1.0	1517	tags=18%, list=11%, signal=20%	
SPHINGOLIPID BIOSYNTHETIC PROCESS%GOBP%GO:0030148	SPHINGOLIPID BIOSYNTHETIC PROCESS%GOBP%GO:0030148		71	0.254405	0.94395906	0.5709779	0.79340565	1.0	1433	tags=17%, list=11%, signal=19%	
WARBURG EFFECT%SMPDB%SMP0087270	WARBURG EFFECT%SMPDB%SMP0087270		42	0.2791528	0.9439311	0.5530228	0.7931073	1.0	3614	tags=33%, list=27%, signal=45%	
SPHINGOLIPID DE NOVO BIOSYNTHESIS%REACTOME DATABASE ID RELEASE 95%1660661	SPHINGOLIPID DE NOVO BIOSYNTHESIS%REACTOME DATABASE ID RELEASE 95%1660661		29	0.3023603	0.94393027	0.53346455	0.7927269	1.0	1111	tags=17%, list=8%, signal=19%	
MAPK SIGNALING%WIKIPATHWAYS_20260211%WP382%HOMO SAPIENS	MAPK SIGNALING%WIKIPATHWAYS_20260211%WP382%HOMO SAPIENS		146	0.22951059	0.94359636	0.59598213	0.7932537	1.0	3364	tags=34%, list=25%, signal=44%	
IMMUNOREGULATORY INTERACTIONS BETWEEN A LYMPHOID AND A NON-LYMPHOID CELL%REACTOME DATABASE ID RELEASE 95%198933	IMMUNOREGULATORY INTERACTIONS BETWEEN A LYMPHOID AND A NON-LYMPHOID CELL%REACTOME DATABASE ID RELEASE 95%198933		39	0.28945783	0.9434958	0.55024874	0.79313225	1.0	1715	tags=13%, list=13%, signal=15%	
DISEASES ASSOCIATED WITH GLYCOSYLATION PRECURSOR BIOSYNTHESIS%REACTOME DATABASE ID RELEASE 95%5609975	DISEASES ASSOCIATED WITH GLYCOSYLATION PRECURSOR BIOSYNTHESIS%REACTOME DATABASE ID RELEASE 95%5609975		16	0.35225505	0.94336146	0.54325956	0.7931196	1.0	2866	tags=44%, list=21%, signal=55%	
CELLULAR RESPONSE TO ABIOTIC STIMULUS%GOBP%GO:0071214	CELLULAR RESPONSE TO ABIOTIC STIMULUS%GOBP%GO:0071214		194	0.219349	0.9433051	0.63704497	0.7928876	1.0	1750	tags=16%, list=13%, signal=19%	
TRANSCRIPTION BY RNA POLYMERASE I%GOBP%GO:0006360	TRANSCRIPTION BY RNA POLYMERASE I%GOBP%GO:0006360		20	0.33333993	0.9430539	0.55283755	0.79319566	1.0	2529	tags=35%, list=19%, signal=43%	
AMIODARONE ACTION PATHWAY%PATHWHIZ%PW000642	AMIODARONE ACTION PATHWAY%PATHWHIZ%PW000642		38	0.28534278	0.9430073	0.5360603	0.7929527	1.0	713	tags=13%, list=5%, signal=14%	
REGULATION OF CARBOHYDRATE BIOSYNTHETIC PROCESS%GOBP%GO:0043255	REGULATION OF CARBOHYDRATE BIOSYNTHETIC PROCESS%GOBP%GO:0043255		57	0.2663604	0.9429745	0.58677685	0.79266894	1.0	1966	tags=21%, list=15%, signal=25%	
CYTOPLASMIC MICROTUBULE ORGANIZATION%GOBP%GO:0031122	CYTOPLASMIC MICROTUBULE ORGANIZATION%GOBP%GO:0031122		57	0.26442784	0.9427968	0.5647668	0.7927954	1.0	2151	tags=23%, list=16%, signal=27%	
CELLULAR RESPONSE TO ENVIRONMENTAL STIMULUS%GOBP%GO:0104004	CELLULAR RESPONSE TO ENVIRONMENTAL STIMULUS%GOBP%GO:0104004		194	0.219349	0.94230926	0.60655737	0.7937732	1.0	1750	tags=16%, list=13%, signal=19%	
REGULATION OF LIPID CATABOLIC PROCESS%GOBP%GO:0050994	REGULATION OF LIPID CATABOLIC PROCESS%GOBP%GO:0050994		26	0.31181324	0.9422247	0.54393303	0.79362696	1.0	268	tags=12%, list=2%, signal=12%	
POSITIVE REGULATION OF WOUND HEALING%GOBP%GO:0090303	POSITIVE REGULATION OF WOUND HEALING%GOBP%GO:0090303		34	0.29082304	0.9420118	0.54108214	0.7938273	1.0	1648	tags=21%, list=12%, signal=23%	
NEGATIVE EPIGENETIC REGULATION OF RRNA EXPRESSION%REACTOME DATABASE ID RELEASE 95%5250941	NEGATIVE EPIGENETIC REGULATION OF RRNA EXPRESSION%REACTOME DATABASE ID RELEASE 95%5250941		45	0.27448148	0.9419928	0.5539267	0.79350317	1.0	2784	tags=33%, list=21%, signal=42%	
NEGATIVE REGULATION OF SMOOTH MUSCLE CELL PROLIFERATION%GOBP%GO:0048662	NEGATIVE REGULATION OF SMOOTH MUSCLE CELL PROLIFERATION%GOBP%GO:0048662		26	0.30806196	0.9417079	0.52978724	0.7939065	1.0	2448	tags=27%, list=18%, signal=33%	
CENTRAL NERVOUS SYSTEM NEURON DIFFERENTIATION%GOBP%GO:0021953	CENTRAL NERVOUS SYSTEM NEURON DIFFERENTIATION%GOBP%GO:0021953		59	0.26513198	0.9415515	0.54507774	0.7939567	1.0	1081	tags=14%, list=8%, signal=15%	
NEGATIVE REGULATION OF ENDOCYTOSIS%GOBP%GO:0045806	NEGATIVE REGULATION OF ENDOCYTOSIS%GOBP%GO:0045806		43	0.2814638	0.94027275	0.5632653	0.797131	1.0	2544	tags=30%, list=19%, signal=37%	
GLYCOLIPID METABOLIC PROCESS%GOBP%GO:0006664	GLYCOLIPID METABOLIC PROCESS%GOBP%GO:0006664		74	0.2499767	0.94008195	0.57953393	0.79726005	1.0	1982	tags=20%, list=15%, signal=24%	
ER-NUCLEUS SIGNALING PATHWAY%GOBP%GO:0006984	ER-NUCLEUS SIGNALING PATHWAY%GOBP%GO:0006984		27	0.30742845	0.93997777	0.54274356	0.79716706	1.0	2634	tags=33%, list=19%, signal=41%	
GPI ANCHORED PROTEIN BIOSYNTHESIS%GOBP%GO:0180046	GPI ANCHORED PROTEIN BIOSYNTHESIS%GOBP%GO:0180046		27	0.30855682	0.9398609	0.53410286	0.79711884	1.0	738	tags=15%, list=5%, signal=16%	
METABOLIC REPROGRAMMING IN COLON CANCER%WIKIPATHWAYS_20260211%WP4290%HOMO SAPIENS	METABOLIC REPROGRAMMING IN COLON CANCER%WIKIPATHWAYS_20260211%WP4290%HOMO SAPIENS		22	0.32667103	0.93981206	0.5289779	0.79687107	1.0	577	tags=14%, list=4%, signal=14%	
PROTEOGLYCAN CATABOLIC PROCESS%GOBP%GO:0030167	PROTEOGLYCAN CATABOLIC PROCESS%GOBP%GO:0030167		15	0.3578396	0.93949264	0.53163266	0.797391	1.0	555	tags=13%, list=4%, signal=14%	
HYALURONAN METABOLISM%REACTOME%R-HSA-2142845.4	HYALURONAN METABOLISM%REACTOME%R-HSA-2142845.4		16	0.35461488	0.93935543	0.5335335	0.797381	1.0	1832	tags=25%, list=14%, signal=29%	
CELLULAR PIGMENTATION%GOBP%GO:0033059	CELLULAR PIGMENTATION%GOBP%GO:0033059		50	0.27137712	0.9392231	0.570997	0.79735506	1.0	1335	tags=14%, list=10%, signal=15%	
CHONDROITIN SULFATE DERMATAN SULFATE METABOLISM%REACTOME DATABASE ID RELEASE 95%1793185	CHONDROITIN SULFATE DERMATAN SULFATE METABOLISM%REACTOME DATABASE ID RELEASE 95%1793185		32	0.30052578	0.93909264	0.5409836	0.79734105	1.0	2117	tags=28%, list=16%, signal=33%	
REGULATION OF NEURON APOPTOTIC PROCESS%GOBP%GO:0043523	REGULATION OF NEURON APOPTOTIC PROCESS%GOBP%GO:0043523		105	0.2397549	0.93905	0.5948718	0.7970785	1.0	3095	tags=27%, list=23%, signal=34%	
SPHINGOMYELIN METABOLIC PROCESS%GOBP%GO:0006684	SPHINGOMYELIN METABOLIC PROCESS%GOBP%GO:0006684		16	0.35315895	0.9389802	0.5526047	0.7969011	1.0	912	tags=25%, list=7%, signal=27%	
POSITIVE REGULATION OF GLIAL CELL DIFFERENTIATION%GOBP%GO:0045687	POSITIVE REGULATION OF GLIAL CELL DIFFERENTIATION%GOBP%GO:0045687		15	0.36443165	0.93887144	0.53306204	0.7968203	1.0	1494	tags=33%, list=11%, signal=37%	
POSITIVE REGULATION OF ESTABLISHMENT OF PROTEIN LOCALIZATION%GOBP%GO:1904951	POSITIVE REGULATION OF ESTABLISHMENT OF PROTEIN LOCALIZATION%GOBP%GO:1904951		169	0.22267398	0.9387681	0.66039705	0.7967215	1.0	2581	tags=24%, list=19%, signal=29%	
HEART VALVE DEVELOPMENT%GOBP%GO:0003170	HEART VALVE DEVELOPMENT%GOBP%GO:0003170		55	0.2655273	0.9386736	0.5734694	0.7965999	1.0	1276	tags=16%, list=9%, signal=18%	
TRANSFORMING GROWTH FACTOR BETA RECEPTOR SUPERFAMILY SIGNALING PATHWAY%GOBP%GO:0141091	TRANSFORMING GROWTH FACTOR BETA RECEPTOR SUPERFAMILY SIGNALING PATHWAY%GOBP%GO:0141091		95	0.23919155	0.93862236	0.6137339	0.79635733	1.0	1946	tags=18%, list=14%, signal=21%	
AMYLOID-BETA METABOLIC PROCESS%GOBP%GO:0050435	AMYLOID-BETA METABOLIC PROCESS%GOBP%GO:0050435		17	0.3440378	0.93830526	0.5383806	0.7968526	1.0	3421	tags=53%, list=25%, signal=71%	
TOLL-LIKE RECEPTOR PATHWAY 1%PATHWHIZ%PW064909	TOLL-LIKE RECEPTOR PATHWAY 1%PATHWHIZ%PW064909		30	0.29967484	0.9377453	0.54162383	0.7980008	1.0	3785	tags=37%, list=28%, signal=51%	
VERY LONG-CHAIN FATTY ACID METABOLIC PROCESS%GOBP%GO:0000038	VERY LONG-CHAIN FATTY ACID METABOLIC PROCESS%GOBP%GO:0000038		24	0.31766376	0.9376195	0.5460061	0.7979661	1.0	1860	tags=21%, list=14%, signal=24%	
POSITIVE REGULATION OF PROTEIN MATURATION%GOBP%GO:1903319	POSITIVE REGULATION OF PROTEIN MATURATION%GOBP%GO:1903319		15	0.35606766	0.93712366	0.5240041	0.79893154	1.0	1178	tags=20%, list=9%, signal=22%	
NUCLEAR-TRANSCRIBED MRNA CATABOLIC PROCESS%GOBP%GO:0000956	NUCLEAR-TRANSCRIBED MRNA CATABOLIC PROCESS%GOBP%GO:0000956		102	0.2413811	0.9370223	0.5995671	0.7988355	1.0	2170	tags=21%, list=16%, signal=24%	
PORPHYRIN-CONTAINING COMPOUND BIOSYNTHETIC PROCESS%GOBP%GO:0006779	PORPHYRIN-CONTAINING COMPOUND BIOSYNTHETIC PROCESS%GOBP%GO:0006779		23	0.3201683	0.9368774	0.5521783	0.7988831	1.0	2262	tags=35%, list=17%, signal=42%	
NEGATIVE REGULATION OF T CELL PROLIFERATION%GOBP%GO:0042130	NEGATIVE REGULATION OF T CELL PROLIFERATION%GOBP%GO:0042130		21	0.32770556	0.93656814	0.5409836	0.7993854	1.0	1968	tags=24%, list=15%, signal=28%	
REGULATION OF HYDROLASE ACTIVITY%GOBP%GO:0051336	REGULATION OF HYDROLASE ACTIVITY%GOBP%GO:0051336		121	0.23364657	0.9362355	0.616408	0.7999186	1.0	1821	tags=17%, list=13%, signal=19%	
NORC NEGATIVELY REGULATES RRNA EXPRESSION%REACTOME%R-HSA-427413.4	NORC NEGATIVELY REGULATES RRNA EXPRESSION%REACTOME%R-HSA-427413.4		42	0.27813128	0.93616825	0.5616292	0.79971987	1.0	2784	tags=33%, list=21%, signal=42%	
REPRODUCTIVE SYSTEM DEVELOPMENT%GOBP%GO:0061458	REPRODUCTIVE SYSTEM DEVELOPMENT%GOBP%GO:0061458		60	0.2597964	0.93596345	0.58811474	0.79991126	1.0	1994	tags=18%, list=15%, signal=21%	
POSITIVE REGULATION OF PURINE NUCLEOTIDE METABOLIC PROCESS%GOBP%GO:1900544	POSITIVE REGULATION OF PURINE NUCLEOTIDE METABOLIC PROCESS%GOBP%GO:1900544		20	0.32778412	0.93595874	0.545082	0.79954886	1.0	2532	tags=35%, list=19%, signal=43%	
TRAF6 MEDIATED NF-KB ACTIVATION%REACTOME%R-HSA-933542.3	TRAF6 MEDIATED NF-KB ACTIVATION%REACTOME%R-HSA-933542.3		20	0.33407116	0.9355124	0.562316	0.80041045	1.0	2050	tags=30%, list=15%, signal=35%	
RESPONSE TO INTERFERON-BETA%GOBP%GO:0035456	RESPONSE TO INTERFERON-BETA%GOBP%GO:0035456		21	0.32827055	0.93515944	0.56693715	0.80099195	1.0	1918	tags=19%, list=14%, signal=22%	
DETECTION OF STIMULUS%GOBP%GO:0051606	DETECTION OF STIMULUS%GOBP%GO:0051606		83	0.24656276	0.93497133	0.58112407	0.8011425	1.0	3029	tags=29%, list=22%, signal=37%	
POSITIVE REGULATION OF MITOCHONDRIAL FISSION%GOBP%GO:0090141	POSITIVE REGULATION OF MITOCHONDRIAL FISSION%GOBP%GO:0090141		16	0.34692848	0.9349626	0.5527383	0.8007874	1.0	2954	tags=44%, list=22%, signal=56%	
NAD+ METABOLIC PROCESS%GOBP%GO:0019674	NAD+ METABOLIC PROCESS%GOBP%GO:0019674		26	0.30782607	0.93494225	0.563147	0.8004606	1.0	3249	tags=42%, list=24%, signal=56%	
PROTEIN LOCALIZATION TO PLASMA MEMBRANE%GOBP%GO:0072659	PROTEIN LOCALIZATION TO PLASMA MEMBRANE%GOBP%GO:0072659		135	0.22671577	0.9346421	0.64164907	0.8008948	1.0	2405	tags=19%, list=18%, signal=23%	
GLYCOSPHINGOLIPID METABOLIC PROCESS%GOBP%GO:0006687	GLYCOSPHINGOLIPID METABOLIC PROCESS%GOBP%GO:0006687		45	0.27661958	0.93458384	0.5667718	0.8006751	1.0	2375	tags=27%, list=18%, signal=32%	
REGULATION OF RESPONSE TO WOUNDING%GOBP%GO:1903034	REGULATION OF RESPONSE TO WOUNDING%GOBP%GO:1903034		85	0.24435796	0.93451923	0.5914198	0.80047524	1.0	1697	tags=16%, list=13%, signal=19%	
ALPHA4 BETA1 INTEGRIN SIGNALING EVENTS%PATHWAY INTERACTION DATABASE NCI-NATURE CURATED DATA%ALPHA4 BETA1 INTEGRIN SIGNALING EVENTS	ALPHA4 BETA1 INTEGRIN SIGNALING EVENTS%PATHWAY INTERACTION DATABASE NCI-NATURE CURATED DATA%ALPHA4 BETA1 INTEGRIN SIGNALING EVENTS		31	0.29682642	0.9342099	0.5479592	0.80095315	1.0	524	tags=10%, list=4%, signal=10%	
NEGATIVE REGULATION OF PROTEIN BINDING%GOBP%GO:0032091	NEGATIVE REGULATION OF PROTEIN BINDING%GOBP%GO:0032091		16	0.35331446	0.9341468	0.5641791	0.800748	1.0	2167	tags=38%, list=16%, signal=45%	
CLATHRIN-DEPENDENT ENDOCYTOSIS%GOBP%GO:0072583	CLATHRIN-DEPENDENT ENDOCYTOSIS%GOBP%GO:0072583		29	0.3023435	0.9337805	0.56649745	0.8013399	1.0	2505	tags=34%, list=19%, signal=42%	
APOPTOTIC CLEAVAGE OF CELLULAR PROTEINS%REACTOME DATABASE ID RELEASE 95%111465	APOPTOTIC CLEAVAGE OF CELLULAR PROTEINS%REACTOME DATABASE ID RELEASE 95%111465		31	0.2999002	0.93349814	0.55172414	0.8017587	1.0	1036	tags=19%, list=8%, signal=21%	
SIGNALING BY HIGH-KINASE ACTIVITY BRAF MUTANTS%REACTOME%R-HSA-6802948.2	SIGNALING BY HIGH-KINASE ACTIVITY BRAF MUTANTS%REACTOME%R-HSA-6802948.2		27	0.31082875	0.93312204	0.574187	0.802388	1.0	1654	tags=22%, list=12%, signal=25%	
LEISHMANIA PARASITE GROWTH AND SURVIVAL%REACTOME DATABASE ID RELEASE 95%9664433	LEISHMANIA PARASITE GROWTH AND SURVIVAL%REACTOME DATABASE ID RELEASE 95%9664433		55	0.26513535	0.93296736	0.6130389	0.80244625	1.0	2277	tags=20%, list=17%, signal=24%	
NRP1 TRIGGERED SIGNALING IN PANCREATIC CANCER %WIKIPATHWAYS_20260211%WP5144%HOMO SAPIENS	NRP1 TRIGGERED SIGNALING IN PANCREATIC CANCER %WIKIPATHWAYS_20260211%WP5144%HOMO SAPIENS		40	0.28373832	0.9326792	0.5614407	0.8028581	1.0	2160	tags=25%, list=16%, signal=30%	
HEPATOCYTE GROWTH FACTOR RECEPTOR SIGNALING%WIKIPATHWAYS_20260211%WP313%HOMO SAPIENS	HEPATOCYTE GROWTH FACTOR RECEPTOR SIGNALING%WIKIPATHWAYS_20260211%WP313%HOMO SAPIENS		29	0.3006459	0.93259543	0.548218	0.8027114	1.0	2862	tags=28%, list=21%, signal=35%	
PROTEIN AUTOUBIQUITINATION%GOBP%GO:0051865	PROTEIN AUTOUBIQUITINATION%GOBP%GO:0051865		55	0.2661575	0.93245316	0.56180906	0.8027198	1.0	2106	tags=27%, list=16%, signal=32%	
SMITH MAGENIS AND POTOCKI LUPSKI SYNDROME COPY NUMBER VARIATION%WIKIPATHWAYS_20260211%WP5381%HOMO SAPIENS	SMITH MAGENIS AND POTOCKI LUPSKI SYNDROME COPY NUMBER VARIATION%WIKIPATHWAYS_20260211%WP5381%HOMO SAPIENS		111	0.23396051	0.93220437	0.61839324	0.8030145	1.0	3367	tags=31%, list=25%, signal=40%	
TETRAPYRROLE BIOSYNTHETIC PROCESS%GOBP%GO:0033014	TETRAPYRROLE BIOSYNTHETIC PROCESS%GOBP%GO:0033014		23	0.3201683	0.9318582	0.56302524	0.8035863	1.0	2262	tags=35%, list=17%, signal=42%	
CEREBELLUM DEVELOPMENT%GOBP%GO:0021549	CEREBELLUM DEVELOPMENT%GOBP%GO:0021549		18	0.3402651	0.9311993	0.5548961	0.8049879	1.0	3381	tags=28%, list=25%, signal=37%	
LIPOSACCHARIDE METABOLIC PROCESS%GOBP%GO:1903509	LIPOSACCHARIDE METABOLIC PROCESS%GOBP%GO:1903509		74	0.2499767	0.9306066	0.61139894	0.8061969	1.0	1982	tags=20%, list=15%, signal=24%	
AMYLOID PRECURSOR PROTEIN METABOLIC PROCESS%GOBP%GO:0042982	AMYLOID PRECURSOR PROTEIN METABOLIC PROCESS%GOBP%GO:0042982		17	0.3475283	0.93055373	0.5538462	0.8059611	1.0	3061	tags=47%, list=23%, signal=61%	
REGULATION OF MYOBLAST DIFFERENTIATION%GOBP%GO:0045661	REGULATION OF MYOBLAST DIFFERENTIATION%GOBP%GO:0045661		50	0.2673566	0.9305264	0.58960766	0.8056606	1.0	2599	tags=30%, list=19%, signal=37%	
AMINOGLYCAN CATABOLIC PROCESS%GOBP%GO:0006026	AMINOGLYCAN CATABOLIC PROCESS%GOBP%GO:0006026		15	0.3589493	0.9303637	0.5569231	0.80573326	1.0	2410	tags=27%, list=18%, signal=32%	
NEGATIVE REGULATION OF CARBOHYDRATE METABOLIC PROCESS%GOBP%GO:0045912	NEGATIVE REGULATION OF CARBOHYDRATE METABOLIC PROCESS%GOBP%GO:0045912		29	0.2987872	0.93024087	0.57315844	0.80568945	1.0	1924	tags=24%, list=14%, signal=28%	
HALLMARK_APOPTOSIS%MSIGDBHALLMARK%HALLMARK_APOPTOSIS	HALLMARK_APOPTOSIS%MSIGDBHALLMARK%HALLMARK_APOPTOSIS		109	0.23478773	0.92993295	0.6338912	0.806134	1.0	3110	tags=28%, list=23%, signal=35%	
DEATH RECEPTOR SIGNALING%REACTOME DATABASE ID RELEASE 95%73887	DEATH RECEPTOR SIGNALING%REACTOME DATABASE ID RELEASE 95%73887		131	0.22810295	0.92975384	0.6331967	0.80623543	1.0	2626	tags=25%, list=19%, signal=31%	
ERBB1 DOWNSTREAM SIGNALING%PATHWAY INTERACTION DATABASE NCI-NATURE CURATED DATA%ERBB1 DOWNSTREAM SIGNALING	ERBB1 DOWNSTREAM SIGNALING%PATHWAY INTERACTION DATABASE NCI-NATURE CURATED DATA%ERBB1 DOWNSTREAM SIGNALING		100	0.23809929	0.9294478	0.610515	0.8066713	1.0	3292	tags=30%, list=24%, signal=39%	
REGULATION OF ACTION POTENTIAL%GOBP%GO:0098900	REGULATION OF ACTION POTENTIAL%GOBP%GO:0098900		39	0.2840263	0.9291658	0.5668394	0.80706376	1.0	3274	tags=46%, list=24%, signal=61%	
SIGNALING EVENTS MEDIATED BY HEPATOCYTE GROWTH FACTOR RECEPTOR (C-MET)%PATHWAY INTERACTION DATABASE NCI-NATURE CURATED DATA%SIGNALING EVENTS MEDIATED BY HEPATOCYTE GROWTH FACTOR RECEPTOR (C-MET)	SIGNALING EVENTS MEDIATED BY HEPATOCYTE GROWTH FACTOR RECEPTOR (C-MET)%PATHWAY INTERACTION DATABASE NCI-NATURE CURATED DATA%SIGNALING EVENTS MEDIATED BY HEPATOCYTE GROWTH FACTOR RECEPTOR (C-MET)		76	0.24887626	0.92909807	0.591607	0.80687004	1.0	3815	tags=33%, list=28%, signal=46%	
RESPONSE TO XENOBIOTIC STIMULUS%GOBP%GO:0009410	RESPONSE TO XENOBIOTIC STIMULUS%GOBP%GO:0009410		113	0.23072635	0.9286752	0.6217672	0.80763596	1.0	2448	tags=20%, list=18%, signal=25%	
REGULATION OF TUMOR NECROSIS FACTOR-MEDIATED SIGNALING PATHWAY%GOBP%GO:0010803	REGULATION OF TUMOR NECROSIS FACTOR-MEDIATED SIGNALING PATHWAY%GOBP%GO:0010803		43	0.2774001	0.9285681	0.57338965	0.80755115	1.0	2058	tags=16%, list=15%, signal=19%	
NANOPARTICLE TRIGGERED AUTOPHAGIC CELL DEATH%WIKIPATHWAYS_20260211%WP2509%HOMO SAPIENS	NANOPARTICLE TRIGGERED AUTOPHAGIC CELL DEATH%WIKIPATHWAYS_20260211%WP2509%HOMO SAPIENS		18	0.3377206	0.9279561	0.5572289	0.8088204	1.0	1641	tags=22%, list=12%, signal=25%	
FOXO-MEDIATED TRANSCRIPTION OF OXIDATIVE STRESS, METABOLIC AND NEURONAL GENES%REACTOME DATABASE ID RELEASE 95%9615017	FOXO-MEDIATED TRANSCRIPTION OF OXIDATIVE STRESS, METABOLIC AND NEURONAL GENES%REACTOME DATABASE ID RELEASE 95%9615017		20	0.33300585	0.92763454	0.5462185	0.8093177	1.0	1423	tags=15%, list=11%, signal=17%	
BIOCARTA_TNFR2_PATHWAY%MSIGDB_C2%BIOCARTA_TNFR2_PATHWAY	BIOCARTA_TNFR2_PATHWAY%MSIGDB_C2%BIOCARTA_TNFR2_PATHWAY		15	0.35756937	0.9275928	0.5400203	0.80905503	1.0	1071	tags=20%, list=8%, signal=22%	
CELL RECOGNITION%GOBP%GO:0008037	CELL RECOGNITION%GOBP%GO:0008037		44	0.27410027	0.92705554	0.58071065	0.81010664	1.0	2988	tags=39%, list=22%, signal=49%	
RNA METHYLATION%GOBP%GO:0001510	RNA METHYLATION%GOBP%GO:0001510		70	0.25068444	0.92704815	0.60520834	0.8097526	1.0	1685	tags=17%, list=12%, signal=19%	
TRNA METHYLATION%GOBP%GO:0030488	TRNA METHYLATION%GOBP%GO:0030488		35	0.28555483	0.92644274	0.56989247	0.81101954	1.0	1620	tags=20%, list=12%, signal=23%	
REGULATION OF EXTRINSIC APOPTOTIC SIGNALING PATHWAY VIA DEATH DOMAIN RECEPTORS%GOBP%GO:1902041	REGULATION OF EXTRINSIC APOPTOTIC SIGNALING PATHWAY VIA DEATH DOMAIN RECEPTORS%GOBP%GO:1902041		30	0.29615566	0.9264143	0.5612969	0.8107179	1.0	1740	tags=23%, list=13%, signal=27%	
BDNF TRKB SIGNALING%WIKIPATHWAYS_20260211%WP3676%HOMO SAPIENS	BDNF TRKB SIGNALING%WIKIPATHWAYS_20260211%WP3676%HOMO SAPIENS		25	0.30415902	0.9263881	0.5601266	0.81041324	1.0	2459	tags=32%, list=18%, signal=39%	
POSITIVE REGULATION OF SMOOTH MUSCLE CELL PROLIFERATION%GOBP%GO:0048661	POSITIVE REGULATION OF SMOOTH MUSCLE CELL PROLIFERATION%GOBP%GO:0048661		37	0.284763	0.9263027	0.6022965	0.8102497	1.0	1688	tags=24%, list=12%, signal=28%	
REPRODUCTIVE STRUCTURE DEVELOPMENT%GOBP%GO:0048608	REPRODUCTIVE STRUCTURE DEVELOPMENT%GOBP%GO:0048608		60	0.2597964	0.9262893	0.60247165	0.809907	1.0	1994	tags=18%, list=15%, signal=21%	
METENCEPHALON DEVELOPMENT%GOBP%GO:0022037	METENCEPHALON DEVELOPMENT%GOBP%GO:0022037		18	0.3402651	0.9260973	0.5561497	0.8100284	1.0	3381	tags=28%, list=25%, signal=37%	
REGULATION OF GLYCOPROTEIN BIOSYNTHETIC PROCESS%GOBP%GO:0010559	REGULATION OF GLYCOPROTEIN BIOSYNTHETIC PROCESS%GOBP%GO:0010559		22	0.321426	0.92578554	0.5681818	0.8105048	1.0	1722	tags=27%, list=13%, signal=31%	
NEGATIVE REGULATION OF MET ACTIVITY%REACTOME DATABASE ID RELEASE 95%6807004	NEGATIVE REGULATION OF MET ACTIVITY%REACTOME DATABASE ID RELEASE 95%6807004		18	0.33771345	0.92514294	0.54901963	0.81186706	1.0	3102	tags=44%, list=23%, signal=58%	
NEGATIVE REGULATION OF RNA CATABOLIC PROCESS%GOBP%GO:1902369	NEGATIVE REGULATION OF RNA CATABOLIC PROCESS%GOBP%GO:1902369		65	0.25227606	0.9246258	0.600995	0.8129186	1.0	2044	tags=23%, list=15%, signal=27%	
MYELOID CELL DEVELOPMENT%GOBP%GO:0061515	MYELOID CELL DEVELOPMENT%GOBP%GO:0061515		22	0.3180853	0.9244725	0.5681818	0.8129542	1.0	1178	tags=18%, list=9%, signal=20%	
RESPONSE TO REACTIVE OXYGEN SPECIES%GOBP%GO:0000302	RESPONSE TO REACTIVE OXYGEN SPECIES%GOBP%GO:0000302		82	0.24255542	0.9243427	0.61538464	0.8129223	1.0	3273	tags=27%, list=24%, signal=35%	
NUCLEOTIDE CATABOLISM%REACTOME DATABASE ID RELEASE 95%8956319	NUCLEOTIDE CATABOLISM%REACTOME DATABASE ID RELEASE 95%8956319		23	0.3125484	0.9240622	0.5727949	0.8132899	1.0	3738	tags=39%, list=28%, signal=54%	
NEGATIVE REGULATION OF ERBB SIGNALING PATHWAY%GOBP%GO:1901185	NEGATIVE REGULATION OF ERBB SIGNALING PATHWAY%GOBP%GO:1901185		30	0.2969563	0.92372745	0.59664696	0.8138383	1.0	729	tags=13%, list=5%, signal=14%	
NUCLEOTIDE SALVAGE%REACTOME%R-HSA-8956321.3	NUCLEOTIDE SALVAGE%REACTOME%R-HSA-8956321.3		20	0.32452652	0.9236393	0.5728953	0.8136944	1.0	1566	tags=30%, list=12%, signal=34%	
LEUCINE ISOLEUCINE AND VALINE METABOLISM%WIKIPATHWAYS_20260211%WP4686%HOMO SAPIENS	LEUCINE ISOLEUCINE AND VALINE METABOLISM%WIKIPATHWAYS_20260211%WP4686%HOMO SAPIENS		16	0.34801334	0.92359155	0.5568182	0.8134602	1.0	3153	tags=38%, list=23%, signal=49%	
MRNA CATABOLIC PROCESS%GOBP%GO:0006402	MRNA CATABOLIC PROCESS%GOBP%GO:0006402		117	0.23095284	0.9233469	0.6561514	0.813739	1.0	2170	tags=20%, list=16%, signal=23%	
BIOCARTA_IGF1MTOR_PATHWAY%MSIGDB_C2%BIOCARTA_IGF1MTOR_PATHWAY	BIOCARTA_IGF1MTOR_PATHWAY%MSIGDB_C2%BIOCARTA_IGF1MTOR_PATHWAY		17	0.3429004	0.9227736	0.5591182	0.8149037	1.0	1290	tags=24%, list=10%, signal=26%	
FERTILIZATION%GOBP%GO:0009566	FERTILIZATION%GOBP%GO:0009566		43	0.27171952	0.92260456	0.591	0.8149886	1.0	2145	tags=21%, list=16%, signal=25%	
ACTIVIN RECEPTOR SIGNALING PATHWAY%GOBP%GO:0032924	ACTIVIN RECEPTOR SIGNALING PATHWAY%GOBP%GO:0032924		15	0.35218328	0.9225701	0.5698712	0.8147058	1.0	1103	tags=20%, list=8%, signal=22%	
DEVELOPMENTAL GROWTH INVOLVED IN MORPHOGENESIS%GOBP%GO:0060560	DEVELOPMENTAL GROWTH INVOLVED IN MORPHOGENESIS%GOBP%GO:0060560		44	0.27239284	0.9223549	0.6029724	0.8148885	1.0	4164	tags=48%, list=31%, signal=69%	
DOLICHOL-LINKED OLIGOSACCHARIDE BIOSYNTHETIC PROCESS%GOBP%GO:0006488	DOLICHOL-LINKED OLIGOSACCHARIDE BIOSYNTHETIC PROCESS%GOBP%GO:0006488		18	0.33251393	0.9222353	0.57216495	0.81482875	1.0	4400	tags=61%, list=33%, signal=90%	
ICOSANOID METABOLIC PROCESS%GOBP%GO:0006690	ICOSANOID METABOLIC PROCESS%GOBP%GO:0006690		51	0.26523173	0.9218993	0.60444	0.81535995	1.0	655	tags=12%, list=5%, signal=12%	
POSITIVE REGULATION OF INTRACELLULAR PROTEIN TRANSPORT%GOBP%GO:0090316	POSITIVE REGULATION OF INTRACELLULAR PROTEIN TRANSPORT%GOBP%GO:0090316		73	0.24896066	0.9217934	0.6413502	0.815266	1.0	2146	tags=23%, list=16%, signal=28%	
BIOCARTA_PYK2_PATHWAY%MSIGDB_C2%BIOCARTA_PYK2_PATHWAY	BIOCARTA_PYK2_PATHWAY%MSIGDB_C2%BIOCARTA_PYK2_PATHWAY		22	0.32111672	0.9210581	0.56790125	0.81683654	1.0	3364	tags=36%, list=25%, signal=48%	
POSITIVE REGULATION OF NUCLEOTIDE METABOLIC PROCESS%GOBP%GO:0045981	POSITIVE REGULATION OF NUCLEOTIDE METABOLIC PROCESS%GOBP%GO:0045981		20	0.32778412	0.9197826	0.5839126	0.8198678	1.0	2532	tags=35%, list=19%, signal=43%	
CARDIAC CONDUCTION%REACTOME%R-HSA-5576891.4	CARDIAC CONDUCTION%REACTOME%R-HSA-5576891.4		80	0.242518	0.91975635	0.6381857	0.8195564	1.0	2810	tags=25%, list=21%, signal=31%	
POSITIVE REGULATION OF POTASSIUM ION TRANSPORT%GOBP%GO:0043268	POSITIVE REGULATION OF POTASSIUM ION TRANSPORT%GOBP%GO:0043268		17	0.33857298	0.9189709	0.5830785	0.82127565	1.0	2165	tags=29%, list=16%, signal=35%	
SULFUR AMINO ACID METABOLIC PROCESS%GOBP%GO:0000096	SULFUR AMINO ACID METABOLIC PROCESS%GOBP%GO:0000096		24	0.30665016	0.9189342	0.5855397	0.8209976	1.0	2766	tags=29%, list=20%, signal=37%	
SENSORY PERCEPTION OF MECHANICAL STIMULUS%GOBP%GO:0050954	SENSORY PERCEPTION OF MECHANICAL STIMULUS%GOBP%GO:0050954		71	0.24705483	0.9185494	0.62234044	0.82165426	1.0	2497	tags=24%, list=18%, signal=29%	
DENGUE VIRUS GENOME TRANSLATION AND REPLICATION%REACTOME%R-HSA-9918487.1	DENGUE VIRUS GENOME TRANSLATION AND REPLICATION%REACTOME%R-HSA-9918487.1		74	0.24485837	0.9184078	0.6265432	0.82166284	1.0	3150	tags=28%, list=23%, signal=37%	
ANTIGEN PROCESSING AND PRESENTATION%GOBP%GO:0019882	ANTIGEN PROCESSING AND PRESENTATION%GOBP%GO:0019882		54	0.2600321	0.91800433	0.6328358	0.8223587	1.0	2060	tags=15%, list=15%, signal=17%	
REGULATION OF PROTEIN SECRETION%GOBP%GO:0050708	REGULATION OF PROTEIN SECRETION%GOBP%GO:0050708		122	0.22720082	0.9175882	0.6598712	0.8230971	1.0	2954	tags=24%, list=22%, signal=30%	
LEPTIN SIGNALING%WIKIPATHWAYS_20260211%WP2034%HOMO SAPIENS	LEPTIN SIGNALING%WIKIPATHWAYS_20260211%WP2034%HOMO SAPIENS		62	0.25625405	0.9175285	0.6235781	0.8228795	1.0	2769	tags=29%, list=20%, signal=36%	
PYROPTOTIC INFLAMMATORY RESPONSE%GOBP%GO:0070269	PYROPTOTIC INFLAMMATORY RESPONSE%GOBP%GO:0070269		15	0.35300642	0.91699004	0.5736354	0.8239274	1.0	1770	tags=20%, list=13%, signal=23%	
REGULATION OF CELL KILLING%GOBP%GO:0031341	REGULATION OF CELL KILLING%GOBP%GO:0031341		40	0.274125	0.9169888	0.61116856	0.8235546	1.0	2149	tags=23%, list=16%, signal=27%	
POSITIVE REGULATION OF STEROID BIOSYNTHETIC PROCESS%GOBP%GO:0010893	POSITIVE REGULATION OF STEROID BIOSYNTHETIC PROCESS%GOBP%GO:0010893		15	0.3446671	0.91694003	0.56123435	0.82330674	1.0	1517	tags=27%, list=11%, signal=30%	
RESPONSE TO GROWTH HORMONE%GOBP%GO:0060416	RESPONSE TO GROWTH HORMONE%GOBP%GO:0060416		18	0.33813524	0.91662836	0.58178055	0.8237675	1.0	2663	tags=44%, list=20%, signal=55%	
DETECTION OF BIOTIC STIMULUS%GOBP%GO:0009595	DETECTION OF BIOTIC STIMULUS%GOBP%GO:0009595		20	0.32394442	0.91645104	0.5843882	0.82386935	1.0	2907	tags=30%, list=22%, signal=38%	
LISTERIA MONOCYTOGENES ENTRY INTO HOST CELLS%REACTOME%R-HSA-8876384.4	LISTERIA MONOCYTOGENES ENTRY INTO HOST CELLS%REACTOME%R-HSA-8876384.4		16	0.34759453	0.91629	0.5863454	0.8239282	1.0	3102	tags=50%, list=23%, signal=65%	
SARS CORONAVIRUS AND INNATE IMMUNITY%WIKIPATHWAYS_20260211%WP4912%HOMO SAPIENS	SARS CORONAVIRUS AND INNATE IMMUNITY%WIKIPATHWAYS_20260211%WP4912%HOMO SAPIENS		15	0.34904778	0.91594255	0.5838384	0.82448465	1.0	2787	tags=33%, list=21%, signal=42%	
DENGUE 2 INTERACTIONS WITH COMPLEMENT AND COAGULATION CASCADES%WIKIPATHWAYS_20260211%WP3896%HOMO SAPIENS	DENGUE 2 INTERACTIONS WITH COMPLEMENT AND COAGULATION CASCADES%WIKIPATHWAYS_20260211%WP3896%HOMO SAPIENS		23	0.31180918	0.91588026	0.58979595	0.8242729	1.0	1300	tags=17%, list=10%, signal=19%	
NOD1 2 SIGNALING PATHWAY%REACTOME%R-HSA-168638.5	NOD1 2 SIGNALING PATHWAY%REACTOME%R-HSA-168638.5		30	0.2934559	0.91584337	0.58290946	0.82399553	1.0	2050	tags=17%, list=15%, signal=20%	
CXCR4%IOB%CXCR4	CXCR4%IOB%CXCR4		48	0.26425952	0.9155947	0.6014056	0.82425946	1.0	2769	tags=29%, list=20%, signal=37%	
CARBOHYDRATE HOMEOSTASIS%GOBP%GO:0033500	CARBOHYDRATE HOMEOSTASIS%GOBP%GO:0033500		94	0.23446813	0.91552615	0.67469877	0.8240752	1.0	1607	tags=16%, list=12%, signal=18%	
EPITHELIAL TO MESENCHYMAL TRANSITION%GOBP%GO:0001837	EPITHELIAL TO MESENCHYMAL TRANSITION%GOBP%GO:0001837		58	0.2579583	0.91475964	0.62093496	0.8257335	1.0	1870	tags=19%, list=14%, signal=22%	
3Q29 COPY NUMBER VARIATION SYNDROME%WIKIPATHWAYS_20260211%WP4906%HOMO SAPIENS	3Q29 COPY NUMBER VARIATION SYNDROME%WIKIPATHWAYS_20260211%WP4906%HOMO SAPIENS		40	0.27426055	0.91454834	0.6115538	0.8259156	1.0	2907	tags=25%, list=22%, signal=32%	
ADULT BEHAVIOR%GOBP%GO:0030534	ADULT BEHAVIOR%GOBP%GO:0030534		19	0.32712516	0.9131392	0.58123106	0.82925785	1.0	10	tags=5%, list=0%, signal=5%	
ENDOMETRIAL CANCER%WIKIPATHWAYS_20260211%WP4155%HOMO SAPIENS	ENDOMETRIAL CANCER%WIKIPATHWAYS_20260211%WP4155%HOMO SAPIENS		51	0.26400888	0.9130569	0.61530507	0.82910895	1.0	1758	tags=20%, list=13%, signal=22%	
PARASITIC INFECTION PATHWAYS%REACTOME DATABASE ID RELEASE 95%9824443	PARASITIC INFECTION PATHWAYS%REACTOME DATABASE ID RELEASE 95%9824443		126	0.22409223	0.91305584	0.68490154	0.8287369	1.0	1582	tags=14%, list=12%, signal=16%	
MACROMOLECULE METHYLATION%GOBP%GO:0043414	MACROMOLECULE METHYLATION%GOBP%GO:0043414		99	0.23402058	0.91262525	0.6673729	0.8295195	1.0	1685	tags=16%, list=12%, signal=18%	
POSITIVE REGULATION OF ATP METABOLIC PROCESS%GOBP%GO:1903580	POSITIVE REGULATION OF ATP METABOLIC PROCESS%GOBP%GO:1903580		20	0.32778412	0.9123373	0.5895153	0.82991034	1.0	2532	tags=35%, list=19%, signal=43%	
COMPLEMENT AND COAGULATION CASCADES%WIKIPATHWAYS_20260211%WP558%HOMO SAPIENS	COMPLEMENT AND COAGULATION CASCADES%WIKIPATHWAYS_20260211%WP558%HOMO SAPIENS		23	0.31180918	0.91219014	0.5882353	0.82990915	1.0	1300	tags=17%, list=10%, signal=19%	
LEISHMANIA INFECTION%REACTOME DATABASE ID RELEASE 95%9658195	LEISHMANIA INFECTION%REACTOME DATABASE ID RELEASE 95%9658195		126	0.22409223	0.911937	0.68500537	0.83020556	1.0	1582	tags=14%, list=12%, signal=16%	
REGULATION OF LEUKOCYTE APOPTOTIC PROCESS%GOBP%GO:2000106	REGULATION OF LEUKOCYTE APOPTOTIC PROCESS%GOBP%GO:2000106		36	0.28067836	0.9110381	0.6055046	0.83217305	1.0	3485	tags=33%, list=26%, signal=45%	
VIRAL PROCESS%GOBP%GO:0016032	VIRAL PROCESS%GOBP%GO:0016032		143	0.21752714	0.91099834	0.7147368	0.8319046	1.0	3298	tags=31%, list=24%, signal=40%	
NOVEL INTRACELLULAR COMPONENTS OF RIG I LIKE RECEPTOR PATHWAY%WIKIPATHWAYS_20260211%WP3865%HOMO SAPIENS	NOVEL INTRACELLULAR COMPONENTS OF RIG I LIKE RECEPTOR PATHWAY%WIKIPATHWAYS_20260211%WP3865%HOMO SAPIENS		45	0.26479298	0.91051596	0.61621624	0.83282673	1.0	2050	tags=22%, list=15%, signal=26%	
REGULATION OF RECEPTOR-MEDIATED ENDOCYTOSIS%GOBP%GO:0048259	REGULATION OF RECEPTOR-MEDIATED ENDOCYTOSIS%GOBP%GO:0048259		71	0.24631831	0.91012484	0.63417083	0.833506	1.0	2776	tags=28%, list=21%, signal=35%	
REGULATION OF VASCULAR ASSOCIATED SMOOTH MUSCLE CELL PROLIFERATION%GOBP%GO:1904705	REGULATION OF VASCULAR ASSOCIATED SMOOTH MUSCLE CELL PROLIFERATION%GOBP%GO:1904705		33	0.28851643	0.9094427	0.6057201	0.8349792	1.0	1946	tags=30%, list=14%, signal=35%	
ANATOMICAL STRUCTURE MATURATION%GOBP%GO:0071695	ANATOMICAL STRUCTURE MATURATION%GOBP%GO:0071695		64	0.25006962	0.90934247	0.6477858	0.83485574	1.0	1048	tags=14%, list=8%, signal=15%	
RESCUE OF STALLED CYTOSOLIC RIBOSOME%GOBP%GO:0072344	RESCUE OF STALLED CYTOSOLIC RIBOSOME%GOBP%GO:0072344		29	0.29480374	0.9091246	0.6190965	0.8350559	1.0	2644	tags=31%, list=20%, signal=39%	
SIGNALING BY FGFR%REACTOME%R-HSA-190236.4	SIGNALING BY FGFR%REACTOME%R-HSA-190236.4		63	0.24986349	0.9085129	0.6430834	0.83628416	1.0	2053	tags=24%, list=15%, signal=28%	
MYELOID CELL DIFFERENTIATION%GOBP%GO:0030099	MYELOID CELL DIFFERENTIATION%GOBP%GO:0030099		131	0.22179922	0.9080348	0.7106383	0.837189	1.0	2112	tags=19%, list=16%, signal=22%	
TP53 REGULATES TRANSCRIPTION OF GENES INVOLVED IN CYTOCHROME C RELEASE%REACTOME%R-HSA-6803204.3	TP53 REGULATES TRANSCRIPTION OF GENES INVOLVED IN CYTOCHROME C RELEASE%REACTOME%R-HSA-6803204.3		17	0.33776653	0.90781873	0.58097166	0.8373881	1.0	1772	tags=18%, list=13%, signal=20%	
REGULATION OF CYTOKINE-MEDIATED SIGNALING PATHWAY%GOBP%GO:0001959	REGULATION OF CYTOKINE-MEDIATED SIGNALING PATHWAY%GOBP%GO:0001959		104	0.22908323	0.9075633	0.68004227	0.83768165	1.0	3536	tags=25%, list=26%, signal=34%	
POSITIVE REGULATION OF OSSIFICATION%GOBP%GO:0045778	POSITIVE REGULATION OF OSSIFICATION%GOBP%GO:0045778		30	0.29366004	0.90733975	0.61034846	0.83789754	1.0	2448	tags=27%, list=18%, signal=32%	
REGULATION OF CYTOKINE PRODUCTION INVOLVED IN IMMUNE RESPONSE%GOBP%GO:0002718	REGULATION OF CYTOKINE PRODUCTION INVOLVED IN IMMUNE RESPONSE%GOBP%GO:0002718		46	0.26805356	0.9072293	0.61752135	0.8378035	1.0	2277	tags=20%, list=17%, signal=23%	
PID_TCR_PATHWAY%MSIGDB_C2%PID_TCR_PATHWAY	PID_TCR_PATHWAY%MSIGDB_C2%PID_TCR_PATHWAY		36	0.27958822	0.9071989	0.62343097	0.8375095	1.0	2666	tags=25%, list=20%, signal=31%	
INSULIN SIGNALING%WIKIPATHWAYS_20260211%WP481%HOMO SAPIENS	INSULIN SIGNALING%WIKIPATHWAYS_20260211%WP481%HOMO SAPIENS		119	0.22633624	0.9070477	0.68946797	0.83753574	1.0	3297	tags=27%, list=24%, signal=35%	
LEARNING%GOBP%GO:0007612	LEARNING%GOBP%GO:0007612		35	0.28010765	0.90673006	0.624498	0.8379737	1.0	3301	tags=34%, list=24%, signal=45%	
ALK1 SIGNALING EVENTS%PATHWAY INTERACTION DATABASE NCI-NATURE CURATED DATA%ALK1 SIGNALING EVENTS	ALK1 SIGNALING EVENTS%PATHWAY INTERACTION DATABASE NCI-NATURE CURATED DATA%ALK1 SIGNALING EVENTS		25	0.30337414	0.90662986	0.5943098	0.8378527	1.0	1103	tags=16%, list=8%, signal=17%	
SIGNALING BY TGF-BETA RECEPTOR COMPLEX%REACTOME DATABASE ID RELEASE 95%170834	SIGNALING BY TGF-BETA RECEPTOR COMPLEX%REACTOME DATABASE ID RELEASE 95%170834		87	0.23698325	0.9062606	0.6655914	0.838459	1.0	2441	tags=23%, list=18%, signal=28%	
CD40 CD40L SIGNALING%PATHWAY INTERACTION DATABASE NCI-NATURE CURATED DATA%CD40 CD40L SIGNALING	CD40 CD40L SIGNALING%PATHWAY INTERACTION DATABASE NCI-NATURE CURATED DATA%CD40 CD40L SIGNALING		26	0.30307707	0.9058839	0.5998004	0.83908457	1.0	776	tags=15%, list=6%, signal=16%	
REGULATION OF MEMBRANE REPOLARIZATION%GOBP%GO:0060306	REGULATION OF MEMBRANE REPOLARIZATION%GOBP%GO:0060306		19	0.32565412	0.90586936	0.59561753	0.83874404	1.0	2916	tags=47%, list=22%, signal=60%	
AMINE BIOSYNTHETIC PROCESS%GOBP%GO:0009309	AMINE BIOSYNTHETIC PROCESS%GOBP%GO:0009309		18	0.32680985	0.9056724	0.59561753	0.838867	1.0	2333	tags=33%, list=17%, signal=40%	
REGULATED EXOCYTOSIS%GOBP%GO:0045055	REGULATED EXOCYTOSIS%GOBP%GO:0045055		67	0.2481661	0.9054211	0.64881563	0.83915716	1.0	2842	tags=30%, list=21%, signal=38%	
RESPIRATORY SYNCYTIAL VIRUS INFECTION PATHWAY%REACTOME%R-HSA-9820952.2	RESPIRATORY SYNCYTIAL VIRUS INFECTION PATHWAY%REACTOME%R-HSA-9820952.2		94	0.23252113	0.90535676	0.69075453	0.8389553	1.0	1855	tags=18%, list=14%, signal=21%	
CELL ADHESION MEDIATED BY INTEGRIN%GOBP%GO:0033627	CELL ADHESION MEDIATED BY INTEGRIN%GOBP%GO:0033627		26	0.29900068	0.90535015	0.61728394	0.8385964	1.0	2441	tags=23%, list=18%, signal=28%	
BETA-CATENIN INDEPENDENT WNT SIGNALING%REACTOME%R-HSA-3858494.5	BETA-CATENIN INDEPENDENT WNT SIGNALING%REACTOME%R-HSA-3858494.5		119	0.22248021	0.90508145	0.709375	0.83892184	1.0	1716	tags=16%, list=13%, signal=18%	
PSEUDOURIDINE SYNTHESIS%GOBP%GO:0001522	PSEUDOURIDINE SYNTHESIS%GOBP%GO:0001522		18	0.32169104	0.9049767	0.58366144	0.83881664	1.0	2762	tags=33%, list=20%, signal=42%	
PRE-MRNA SPLICING%REACTOME DATABASE ID RELEASE 95%72163	PRE-MRNA SPLICING%REACTOME DATABASE ID RELEASE 95%72163		196	0.2120792	0.90483564	0.76119405	0.8388048	1.0	1927	tags=18%, list=14%, signal=21%	
NEUROMUSCULAR JUNCTION DEVELOPMENT%GOBP%GO:0007528	NEUROMUSCULAR JUNCTION DEVELOPMENT%GOBP%GO:0007528		21	0.32051826	0.904829	0.59031284	0.8384469	1.0	824	tags=19%, list=6%, signal=20%	
ANTIGEN RECEPTOR-MEDIATED SIGNALING PATHWAY%GOBP%GO:0050851	ANTIGEN RECEPTOR-MEDIATED SIGNALING PATHWAY%GOBP%GO:0050851		76	0.23974752	0.90479887	0.67344755	0.83816326	1.0	2448	tags=18%, list=18%, signal=22%	
POSITIVE REGULATION OF NOTCH SIGNALING PATHWAY%GOBP%GO:0045747	POSITIVE REGULATION OF NOTCH SIGNALING PATHWAY%GOBP%GO:0045747		24	0.31142786	0.9046511	0.6081505	0.8381672	1.0	3448	tags=38%, list=26%, signal=50%	
FAMILIAL PARTIAL LIPODYSTROPHY%WIKIPATHWAYS_20260211%WP5102%HOMO SAPIENS	FAMILIAL PARTIAL LIPODYSTROPHY%WIKIPATHWAYS_20260211%WP5102%HOMO SAPIENS		19	0.3283488	0.9043989	0.592668	0.83844864	1.0	1015	tags=21%, list=8%, signal=23%	
REGULATION OF FERROPTOSIS%GOBP%GO:0110075	REGULATION OF FERROPTOSIS%GOBP%GO:0110075		26	0.2964944	0.9039662	0.6087866	0.839231	1.0	2057	tags=27%, list=15%, signal=32%	
NEGATIVE REGULATION OF NUCLEOCYTOPLASMIC TRANSPORT%GOBP%GO:0046823	NEGATIVE REGULATION OF NUCLEOCYTOPLASMIC TRANSPORT%GOBP%GO:0046823		18	0.33162197	0.90381116	0.6050505	0.83927155	1.0	3650	tags=44%, list=27%, signal=61%	
TRAF6 MEDIATED INDUCTION OF NFKB AND MAP KINASES UPON TLR7 8 OR 9 ACTIVATION%REACTOME%R-HSA-975138.5	TRAF6 MEDIATED INDUCTION OF NFKB AND MAP KINASES UPON TLR7 8 OR 9 ACTIVATION%REACTOME%R-HSA-975138.5		92	0.23199786	0.9037263	0.6837782	0.83912206	1.0	3361	tags=29%, list=25%, signal=39%	
LDL INFLUENCE ON CD14 AND TLR4%WIKIPATHWAYS_20260211%WP5272%HOMO SAPIENS	LDL INFLUENCE ON CD14 AND TLR4%WIKIPATHWAYS_20260211%WP5272%HOMO SAPIENS		19	0.3220779	0.90345556	0.6043307	0.8394292	1.0	3269	tags=42%, list=24%, signal=55%	
P75NTR SIGNALS VIA NF-KB%REACTOME DATABASE ID RELEASE 95%193639	P75NTR SIGNALS VIA NF-KB%REACTOME DATABASE ID RELEASE 95%193639		15	0.34273207	0.9031818	0.58572847	0.8397712	1.0	3102	tags=40%, list=23%, signal=52%	
RHYTHMIC PROCESS%GOBP%GO:0048511	RHYTHMIC PROCESS%GOBP%GO:0048511		91	0.23461153	0.9031585	0.68370605	0.8394598	1.0	2160	tags=22%, list=16%, signal=26%	
POSITIVE REGULATION OF MYOBLAST DIFFERENTIATION%GOBP%GO:0045663	POSITIVE REGULATION OF MYOBLAST DIFFERENTIATION%GOBP%GO:0045663		35	0.2825195	0.9031258	0.63448274	0.8391588	1.0	2448	tags=29%, list=18%, signal=35%	
CYTOPLASMIC TRANSLATIONAL ELONGATION%GOBP%GO:0002182	CYTOPLASMIC TRANSLATIONAL ELONGATION%GOBP%GO:0002182		29	0.29480374	0.9030756	0.6316337	0.83891195	1.0	2644	tags=31%, list=20%, signal=39%	
ACTIVATION OF PROTEIN KINASE ACTIVITY%GOBP%GO:0032147	ACTIVATION OF PROTEIN KINASE ACTIVITY%GOBP%GO:0032147		34	0.28094056	0.90239245	0.62916666	0.84031063	1.0	1071	tags=15%, list=8%, signal=16%	
GLYPICAN 1 NETWORK%PATHWAY INTERACTION DATABASE NCI-NATURE CURATED DATA%GLYPICAN 1 NETWORK	GLYPICAN 1 NETWORK%PATHWAY INTERACTION DATABASE NCI-NATURE CURATED DATA%GLYPICAN 1 NETWORK		18	0.32683763	0.9021751	0.599	0.8404925	1.0	2112	tags=28%, list=16%, signal=33%	
GOLGI TO VACUOLE TRANSPORT%GOBP%GO:0006896	GOLGI TO VACUOLE TRANSPORT%GOBP%GO:0006896		22	0.31245583	0.9013249	0.589	0.84230417	1.0	1144	tags=18%, list=8%, signal=20%	
PID_HIV_NEF_PATHWAY%MSIGDB_C2%PID_HIV_NEF_PATHWAY	PID_HIV_NEF_PATHWAY%MSIGDB_C2%PID_HIV_NEF_PATHWAY		25	0.30401632	0.9011619	0.6004184	0.8423559	1.0	1071	tags=16%, list=8%, signal=17%	
INTRACELLULAR RECEPTOR SIGNALING PATHWAY%GOBP%GO:0030522	INTRACELLULAR RECEPTOR SIGNALING PATHWAY%GOBP%GO:0030522		115	0.22340146	0.90093184	0.70259064	0.8425747	1.0	2851	tags=25%, list=21%, signal=32%	
SPHINGOSINE 1-PHOSPHATE (S1P) PATHWAY%PATHWAY INTERACTION DATABASE NCI-NATURE CURATED DATA%SPHINGOSINE 1-PHOSPHATE (S1P) PATHWAY	SPHINGOSINE 1-PHOSPHATE (S1P) PATHWAY%PATHWAY INTERACTION DATABASE NCI-NATURE CURATED DATA%SPHINGOSINE 1-PHOSPHATE (S1P) PATHWAY		16	0.33789277	0.90075284	0.59623015	0.84267306	1.0	318	tags=13%, list=2%, signal=13%	
POSITIVE REGULATION OF PHAGOCYTOSIS%GOBP%GO:0050766	POSITIVE REGULATION OF PHAGOCYTOSIS%GOBP%GO:0050766		34	0.28284594	0.89995813	0.63336766	0.8443415	1.0	2503	tags=21%, list=19%, signal=25%	
REGULATION OF STEROID METABOLIC PROCESS%GOBP%GO:0019218	REGULATION OF STEROID METABOLIC PROCESS%GOBP%GO:0019218		51	0.26052397	0.899677	0.63874346	0.8446817	1.0	1622	tags=22%, list=12%, signal=24%	
CONTRACTILE ACTIN FILAMENT BUNDLE ASSEMBLY%GOBP%GO:0030038	CONTRACTILE ACTIN FILAMENT BUNDLE ASSEMBLY%GOBP%GO:0030038		15	0.34403825	0.8994042	0.599005	0.84499174	1.0	1493	tags=27%, list=11%, signal=30%	
REGULATION OF ERAD PATHWAY%GOBP%GO:1904292	REGULATION OF ERAD PATHWAY%GOBP%GO:1904292		23	0.31080797	0.8992613	0.6032389	0.8449745	1.0	5181	tags=48%, list=38%, signal=77%	
NEGATIVE REGULATION OF CATION TRANSMEMBRANE TRANSPORT%GOBP%GO:1904063	NEGATIVE REGULATION OF CATION TRANSMEMBRANE TRANSPORT%GOBP%GO:1904063		38	0.27358475	0.89903593	0.63874346	0.84518754	1.0	2916	tags=29%, list=22%, signal=37%	
BIOGENIC AMINE BIOSYNTHETIC PROCESS%GOBP%GO:0042401	BIOGENIC AMINE BIOSYNTHETIC PROCESS%GOBP%GO:0042401		17	0.32918334	0.89887446	0.60120845	0.84522295	1.0	2333	tags=35%, list=17%, signal=43%	
NEGATIVE REGULATION OF RECEPTOR SIGNALING PATHWAY VIA JAK-STAT%GOBP%GO:0046426	NEGATIVE REGULATION OF RECEPTOR SIGNALING PATHWAY VIA JAK-STAT%GOBP%GO:0046426		16	0.3332851	0.89859986	0.59762675	0.8455566	1.0	3239	tags=44%, list=24%, signal=57%	
POSITIVE REGULATION OF INTERFERON-ALPHA PRODUCTION%GOBP%GO:0032727	POSITIVE REGULATION OF INTERFERON-ALPHA PRODUCTION%GOBP%GO:0032727		16	0.33732736	0.8981471	0.6096537	0.8463563	1.0	2787	tags=31%, list=21%, signal=39%	
CALMODULIN INDUCED EVENTS%REACTOME DATABASE ID RELEASE 95%111933	CALMODULIN INDUCED EVENTS%REACTOME DATABASE ID RELEASE 95%111933		26	0.29349625	0.8975128	0.6316316	0.84760386	1.0	1452	tags=19%, list=11%, signal=22%	
BIOCARTA_MAPK_PATHWAY%MSIGDB_C2%BIOCARTA_MAPK_PATHWAY	BIOCARTA_MAPK_PATHWAY%MSIGDB_C2%BIOCARTA_MAPK_PATHWAY		66	0.24450597	0.8973173	0.6622584	0.84772444	1.0	2862	tags=29%, list=21%, signal=36%	
ERK1 AND ERK2 CASCADE%GOBP%GO:0070371	ERK1 AND ERK2 CASCADE%GOBP%GO:0070371		18	0.32375658	0.8970591	0.6056485	0.8479977	1.0	1758	tags=22%, list=13%, signal=26%	
SIGNALING BY CSF1 (M-CSF) IN MYELOID CELLS%REACTOME DATABASE ID RELEASE 95%9680350	SIGNALING BY CSF1 (M-CSF) IN MYELOID CELLS%REACTOME DATABASE ID RELEASE 95%9680350		26	0.2951143	0.8967847	0.628125	0.8483377	1.0	3912	tags=42%, list=29%, signal=59%	
TRANSCRIPTION-COUPLED NUCLEOTIDE EXCISION REPAIR (TC-NER)%REACTOME%R-HSA-6781827.3	TRANSCRIPTION-COUPLED NUCLEOTIDE EXCISION REPAIR (TC-NER)%REACTOME%R-HSA-6781827.3		74	0.24098854	0.8963314	0.6889849	0.84913963	1.0	3187	tags=35%, list=24%, signal=46%	
GPVI-MEDIATED ACTIVATION CASCADE%REACTOME%R-HSA-114604.7	GPVI-MEDIATED ACTIVATION CASCADE%REACTOME%R-HSA-114604.7		20	0.3164449	0.89578354	0.59535825	0.8501701	1.0	6	tags=5%, list=0%, signal=5%	
DNA REPAIR-DEPENDENT CHROMATIN REMODELING%GOBP%GO:0140861	DNA REPAIR-DEPENDENT CHROMATIN REMODELING%GOBP%GO:0140861		23	0.30264017	0.89508176	0.6089932	0.85159343	1.0	4438	tags=52%, list=33%, signal=78%	
SYNAPTIC VESICLE PATHWAY%WIKIPATHWAYS_20260211%WP2267%HOMO SAPIENS	SYNAPTIC VESICLE PATHWAY%WIKIPATHWAYS_20260211%WP2267%HOMO SAPIENS		30	0.28490686	0.89502776	0.63178676	0.8513534	1.0	3959	tags=50%, list=29%, signal=71%	
REGULATION OF CELL-MATRIX ADHESION%GOBP%GO:0001952	REGULATION OF CELL-MATRIX ADHESION%GOBP%GO:0001952		86	0.23378778	0.8949754	0.70552146	0.8511112	1.0	1748	tags=16%, list=13%, signal=19%	
PID_EPHB_FWD_PATHWAY%MSIGDB_C2%PID_EPHB_FWD_PATHWAY	PID_EPHB_FWD_PATHWAY%MSIGDB_C2%PID_EPHB_FWD_PATHWAY		32	0.28597584	0.89461905	0.6390293	0.8516314	1.0	803	tags=16%, list=6%, signal=17%	
BIOCARTA_GSK3_PATHWAY%MSIGDB_C2%BIOCARTA_GSK3_PATHWAY	BIOCARTA_GSK3_PATHWAY%MSIGDB_C2%BIOCARTA_GSK3_PATHWAY		17	0.3302634	0.8942104	0.6207254	0.8523133	1.0	1127	tags=24%, list=8%, signal=26%	
DARPP-32 EVENTS%REACTOME DATABASE ID RELEASE 95%180024	DARPP-32 EVENTS%REACTOME DATABASE ID RELEASE 95%180024		21	0.31492916	0.89401597	0.617558	0.85243404	1.0	524	tags=14%, list=4%, signal=15%	
POSITIVE REGULATION OF INTRINSIC APOPTOTIC SIGNALING PATHWAY%GOBP%GO:2001244	POSITIVE REGULATION OF INTRINSIC APOPTOTIC SIGNALING PATHWAY%GOBP%GO:2001244		32	0.28269196	0.89293844	0.6331301	0.8547947	1.0	3044	tags=28%, list=23%, signal=36%	
BONE MORPHOGENESIS%GOBP%GO:0060349	BONE MORPHOGENESIS%GOBP%GO:0060349		26	0.3003451	0.8924551	0.61770624	0.8556426	1.0	1276	tags=15%, list=9%, signal=17%	
ESTABLISHMENT OF PROTEIN LOCALIZATION TO PLASMA MEMBRANE%GOBP%GO:0061951	ESTABLISHMENT OF PROTEIN LOCALIZATION TO PLASMA MEMBRANE%GOBP%GO:0061951		39	0.27067056	0.8918914	0.63316065	0.8566933	1.0	2932	tags=28%, list=22%, signal=36%	
REGULATION OF SYNAPTIC VESICLE EXOCYTOSIS%GOBP%GO:2000300	REGULATION OF SYNAPTIC VESICLE EXOCYTOSIS%GOBP%GO:2000300		18	0.32631242	0.8918612	0.62079513	0.85639477	1.0	2270	tags=22%, list=17%, signal=27%	
OLIGODENDROCYTE DIFFERENTIATION%GOBP%GO:0048709	OLIGODENDROCYTE DIFFERENTIATION%GOBP%GO:0048709		25	0.29693514	0.89175224	0.63109756	0.8562984	1.0	1174	tags=20%, list=9%, signal=22%	
STRESS FIBER ASSEMBLY%GOBP%GO:0043149	STRESS FIBER ASSEMBLY%GOBP%GO:0043149		15	0.34403825	0.89166623	0.6047666	0.8561532	1.0	1493	tags=27%, list=11%, signal=30%	
PID_MAPK_TRK_PATHWAY%MSIGDB_C2%PID_MAPK_TRK_PATHWAY	PID_MAPK_TRK_PATHWAY%MSIGDB_C2%PID_MAPK_TRK_PATHWAY		27	0.29561234	0.8912894	0.6265306	0.8567242	1.0	1371	tags=15%, list=10%, signal=16%	
THE PHOTOTRANSDUCTION CASCADE%REACTOME%R-HSA-2514856.3	THE PHOTOTRANSDUCTION CASCADE%REACTOME%R-HSA-2514856.3		17	0.32646874	0.8911272	0.61393034	0.8567503	1.0	2407	tags=24%, list=18%, signal=29%	
INTEGRATED STRESS RESPONSE SIGNALING%GOBP%GO:0140467	INTEGRATED STRESS RESPONSE SIGNALING%GOBP%GO:0140467		32	0.283354	0.89097357	0.64020616	0.8567656	1.0	2862	tags=31%, list=21%, signal=40%	
REGULATION OF RNA SPLICING%GOBP%GO:0043484	REGULATION OF RNA SPLICING%GOBP%GO:0043484		167	0.21105716	0.8908296	0.7619554	0.8567623	1.0	2093	tags=19%, list=15%, signal=22%	
REGULATION OF LYMPHOCYTE MEDIATED IMMUNITY%GOBP%GO:0002706	REGULATION OF LYMPHOCYTE MEDIATED IMMUNITY%GOBP%GO:0002706		79	0.2361076	0.8906608	0.7049689	0.8568216	1.0	2149	tags=19%, list=16%, signal=22%	
REGULATION OF INTRACELLULAR ESTROGEN RECEPTOR SIGNALING PATHWAY%GOBP%GO:0033146	REGULATION OF INTRACELLULAR ESTROGEN RECEPTOR SIGNALING PATHWAY%GOBP%GO:0033146		25	0.29736823	0.89001536	0.64020616	0.8580791	1.0	2471	tags=32%, list=18%, signal=39%	
INTEGRINS IN ANGIOGENESIS%PATHWAY INTERACTION DATABASE NCI-NATURE CURATED DATA%INTEGRINS IN ANGIOGENESIS	INTEGRINS IN ANGIOGENESIS%PATHWAY INTERACTION DATABASE NCI-NATURE CURATED DATA%INTEGRINS IN ANGIOGENESIS		56	0.24937434	0.88978344	0.67979276	0.85829157	1.0	2363	tags=20%, list=17%, signal=24%	
POSITIVE REGULATION OF LEUKOCYTE CELL-CELL ADHESION%GOBP%GO:1903039	POSITIVE REGULATION OF LEUKOCYTE CELL-CELL ADHESION%GOBP%GO:1903039		142	0.21602838	0.8896959	0.7641304	0.85814327	1.0	1411	tags=13%, list=10%, signal=14%	
REGULATION OF STEROID BIOSYNTHETIC PROCESS%GOBP%GO:0050810	REGULATION OF STEROID BIOSYNTHETIC PROCESS%GOBP%GO:0050810		39	0.27052408	0.8895703	0.6618705	0.858081	1.0	1517	tags=21%, list=11%, signal=23%	
FATTY ACID METABOLISM%REACTOME%R-HSA-8978868.7	FATTY ACID METABOLISM%REACTOME%R-HSA-8978868.7		125	0.22121051	0.8893973	0.75313807	0.85812384	1.0	1551	tags=15%, list=11%, signal=17%	
ENDOTHELIUM DEVELOPMENT%GOBP%GO:0003158	ENDOTHELIUM DEVELOPMENT%GOBP%GO:0003158		54	0.25188655	0.8891778	0.6728395	0.8582995	1.0	2197	tags=19%, list=16%, signal=22%	
DENDRITE MORPHOGENESIS%GOBP%GO:0048813	DENDRITE MORPHOGENESIS%GOBP%GO:0048813		30	0.28724036	0.8890619	0.6425025	0.85820913	1.0	1533	tags=20%, list=11%, signal=23%	
RRNA METHYLATION%GOBP%GO:0031167	RRNA METHYLATION%GOBP%GO:0031167		20	0.31382266	0.8886294	0.6305859	0.8589169	1.0	1685	tags=20%, list=12%, signal=23%	
PROTEIN LOCALIZATION TO CELL PERIPHERY%GOBP%GO:1990778	PROTEIN LOCALIZATION TO CELL PERIPHERY%GOBP%GO:1990778		146	0.21264234	0.88851905	0.7630701	0.8588257	1.0	2405	tags=18%, list=18%, signal=22%	
RHO GTPASES ACTIVATE PKNS%REACTOME%R-HSA-5625740.3	RHO GTPASES ACTIVATE PKNS%REACTOME%R-HSA-5625740.3		31	0.2812053	0.88830376	0.6502058	0.858989	1.0	813	tags=13%, list=6%, signal=14%	
TOLL LIKE RECEPTOR 9 (TLR9) CASCADE%REACTOME%R-HSA-168138.6	TOLL LIKE RECEPTOR 9 (TLR9) CASCADE%REACTOME%R-HSA-168138.6		98	0.2254766	0.8878181	0.73416406	0.85986507	1.0	3945	tags=36%, list=29%, signal=50%	
MYD88 CASCADE INITIATED ON PLASMA MEMBRANE%REACTOME%R-HSA-975871.3	MYD88 CASCADE INITIATED ON PLASMA MEMBRANE%REACTOME%R-HSA-975871.3		88	0.22927617	0.8875883	0.7363543	0.8600621	1.0	3361	tags=30%, list=25%, signal=39%	
REGULATION OF FIBROBLAST MIGRATION%GOBP%GO:0010762	REGULATION OF FIBROBLAST MIGRATION%GOBP%GO:0010762		19	0.3186858	0.8875329	0.61894953	0.8598282	1.0	1648	tags=21%, list=12%, signal=24%	
REGULATION OF DENDRITIC SPINE DEVELOPMENT%GOBP%GO:0060998	REGULATION OF DENDRITIC SPINE DEVELOPMENT%GOBP%GO:0060998		26	0.29111156	0.8873283	0.6360887	0.85996836	1.0	2764	tags=35%, list=20%, signal=43%	
REGULATION OF NATURAL KILLER CELL ACTIVATION%GOBP%GO:0032814	REGULATION OF NATURAL KILLER CELL ACTIVATION%GOBP%GO:0032814		17	0.3345442	0.8871407	0.6036217	0.8600818	1.0	2817	tags=29%, list=21%, signal=37%	
TOLL LIKE RECEPTOR TLR1:TLR2 CASCADE%REACTOME%R-HSA-168179.3	TOLL LIKE RECEPTOR TLR1:TLR2 CASCADE%REACTOME%R-HSA-168179.3		98	0.22423169	0.88683355	0.7463002	0.86046815	1.0	3361	tags=31%, list=25%, signal=40%	
REGULATION OF AMYLOID-BETA FORMATION%GOBP%GO:1902003	REGULATION OF AMYLOID-BETA FORMATION%GOBP%GO:1902003		28	0.28796875	0.8867946	0.64004046	0.8601898	1.0	2181	tags=32%, list=16%, signal=38%	
SIGNALING EVENTS MEDIATED BY VEGFR1 AND VEGFR2%PATHWAY INTERACTION DATABASE NCI-NATURE CURATED DATA%SIGNALING EVENTS MEDIATED BY VEGFR1 AND VEGFR2	SIGNALING EVENTS MEDIATED BY VEGFR1 AND VEGFR2%PATHWAY INTERACTION DATABASE NCI-NATURE CURATED DATA%SIGNALING EVENTS MEDIATED BY VEGFR1 AND VEGFR2		59	0.24769491	0.88625556	0.679397	0.8611533	1.0	2167	tags=14%, list=16%, signal=16%	
ACUTE MYELOID LEUKEMIA%WIKIPATHWAYS_20260211%WP5293%HOMO SAPIENS	ACUTE MYELOID LEUKEMIA%WIKIPATHWAYS_20260211%WP5293%HOMO SAPIENS		46	0.25694668	0.8862291	0.6532922	0.8608435	1.0	2542	tags=30%, list=19%, signal=37%	
PID_PRL_SIGNALING_EVENTS_PATHWAY%MSIGDB_C2%PID_PRL_SIGNALING_EVENTS_PATHWAY	PID_PRL_SIGNALING_EVENTS_PATHWAY%MSIGDB_C2%PID_PRL_SIGNALING_EVENTS_PATHWAY		19	0.31761304	0.8861756	0.6414301	0.86060154	1.0	2167	tags=37%, list=16%, signal=44%	
REGULATION OF COLLAGEN METABOLIC PROCESS%GOBP%GO:0010712	REGULATION OF COLLAGEN METABOLIC PROCESS%GOBP%GO:0010712		16	0.33078554	0.88585526	0.611691	0.8610177	1.0	1946	tags=31%, list=14%, signal=36%	
ANGIOPOIETIN RECEPTOR TIE2-MEDIATED SIGNALING%PATHWAY INTERACTION DATABASE NCI-NATURE CURATED DATA%ANGIOPOIETIN RECEPTOR TIE2-MEDIATED SIGNALING	ANGIOPOIETIN RECEPTOR TIE2-MEDIATED SIGNALING%PATHWAY INTERACTION DATABASE NCI-NATURE CURATED DATA%ANGIOPOIETIN RECEPTOR TIE2-MEDIATED SIGNALING		39	0.27138382	0.88554484	0.66914105	0.86142564	1.0	803	tags=13%, list=6%, signal=14%	
TOLL LIKE RECEPTOR 10 (TLR10) CASCADE%REACTOME%R-HSA-168142.3	TOLL LIKE RECEPTOR 10 (TLR10) CASCADE%REACTOME%R-HSA-168142.3		88	0.22927617	0.88544554	0.73221755	0.86129755	1.0	3361	tags=30%, list=25%, signal=39%	
HEART CONTRACTION%GOBP%GO:0060047	HEART CONTRACTION%GOBP%GO:0060047		52	0.25364384	0.8854296	0.65786695	0.86096615	1.0	2518	tags=29%, list=19%, signal=35%	
CO-INHIBITION BY CTLA4%REACTOME DATABASE ID RELEASE 95%389513	CO-INHIBITION BY CTLA4%REACTOME DATABASE ID RELEASE 95%389513		16	0.33096686	0.8845481	0.6171717	0.8628188	1.0	2112	tags=31%, list=16%, signal=37%	
SYNAPTIC VESICLE CYTOSKELETAL TRANSPORT%GOBP%GO:0099514	SYNAPTIC VESICLE CYTOSKELETAL TRANSPORT%GOBP%GO:0099514		15	0.33980805	0.88448375	0.6081218	0.8626074	1.0	2692	tags=33%, list=20%, signal=42%	
IL2 SIGNALING EVENTS MEDIATED BY PI3K%PATHWAY INTERACTION DATABASE NCI-NATURE CURATED DATA%IL2 SIGNALING EVENTS MEDIATED BY PI3K	IL2 SIGNALING EVENTS MEDIATED BY PI3K%PATHWAY INTERACTION DATABASE NCI-NATURE CURATED DATA%IL2 SIGNALING EVENTS MEDIATED BY PI3K		31	0.28591403	0.88447255	0.6673367	0.8622613	1.0	2769	tags=26%, list=20%, signal=32%	
REGULATION OF PROTEIN NEDDYLATION%GOBP%GO:2000434	REGULATION OF PROTEIN NEDDYLATION%GOBP%GO:2000434		16	0.3320475	0.88442755	0.61070305	0.8619971	1.0	2894	tags=38%, list=21%, signal=48%	
REGULATION OF SMOOTH MUSCLE CELL PROLIFERATION%GOBP%GO:0048660	REGULATION OF SMOOTH MUSCLE CELL PROLIFERATION%GOBP%GO:0048660		65	0.24237616	0.88435346	0.70168066	0.86181676	1.0	3273	tags=32%, list=24%, signal=42%	
REGULATION OF INFLAMMASOME-MEDIATED SIGNALING PATHWAY%GOBP%GO:0141085	REGULATION OF INFLAMMASOME-MEDIATED SIGNALING PATHWAY%GOBP%GO:0141085		33	0.2781395	0.8842225	0.64803314	0.86176777	1.0	2374	tags=27%, list=18%, signal=33%	
REGULATION OF PTEN GENE TRANSCRIPTION%REACTOME%R-HSA-8943724.2	REGULATION OF PTEN GENE TRANSCRIPTION%REACTOME%R-HSA-8943724.2		55	0.24651006	0.8841442	0.68333334	0.86159146	1.0	1559	tags=15%, list=12%, signal=16%	
REGULATION OF OXIDATIVE STRESS-INDUCED INTRINSIC APOPTOTIC SIGNALING PATHWAY%GOBP%GO:1902175	REGULATION OF OXIDATIVE STRESS-INDUCED INTRINSIC APOPTOTIC SIGNALING PATHWAY%GOBP%GO:1902175		28	0.2922479	0.8839196	0.6625	0.86177903	1.0	3521	tags=32%, list=26%, signal=43%	
ANTEROGRADE SYNAPTIC VESICLE TRANSPORT%GOBP%GO:0048490	ANTEROGRADE SYNAPTIC VESICLE TRANSPORT%GOBP%GO:0048490		15	0.33980805	0.8836635	0.63136035	0.86205053	1.0	2692	tags=33%, list=20%, signal=42%	
G PROTEIN-COUPLED RECEPTOR SIGNALING PATHWAY, COUPLED TO CYCLIC NUCLEOTIDE SECOND MESSENGER%GOBP%GO:0007187	G PROTEIN-COUPLED RECEPTOR SIGNALING PATHWAY, COUPLED TO CYCLIC NUCLEOTIDE SECOND MESSENGER%GOBP%GO:0007187		23	0.30093405	0.8830014	0.63857865	0.863334	1.0	1426	tags=17%, list=11%, signal=19%	
ORGANELLE DISASSEMBLY%GOBP%GO:1903008	ORGANELLE DISASSEMBLY%GOBP%GO:1903008		62	0.24541639	0.882468	0.7209302	0.86430675	1.0	3901	tags=44%, list=29%, signal=61%	
RAS PROTEIN SIGNAL TRANSDUCTION%GOBP%GO:0007265	RAS PROTEIN SIGNAL TRANSDUCTION%GOBP%GO:0007265		50	0.25426796	0.88217163	0.6950852	0.86465096	1.0	2542	tags=24%, list=19%, signal=29%	
HEART VALVE MORPHOGENESIS%GOBP%GO:0003179	HEART VALVE MORPHOGENESIS%GOBP%GO:0003179		45	0.25471938	0.88192934	0.67616034	0.86485285	1.0	3450	tags=36%, list=26%, signal=48%	
NEGATIVE REGULATION OF SECRETION%GOBP%GO:0051048	NEGATIVE REGULATION OF SECRETION%GOBP%GO:0051048		67	0.23999196	0.8819139	0.7145812	0.8645264	1.0	1978	tags=16%, list=15%, signal=19%	
REGULATION OF CDH1 POSTTRANSLATIONAL PROCESSING AND TRAFFICKING TO PLASMA MEMBRANE%REACTOME DATABASE ID RELEASE 95%9768727	REGULATION OF CDH1 POSTTRANSLATIONAL PROCESSING AND TRAFFICKING TO PLASMA MEMBRANE%REACTOME DATABASE ID RELEASE 95%9768727		30	0.28404626	0.88186324	0.6590198	0.864275	1.0	3374	tags=37%, list=25%, signal=49%	
TOLL LIKE RECEPTOR 5 (TLR5) CASCADE%REACTOME%R-HSA-168176.3	TOLL LIKE RECEPTOR 5 (TLR5) CASCADE%REACTOME%R-HSA-168176.3		88	0.22927617	0.8816423	0.7418367	0.8644749	1.0	3361	tags=30%, list=25%, signal=39%	
PORPHYRIN-CONTAINING COMPOUND METABOLIC PROCESS%GOBP%GO:0006778	PORPHYRIN-CONTAINING COMPOUND METABOLIC PROCESS%GOBP%GO:0006778		31	0.2816252	0.8815827	0.6687179	0.86425126	1.0	2262	tags=32%, list=17%, signal=39%	
MRNA TRANSCRIPTION%GOBP%GO:0009299	MRNA TRANSCRIPTION%GOBP%GO:0009299		34	0.2712414	0.88100517	0.67171717	0.86529636	1.0	4216	tags=44%, list=31%, signal=64%	
INFLAMMATORY BOWEL DISEASE SIGNALING%WIKIPATHWAYS_20260211%WP5198%HOMO SAPIENS	INFLAMMATORY BOWEL DISEASE SIGNALING%WIKIPATHWAYS_20260211%WP5198%HOMO SAPIENS		20	0.3087634	0.88095134	0.6336336	0.86505944	1.0	3269	tags=40%, list=24%, signal=53%	
NOTCH%NETPATH%NOTCH	NOTCH%NETPATH%NOTCH		43	0.26075232	0.8805746	0.6778947	0.8656276	1.0	1046	tags=16%, list=8%, signal=18%	
REGULATION OF PROTEIN TYROSINE KINASE ACTIVITY%GOBP%GO:0061097	REGULATION OF PROTEIN TYROSINE KINASE ACTIVITY%GOBP%GO:0061097		19	0.31657532	0.88048005	0.6519959	0.8654837	1.0	285	tags=11%, list=2%, signal=11%	
OUTFLOW TRACT SEPTUM MORPHOGENESIS%GOBP%GO:0003148	OUTFLOW TRACT SEPTUM MORPHOGENESIS%GOBP%GO:0003148		19	0.31386885	0.88018596	0.6359077	0.86583525	1.0	2609	tags=37%, list=19%, signal=46%	
POSITIVE REGULATION OF INFLAMMASOME-MEDIATED SIGNALING PATHWAY%GOBP%GO:0141087	POSITIVE REGULATION OF INFLAMMASOME-MEDIATED SIGNALING PATHWAY%GOBP%GO:0141087		20	0.31526354	0.8801317	0.6468782	0.8655931	1.0	2277	tags=25%, list=17%, signal=30%	
CARBOHYDRATE CATABOLIC PROCESS%GOBP%GO:0016052	CARBOHYDRATE CATABOLIC PROCESS%GOBP%GO:0016052		80	0.23010017	0.87979823	0.7572917	0.86605185	1.0	1263	tags=15%, list=9%, signal=16%	
POSITIVE REGULATION OF SMALL GTPASE MEDIATED SIGNAL TRANSDUCTION%GOBP%GO:0051057	POSITIVE REGULATION OF SMALL GTPASE MEDIATED SIGNAL TRANSDUCTION%GOBP%GO:0051057		50	0.2551122	0.87975335	0.6948454	0.86577886	1.0	2376	tags=24%, list=18%, signal=29%	
CAM PATHWAY%REACTOME DATABASE ID RELEASE 95%111997	CAM PATHWAY%REACTOME DATABASE ID RELEASE 95%111997		26	0.29349625	0.879698	0.6578141	0.8655438	1.0	1452	tags=19%, list=11%, signal=22%	
SYNAPTIC VESICLE TRANSPORT ALONG MICROTUBULE%GOBP%GO:0099517	SYNAPTIC VESICLE TRANSPORT ALONG MICROTUBULE%GOBP%GO:0099517		15	0.33980805	0.8795924	0.6147541	0.86543673	1.0	2692	tags=33%, list=20%, signal=42%	
INACTIVATION, RECOVERY AND REGULATION OF THE PHOTOTRANSDUCTION CASCADE%REACTOME DATABASE ID RELEASE 95%2514859	INACTIVATION, RECOVERY AND REGULATION OF THE PHOTOTRANSDUCTION CASCADE%REACTOME DATABASE ID RELEASE 95%2514859		16	0.33237097	0.8792107	0.640796	0.8660096	1.0	2407	tags=25%, list=18%, signal=30%	
NEGATIVE REGULATION OF LYMPHOCYTE MEDIATED IMMUNITY%GOBP%GO:0002707	NEGATIVE REGULATION OF LYMPHOCYTE MEDIATED IMMUNITY%GOBP%GO:0002707		24	0.29328504	0.8791742	0.6336429	0.8657322	1.0	2014	tags=17%, list=15%, signal=20%	
REGULATION OF PLASMA MEMBRANE BOUNDED CELL PROJECTION ASSEMBLY%GOBP%GO:0120032	REGULATION OF PLASMA MEMBRANE BOUNDED CELL PROJECTION ASSEMBLY%GOBP%GO:0120032		147	0.21234535	0.879016	0.78579354	0.86574405	1.0	1440	tags=14%, list=11%, signal=15%	
SINGLE FERTILIZATION%GOBP%GO:0007338	SINGLE FERTILIZATION%GOBP%GO:0007338		37	0.27025592	0.87873065	0.6728665	0.8660678	1.0	2145	tags=22%, list=16%, signal=26%	
GLYCOSAMINOGLYCAN METABOLIC PROCESS%GOBP%GO:0030203	GLYCOSAMINOGLYCAN METABOLIC PROCESS%GOBP%GO:0030203		34	0.27449277	0.8773585	0.6723224	0.8690741	1.0	1898	tags=21%, list=14%, signal=24%	
REGULATION OF CELL PROJECTION ASSEMBLY%GOBP%GO:0060491	REGULATION OF CELL PROJECTION ASSEMBLY%GOBP%GO:0060491		147	0.21234535	0.87728125	0.8059537	0.8688878	1.0	1440	tags=14%, list=11%, signal=15%	
16P11 2 DISTAL DELETION SYNDROME%WIKIPATHWAYS_20260211%WP4950%HOMO SAPIENS	16P11 2 DISTAL DELETION SYNDROME%WIKIPATHWAYS_20260211%WP4950%HOMO SAPIENS		21	0.3048275	0.8771712	0.6255102	0.86877745	1.0	829	tags=14%, list=6%, signal=15%	
CARDIAC EPITHELIAL TO MESENCHYMAL TRANSITION%GOBP%GO:0060317	CARDIAC EPITHELIAL TO MESENCHYMAL TRANSITION%GOBP%GO:0060317		17	0.3223038	0.8770652	0.6334405	0.8686664	1.0	1665	tags=18%, list=12%, signal=20%	
COOPERATION OF PDCL (PHLP1) AND TRIC CCT IN G-PROTEIN BETA FOLDING%REACTOME%R-HSA-6814122.3	COOPERATION OF PDCL (PHLP1) AND TRIC CCT IN G-PROTEIN BETA FOLDING%REACTOME%R-HSA-6814122.3		33	0.27304748	0.87599367	0.6560575	0.87094104	1.0	3668	tags=36%, list=27%, signal=50%	
SYNAPTIC SIGNALING ASSOCIATED WITH AUTISM SPECTRUM DISORDER%WIKIPATHWAYS_20260211%WP4539%HOMO SAPIENS	SYNAPTIC SIGNALING ASSOCIATED WITH AUTISM SPECTRUM DISORDER%WIKIPATHWAYS_20260211%WP4539%HOMO SAPIENS		35	0.27128613	0.8758963	0.659815	0.8708035	1.0	1608	tags=14%, list=12%, signal=16%	
ETHER LIPID METABOLIC PROCESS%GOBP%GO:0046485	ETHER LIPID METABOLIC PROCESS%GOBP%GO:0046485		16	0.32623795	0.87571925	0.6448692	0.8708667	1.0	448	tags=13%, list=3%, signal=13%	
REGULATION OF CHOLESTEROL METABOLIC PROCESS%GOBP%GO:0090181	REGULATION OF CHOLESTEROL METABOLIC PROCESS%GOBP%GO:0090181		29	0.2869706	0.87560564	0.656701	0.87078124	1.0	1622	tags=24%, list=12%, signal=27%	
POSITIVE REGULATION OF PROTEIN LOCALIZATION TO NUCLEUS%GOBP%GO:1900182	POSITIVE REGULATION OF PROTEIN LOCALIZATION TO NUCLEUS%GOBP%GO:1900182		67	0.2392236	0.87559223	0.7116431	0.87043905	1.0	2650	tags=27%, list=20%, signal=33%	
IL1%NETPATH%IL1	IL1%NETPATH%IL1		34	0.27167404	0.87496823	0.6805697	0.87158304	1.0	2862	tags=26%, list=21%, signal=33%	
MYD88:MAL(TIRAP) CASCADE INITIATED ON PLASMA MEMBRANE%REACTOME%R-HSA-166058.5	MYD88:MAL(TIRAP) CASCADE INITIATED ON PLASMA MEMBRANE%REACTOME%R-HSA-166058.5		98	0.22423169	0.8747914	0.762151	0.8716384	1.0	3361	tags=31%, list=25%, signal=40%	
PROTEIN TRANSMEMBRANE TRANSPORT%GOBP%GO:0071806	PROTEIN TRANSMEMBRANE TRANSPORT%GOBP%GO:0071806		55	0.24619302	0.8740401	0.7020585	0.8731065	1.0	3766	tags=35%, list=28%, signal=48%	
CELL VOLUME HOMEOSTASIS%GOBP%GO:0006884	CELL VOLUME HOMEOSTASIS%GOBP%GO:0006884		27	0.2851287	0.8740338	0.6513859	0.872752	1.0	3639	tags=33%, list=27%, signal=46%	
POSITIVE REGULATION OF LEUKOCYTE MEDIATED IMMUNITY%GOBP%GO:0002705	POSITIVE REGULATION OF LEUKOCYTE MEDIATED IMMUNITY%GOBP%GO:0002705		61	0.24159706	0.8739884	0.755287	0.87249047	1.0	2277	tags=20%, list=17%, signal=24%	
TRK RECEPTOR SIGNALING MEDIATED BY THE MAPK PATHWAY%PATHWAY INTERACTION DATABASE NCI-NATURE CURATED DATA%TRK RECEPTOR SIGNALING MEDIATED BY THE MAPK PATHWAY	TRK RECEPTOR SIGNALING MEDIATED BY THE MAPK PATHWAY%PATHWAY INTERACTION DATABASE NCI-NATURE CURATED DATA%TRK RECEPTOR SIGNALING MEDIATED BY THE MAPK PATHWAY		33	0.27387047	0.8738997	0.68645835	0.8723363	1.0	1371	tags=12%, list=10%, signal=13%	
TOLL LIKE RECEPTOR 2 (TLR2) CASCADE%REACTOME%R-HSA-181438.3	TOLL LIKE RECEPTOR 2 (TLR2) CASCADE%REACTOME%R-HSA-181438.3		98	0.22423169	0.8729759	0.75541794	0.8741757	1.0	3361	tags=31%, list=25%, signal=40%	
RESPONSE TO OSMOTIC STRESS%GOBP%GO:0006970	RESPONSE TO OSMOTIC STRESS%GOBP%GO:0006970		39	0.26347733	0.87269694	0.70675105	0.8744683	1.0	2787	tags=28%, list=21%, signal=35%	
RRNA TRANSCRIPTION%GOBP%GO:0009303	RRNA TRANSCRIPTION%GOBP%GO:0009303		24	0.2943523	0.8725408	0.67644083	0.87448144	1.0	3187	tags=42%, list=24%, signal=54%	
ESTABLISHMENT OF PROTEIN LOCALIZATION TO EXTRACELLULAR REGION%GOBP%GO:0035592	ESTABLISHMENT OF PROTEIN LOCALIZATION TO EXTRACELLULAR REGION%GOBP%GO:0035592		51	0.24803771	0.87242585	0.7128413	0.87439543	1.0	2432	tags=22%, list=18%, signal=26%	
DNA DAMAGE RESPONSE ONLY ATM DEPENDENT %WIKIPATHWAYS_20260211%WP710%HOMO SAPIENS	DNA DAMAGE RESPONSE ONLY ATM DEPENDENT %WIKIPATHWAYS_20260211%WP710%HOMO SAPIENS		76	0.2318487	0.8721363	0.7348485	0.8747174	1.0	1427	tags=13%, list=11%, signal=15%	
TOLL LIKE RECEPTOR TLR6:TLR2 CASCADE%REACTOME%R-HSA-168188.3	TOLL LIKE RECEPTOR TLR6:TLR2 CASCADE%REACTOME%R-HSA-168188.3		98	0.22423169	0.87199104	0.7677625	0.87470543	1.0	3361	tags=31%, list=25%, signal=40%	
TOLL LIKE RECEPTOR SIGNALING%WIKIPATHWAYS_20260211%WP75%HOMO SAPIENS	TOLL LIKE RECEPTOR SIGNALING%WIKIPATHWAYS_20260211%WP75%HOMO SAPIENS		55	0.24795459	0.8719737	0.69486403	0.87437284	1.0	3269	tags=31%, list=24%, signal=41%	
SIGNALING BY VEGF%REACTOME%R-HSA-194138.4	SIGNALING BY VEGF%REACTOME%R-HSA-194138.4		90	0.22346568	0.87146306	0.77221656	0.87521464	1.0	1290	tags=13%, list=10%, signal=15%	
POSITIVE REGULATION OF MEMBRANE PERMEABILITY%GOBP%GO:1905710	POSITIVE REGULATION OF MEMBRANE PERMEABILITY%GOBP%GO:1905710		19	0.30953935	0.87117624	0.64373714	0.87554497	1.0	2023	tags=21%, list=15%, signal=25%	
RSV-HOST INTERACTIONS%REACTOME%R-HSA-9833110.2	RSV-HOST INTERACTIONS%REACTOME%R-HSA-9833110.2		71	0.23580311	0.8711719	0.7254902	0.8751881	1.0	3316	tags=30%, list=25%, signal=39%	
TRYPTOPHAN METABOLISM%WIKIPATHWAYS_20260211%WP465%HOMO SAPIENS	TRYPTOPHAN METABOLISM%WIKIPATHWAYS_20260211%WP465%HOMO SAPIENS		15	0.33405417	0.8711479	0.62860084	0.87487423	1.0	3153	tags=47%, list=23%, signal=61%	
POSITIVE REGULATION OF DENDRITIC SPINE DEVELOPMENT%GOBP%GO:0060999	POSITIVE REGULATION OF DENDRITIC SPINE DEVELOPMENT%GOBP%GO:0060999		17	0.32355288	0.87112653	0.6586387	0.8745587	1.0	2764	tags=35%, list=20%, signal=44%	
TELOMERE MAINTENANCE VIA TELOMERASE%GOBP%GO:0007004	TELOMERE MAINTENANCE VIA TELOMERASE%GOBP%GO:0007004		21	0.30412677	0.8705494	0.6589769	0.8755998	1.0	1624	tags=19%, list=12%, signal=22%	
APOPTOSIS RELATED NETWORK DUE TO ALTERED NOTCH3 IN OVARIAN CANCER%WIKIPATHWAYS_20260211%WP2864%HOMO SAPIENS	APOPTOSIS RELATED NETWORK DUE TO ALTERED NOTCH3 IN OVARIAN CANCER%WIKIPATHWAYS_20260211%WP2864%HOMO SAPIENS		36	0.2673752	0.87041694	0.6944444	0.87555575	1.0	2363	tags=22%, list=17%, signal=27%	
SIGNALING BY NTRK1 (TRKA)%REACTOME%R-HSA-187037.4	SIGNALING BY NTRK1 (TRKA)%REACTOME%R-HSA-187037.4		101	0.22270292	0.87015253	0.78115183	0.8758282	1.0	1542	tags=15%, list=11%, signal=17%	
TUMOR NECROSIS FACTOR-MEDIATED SIGNALING PATHWAY%GOBP%GO:0033209	TUMOR NECROSIS FACTOR-MEDIATED SIGNALING PATHWAY%GOBP%GO:0033209		34	0.27510953	0.8697152	0.6659751	0.87648165	1.0	2316	tags=21%, list=17%, signal=25%	
CELLULAR RESPONSE TO CHEMICAL STRESS%GOBP%GO:0062197	CELLULAR RESPONSE TO CHEMICAL STRESS%GOBP%GO:0062197		171	0.20538108	0.86966455	0.83419687	0.8762379	1.0	2972	tags=23%, list=22%, signal=30%	
RESPONSE TO FATTY ACID%GOBP%GO:0070542	RESPONSE TO FATTY ACID%GOBP%GO:0070542		16	0.32871616	0.86945397	0.6666667	0.8763689	1.0	5485	tags=63%, list=41%, signal=105%	
BLADDER CANCER%WIKIPATHWAYS_20260211%WP2828%HOMO SAPIENS	BLADDER CANCER%WIKIPATHWAYS_20260211%WP2828%HOMO SAPIENS		33	0.26993427	0.86874205	0.68958336	0.877669	1.0	2134	tags=24%, list=16%, signal=29%	
POSITIVE REGULATION OF CELL GROWTH%GOBP%GO:0030307	POSITIVE REGULATION OF CELL GROWTH%GOBP%GO:0030307		82	0.22970246	0.86812496	0.73779196	0.8787414	1.0	2569	tags=24%, list=19%, signal=30%	
NEGATIVE REGULATION OF PROTEIN SECRETION%GOBP%GO:0050709	NEGATIVE REGULATION OF PROTEIN SECRETION%GOBP%GO:0050709		31	0.27828318	0.8680375	0.68360996	0.8785668	1.0	386	tags=10%, list=3%, signal=10%	
PID_ANGIOPOIETIN_RECEPTOR_PATHWAY%MSIGDB_C2%PID_ANGIOPOIETIN_RECEPTOR_PATHWAY	PID_ANGIOPOIETIN_RECEPTOR_PATHWAY%MSIGDB_C2%PID_ANGIOPOIETIN_RECEPTOR_PATHWAY		28	0.28271317	0.8674984	0.68463075	0.87943554	1.0	1368	tags=18%, list=10%, signal=20%	
REGULATION OF TRANSCRIPTION BY RNA POLYMERASE I%GOBP%GO:0006356	REGULATION OF TRANSCRIPTION BY RNA POLYMERASE I%GOBP%GO:0006356		37	0.25957912	0.8671279	0.71253824	0.8799373	1.0	2591	tags=30%, list=19%, signal=37%	
RECEPTOR INTERNALIZATION%GOBP%GO:0031623	RECEPTOR INTERNALIZATION%GOBP%GO:0031623		41	0.2589317	0.86709833	0.698364	0.8796354	1.0	2181	tags=24%, list=16%, signal=29%	
G-PROTEIN MEDIATED EVENTS%REACTOME DATABASE ID RELEASE 95%112040	G-PROTEIN MEDIATED EVENTS%REACTOME DATABASE ID RELEASE 95%112040		40	0.26201314	0.86646307	0.714747	0.8808088	1.0	973	tags=15%, list=7%, signal=16%	
ACTOMYOSIN STRUCTURE ORGANIZATION%GOBP%GO:0031032	ACTOMYOSIN STRUCTURE ORGANIZATION%GOBP%GO:0031032		94	0.2224178	0.86603373	0.7642627	0.88143647	1.0	4145	tags=38%, list=31%, signal=55%	
REGULATION OF STEM CELL DIFFERENTIATION%GOBP%GO:2000736	REGULATION OF STEM CELL DIFFERENTIATION%GOBP%GO:2000736		54	0.24705958	0.86588037	0.7163198	0.8814366	1.0	1665	tags=19%, list=12%, signal=21%	
SIGNALING BY GSK3BETA MUTANTS%REACTOME DATABASE ID RELEASE 95%5339716	SIGNALING BY GSK3BETA MUTANTS%REACTOME DATABASE ID RELEASE 95%5339716		15	0.3267994	0.86516035	0.6402439	0.88273305	1.0	1605	tags=27%, list=12%, signal=30%	
PID_CD40_PATHWAY%MSIGDB_C2%PID_CD40_PATHWAY	PID_CD40_PATHWAY%MSIGDB_C2%PID_CD40_PATHWAY		19	0.31038955	0.8651418	0.66701573	0.88240683	1.0	3111	tags=37%, list=23%, signal=48%	
CTNNB1 S37 MUTANTS AREN'T PHOSPHORYLATED%REACTOME%R-HSA-5358749.4	CTNNB1 S37 MUTANTS AREN'T PHOSPHORYLATED%REACTOME%R-HSA-5358749.4		15	0.3267994	0.86498284	0.6501014	0.88242203	1.0	1605	tags=27%, list=12%, signal=30%	
TGF_BETA_RECEPTOR%NETPATH%TGF_BETA_RECEPTOR	TGF_BETA_RECEPTOR%NETPATH%TGF_BETA_RECEPTOR		111	0.21614635	0.8649818	0.82081544	0.88205475	1.0	3944	tags=35%, list=29%, signal=49%	
C-MYC PATHWAY%PATHWAY INTERACTION DATABASE NCI-NATURE CURATED DATA%C-MYC PATHWAY	C-MYC PATHWAY%PATHWAY INTERACTION DATABASE NCI-NATURE CURATED DATA%C-MYC PATHWAY		25	0.29170984	0.8648911	0.6616008	0.88190365	1.0	3206	tags=36%, list=24%, signal=47%	
SMAD2 SMAD3:SMAD4 HETEROTRIMER REGULATES TRANSCRIPTION%REACTOME%R-HSA-2173796.6	SMAD2 SMAD3:SMAD4 HETEROTRIMER REGULATES TRANSCRIPTION%REACTOME%R-HSA-2173796.6		36	0.26903033	0.8644119	0.6855615	0.8826864	1.0	1975	tags=19%, list=15%, signal=23%	
NEGATIVE REGULATION OF RECEPTOR SIGNALING PATHWAY VIA STAT%GOBP%GO:1904893	NEGATIVE REGULATION OF RECEPTOR SIGNALING PATHWAY VIA STAT%GOBP%GO:1904893		17	0.31903026	0.8642821	0.6603175	0.88263404	1.0	3239	tags=41%, list=24%, signal=54%	
NEGATIVE REGULATION OF NMDA RECEPTOR-MEDIATED NEURONAL TRANSMISSION%REACTOME%R-HSA-9617324.2	NEGATIVE REGULATION OF NMDA RECEPTOR-MEDIATED NEURONAL TRANSMISSION%REACTOME%R-HSA-9617324.2		17	0.32191285	0.86393714	0.65708417	0.8830809	1.0	973	tags=18%, list=7%, signal=19%	
PROTEIN LOCALIZATION TO EXTRACELLULAR REGION%GOBP%GO:0071692	PROTEIN LOCALIZATION TO EXTRACELLULAR REGION%GOBP%GO:0071692		49	0.24840343	0.8638949	0.71894735	0.8828098	1.0	2432	tags=22%, list=18%, signal=27%	
NEGATIVE REGULATION OF PROTEIN LOCALIZATION TO CELL PERIPHERY%GOBP%GO:1904376	NEGATIVE REGULATION OF PROTEIN LOCALIZATION TO CELL PERIPHERY%GOBP%GO:1904376		27	0.28342828	0.8638603	0.68366283	0.8825248	1.0	2861	tags=37%, list=21%, signal=47%	
MITOCHONDRIAL IMMUNE RESPONSE TO SARS COV 2%WIKIPATHWAYS_20260211%WP5038%HOMO SAPIENS	MITOCHONDRIAL IMMUNE RESPONSE TO SARS COV 2%WIKIPATHWAYS_20260211%WP5038%HOMO SAPIENS		20	0.30652094	0.86372036	0.66527635	0.8824845	1.0	2787	tags=35%, list=21%, signal=44%	
HUMORAL IMMUNE RESPONSE%GOBP%GO:0006959	HUMORAL IMMUNE RESPONSE%GOBP%GO:0006959		54	0.24558957	0.8633175	0.718908	0.88306546	1.0	3446	tags=31%, list=25%, signal=42%	
PRE-NOTCH EXPRESSION AND PROCESSING%REACTOME DATABASE ID RELEASE 95%1912422	PRE-NOTCH EXPRESSION AND PROCESSING%REACTOME DATABASE ID RELEASE 95%1912422		46	0.25320327	0.8631532	0.72727275	0.8830933	1.0	1411	tags=15%, list=10%, signal=17%	
REGULATION OF RESPONSE TO TUMOR CELL%GOBP%GO:0002834	REGULATION OF RESPONSE TO TUMOR CELL%GOBP%GO:0002834		19	0.30658984	0.8630821	0.6726368	0.88289374	1.0	2060	tags=26%, list=15%, signal=31%	
RNA POLYMERASE I TRANSCRIPTION TERMINATION%REACTOME DATABASE ID RELEASE 95%73863	RNA POLYMERASE I TRANSCRIPTION TERMINATION%REACTOME DATABASE ID RELEASE 95%73863		26	0.2855802	0.86304337	0.68085104	0.8826109	1.0	2719	tags=35%, list=20%, signal=43%	
SENESCENCE-ASSOCIATED SECRETORY PHENOTYPE (SASP)%REACTOME%R-HSA-2559582.4	SENESCENCE-ASSOCIATED SECRETORY PHENOTYPE (SASP)%REACTOME%R-HSA-2559582.4		49	0.24841678	0.8629647	0.7263046	0.8824299	1.0	3283	tags=35%, list=24%, signal=46%	
NEGATIVE REGULATION OF EPITHELIAL TO MESENCHYMAL TRANSITION%GOBP%GO:0010719	NEGATIVE REGULATION OF EPITHELIAL TO MESENCHYMAL TRANSITION%GOBP%GO:0010719		28	0.2799943	0.8628447	0.69402987	0.88234	1.0	427	tags=14%, list=3%, signal=15%	
REGULATION OF DNA DAMAGE RESPONSE, SIGNAL TRANSDUCTION BY P53 CLASS MEDIATOR%GOBP%GO:0043516	REGULATION OF DNA DAMAGE RESPONSE, SIGNAL TRANSDUCTION BY P53 CLASS MEDIATOR%GOBP%GO:0043516		27	0.2807485	0.8623334	0.680203	0.8831721	1.0	2482	tags=22%, list=18%, signal=27%	
PI3K AKT MTOR SIGNALING AND THERAPEUTIC OPPORTUNITIES IN PROSTATE CANCER%WIKIPATHWAYS_20260211%WP3844%HOMO SAPIENS	PI3K AKT MTOR SIGNALING AND THERAPEUTIC OPPORTUNITIES IN PROSTATE CANCER%WIKIPATHWAYS_20260211%WP3844%HOMO SAPIENS		25	0.29109874	0.86227435	0.67751783	0.8829513	1.0	1290	tags=12%, list=10%, signal=13%	
NEUROGENESIS REGULATION IN THE OLFACTORY EPITHELIUM%WIKIPATHWAYS_20260211%WP5265%HOMO SAPIENS	NEUROGENESIS REGULATION IN THE OLFACTORY EPITHELIUM%WIKIPATHWAYS_20260211%WP5265%HOMO SAPIENS		32	0.27379	0.8609794	0.6997908	0.88555884	1.0	2532	tags=31%, list=19%, signal=38%	
SEX DIFFERENTIATION%GOBP%GO:0007548	SEX DIFFERENTIATION%GOBP%GO:0007548		62	0.23768236	0.86078346	0.74974775	0.88563097	1.0	1994	tags=18%, list=15%, signal=21%	
RELEASE OF SEQUESTERED CALCIUM ION INTO CYTOSOL%GOBP%GO:0051209	RELEASE OF SEQUESTERED CALCIUM ION INTO CYTOSOL%GOBP%GO:0051209		32	0.27139533	0.86031306	0.7006237	0.88636094	1.0	2277	tags=31%, list=17%, signal=37%	
NEGATIVE REGULATION OF NUCLEOTIDE METABOLIC PROCESS%GOBP%GO:0045980	NEGATIVE REGULATION OF NUCLEOTIDE METABOLIC PROCESS%GOBP%GO:0045980		16	0.32221636	0.8602998	0.6683367	0.88602394	1.0	2123	tags=25%, list=16%, signal=30%	
METHYLATION%GOBP%GO:0032259	METHYLATION%GOBP%GO:0032259		104	0.21827835	0.86004126	0.8045977	0.8862596	1.0	1685	tags=15%, list=12%, signal=17%	
RHOBTB1 GTPASE CYCLE%REACTOME%R-HSA-9013422.4	RHOBTB1 GTPASE CYCLE%REACTOME%R-HSA-9013422.4		23	0.29726613	0.8599057	0.6758475	0.88622046	1.0	2680	tags=35%, list=20%, signal=43%	
BIOCARTA_BIOPEPTIDES_PATHWAY%MSIGDB_C2%BIOCARTA_BIOPEPTIDES_PATHWAY	BIOCARTA_BIOPEPTIDES_PATHWAY%MSIGDB_C2%BIOCARTA_BIOPEPTIDES_PATHWAY		21	0.2979732	0.85937774	0.67956346	0.88706183	1.0	2503	tags=29%, list=19%, signal=35%	
B CELL DIFFERENTIATION%GOBP%GO:0030183	B CELL DIFFERENTIATION%GOBP%GO:0030183		49	0.25055602	0.8589703	0.7147402	0.887633	1.0	1033	tags=14%, list=8%, signal=15%	
GLUCOSE HOMEOSTASIS%GOBP%GO:0042593	GLUCOSE HOMEOSTASIS%GOBP%GO:0042593		90	0.22210617	0.858615	0.78899086	0.8880945	1.0	1607	tags=16%, list=12%, signal=18%	
NEGATIVE REGULATION OF PURINE NUCLEOTIDE METABOLIC PROCESS%GOBP%GO:1900543	NEGATIVE REGULATION OF PURINE NUCLEOTIDE METABOLIC PROCESS%GOBP%GO:1900543		16	0.32221636	0.85805327	0.659465	0.88903326	1.0	2123	tags=25%, list=16%, signal=30%	
SENSORY PERCEPTION%GOBP%GO:0007600	SENSORY PERCEPTION%GOBP%GO:0007600		170	0.20142917	0.8578261	0.86560845	0.8891842	1.0	2509	tags=20%, list=19%, signal=24%	
CELL SURFACE RECEPTOR PROTEIN SERINE/THREONINE KINASE SIGNALING PATHWAY%GOBP%GO:0007178	CELL SURFACE RECEPTOR PROTEIN SERINE/THREONINE KINASE SIGNALING PATHWAY%GOBP%GO:0007178		105	0.21627986	0.857826	0.81078225	0.8888155	1.0	1946	tags=17%, list=14%, signal=20%	
RNA-TEMPLATED DNA BIOSYNTHETIC PROCESS%GOBP%GO:0006278	RNA-TEMPLATED DNA BIOSYNTHETIC PROCESS%GOBP%GO:0006278		21	0.30412677	0.8574743	0.68252426	0.88925105	1.0	1624	tags=19%, list=12%, signal=22%	
INTRACELLULAR ZINC ION HOMEOSTASIS%GOBP%GO:0006882	INTRACELLULAR ZINC ION HOMEOSTASIS%GOBP%GO:0006882		20	0.30018485	0.85747313	0.677521	0.88888437	1.0	2317	tags=20%, list=17%, signal=24%	
POSITIVE REGULATION OF RESPONSE TO WOUNDING%GOBP%GO:1903036	POSITIVE REGULATION OF RESPONSE TO WOUNDING%GOBP%GO:1903036		38	0.26361644	0.85730934	0.71789473	0.8888746	1.0	1648	tags=21%, list=12%, signal=24%	
RNA POLYMERASE III ABORTIVE AND RETRACTIVE INITIATION%REACTOME%R-HSA-749476.4	RNA POLYMERASE III ABORTIVE AND RETRACTIVE INITIATION%REACTOME%R-HSA-749476.4		41	0.25928417	0.85717624	0.71632653	0.88880426	1.0	1430	tags=17%, list=11%, signal=19%	
RESPONSE TO INTERFERON-ALPHA%GOBP%GO:0035455	RESPONSE TO INTERFERON-ALPHA%GOBP%GO:0035455		16	0.3207972	0.85696757	0.64912283	0.8889222	1.0	1127	tags=19%, list=8%, signal=20%	
CTNNB1 T41 MUTANTS AREN'T PHOSPHORYLATED%REACTOME DATABASE ID RELEASE 95%5358752	CTNNB1 T41 MUTANTS AREN'T PHOSPHORYLATED%REACTOME DATABASE ID RELEASE 95%5358752		15	0.3267994	0.8564197	0.6886228	0.88979465	1.0	1605	tags=27%, list=12%, signal=30%	
POSITIVE REGULATION OF PEPTIDYL-TYROSINE PHOSPHORYLATION%GOBP%GO:0050731	POSITIVE REGULATION OF PEPTIDYL-TYROSINE PHOSPHORYLATION%GOBP%GO:0050731		29	0.27478984	0.85630393	0.700409	0.8896827	1.0	4454	tags=48%, list=33%, signal=72%	
REGULATION OF B CELL PROLIFERATION%GOBP%GO:0030888	REGULATION OF B CELL PROLIFERATION%GOBP%GO:0030888		24	0.29199237	0.8561857	0.6751012	0.88957906	1.0	3152	tags=29%, list=23%, signal=38%	
POSITIVE REGULATION OF T CELL ACTIVATION%GOBP%GO:0050870	POSITIVE REGULATION OF T CELL ACTIVATION%GOBP%GO:0050870		127	0.20942321	0.85552096	0.8352941	0.8907485	1.0	984	tags=10%, list=7%, signal=11%	
ACTIVATION OF NMDA RECEPTORS AND POSTSYNAPTIC EVENTS%REACTOME%R-HSA-442755.9	ACTIVATION OF NMDA RECEPTORS AND POSTSYNAPTIC EVENTS%REACTOME%R-HSA-442755.9		55	0.24361703	0.8553781	0.7476241	0.8907192	1.0	2736	tags=22%, list=20%, signal=27%	
SIGNALING BY CSF3 (G-CSF)%REACTOME DATABASE ID RELEASE 95%9674555	SIGNALING BY CSF3 (G-CSF)%REACTOME DATABASE ID RELEASE 95%9674555		24	0.2929479	0.8552999	0.71253824	0.89052767	1.0	3239	tags=46%, list=24%, signal=60%	
PROTEIN SECRETION%GOBP%GO:0009306	PROTEIN SECRETION%GOBP%GO:0009306		49	0.24840343	0.8552713	0.74652404	0.8902248	1.0	2432	tags=22%, list=18%, signal=27%	
RNA POLYMERASE III TRANSCRIPTION%REACTOME%R-HSA-74158.4	RNA POLYMERASE III TRANSCRIPTION%REACTOME%R-HSA-74158.4		41	0.25928417	0.8544253	0.7155172	0.89177704	1.0	1430	tags=17%, list=11%, signal=19%	
ARF1 PATHWAY%PATHWAY INTERACTION DATABASE NCI-NATURE CURATED DATA%ARF1 PATHWAY	ARF1 PATHWAY%PATHWAY INTERACTION DATABASE NCI-NATURE CURATED DATA%ARF1 PATHWAY		19	0.29958588	0.8542778	0.6752137	0.8917377	1.0	2412	tags=26%, list=18%, signal=32%	
NRIF SIGNALS CELL DEATH FROM THE NUCLEUS%REACTOME%R-HSA-205043.3	NRIF SIGNALS CELL DEATH FROM THE NUCLEUS%REACTOME%R-HSA-205043.3		15	0.32210067	0.85370713	0.6767578	0.89266413	1.0	3102	tags=47%, list=23%, signal=61%	
AMINOGLYCAN METABOLIC PROCESS%GOBP%GO:0006022	AMINOGLYCAN METABOLIC PROCESS%GOBP%GO:0006022		41	0.25688997	0.85330856	0.7309645	0.8932066	1.0	2002	tags=20%, list=15%, signal=23%	
SODIUM ION TRANSPORT%GOBP%GO:0006814	SODIUM ION TRANSPORT%GOBP%GO:0006814		72	0.23045012	0.85327154	0.77582645	0.8929331	1.0	3420	tags=31%, list=25%, signal=41%	
CLEAR CELL RENAL CELL CARCINOMA PATHWAYS%WIKIPATHWAYS_20260211%WP4018%HOMO SAPIENS	CLEAR CELL RENAL CELL CARCINOMA PATHWAYS%WIKIPATHWAYS_20260211%WP4018%HOMO SAPIENS		50	0.24816082	0.85269415	0.75317794	0.89386874	1.0	3292	tags=30%, list=24%, signal=40%	
CTNNB1 S33 MUTANTS AREN'T PHOSPHORYLATED%REACTOME DATABASE ID RELEASE 95%5358747	CTNNB1 S33 MUTANTS AREN'T PHOSPHORYLATED%REACTOME DATABASE ID RELEASE 95%5358747		15	0.3267994	0.85241014	0.6587384	0.8941573	1.0	1605	tags=27%, list=12%, signal=30%	
REGULATION OF LEUKOCYTE MEDIATED CYTOTOXICITY%GOBP%GO:0001910	REGULATION OF LEUKOCYTE MEDIATED CYTOTOXICITY%GOBP%GO:0001910		34	0.2669473	0.8523927	0.6976507	0.89383036	1.0	2149	tags=24%, list=16%, signal=28%	
CTNNB1 S45 MUTANTS AREN'T PHOSPHORYLATED%REACTOME%R-HSA-5358751.4	CTNNB1 S45 MUTANTS AREN'T PHOSPHORYLATED%REACTOME%R-HSA-5358751.4		15	0.3267994	0.85231084	0.667364	0.8936467	1.0	1605	tags=27%, list=12%, signal=30%	
SYNAPTIC VESICLE EXOCYTOSIS%GOBP%GO:0016079	SYNAPTIC VESICLE EXOCYTOSIS%GOBP%GO:0016079		36	0.26396507	0.852015	0.70354456	0.89393824	1.0	2581	tags=31%, list=19%, signal=38%	
SIGNALING BY CTNNB1 PHOSPHO-SITE MUTANTS%REACTOME%R-HSA-4839743.5	SIGNALING BY CTNNB1 PHOSPHO-SITE MUTANTS%REACTOME%R-HSA-4839743.5		15	0.3267994	0.8517985	0.68130744	0.8940718	1.0	1605	tags=27%, list=12%, signal=30%	
SIGNALING BY NTRKS%REACTOME DATABASE ID RELEASE 95%166520	SIGNALING BY NTRKS%REACTOME DATABASE ID RELEASE 95%166520		116	0.21035513	0.85090744	0.83441556	0.89571875	1.0	1542	tags=14%, list=11%, signal=15%	
OLIGOSACCHARIDE METABOLIC PROCESS%GOBP%GO:0009311	OLIGOSACCHARIDE METABOLIC PROCESS%GOBP%GO:0009311		30	0.27702996	0.8508736	0.71201587	0.89542925	1.0	3673	tags=37%, list=27%, signal=50%	
HIPPO SIGNALING%GOBP%GO:0035329	HIPPO SIGNALING%GOBP%GO:0035329		22	0.2976451	0.8502638	0.69520897	0.89639586	1.0	2907	tags=45%, list=22%, signal=58%	
NEGATIVE REGULATION OF LEUKOCYTE MEDIATED IMMUNITY%GOBP%GO:0002704	NEGATIVE REGULATION OF LEUKOCYTE MEDIATED IMMUNITY%GOBP%GO:0002704		25	0.28391227	0.8499694	0.688708	0.8966965	1.0	2014	tags=16%, list=15%, signal=19%	
SYNTHESIS OF PIPS AT THE EARLY ENDOSOME MEMBRANE%REACTOME%R-HSA-1660516.9	SYNTHESIS OF PIPS AT THE EARLY ENDOSOME MEMBRANE%REACTOME%R-HSA-1660516.9		16	0.3189386	0.84977674	0.6706349	0.8967424	1.0	2867	tags=38%, list=21%, signal=48%	
REGULATION OF NON-CANONICAL NF-KAPPAB SIGNAL TRANSDUCTION%GOBP%GO:1901222	REGULATION OF NON-CANONICAL NF-KAPPAB SIGNAL TRANSDUCTION%GOBP%GO:1901222		48	0.24683227	0.84956604	0.7418699	0.89683104	1.0	3590	tags=40%, list=27%, signal=54%	
CANONICAL GLYCOLYSIS%GOBP%GO:0061621	CANONICAL GLYCOLYSIS%GOBP%GO:0061621		15	0.32161292	0.84938467	0.6763185	0.8968746	1.0	746	tags=13%, list=6%, signal=14%	
POSITIVE REGULATION OF PATTERN RECOGNITION RECEPTOR SIGNALING PATHWAY%GOBP%GO:0062208	POSITIVE REGULATION OF PATTERN RECOGNITION RECEPTOR SIGNALING PATHWAY%GOBP%GO:0062208		60	0.2387785	0.8489394	0.7704918	0.89748895	1.0	2277	tags=18%, list=17%, signal=22%	
MYD88 DEPENDENT CASCADE INITIATED ON ENDOSOME%REACTOME%R-HSA-975155.6	MYD88 DEPENDENT CASCADE INITIATED ON ENDOSOME%REACTOME%R-HSA-975155.6		93	0.21908952	0.84854573	0.81659836	0.8980228	1.0	3361	tags=29%, list=25%, signal=38%	
PORPHYRIN METABOLISM%REACTOME%R-HSA-189445.3	PORPHYRIN METABOLISM%REACTOME%R-HSA-189445.3		16	0.31825772	0.84845537	0.67089945	0.8978584	1.0	2218	tags=31%, list=16%, signal=37%	
CENTROSOME LOCALIZATION%GOBP%GO:0051642	CENTROSOME LOCALIZATION%GOBP%GO:0051642		18	0.30552176	0.84822905	0.6820041	0.89797795	1.0	2806	tags=39%, list=21%, signal=49%	
GROWTH HORMONE RECEPTOR SIGNALING PATHWAY%GOBP%GO:0060396	GROWTH HORMONE RECEPTOR SIGNALING PATHWAY%GOBP%GO:0060396		15	0.32297322	0.8481097	0.6752844	0.8978646	1.0	2663	tags=47%, list=20%, signal=58%	
NEGATIVE REGULATION OF LIPID METABOLIC PROCESS%GOBP%GO:0045833	NEGATIVE REGULATION OF LIPID METABOLIC PROCESS%GOBP%GO:0045833		53	0.24123108	0.84775513	0.75453573	0.8982704	1.0	2968	tags=30%, list=22%, signal=39%	
BEHAVIOR%GOBP%GO:0007610	BEHAVIOR%GOBP%GO:0007610		136	0.20720409	0.8467396	0.8583247	0.9001811	1.0	2868	tags=24%, list=21%, signal=30%	
NGF-STIMULATED TRANSCRIPTION%REACTOME DATABASE ID RELEASE 95%9031628	NGF-STIMULATED TRANSCRIPTION%REACTOME DATABASE ID RELEASE 95%9031628		35	0.26416487	0.8467195	0.7127883	0.89985305	1.0	1469	tags=11%, list=11%, signal=13%	
MISCELLANEOUS TRANSPORT AND BINDING EVENTS%REACTOME%R-HSA-5223345.7	MISCELLANEOUS TRANSPORT AND BINDING EVENTS%REACTOME%R-HSA-5223345.7		18	0.31190902	0.8463353	0.6801181	0.9003558	1.0	1864	tags=22%, list=14%, signal=26%	
DENGUE VIRUS ACTIVATES MODULATES INNATE AND ADAPTIVE IMMUNE RESPONSES%REACTOME DATABASE ID RELEASE 95%9920588	DENGUE VIRUS ACTIVATES MODULATES INNATE AND ADAPTIVE IMMUNE RESPONSES%REACTOME DATABASE ID RELEASE 95%9920588		18	0.30907977	0.8463209	0.6933868	0.90002066	1.0	2779	tags=22%, list=21%, signal=28%	
MODULATION OF PROCESS OF ANOTHER ORGANISM%GOBP%GO:0035821	MODULATION OF PROCESS OF ANOTHER ORGANISM%GOBP%GO:0035821		73	0.22722344	0.8462357	0.79124236	0.8998413	1.0	3680	tags=37%, list=27%, signal=51%	
CLASS B 2 (SECRETIN FAMILY RECEPTORS)%REACTOME%R-HSA-373080.4	CLASS B 2 (SECRETIN FAMILY RECEPTORS)%REACTOME%R-HSA-373080.4		48	0.24561977	0.8461893	0.7637712	0.8995739	1.0	1582	tags=13%, list=12%, signal=14%	
REGULATION OF TRANSCRIPTION INITIATION BY RNA POLYMERASE II%GOBP%GO:0060260	REGULATION OF TRANSCRIPTION INITIATION BY RNA POLYMERASE II%GOBP%GO:0060260		73	0.22683115	0.84605163	0.80487806	0.8995062	1.0	3926	tags=38%, list=29%, signal=54%	
BCR%NETPATH%BCR	BCR%NETPATH%BCR		68	0.22999687	0.8458283	0.7916667	0.8996371	1.0	3364	tags=31%, list=25%, signal=41%	
POSITIVE REGULATION OF CANONICAL NF-KAPPAB SIGNAL TRANSDUCTION%GOBP%GO:0043123	POSITIVE REGULATION OF CANONICAL NF-KAPPAB SIGNAL TRANSDUCTION%GOBP%GO:0043123		173	0.19912122	0.8456308	0.89331895	0.8997093	1.0	2277	tags=18%, list=17%, signal=22%	
PANCREATIC ADENOCARCINOMA PATHWAY%WIKIPATHWAYS_20260211%WP4263%HOMO SAPIENS	PANCREATIC ADENOCARCINOMA PATHWAY%WIKIPATHWAYS_20260211%WP4263%HOMO SAPIENS		65	0.23116168	0.8455889	0.795501	0.8994342	1.0	1758	tags=20%, list=13%, signal=23%	
RESPONSE TO CARBOHYDRATE%GOBP%GO:0009743	RESPONSE TO CARBOHYDRATE%GOBP%GO:0009743		50	0.24169299	0.8451795	0.776868	0.89995384	1.0	2778	tags=26%, list=21%, signal=33%	
REGULATION OF LEUKOCYTE MEDIATED IMMUNITY%GOBP%GO:0002703	REGULATION OF LEUKOCYTE MEDIATED IMMUNITY%GOBP%GO:0002703		98	0.21584596	0.8451671	0.83748645	0.8996138	1.0	2277	tags=18%, list=17%, signal=22%	
REGULATION OF TOLL LIKE RECEPTOR SIGNALING%WIKIPATHWAYS_20260211%WP1449%HOMO SAPIENS	REGULATION OF TOLL LIKE RECEPTOR SIGNALING%WIKIPATHWAYS_20260211%WP1449%HOMO SAPIENS		84	0.2228396	0.84507954	0.8028896	0.8994529	1.0	3269	tags=29%, list=24%, signal=37%	
CD28 CO-STIMULATION%REACTOME DATABASE ID RELEASE 95%389356	CD28 CO-STIMULATION%REACTOME DATABASE ID RELEASE 95%389356		36	0.26174536	0.84489423	0.7250258	0.8995067	1.0	3854	tags=44%, list=29%, signal=62%	
TOLL LIKE RECEPTOR 7 8 (TLR7 8) CASCADE%REACTOME%R-HSA-168181.9	TOLL LIKE RECEPTOR 7 8 (TLR7 8) CASCADE%REACTOME%R-HSA-168181.9		94	0.21586247	0.8448102	0.8126316	0.8993103	1.0	3361	tags=29%, list=25%, signal=38%	
D-GLUCOSE TRANSMEMBRANE TRANSPORT%GOBP%GO:1904659	D-GLUCOSE TRANSMEMBRANE TRANSPORT%GOBP%GO:1904659		19	0.2989134	0.8440139	0.71443087	0.90066427	1.0	1707	tags=26%, list=13%, signal=30%	
MUSCULOSKELETAL MOVEMENT%GOBP%GO:0050881	MUSCULOSKELETAL MOVEMENT%GOBP%GO:0050881		25	0.28012213	0.8439949	0.7020408	0.9003419	1.0	1519	tags=12%, list=11%, signal=13%	
ESTABLISHMENT OR MAINTENANCE OF EPITHELIAL CELL APICAL/BASAL POLARITY%GOBP%GO:0045197	ESTABLISHMENT OR MAINTENANCE OF EPITHELIAL CELL APICAL/BASAL POLARITY%GOBP%GO:0045197		26	0.282268	0.84397423	0.7145749	0.9000233	1.0	1362	tags=15%, list=10%, signal=17%	
NEGATIVE REGULATION OF MYELOID LEUKOCYTE DIFFERENTIATION%GOBP%GO:0002762	NEGATIVE REGULATION OF MYELOID LEUKOCYTE DIFFERENTIATION%GOBP%GO:0002762		22	0.29352048	0.8438505	0.700309	0.899922	1.0	3891	tags=36%, list=29%, signal=51%	
1Q21 1 COPY NUMBER VARIATION SYNDROME%WIKIPATHWAYS_20260211%WP4905%HOMO SAPIENS	1Q21 1 COPY NUMBER VARIATION SYNDROME%WIKIPATHWAYS_20260211%WP4905%HOMO SAPIENS		18	0.301216	0.84381384	0.6825706	0.8996357	1.0	4515	tags=50%, list=33%, signal=75%	
ONCOSTATIN M SIGNALING%WIKIPATHWAYS_20260211%WP2374%HOMO SAPIENS	ONCOSTATIN M SIGNALING%WIKIPATHWAYS_20260211%WP2374%HOMO SAPIENS		47	0.24580353	0.843692	0.75687104	0.8995459	1.0	1458	tags=15%, list=11%, signal=17%	
LATE ENDOSOME TO LYSOSOME TRANSPORT%GOBP%GO:1902774	LATE ENDOSOME TO LYSOSOME TRANSPORT%GOBP%GO:1902774		18	0.30447474	0.84361386	0.7038184	0.8993533	1.0	3298	tags=50%, list=24%, signal=66%	
REGULATION OF TRANSFORMING GROWTH FACTOR BETA RECEPTOR SIGNALING PATHWAY%GOBP%GO:0017015	REGULATION OF TRANSFORMING GROWTH FACTOR BETA RECEPTOR SIGNALING PATHWAY%GOBP%GO:0017015		101	0.21472208	0.84330463	0.83426654	0.89968306	1.0	1988	tags=15%, list=15%, signal=17%	
TRANSMISSION ACROSS CHEMICAL SYNAPSES%REACTOME%R-HSA-112315.8	TRANSMISSION ACROSS CHEMICAL SYNAPSES%REACTOME%R-HSA-112315.8		158	0.20166689	0.84304947	0.88372093	0.8998909	1.0	2755	tags=23%, list=20%, signal=29%	
P53 TRANSCRIPTIONAL GENE NETWORK%WIKIPATHWAYS_20260211%WP4963%HOMO SAPIENS	P53 TRANSCRIPTIONAL GENE NETWORK%WIKIPATHWAYS_20260211%WP4963%HOMO SAPIENS		67	0.23098823	0.84239733	0.77651906	0.9009512	1.0	2504	tags=22%, list=19%, signal=27%	
POSITIVE REGULATION OF BONE MINERALIZATION%GOBP%GO:0030501	POSITIVE REGULATION OF BONE MINERALIZATION%GOBP%GO:0030501		27	0.27798563	0.8419837	0.7374477	0.901461	1.0	2448	tags=26%, list=18%, signal=32%	
NEGATIVE REGULATION OF SECRETION BY CELL%GOBP%GO:1903531	NEGATIVE REGULATION OF SECRETION BY CELL%GOBP%GO:1903531		62	0.23430084	0.84162503	0.7817994	0.9018504	1.0	1978	tags=16%, list=15%, signal=19%	
CS DS DEGRADATION%REACTOME%R-HSA-2024101.6	CS DS DEGRADATION%REACTOME%R-HSA-2024101.6		17	0.30817226	0.8414757	0.70794636	0.9018039	1.0	1633	tags=24%, list=12%, signal=27%	
CORTICOTROPIN RELEASING HORMONE SIGNALING%WIKIPATHWAYS_20260211%WP2355%HOMO SAPIENS	CORTICOTROPIN RELEASING HORMONE SIGNALING%WIKIPATHWAYS_20260211%WP2355%HOMO SAPIENS		54	0.23897484	0.84147257	0.76326966	0.9014448	1.0	1800	tags=19%, list=13%, signal=21%	
NUCLEOTIDE CATABOLIC PROCESS%GOBP%GO:0009166	NUCLEOTIDE CATABOLIC PROCESS%GOBP%GO:0009166		72	0.22615378	0.8412955	0.8143154	0.9014707	1.0	2534	tags=21%, list=19%, signal=26%	
NEGATIVE REGULATION OF MONOATOMIC ION TRANSPORT%GOBP%GO:0043271	NEGATIVE REGULATION OF MONOATOMIC ION TRANSPORT%GOBP%GO:0043271		50	0.24387115	0.84099007	0.75136316	0.9017464	1.0	2916	tags=28%, list=22%, signal=36%	
DEGRADATION OF BETA CATENIN%PATHWAY INTERACTION DATABASE NCI-NATURE CURATED DATA%DEGRADATION OF BETA CATENIN	DEGRADATION OF BETA CATENIN%PATHWAY INTERACTION DATABASE NCI-NATURE CURATED DATA%DEGRADATION OF BETA CATENIN		16	0.31910267	0.8408894	0.7113613	0.9015971	1.0	1046	tags=13%, list=8%, signal=14%	
L-AMINO ACID TRANSPORT%GOBP%GO:0015807	L-AMINO ACID TRANSPORT%GOBP%GO:0015807		36	0.25916946	0.8407998	0.7505071	0.9014296	1.0	3045	tags=25%, list=23%, signal=32%	
IMMUNE RESPONSE-ACTIVATING CELL SURFACE RECEPTOR SIGNALING PATHWAY%GOBP%GO:0002429	IMMUNE RESPONSE-ACTIVATING CELL SURFACE RECEPTOR SIGNALING PATHWAY%GOBP%GO:0002429		124	0.20532379	0.840232	0.87139916	0.902283	1.0	2851	tags=21%, list=21%, signal=26%	
REGULATION OF NEUTROPHIL CHEMOTAXIS%GOBP%GO:0090022	REGULATION OF NEUTROPHIL CHEMOTAXIS%GOBP%GO:0090022		17	0.3102079	0.8401944	0.6827021	0.90199745	1.0	4454	tags=47%, list=33%, signal=70%	
SMOOTHENED SIGNALING PATHWAY%GOBP%GO:0007224	SMOOTHENED SIGNALING PATHWAY%GOBP%GO:0007224		28	0.27316356	0.8399398	0.7196262	0.9021675	1.0	1721	tags=21%, list=13%, signal=25%	
LYSOSOMAL MEMBRANE ORGANIZATION%GOBP%GO:0097212	LYSOSOMAL MEMBRANE ORGANIZATION%GOBP%GO:0097212		16	0.31520858	0.83970594	0.6835564	0.90230674	1.0	3139	tags=50%, list=23%, signal=65%	
CARBOHYDRATE DERIVATIVE TRANSPORT%GOBP%GO:1901264	CARBOHYDRATE DERIVATIVE TRANSPORT%GOBP%GO:1901264		58	0.23392007	0.8394386	0.7783613	0.90249974	1.0	1832	tags=19%, list=14%, signal=22%	
BIOCARTA_IGF1R_PATHWAY%MSIGDB_C2%BIOCARTA_IGF1R_PATHWAY	BIOCARTA_IGF1R_PATHWAY%MSIGDB_C2%BIOCARTA_IGF1R_PATHWAY		17	0.30913234	0.8391445	0.71428573	0.9027483	1.0	2376	tags=24%, list=18%, signal=29%	
HINT1 PATHWAY%WIKIPATHWAYS_20260211%WP5523%HOMO SAPIENS	HINT1 PATHWAY%WIKIPATHWAYS_20260211%WP5523%HOMO SAPIENS		18	0.30887273	0.8385893	0.68839103	0.9035853	1.0	3029	tags=33%, list=22%, signal=43%	
MODULATION OF EXCITATORY POSTSYNAPTIC POTENTIAL%GOBP%GO:0098815	MODULATION OF EXCITATORY POSTSYNAPTIC POTENTIAL%GOBP%GO:0098815		19	0.29518533	0.8383347	0.70751804	0.9037634	1.0	3093	tags=32%, list=23%, signal=41%	
REGULATION OF LEUKOCYTE PROLIFERATION%GOBP%GO:0070663	REGULATION OF LEUKOCYTE PROLIFERATION%GOBP%GO:0070663		97	0.21511166	0.83814734	0.8391753	0.9037997	1.0	2224	tags=16%, list=16%, signal=20%	
REGULATION OF P38-ALPHA AND P38-BETA%PATHWAY INTERACTION DATABASE NCI-NATURE CURATED DATA%REGULATION OF P38-ALPHA AND P38-BETA	REGULATION OF P38-ALPHA AND P38-BETA%PATHWAY INTERACTION DATABASE NCI-NATURE CURATED DATA%REGULATION OF P38-ALPHA AND P38-BETA		26	0.28125843	0.837943	0.7395833	0.9038642	1.0	4190	tags=50%, list=31%, signal=72%	
REGULATION OF PRODUCTION OF MOLECULAR MEDIATOR OF IMMUNE RESPONSE%GOBP%GO:0002700	REGULATION OF PRODUCTION OF MOLECULAR MEDIATOR OF IMMUNE RESPONSE%GOBP%GO:0002700		67	0.22558124	0.8378093	0.79811716	0.9037877	1.0	2543	tags=21%, list=19%, signal=26%	
POSITIVE REGULATION OF VESICLE FUSION%GOBP%GO:0031340	POSITIVE REGULATION OF VESICLE FUSION%GOBP%GO:0031340		15	0.31732363	0.8377034	0.6881391	0.9036456	1.0	2091	tags=27%, list=15%, signal=32%	
TRANSCRIPTIONAL ACTIVITY OF SMAD2 SMAD3:SMAD4 HETEROTRIMER%REACTOME DATABASE ID RELEASE 95%2173793	TRANSCRIPTIONAL ACTIVITY OF SMAD2 SMAD3:SMAD4 HETEROTRIMER%REACTOME DATABASE ID RELEASE 95%2173793		49	0.24080689	0.83764875	0.78541225	0.9034	1.0	1975	tags=18%, list=15%, signal=21%	
HIV-1 NEF: NEGATIVE EFFECTOR OF FAS AND TNF-ALPHA%PATHWAY INTERACTION DATABASE NCI-NATURE CURATED DATA%HIV-1 NEF: NEGATIVE EFFECTOR OF FAS AND TNF-ALPHA	HIV-1 NEF: NEGATIVE EFFECTOR OF FAS AND TNF-ALPHA%PATHWAY INTERACTION DATABASE NCI-NATURE CURATED DATA%HIV-1 NEF: NEGATIVE EFFECTOR OF FAS AND TNF-ALPHA		28	0.27628124	0.8371124	0.7425945	0.9041568	1.0	1071	tags=18%, list=8%, signal=19%	
2Q37 COPY NUMBER VARIATION SYNDROME%WIKIPATHWAYS_20260211%WP5224%HOMO SAPIENS	2Q37 COPY NUMBER VARIATION SYNDROME%WIKIPATHWAYS_20260211%WP5224%HOMO SAPIENS		74	0.22381826	0.83690345	0.8122318	0.9042412	1.0	4020	tags=34%, list=30%, signal=48%	
VASOPRESSIN REGULATES RENAL WATER HOMEOSTASIS VIA AQUAPORINS%REACTOME%R-HSA-432040.5	VASOPRESSIN REGULATES RENAL WATER HOMEOSTASIS VIA AQUAPORINS%REACTOME%R-HSA-432040.5		35	0.25954276	0.836601	0.7413442	0.904508	1.0	1787	tags=17%, list=13%, signal=20%	
SIGNAL TRANSDUCTION IN ABSENCE OF LIGAND%GOBP%GO:0038034	SIGNAL TRANSDUCTION IN ABSENCE OF LIGAND%GOBP%GO:0038034		15	0.32257617	0.8363407	0.69300914	0.90468943	1.0	2465	tags=27%, list=18%, signal=33%	
MULTICELLULAR ORGANISMAL MOVEMENT%GOBP%GO:0050879	MULTICELLULAR ORGANISMAL MOVEMENT%GOBP%GO:0050879		25	0.28012213	0.8360486	0.7127237	0.9049299	1.0	1519	tags=12%, list=11%, signal=13%	
PHOSPHATIDYLINOSITOL 3-KINASE/PROTEIN KINASE B SIGNAL TRANSDUCTION%GOBP%GO:0043491	PHOSPHATIDYLINOSITOL 3-KINASE/PROTEIN KINASE B SIGNAL TRANSDUCTION%GOBP%GO:0043491		36	0.2586893	0.835964	0.74536085	0.9047477	1.0	2877	tags=25%, list=21%, signal=32%	
CXCR4-MEDIATED SIGNALING EVENTS%PATHWAY INTERACTION DATABASE NCI-NATURE CURATED DATA%CXCR4-MEDIATED SIGNALING EVENTS	CXCR4-MEDIATED SIGNALING EVENTS%PATHWAY INTERACTION DATABASE NCI-NATURE CURATED DATA%CXCR4-MEDIATED SIGNALING EVENTS		64	0.22915079	0.83574665	0.8092243	0.9048435	1.0	2112	tags=17%, list=16%, signal=20%	
SARS COV 2 INNATE IMMUNITY EVASION AND CELL SPECIFIC IMMUNE RESPONSE%WIKIPATHWAYS_20260211%WP5039%HOMO SAPIENS	SARS COV 2 INNATE IMMUNITY EVASION AND CELL SPECIFIC IMMUNE RESPONSE%WIKIPATHWAYS_20260211%WP5039%HOMO SAPIENS		42	0.24962556	0.8357392	0.7656904	0.90449387	1.0	2050	tags=19%, list=15%, signal=22%	
ROOF OF MOUTH DEVELOPMENT%GOBP%GO:0060021	ROOF OF MOUTH DEVELOPMENT%GOBP%GO:0060021		31	0.26636988	0.8354351	0.7536082	0.9047667	1.0	2349	tags=29%, list=17%, signal=35%	
POSITIVE REGULATION OF AXON EXTENSION%GOBP%GO:0045773	POSITIVE REGULATION OF AXON EXTENSION%GOBP%GO:0045773		16	0.3126738	0.83537734	0.70182556	0.9045223	1.0	2315	tags=31%, list=17%, signal=38%	
HOST-MEDIATED PERTURBATION OF SYMBIONT PROCESS%GOBP%GO:0051851	HOST-MEDIATED PERTURBATION OF SYMBIONT PROCESS%GOBP%GO:0051851		71	0.22345023	0.835261	0.81107813	0.9043916	1.0	3680	tags=37%, list=27%, signal=50%	
NRF2 ARE REGULATION%WIKIPATHWAYS_20260211%WP4357%HOMO SAPIENS	NRF2 ARE REGULATION%WIKIPATHWAYS_20260211%WP4357%HOMO SAPIENS		21	0.2910707	0.83492965	0.71188223	0.9047393	1.0	1046	tags=19%, list=8%, signal=21%	
TERPENOID METABOLIC PROCESS%GOBP%GO:0006721	TERPENOID METABOLIC PROCESS%GOBP%GO:0006721		44	0.24253818	0.8345177	0.7681913	0.9052327	1.0	1858	tags=18%, list=14%, signal=21%	
CARDIAC MUSCLE CONTRACTION%GOBP%GO:0060048	CARDIAC MUSCLE CONTRACTION%GOBP%GO:0060048		44	0.24463701	0.8345038	0.76663256	0.9048974	1.0	2977	tags=34%, list=22%, signal=44%	
MICROTUBULE ORGANIZING CENTER LOCALIZATION%GOBP%GO:0061842	MICROTUBULE ORGANIZING CENTER LOCALIZATION%GOBP%GO:0061842		18	0.30552176	0.8344766	0.7126556	0.90459704	1.0	2806	tags=39%, list=21%, signal=49%	
MATURATION OF 5.8S RRNA FROM TRICISTRONIC RRNA TRANSCRIPT (SSU-RRNA, 5.8S RRNA, LSU-RRNA)%GOBP%GO:0000466	MATURATION OF 5.8S RRNA FROM TRICISTRONIC RRNA TRANSCRIPT (SSU-RRNA, 5.8S RRNA, LSU-RRNA)%GOBP%GO:0000466		28	0.27455738	0.83441347	0.74372387	0.9043704	1.0	3646	tags=39%, list=27%, signal=54%	
EAR DEVELOPMENT%GOBP%GO:0043583	EAR DEVELOPMENT%GOBP%GO:0043583		47	0.24475947	0.83426493	0.77442825	0.90431565	1.0	1665	tags=17%, list=12%, signal=19%	
MODULATION OF HOST RESPONSES BY IFN-STIMULATED GENES%REACTOME DATABASE ID RELEASE 95%9909505	MODULATION OF HOST RESPONSES BY IFN-STIMULATED GENES%REACTOME DATABASE ID RELEASE 95%9909505		17	0.30545658	0.83417004	0.704154	0.904162	1.0	2580	tags=24%, list=19%, signal=29%	
SIGNALLING TO ERKS%REACTOME DATABASE ID RELEASE 95%187687	SIGNALLING TO ERKS%REACTOME DATABASE ID RELEASE 95%187687		29	0.27116096	0.83344084	0.7289417	0.9053018	1.0	897	tags=17%, list=7%, signal=18%	
DEACTIVATION OF THE BETA-CATENIN TRANSACTIVATING COMPLEX%REACTOME%R-HSA-3769402.5	DEACTIVATION OF THE BETA-CATENIN TRANSACTIVATING COMPLEX%REACTOME%R-HSA-3769402.5		40	0.24917443	0.8331812	0.7756813	0.9054942	1.0	3930	tags=38%, list=29%, signal=53%	
MALE GONAD DEVELOPMENT%GOBP%GO:0008584	MALE GONAD DEVELOPMENT%GOBP%GO:0008584		29	0.27139565	0.832643	0.7274633	0.9062405	1.0	1994	tags=24%, list=15%, signal=28%	
BCR SIGNALING PATHWAY%PATHWAY INTERACTION DATABASE NCI-NATURE CURATED DATA%BCR SIGNALING PATHWAY	BCR SIGNALING PATHWAY%PATHWAY INTERACTION DATABASE NCI-NATURE CURATED DATA%BCR SIGNALING PATHWAY		51	0.2373306	0.8325	0.79253113	0.90617484	1.0	2376	tags=22%, list=18%, signal=26%	
REGULATION OF LYMPHOCYTE MIGRATION%GOBP%GO:2000401	REGULATION OF LYMPHOCYTE MIGRATION%GOBP%GO:2000401		34	0.25454336	0.83234847	0.73966944	0.9061333	1.0	1719	tags=15%, list=13%, signal=17%	
OMEGA 6 FATTY ACIDS IN SENESCENCE%WIKIPATHWAYS_20260211%WP5424%HOMO SAPIENS	OMEGA 6 FATTY ACIDS IN SENESCENCE%WIKIPATHWAYS_20260211%WP5424%HOMO SAPIENS		19	0.30155593	0.8315964	0.70359284	0.9073229	1.0	2394	tags=37%, list=18%, signal=45%	
CELLULAR RESPONSE TO GROWTH HORMONE STIMULUS%GOBP%GO:0071378	CELLULAR RESPONSE TO GROWTH HORMONE STIMULUS%GOBP%GO:0071378		15	0.32297322	0.8311794	0.7054027	0.90779954	1.0	2663	tags=47%, list=20%, signal=58%	
REGULATION OF PROTEIN EXPORT FROM NUCLEUS%GOBP%GO:0046825	REGULATION OF PROTEIN EXPORT FROM NUCLEUS%GOBP%GO:0046825		23	0.28217712	0.8305378	0.7113613	0.9087866	1.0	1046	tags=13%, list=8%, signal=14%	
HALLMARK_COAGULATION%MSIGDBHALLMARK%HALLMARK_COAGULATION	HALLMARK_COAGULATION%MSIGDBHALLMARK%HALLMARK_COAGULATION		65	0.22715071	0.830402	0.8119919	0.9087073	1.0	2223	tags=20%, list=16%, signal=24%	
ANTIGEN PROCESSING AND PRESENTATION OF PEPTIDE ANTIGEN VIA MHC CLASS I%GOBP%GO:0002474	ANTIGEN PROCESSING AND PRESENTATION OF PEPTIDE ANTIGEN VIA MHC CLASS I%GOBP%GO:0002474		27	0.27322963	0.8299174	0.7346939	0.90934056	1.0	1973	tags=15%, list=15%, signal=17%	
STRIATED MUSCLE CONTRACTION%REACTOME%R-HSA-390522.3	STRIATED MUSCLE CONTRACTION%REACTOME%R-HSA-390522.3		30	0.26520157	0.8298607	0.7641791	0.9091063	1.0	1733	tags=13%, list=13%, signal=15%	
GLUCOSE CATABOLIC PROCESS TO PYRUVATE%GOBP%GO:0061718	GLUCOSE CATABOLIC PROCESS TO PYRUVATE%GOBP%GO:0061718		15	0.32161292	0.8295648	0.6990788	0.90933335	1.0	746	tags=13%, list=6%, signal=14%	
MORPHOGENESIS OF AN EPITHELIAL SHEET%GOBP%GO:0002011	MORPHOGENESIS OF AN EPITHELIAL SHEET%GOBP%GO:0002011		27	0.27874833	0.82917273	0.74869657	0.9097558	1.0	1988	tags=26%, list=15%, signal=30%	
INTERFERON-MEDIATED SIGNALING PATHWAY%GOBP%GO:0140888	INTERFERON-MEDIATED SIGNALING PATHWAY%GOBP%GO:0140888		33	0.2607924	0.8283314	0.7452165	0.91109914	1.0	2073	tags=21%, list=15%, signal=25%	
BIOCARTA_ERAD_PATHWAY%MSIGDB_C2%BIOCARTA_ERAD_PATHWAY	BIOCARTA_ERAD_PATHWAY%MSIGDB_C2%BIOCARTA_ERAD_PATHWAY		15	0.31644756	0.82804114	0.7087858	0.9113286	1.0	1586	tags=27%, list=12%, signal=30%	
FLUOXETINE ACTION PATHWAY%PATHWHIZ%PW000428	FLUOXETINE ACTION PATHWAY%PATHWHIZ%PW000428		15	0.31838784	0.82750535	0.7115189	0.91202134	1.0	2753	tags=33%, list=20%, signal=42%	
DEVELOPMENT OF PRIMARY MALE SEXUAL CHARACTERISTICS%GOBP%GO:0046546	DEVELOPMENT OF PRIMARY MALE SEXUAL CHARACTERISTICS%GOBP%GO:0046546		30	0.26771712	0.8268945	0.75303644	0.9129022	1.0	1994	tags=23%, list=15%, signal=27%	
CARGO CONCENTRATION IN THE ER%REACTOME DATABASE ID RELEASE 95%5694530	CARGO CONCENTRATION IN THE ER%REACTOME DATABASE ID RELEASE 95%5694530		26	0.2757001	0.8257227	0.742268	0.914899	1.0	2993	tags=35%, list=22%, signal=44%	
BETA-CATENIN PHOSPHORYLATION CASCADE%REACTOME%R-HSA-196299.3	BETA-CATENIN PHOSPHORYLATION CASCADE%REACTOME%R-HSA-196299.3		17	0.30266514	0.82532084	0.7222222	0.91535866	1.0	3275	tags=41%, list=24%, signal=54%	
RECRUITMENT AND ATM-MEDIATED PHOSPHORYLATION OF REPAIR AND SIGNALING PROTEINS AT DNA DOUBLE STRAND BREAKS%REACTOME%R-HSA-5693565.6	RECRUITMENT AND ATM-MEDIATED PHOSPHORYLATION OF REPAIR AND SIGNALING PROTEINS AT DNA DOUBLE STRAND BREAKS%REACTOME%R-HSA-5693565.6		39	0.25067133	0.8241059	0.779798	0.91744375	1.0	3264	tags=38%, list=24%, signal=51%	
TGF_BETA_RECEPTOR%IOB%TGF_BETA_RECEPTOR	TGF_BETA_RECEPTOR%IOB%TGF_BETA_RECEPTOR		121	0.2032858	0.8234954	0.87713677	0.91829026	1.0	2614	tags=21%, list=19%, signal=26%	
MELANOSOME ASSEMBLY%GOBP%GO:1903232	MELANOSOME ASSEMBLY%GOBP%GO:1903232		18	0.29860014	0.82336456	0.7173252	0.9181732	1.0	449	tags=11%, list=3%, signal=11%	
LXR-MEDIATED SIGNALING%REACTOME DATABASE ID RELEASE 95%9024446	LXR-MEDIATED SIGNALING%REACTOME DATABASE ID RELEASE 95%9024446		34	0.25557932	0.8232331	0.77608913	0.9180805	1.0	577	tags=12%, list=4%, signal=12%	
NETWORK MAP OF SARS COV 2 SIGNALING%WIKIPATHWAYS_20260211%WP5115%HOMO SAPIENS	NETWORK MAP OF SARS COV 2 SIGNALING%WIKIPATHWAYS_20260211%WP5115%HOMO SAPIENS		135	0.20066245	0.8230245	0.9016913	0.91812795	1.0	2072	tags=16%, list=15%, signal=19%	
IL18 SIGNALING%WIKIPATHWAYS_20260211%WP4754%HOMO SAPIENS	IL18 SIGNALING%WIKIPATHWAYS_20260211%WP4754%HOMO SAPIENS		33	0.25934795	0.8224917	0.77698576	0.91883504	1.0	1046	tags=15%, list=8%, signal=16%	
AQUAPORIN-MEDIATED TRANSPORT%REACTOME%R-HSA-445717.4	AQUAPORIN-MEDIATED TRANSPORT%REACTOME%R-HSA-445717.4		36	0.25195533	0.82201266	0.7993827	0.9194529	1.0	2180	tags=19%, list=16%, signal=23%	
AMYLOID FIBRIL FORMATION%GOBP%GO:1990000	AMYLOID FIBRIL FORMATION%GOBP%GO:1990000		19	0.2966764	0.8215647	0.7507724	0.9199577	1.0	3223	tags=37%, list=24%, signal=48%	
IFN-GAMMA PATHWAY%PATHWAY INTERACTION DATABASE NCI-NATURE CURATED DATA%IFN-GAMMA PATHWAY	IFN-GAMMA PATHWAY%PATHWAY INTERACTION DATABASE NCI-NATURE CURATED DATA%IFN-GAMMA PATHWAY		39	0.24812561	0.8213641	0.7849246	0.91999674	1.0	3815	tags=36%, list=28%, signal=50%	
ADENYLATE CYCLASE-MODULATING G PROTEIN-COUPLED RECEPTOR SIGNALING PATHWAY%GOBP%GO:0007188	ADENYLATE CYCLASE-MODULATING G PROTEIN-COUPLED RECEPTOR SIGNALING PATHWAY%GOBP%GO:0007188		103	0.2088977	0.82082283	0.8727273	0.9206871	1.0	1482	tags=12%, list=11%, signal=13%	
MITOCHONDRIAL RIBOSOME ASSEMBLY%GOBP%GO:0061668	MITOCHONDRIAL RIBOSOME ASSEMBLY%GOBP%GO:0061668		23	0.28075656	0.8205475	0.75126904	0.9208674	1.0	4661	tags=39%, list=34%, signal=60%	
ENDOSOME TO LYSOSOME TRANSPORT VIA MULTIVESICULAR BODY SORTING PATHWAY%GOBP%GO:0032510	ENDOSOME TO LYSOSOME TRANSPORT VIA MULTIVESICULAR BODY SORTING PATHWAY%GOBP%GO:0032510		17	0.3057247	0.82025594	0.73917425	0.9210723	1.0	3298	tags=59%, list=24%, signal=78%	
VENTRICULAR CARDIAC MUSCLE TISSUE MORPHOGENESIS%GOBP%GO:0055010	VENTRICULAR CARDIAC MUSCLE TISSUE MORPHOGENESIS%GOBP%GO:0055010		23	0.2814759	0.82016534	0.7402734	0.9208857	1.0	2197	tags=22%, list=16%, signal=26%	
POSITIVE REGULATION OF T CELL MEDIATED IMMUNITY%GOBP%GO:0002711	POSITIVE REGULATION OF T CELL MEDIATED IMMUNITY%GOBP%GO:0002711		37	0.24925865	0.82010424	0.7838983	0.9206421	1.0	2149	tags=16%, list=16%, signal=19%	
MALE SEX DIFFERENTIATION%GOBP%GO:0046661	MALE SEX DIFFERENTIATION%GOBP%GO:0046661		31	0.26391774	0.81934696	0.7626051	0.92177117	1.0	1994	tags=23%, list=15%, signal=26%	
STRIATED MUSCLE TISSUE DEVELOPMENT%GOBP%GO:0014706	STRIATED MUSCLE TISSUE DEVELOPMENT%GOBP%GO:0014706		120	0.20322587	0.81894314	0.9072165	0.9221844	1.0	2628	tags=21%, list=19%, signal=26%	
REGULATION OF BONE RESORPTION%GOBP%GO:0045124	REGULATION OF BONE RESORPTION%GOBP%GO:0045124		21	0.28743628	0.8183633	0.7593909	0.92293626	1.0	3339	tags=29%, list=25%, signal=38%	
PID_HDAC_CLASSIII_PATHWAY%MSIGDB_C2%PID_HDAC_CLASSIII_PATHWAY	PID_HDAC_CLASSIII_PATHWAY%MSIGDB_C2%PID_HDAC_CLASSIII_PATHWAY		19	0.29523227	0.8180243	0.73049647	0.9232154	1.0	2036	tags=21%, list=15%, signal=25%	
BIOCARTA_NTHI_PATHWAY%MSIGDB_C2%BIOCARTA_NTHI_PATHWAY	BIOCARTA_NTHI_PATHWAY%MSIGDB_C2%BIOCARTA_NTHI_PATHWAY		20	0.28792602	0.81773263	0.7403141	0.92342806	1.0	1103	tags=15%, list=8%, signal=16%	
TYPE I INTERFERON-MEDIATED SIGNALING PATHWAY%GOBP%GO:0060337	TYPE I INTERFERON-MEDIATED SIGNALING PATHWAY%GOBP%GO:0060337		27	0.2677985	0.8175899	0.7556237	0.92336035	1.0	1926	tags=22%, list=14%, signal=26%	
ACTIN FILAMENT BUNDLE ASSEMBLY%GOBP%GO:0051017	ACTIN FILAMENT BUNDLE ASSEMBLY%GOBP%GO:0051017		50	0.23513602	0.81680834	0.80721647	0.9245173	1.0	1527	tags=16%, list=11%, signal=18%	
TRANSFORMING GROWTH FACTOR BETA RECEPTOR SIGNALING PATHWAY%GOBP%GO:0007179	TRANSFORMING GROWTH FACTOR BETA RECEPTOR SIGNALING PATHWAY%GOBP%GO:0007179		65	0.22413377	0.8166836	0.8525641	0.92439216	1.0	1946	tags=18%, list=14%, signal=21%	
PID_FAS_PATHWAY%MSIGDB_C2%PID_FAS_PATHWAY	PID_FAS_PATHWAY%MSIGDB_C2%PID_FAS_PATHWAY		26	0.2700552	0.81647086	0.7523709	0.92443293	1.0	1071	tags=15%, list=8%, signal=17%	
HEMATOPOIETIC STEM CELL DIFFERENTIATION%WIKIPATHWAYS_20260211%WP2849%HOMO SAPIENS	HEMATOPOIETIC STEM CELL DIFFERENTIATION%WIKIPATHWAYS_20260211%WP2849%HOMO SAPIENS		29	0.26406538	0.8163476	0.75532997	0.9243098	1.0	967	tags=10%, list=7%, signal=11%	
CARDIAC MUSCLE CELL CONTRACTION%GOBP%GO:0086003	CARDIAC MUSCLE CELL CONTRACTION%GOBP%GO:0086003		29	0.26710424	0.8160677	0.76402116	0.9244809	1.0	2518	tags=38%, list=19%, signal=47%	
BIOCARTA_MTOR_PATHWAY%MSIGDB_C2%BIOCARTA_MTOR_PATHWAY	BIOCARTA_MTOR_PATHWAY%MSIGDB_C2%BIOCARTA_MTOR_PATHWAY		16	0.30640256	0.815177	0.7150313	0.92580503	1.0	1429	tags=19%, list=11%, signal=21%	
REGULATION OF IMMUNOGLOBULIN PRODUCTION%GOBP%GO:0002637	REGULATION OF IMMUNOGLOBULIN PRODUCTION%GOBP%GO:0002637		25	0.27288702	0.8143748	0.7541152	0.92696214	1.0	2771	tags=28%, list=21%, signal=35%	
POSITIVE REGULATION OF CELL MIGRATION INVOLVED IN SPROUTING ANGIOGENESIS%GOBP%GO:0090050	POSITIVE REGULATION OF CELL MIGRATION INVOLVED IN SPROUTING ANGIOGENESIS%GOBP%GO:0090050		15	0.31049314	0.8143538	0.7216931	0.92663765	1.0	2866	tags=33%, list=21%, signal=42%	
PKMTS METHYLATE HISTONE LYSINES%REACTOME DATABASE ID RELEASE 95%3214841	PKMTS METHYLATE HISTONE LYSINES%REACTOME DATABASE ID RELEASE 95%3214841		36	0.24853097	0.8143288	0.7604061	0.9263268	1.0	1124	tags=17%, list=8%, signal=18%	
CARDIAC PROGENITOR DIFFERENTIATION%WIKIPATHWAYS_20260211%WP2406%HOMO SAPIENS	CARDIAC PROGENITOR DIFFERENTIATION%WIKIPATHWAYS_20260211%WP2406%HOMO SAPIENS		28	0.26332328	0.8138052	0.7737003	0.92694616	1.0	2640	tags=25%, list=20%, signal=31%	
BILE ACID AND BILE SALT TRANSPORT%GOBP%GO:0015721	BILE ACID AND BILE SALT TRANSPORT%GOBP%GO:0015721		19	0.29206446	0.8137719	0.74190176	0.926646	1.0	1746	tags=16%, list=13%, signal=18%	
REGULATION OF KIDNEY DEVELOPMENT%GOBP%GO:0090183	REGULATION OF KIDNEY DEVELOPMENT%GOBP%GO:0090183		18	0.29457924	0.81306237	0.7477567	0.9276358	1.0	1276	tags=17%, list=9%, signal=18%	
MONOCARBOXYLIC ACID CATABOLIC PROCESS%GOBP%GO:0072329	MONOCARBOXYLIC ACID CATABOLIC PROCESS%GOBP%GO:0072329		74	0.22007515	0.81297606	0.84479165	0.9274339	1.0	1860	tags=16%, list=14%, signal=19%	
FGFR2 ALTERNATIVE SPLICING%REACTOME%R-HSA-6803529.3	FGFR2 ALTERNATIVE SPLICING%REACTOME%R-HSA-6803529.3		24	0.2738536	0.8120515	0.7583417	0.9288118	1.0	1894	tags=25%, list=14%, signal=29%	
PROTEIN HYDROXYLATION%REACTOME DATABASE ID RELEASE 95%9629569	PROTEIN HYDROXYLATION%REACTOME DATABASE ID RELEASE 95%9629569		17	0.3006637	0.8115914	0.7385087	0.9293094	1.0	3564	tags=53%, list=26%, signal=72%	
PYRIDINE-CONTAINING COMPOUND METABOLIC PROCESS%GOBP%GO:0072524	PYRIDINE-CONTAINING COMPOUND METABOLIC PROCESS%GOBP%GO:0072524		88	0.21162778	0.81109387	0.8743563	0.92988944	1.0	2863	tags=27%, list=21%, signal=34%	
MITOCHONDRIAL RESPIRATORY CHAIN COMPLEX IV ASSEMBLY%GOBP%GO:0033617	MITOCHONDRIAL RESPIRATORY CHAIN COMPLEX IV ASSEMBLY%GOBP%GO:0033617		23	0.2751738	0.8108809	0.7453222	0.9299252	1.0	2828	tags=26%, list=21%, signal=33%	
PERIPHERAL NERVOUS SYSTEM DEVELOPMENT%GOBP%GO:0007422	PERIPHERAL NERVOUS SYSTEM DEVELOPMENT%GOBP%GO:0007422		30	0.25903985	0.81043994	0.76404494	0.93040717	1.0	830	tags=13%, list=6%, signal=14%	
RNA MODIFICATION%GOBP%GO:0009451	RNA MODIFICATION%GOBP%GO:0009451		141	0.19636273	0.8101978	0.9297125	0.9304867	1.0	1685	tags=15%, list=12%, signal=17%	
DOWNREGULATION OF TGF-BETA RECEPTOR SIGNALING%REACTOME DATABASE ID RELEASE 95%2173788	DOWNREGULATION OF TGF-BETA RECEPTOR SIGNALING%REACTOME DATABASE ID RELEASE 95%2173788		24	0.27686796	0.8095671	0.7487487	0.9312889	1.0	3102	tags=29%, list=23%, signal=38%	
SIGNALING BY FGFR IN DISEASE%REACTOME DATABASE ID RELEASE 95%1226099	SIGNALING BY FGFR IN DISEASE%REACTOME DATABASE ID RELEASE 95%1226099		47	0.23626485	0.80912566	0.79892474	0.93174565	1.0	2539	tags=28%, list=19%, signal=34%	
PID_EPHRINB_REV_PATHWAY%MSIGDB_C2%PID_EPHRINB_REV_PATHWAY	PID_EPHRINB_REV_PATHWAY%MSIGDB_C2%PID_EPHRINB_REV_PATHWAY		20	0.2838511	0.80893743	0.7427962	0.9317373	1.0	984	tags=20%, list=7%, signal=22%	
REGULATION OF POSTSYNAPSE ORGANIZATION%GOBP%GO:0099175	REGULATION OF POSTSYNAPSE ORGANIZATION%GOBP%GO:0099175		46	0.23587056	0.80870265	0.8193744	0.9318105	1.0	2301	tags=22%, list=17%, signal=26%	
REGULATION OF CELL ADHESION MEDIATED BY INTEGRIN%GOBP%GO:0033628	REGULATION OF CELL ADHESION MEDIATED BY INTEGRIN%GOBP%GO:0033628		27	0.26647294	0.8086248	0.7784679	0.9315991	1.0	2112	tags=19%, list=16%, signal=22%	
GROWTH%GOBP%GO:0040007	GROWTH%GOBP%GO:0040007		102	0.20383677	0.8083859	0.9040948	0.9316733	1.0	2798	tags=25%, list=21%, signal=31%	
BIOCARTA_ATM_PATHWAY%MSIGDB_C2%BIOCARTA_ATM_PATHWAY	BIOCARTA_ATM_PATHWAY%MSIGDB_C2%BIOCARTA_ATM_PATHWAY		17	0.29763904	0.8080945	0.7604167	0.93185025	1.0	1624	tags=29%, list=12%, signal=33%	
PID_RETINOIC_ACID_PATHWAY%MSIGDB_C2%PID_RETINOIC_ACID_PATHWAY	PID_RETINOIC_ACID_PATHWAY%MSIGDB_C2%PID_RETINOIC_ACID_PATHWAY		21	0.28393003	0.80806243	0.7589744	0.9315443	1.0	1162	tags=19%, list=9%, signal=21%	
REGULATION OF TYROSINE PHOSPHORYLATION OF STAT PROTEIN%GOBP%GO:0042509	REGULATION OF TYROSINE PHOSPHORYLATION OF STAT PROTEIN%GOBP%GO:0042509		15	0.30534136	0.80790013	0.73738414	0.9314842	1.0	4402	tags=53%, list=33%, signal=79%	
SENSORY PROCESSING OF SOUND BY INNER HAIR CELLS OF THE COCHLEA%REACTOME%R-HSA-9662360.2	SENSORY PROCESSING OF SOUND BY INNER HAIR CELLS OF THE COCHLEA%REACTOME%R-HSA-9662360.2		45	0.23719972	0.8071371	0.81866384	0.93252116	1.0	2697	tags=24%, list=20%, signal=30%	
EFFECT OF DASATINIB ON THE BCR ABL SIGNALING PATHWAY%WIKIPATHWAYS_20260211%WP5493%HOMO SAPIENS	EFFECT OF DASATINIB ON THE BCR ABL SIGNALING PATHWAY%WIKIPATHWAYS_20260211%WP5493%HOMO SAPIENS		36	0.246738	0.8066849	0.8081761	0.93298644	1.0	1371	tags=17%, list=10%, signal=18%	
ANGIOTENSIN II RECEPTOR TYPE 1 PATHWAY%WIKIPATHWAYS_20260211%WP5036%HOMO SAPIENS	ANGIOTENSIN II RECEPTOR TYPE 1 PATHWAY%WIKIPATHWAYS_20260211%WP5036%HOMO SAPIENS		18	0.2964018	0.80595344	0.7628658	0.9339944	1.0	1549	tags=22%, list=11%, signal=25%	
SULFUR COMPOUND CATABOLIC PROCESS%GOBP%GO:0044273	SULFUR COMPOUND CATABOLIC PROCESS%GOBP%GO:0044273		25	0.2704095	0.8058871	0.76955163	0.9337479	1.0	3306	tags=28%, list=24%, signal=37%	
AMPK REGULATION OF MAMMARY MILK PROTEIN SYNTHESIS%WIKIPATHWAYS_20260211%WP5492%HOMO SAPIENS	AMPK REGULATION OF MAMMARY MILK PROTEIN SYNTHESIS%WIKIPATHWAYS_20260211%WP5492%HOMO SAPIENS		15	0.3049902	0.80553514	0.7562189	0.9340406	1.0	2459	tags=27%, list=18%, signal=33%	
CARTILAGE DEVELOPMENT%GOBP%GO:0051216	CARTILAGE DEVELOPMENT%GOBP%GO:0051216		48	0.23255903	0.8053599	0.83625126	0.9339898	1.0	2793	tags=25%, list=21%, signal=31%	
INTRINSIC APOPTOTIC SIGNALING PATHWAY IN RESPONSE TO DNA DAMAGE BY P53 CLASS MEDIATOR%GOBP%GO:0042771	INTRINSIC APOPTOTIC SIGNALING PATHWAY IN RESPONSE TO DNA DAMAGE BY P53 CLASS MEDIATOR%GOBP%GO:0042771		20	0.27995566	0.80409956	0.75661373	0.9359122	1.0	25	tags=5%, list=0%, signal=5%	
ERK MAPK TARGETS%REACTOME%R-HSA-198753.3	ERK MAPK TARGETS%REACTOME%R-HSA-198753.3		22	0.27964652	0.8039842	0.7591675	0.935759	1.0	1542	tags=23%, list=11%, signal=26%	
CARBOXYLIC ACID TRANSPORT%GOBP%GO:0046942	CARBOXYLIC ACID TRANSPORT%GOBP%GO:0046942		139	0.19409676	0.8035896	0.9292818	0.93611383	1.0	3045	tags=24%, list=23%, signal=30%	
HIF-2-ALPHA TRANSCRIPTION FACTOR NETWORK%PATHWAY INTERACTION DATABASE NCI-NATURE CURATED DATA%HIF-2-ALPHA TRANSCRIPTION FACTOR NETWORK	HIF-2-ALPHA TRANSCRIPTION FACTOR NETWORK%PATHWAY INTERACTION DATABASE NCI-NATURE CURATED DATA%HIF-2-ALPHA TRANSCRIPTION FACTOR NETWORK		25	0.2668998	0.80358714	0.7815735	0.93575764	1.0	2262	tags=24%, list=17%, signal=29%	
G13 SIGNALING%WIKIPATHWAYS_20260211%WP524%HOMO SAPIENS	G13 SIGNALING%WIKIPATHWAYS_20260211%WP524%HOMO SAPIENS		27	0.26413372	0.80343187	0.7780172	0.9356605	1.0	3682	tags=37%, list=27%, signal=51%	
MYELOID LEUKOCYTE MEDIATED IMMUNITY%GOBP%GO:0002444	MYELOID LEUKOCYTE MEDIATED IMMUNITY%GOBP%GO:0002444		18	0.29027697	0.8029028	0.76632655	0.936236	1.0	3485	tags=39%, list=26%, signal=52%	
REGULATION OF GLIOGENESIS%GOBP%GO:0014013	REGULATION OF GLIOGENESIS%GOBP%GO:0014013		32	0.25528514	0.8024847	0.78903824	0.9366385	1.0	1494	tags=19%, list=11%, signal=21%	
DISEASES OF CARBOHYDRATE METABOLISM%REACTOME%R-HSA-5663084.5	DISEASES OF CARBOHYDRATE METABOLISM%REACTOME%R-HSA-5663084.5		29	0.25717297	0.801932	0.807892	0.9372445	1.0	3102	tags=34%, list=23%, signal=45%	
REGULATION OF NITRIC OXIDE METABOLIC PROCESS%GOBP%GO:0080164	REGULATION OF NITRIC OXIDE METABOLIC PROCESS%GOBP%GO:0080164		35	0.24823174	0.80167955	0.7933541	0.9373279	1.0	2560	tags=20%, list=19%, signal=25%	
POSITIVE REGULATION OF VIRAL GENOME REPLICATION%GOBP%GO:0045070	POSITIVE REGULATION OF VIRAL GENOME REPLICATION%GOBP%GO:0045070		26	0.26254714	0.8014146	0.773362	0.9374502	1.0	150	tags=8%, list=1%, signal=8%	
TAK1-DEPENDENT IKK AND NF-KAPPA-B ACTIVATION%REACTOME%R-HSA-445989.10	TAK1-DEPENDENT IKK AND NF-KAPPA-B ACTIVATION%REACTOME%R-HSA-445989.10		40	0.24141096	0.8008796	0.81508267	0.9380332	1.0	3903	tags=38%, list=29%, signal=53%	
DEVELOPMENTAL GROWTH%GOBP%GO:0048589	DEVELOPMENTAL GROWTH%GOBP%GO:0048589		102	0.20383677	0.8008597	0.9190031	0.937706	1.0	2798	tags=25%, list=21%, signal=31%	
IL3-MEDIATED SIGNALING EVENTS%PATHWAY INTERACTION DATABASE NCI-NATURE CURATED DATA%IL3-MEDIATED SIGNALING EVENTS	IL3-MEDIATED SIGNALING EVENTS%PATHWAY INTERACTION DATABASE NCI-NATURE CURATED DATA%IL3-MEDIATED SIGNALING EVENTS		22	0.27776033	0.7999325	0.7806926	0.93899673	1.0	702	tags=14%, list=5%, signal=14%	
MRNA TRANSCRIPTION BY RNA POLYMERASE II%GOBP%GO:0042789	MRNA TRANSCRIPTION BY RNA POLYMERASE II%GOBP%GO:0042789		31	0.25674677	0.7997899	0.8	0.93889016	1.0	4059	tags=42%, list=30%, signal=60%	
CARDIAC VENTRICLE MORPHOGENESIS%GOBP%GO:0003208	CARDIAC VENTRICLE MORPHOGENESIS%GOBP%GO:0003208		34	0.25353378	0.79975885	0.78504676	0.9385867	1.0	2448	tags=21%, list=18%, signal=25%	
SIGNAL RELEASE FROM SYNAPSE%GOBP%GO:0099643	SIGNAL RELEASE FROM SYNAPSE%GOBP%GO:0099643		47	0.23151876	0.7995444	0.8268657	0.9385822	1.0	2581	tags=26%, list=19%, signal=31%	
CELLULAR RESPONSE TO NERVE GROWTH FACTOR STIMULUS%GOBP%GO:1990090	CELLULAR RESPONSE TO NERVE GROWTH FACTOR STIMULUS%GOBP%GO:1990090		18	0.2888434	0.79924315	0.7755319	0.938745	1.0	542	tags=11%, list=4%, signal=12%	
POSITIVE REGULATION OF T CELL MEDIATED CYTOTOXICITY%GOBP%GO:0001916	POSITIVE REGULATION OF T CELL MEDIATED CYTOTOXICITY%GOBP%GO:0001916		15	0.30640858	0.799112	0.7520747	0.9386168	1.0	2817	tags=27%, list=21%, signal=34%	
DAG AND IP3 SIGNALING%REACTOME%R-HSA-1489509.4	DAG AND IP3 SIGNALING%REACTOME%R-HSA-1489509.4		32	0.251768	0.7988802	0.80460924	0.9386558	1.0	1800	tags=19%, list=13%, signal=22%	
CELLULAR RESPONSE TO KETONE%GOBP%GO:1901655	CELLULAR RESPONSE TO KETONE%GOBP%GO:1901655		36	0.24607079	0.7986324	0.83160084	0.938728	1.0	2825	tags=25%, list=21%, signal=32%	
POSITIVE REGULATION OF NEUTROPHIL MIGRATION%GOBP%GO:1902624	POSITIVE REGULATION OF NEUTROPHIL MIGRATION%GOBP%GO:1902624		16	0.30148304	0.7986175	0.759799	0.9383968	1.0	4454	tags=44%, list=33%, signal=65%	
REGULATION OF NEUTROPHIL MIGRATION%GOBP%GO:1902622	REGULATION OF NEUTROPHIL MIGRATION%GOBP%GO:1902622		21	0.27500778	0.7984984	0.75582576	0.9382455	1.0	4454	tags=48%, list=33%, signal=71%	
REGULATION OF CELLULAR RESPONSE TO TRANSFORMING GROWTH FACTOR BETA STIMULUS%GOBP%GO:1903844	REGULATION OF CELLULAR RESPONSE TO TRANSFORMING GROWTH FACTOR BETA STIMULUS%GOBP%GO:1903844		102	0.20124544	0.7984911	0.91417164	0.9378989	1.0	1988	tags=15%, list=15%, signal=17%	
P38 MAPK SIGNALING PATHWAY%PATHWAY INTERACTION DATABASE NCI-NATURE CURATED DATA%P38 MAPK SIGNALING PATHWAY	P38 MAPK SIGNALING PATHWAY%PATHWAY INTERACTION DATABASE NCI-NATURE CURATED DATA%P38 MAPK SIGNALING PATHWAY		27	0.25948972	0.797641	0.79408866	0.93900347	1.0	2050	tags=19%, list=15%, signal=22%	
ORGANIC ACID TRANSPORT%GOBP%GO:0015849	ORGANIC ACID TRANSPORT%GOBP%GO:0015849		139	0.19409676	0.7975674	0.9448052	0.93876857	1.0	3045	tags=24%, list=23%, signal=30%	
PROTEIN IMPORT INTO MITOCHONDRIAL MATRIX%GOBP%GO:0030150	PROTEIN IMPORT INTO MITOCHONDRIAL MATRIX%GOBP%GO:0030150		21	0.2787568	0.79752266	0.77661794	0.9384805	1.0	5007	tags=57%, list=37%, signal=91%	
PEPTIDYL-SERINE MODIFICATION%GOBP%GO:0018209	PEPTIDYL-SERINE MODIFICATION%GOBP%GO:0018209		36	0.2484578	0.79687613	0.81182796	0.9392169	1.0	3071	tags=36%, list=23%, signal=47%	
MBDNF AND PROBDNF REGULATION OF GABA NEUROTRANSMISSION%WIKIPATHWAYS_20260211%WP4829%HOMO SAPIENS	MBDNF AND PROBDNF REGULATION OF GABA NEUROTRANSMISSION%WIKIPATHWAYS_20260211%WP4829%HOMO SAPIENS		19	0.28373632	0.79612386	0.7737374	0.940139	1.0	3822	tags=42%, list=28%, signal=59%	
TRNA AMINOACYLATION%REACTOME%R-HSA-379724.3	TRNA AMINOACYLATION%REACTOME%R-HSA-379724.3		24	0.2742631	0.79598814	0.7973251	0.9400051	1.0	4906	tags=54%, list=36%, signal=85%	
RETINOIC ACID RECEPTORS-MEDIATED SIGNALING%PATHWAY INTERACTION DATABASE NCI-NATURE CURATED DATA%RETINOIC ACID RECEPTORS-MEDIATED SIGNALING	RETINOIC ACID RECEPTORS-MEDIATED SIGNALING%PATHWAY INTERACTION DATABASE NCI-NATURE CURATED DATA%RETINOIC ACID RECEPTORS-MEDIATED SIGNALING		29	0.25843614	0.79588926	0.7905544	0.93981564	1.0	1162	tags=17%, list=9%, signal=19%	
BIOCARTA_MAL_PATHWAY%MSIGDB_C2%BIOCARTA_MAL_PATHWAY	BIOCARTA_MAL_PATHWAY%MSIGDB_C2%BIOCARTA_MAL_PATHWAY		15	0.30439764	0.79571486	0.7617108	0.9397643	1.0	2167	tags=20%, list=16%, signal=24%	
POSITIVE REGULATION OF CHEMOKINE PRODUCTION%GOBP%GO:0032722	POSITIVE REGULATION OF CHEMOKINE PRODUCTION%GOBP%GO:0032722		25	0.26499033	0.7956961	0.7853659	0.93943566	1.0	1465	tags=16%, list=11%, signal=18%	
REGULATION OF NITRIC OXIDE BIOSYNTHETIC PROCESS%GOBP%GO:0045428	REGULATION OF NITRIC OXIDE BIOSYNTHETIC PROCESS%GOBP%GO:0045428		35	0.24823174	0.7956425	0.8159757	0.93917114	1.0	2560	tags=20%, list=19%, signal=25%	
PID_BCR_5PATHWAY%MSIGDB_C2%PID_BCR_5PATHWAY	PID_BCR_5PATHWAY%MSIGDB_C2%PID_BCR_5PATHWAY		44	0.23219013	0.7950904	0.84714746	0.9397504	1.0	2862	tags=27%, list=21%, signal=34%	
NEUROTRANSMITTER SECRETION%GOBP%GO:0007269	NEUROTRANSMITTER SECRETION%GOBP%GO:0007269		47	0.23151876	0.7946632	0.8319588	0.9401254	1.0	2581	tags=26%, list=19%, signal=31%	
CERAMIDE BIOSYNTHETIC PROCESS%GOBP%GO:0046513	CERAMIDE BIOSYNTHETIC PROCESS%GOBP%GO:0046513		34	0.24802664	0.794489	0.81393033	0.94006133	1.0	912	tags=15%, list=7%, signal=16%	
AMINO ACID TRANSMEMBRANE TRANSPORT%GOBP%GO:0003333	AMINO ACID TRANSMEMBRANE TRANSPORT%GOBP%GO:0003333		48	0.22907837	0.79400116	0.85863876	0.9404995	1.0	3045	tags=25%, list=23%, signal=32%	
BIOCARTA_TOLL_PATHWAY%MSIGDB_C2%BIOCARTA_TOLL_PATHWAY	BIOCARTA_TOLL_PATHWAY%MSIGDB_C2%BIOCARTA_TOLL_PATHWAY		20	0.2814147	0.79398185	0.7563195	0.94017303	1.0	3111	tags=35%, list=23%, signal=45%	
BIOCARTA_HIVNEF_PATHWAY%MSIGDB_C2%BIOCARTA_HIVNEF_PATHWAY	BIOCARTA_HIVNEF_PATHWAY%MSIGDB_C2%BIOCARTA_HIVNEF_PATHWAY		39	0.23848432	0.7935352	0.8319502	0.9405696	1.0	1071	tags=15%, list=8%, signal=17%	
RESPONSE TO NERVE GROWTH FACTOR%GOBP%GO:1990089	RESPONSE TO NERVE GROWTH FACTOR%GOBP%GO:1990089		18	0.2888434	0.7933082	0.76544505	0.94059336	1.0	542	tags=11%, list=4%, signal=12%	
WARBURG EFFECT%PATHWHIZ%PW000630	WARBURG EFFECT%PATHWHIZ%PW000630		43	0.2362839	0.79169816	0.8483034	0.9429544	1.0	2382	tags=21%, list=18%, signal=25%	
THYROID HORMONES PRODUCTION AND PERIPHERAL DOWNSTREAM SIGNALING EFFECTS%WIKIPATHWAYS_20260211%WP4746%HOMO SAPIENS	THYROID HORMONES PRODUCTION AND PERIPHERAL DOWNSTREAM SIGNALING EFFECTS%WIKIPATHWAYS_20260211%WP4746%HOMO SAPIENS		58	0.22243764	0.7910864	0.8793814	0.9436289	1.0	3029	tags=26%, list=22%, signal=33%	
PID_AR_NONGENOMIC_PATHWAY%MSIGDB_C2%PID_AR_NONGENOMIC_PATHWAY	PID_AR_NONGENOMIC_PATHWAY%MSIGDB_C2%PID_AR_NONGENOMIC_PATHWAY		26	0.2605861	0.79029447	0.8243243	0.94458556	1.0	2277	tags=19%, list=17%, signal=23%	
RESPIRATORY CHAIN COMPLEX IV ASSEMBLY%GOBP%GO:0008535	RESPIRATORY CHAIN COMPLEX IV ASSEMBLY%GOBP%GO:0008535		25	0.26638368	0.79025495	0.8207254	0.9442942	1.0	2828	tags=24%, list=21%, signal=30%	
PLC BETA MEDIATED EVENTS%REACTOME DATABASE ID RELEASE 95%112043	PLC BETA MEDIATED EVENTS%REACTOME DATABASE ID RELEASE 95%112043		36	0.24483988	0.79014766	0.8231009	0.94410664	1.0	1452	tags=17%, list=11%, signal=19%	
PID_INTEGRIN_A4B1_PATHWAY%MSIGDB_C2%PID_INTEGRIN_A4B1_PATHWAY	PID_INTEGRIN_A4B1_PATHWAY%MSIGDB_C2%PID_INTEGRIN_A4B1_PATHWAY		23	0.2708954	0.7895774	0.78053623	0.9446792	1.0	524	tags=9%, list=4%, signal=9%	
FIBRIN COMPLEMENT RECEPTOR 3 SIGNALING%WIKIPATHWAYS_20260211%WP4136%HOMO SAPIENS	FIBRIN COMPLEMENT RECEPTOR 3 SIGNALING%WIKIPATHWAYS_20260211%WP4136%HOMO SAPIENS		23	0.26748657	0.78866976	0.78527606	0.94583726	1.0	3269	tags=30%, list=24%, signal=40%	
POSITIVE REGULATION OF FILOPODIUM ASSEMBLY%GOBP%GO:0051491	POSITIVE REGULATION OF FILOPODIUM ASSEMBLY%GOBP%GO:0051491		18	0.28487238	0.78801477	0.7927199	0.9465752	1.0	4293	tags=50%, list=32%, signal=73%	
NOTCH4 INTRACELLULAR DOMAIN REGULATES TRANSCRIPTION%REACTOME%R-HSA-9013695.2	NOTCH4 INTRACELLULAR DOMAIN REGULATES TRANSCRIPTION%REACTOME%R-HSA-9013695.2		18	0.28568614	0.7874925	0.7987988	0.94708997	1.0	1033	tags=11%, list=8%, signal=12%	
RHOU GTPASE CYCLE%REACTOME%R-HSA-9013420.5	RHOU GTPASE CYCLE%REACTOME%R-HSA-9013420.5		38	0.24040082	0.78735334	0.84275436	0.94695514	1.0	2891	tags=29%, list=21%, signal=37%	
DISRUPTION OF POSTSYNAPTIC SIGNALING BY CNV%WIKIPATHWAYS_20260211%WP4875%HOMO SAPIENS	DISRUPTION OF POSTSYNAPTIC SIGNALING BY CNV%WIKIPATHWAYS_20260211%WP4875%HOMO SAPIENS		18	0.28562576	0.7868901	0.78821176	0.94734377	1.0	1274	tags=22%, list=9%, signal=25%	
ADORA2B MEDIATED ANTI-INFLAMMATORY CYTOKINES PRODUCTION%REACTOME DATABASE ID RELEASE 95%9660821	ADORA2B MEDIATED ANTI-INFLAMMATORY CYTOKINES PRODUCTION%REACTOME DATABASE ID RELEASE 95%9660821		36	0.24451137	0.78665227	0.83893985	0.9473735	1.0	1582	tags=14%, list=12%, signal=16%	
REGULATION OF MUSCLE CELL APOPTOTIC PROCESS%GOBP%GO:0010660	REGULATION OF MUSCLE CELL APOPTOTIC PROCESS%GOBP%GO:0010660		31	0.25084704	0.7852453	0.8060166	0.9492855	1.0	4177	tags=42%, list=31%, signal=61%	
POSITIVE REGULATION OF BMP SIGNALING PATHWAY%GOBP%GO:0030513	POSITIVE REGULATION OF BMP SIGNALING PATHWAY%GOBP%GO:0030513		17	0.29649252	0.7849817	0.776868	0.9493572	1.0	1988	tags=24%, list=15%, signal=28%	
IL6-MEDIATED SIGNALING EVENTS%PATHWAY INTERACTION DATABASE NCI-NATURE CURATED DATA%IL6-MEDIATED SIGNALING EVENTS	IL6-MEDIATED SIGNALING EVENTS%PATHWAY INTERACTION DATABASE NCI-NATURE CURATED DATA%IL6-MEDIATED SIGNALING EVENTS		40	0.2364285	0.7842162	0.8383733	0.95024675	1.0	3847	tags=33%, list=28%, signal=45%	
VLDLR INTERNALISATION AND DEGRADATION%REACTOME DATABASE ID RELEASE 95%8866427	VLDLR INTERNALISATION AND DEGRADATION%REACTOME DATABASE ID RELEASE 95%8866427		15	0.30048254	0.78392243	0.7614314	0.9503648	1.0	3822	tags=47%, list=28%, signal=65%	
S1P2 PATHWAY%PATHWAY INTERACTION DATABASE NCI-NATURE CURATED DATA%S1P2 PATHWAY	S1P2 PATHWAY%PATHWAY INTERACTION DATABASE NCI-NATURE CURATED DATA%S1P2 PATHWAY		21	0.27202523	0.783307	0.7956879	0.95101804	1.0	803	tags=10%, list=6%, signal=10%	
BIOCARTA_P38MAPK_PATHWAY%MSIGDB_C2%BIOCARTA_P38MAPK_PATHWAY	BIOCARTA_P38MAPK_PATHWAY%MSIGDB_C2%BIOCARTA_P38MAPK_PATHWAY		27	0.2537234	0.78188336	0.8450262	0.9529255	1.0	1709	tags=15%, list=13%, signal=17%	
REGULATION OF ACTIN FILAMENT-BASED MOVEMENT%GOBP%GO:1903115	REGULATION OF ACTIN FILAMENT-BASED MOVEMENT%GOBP%GO:1903115		24	0.2640462	0.78178257	0.8038038	0.9527204	1.0	2977	tags=38%, list=22%, signal=48%	
IMMUNE RESPONSE-REGULATING CELL SURFACE RECEPTOR SIGNALING PATHWAY%GOBP%GO:0002768	IMMUNE RESPONSE-REGULATING CELL SURFACE RECEPTOR SIGNALING PATHWAY%GOBP%GO:0002768		134	0.18974027	0.7805361	0.9547461	0.9543192	1.0	3793	tags=28%, list=28%, signal=39%	
DIACYLGLYCEROL METABOLIC PROCESS%GOBP%GO:0046339	DIACYLGLYCEROL METABOLIC PROCESS%GOBP%GO:0046339		17	0.2927547	0.7800964	0.7859296	0.9546384	1.0	1497	tags=12%, list=11%, signal=13%	
PHAGOSOME MATURATION%GOBP%GO:0090382	PHAGOSOME MATURATION%GOBP%GO:0090382		21	0.27038413	0.7800879	0.80404043	0.9542919	1.0	1805	tags=14%, list=13%, signal=16%	
IL1 SIGNALING%WIKIPATHWAYS_20260211%WP195%HOMO SAPIENS	IL1 SIGNALING%WIKIPATHWAYS_20260211%WP195%HOMO SAPIENS		43	0.23308925	0.77960414	0.86617494	0.954685	1.0	3111	tags=26%, list=23%, signal=33%	
POSITIVE REGULATION OF PROTEIN SECRETION%GOBP%GO:0050714	POSITIVE REGULATION OF PROTEIN SECRETION%GOBP%GO:0050714		64	0.21407028	0.77947044	0.89709175	0.9545334	1.0	2954	tags=25%, list=22%, signal=32%	
FATTY ACID CATABOLIC PROCESS%GOBP%GO:0009062	FATTY ACID CATABOLIC PROCESS%GOBP%GO:0009062		64	0.21519977	0.7791237	0.8981289	0.95469785	1.0	2504	tags=22%, list=19%, signal=27%	
NEGATIVE REGULATION OF PROTEIN POLYMERIZATION%GOBP%GO:0032272	NEGATIVE REGULATION OF PROTEIN POLYMERIZATION%GOBP%GO:0032272		35	0.24110772	0.77908045	0.8296371	0.9544116	1.0	1966	tags=20%, list=15%, signal=23%	
POSITIVE REGULATION OF ADAPTIVE IMMUNE RESPONSE%GOBP%GO:0002821	POSITIVE REGULATION OF ADAPTIVE IMMUNE RESPONSE%GOBP%GO:0002821		62	0.21270202	0.77903515	0.8915289	0.9541244	1.0	2543	tags=16%, list=19%, signal=20%	
POSITIVE REGULATION OF EPITHELIAL CELL MIGRATION%GOBP%GO:0010634	POSITIVE REGULATION OF EPITHELIAL CELL MIGRATION%GOBP%GO:0010634		30	0.2508004	0.7779287	0.84294236	0.9554696	1.0	2277	tags=23%, list=17%, signal=28%	
TLR4 SIGNALING AND TOLERANCE%WIKIPATHWAYS_20260211%WP3851%HOMO SAPIENS	TLR4 SIGNALING AND TOLERANCE%WIKIPATHWAYS_20260211%WP3851%HOMO SAPIENS		22	0.26382524	0.7777242	0.81545067	0.95542425	1.0	2050	tags=23%, list=15%, signal=27%	
MAINTENANCE OF PROTEIN LOCALIZATION IN ORGANELLE%GOBP%GO:0072595	MAINTENANCE OF PROTEIN LOCALIZATION IN ORGANELLE%GOBP%GO:0072595		32	0.2453956	0.7754773	0.84411764	0.9584977	1.0	3650	tags=41%, list=27%, signal=56%	
BIOCARTA_GPCR_PATHWAY%MSIGDB_C2%BIOCARTA_GPCR_PATHWAY	BIOCARTA_GPCR_PATHWAY%MSIGDB_C2%BIOCARTA_GPCR_PATHWAY		20	0.27562785	0.7750763	0.79746836	0.9587475	1.0	1800	tags=20%, list=13%, signal=23%	
NICOTINE ACTION PATHWAY%SMPDB%SMP0000431	NICOTINE ACTION PATHWAY%SMPDB%SMP0000431		15	0.2968453	0.7750262	0.80465585	0.9584674	1.0	2753	tags=33%, list=20%, signal=42%	
OTHER INTERLEUKIN SIGNALING%REACTOME DATABASE ID RELEASE 95%449836	OTHER INTERLEUKIN SIGNALING%REACTOME DATABASE ID RELEASE 95%449836		16	0.2894049	0.7746776	0.7872984	0.9586425	1.0	3959	tags=56%, list=29%, signal=79%	
HORMONE-MEDIATED SIGNALING PATHWAY%GOBP%GO:0009755	HORMONE-MEDIATED SIGNALING PATHWAY%GOBP%GO:0009755		69	0.21046911	0.7745751	0.90342677	0.9584402	1.0	2590	tags=25%, list=19%, signal=30%	
PURINE NUCLEOSIDE DIPHOSPHATE METABOLIC PROCESS%GOBP%GO:0009135	PURINE NUCLEOSIDE DIPHOSPHATE METABOLIC PROCESS%GOBP%GO:0009135		37	0.23693256	0.77437305	0.84876543	0.9583887	1.0	2809	tags=27%, list=21%, signal=34%	
COMPLEMENT SYSTEM%WIKIPATHWAYS_20260211%WP2806%HOMO SAPIENS	COMPLEMENT SYSTEM%WIKIPATHWAYS_20260211%WP2806%HOMO SAPIENS		37	0.23699243	0.7738635	0.84771574	0.9587904	1.0	2370	tags=22%, list=18%, signal=26%	
BCR-ABL ACTION IN CML PATHOGENESIS%SMPDB%SMP0031692	BCR-ABL ACTION IN CML PATHOGENESIS%SMPDB%SMP0031692		18	0.27688724	0.7736899	0.793	0.9586956	1.0	2376	tags=28%, list=18%, signal=34%	
REGULATION OF LEUKOCYTE DEGRANULATION%GOBP%GO:0043300	REGULATION OF LEUKOCYTE DEGRANULATION%GOBP%GO:0043300		19	0.2763419	0.77358353	0.812249	0.95849276	1.0	3143	tags=26%, list=23%, signal=34%	
RESPONSE TO VITAMIN%GOBP%GO:0033273	RESPONSE TO VITAMIN%GOBP%GO:0033273		17	0.2852947	0.7732954	0.79841113	0.95857066	1.0	1651	tags=24%, list=12%, signal=27%	
ENDOLYSOSOMAL TOLL-LIKE RECEPTOR SIGNALING PATHWAY%GOBP%GO:0140894	ENDOLYSOSOMAL TOLL-LIKE RECEPTOR SIGNALING PATHWAY%GOBP%GO:0140894		17	0.28430223	0.7732098	0.8139293	0.9583421	1.0	2851	tags=29%, list=21%, signal=37%	
HOST-MEDIATED PERTURBATION OF VIRAL PROCESS%GOBP%GO:0044788	HOST-MEDIATED PERTURBATION OF VIRAL PROCESS%GOBP%GO:0044788		58	0.2168489	0.77269566	0.8913934	0.9587529	1.0	3799	tags=40%, list=28%, signal=55%	
MEMBRANE BIOGENESIS%GOBP%GO:0044091	MEMBRANE BIOGENESIS%GOBP%GO:0044091		51	0.22445683	0.7726504	0.88365096	0.95846826	1.0	3551	tags=39%, list=26%, signal=53%	
POTASSIUM ION TRANSMEMBRANE TRANSPORT%GOBP%GO:0071805	POTASSIUM ION TRANSMEMBRANE TRANSPORT%GOBP%GO:0071805		73	0.209231	0.772613	0.9236402	0.95816195	1.0	2570	tags=19%, list=19%, signal=24%	
POSITIVE REGULATION OF MYELOID CELL DIFFERENTIATION%GOBP%GO:0045639	POSITIVE REGULATION OF MYELOID CELL DIFFERENTIATION%GOBP%GO:0045639		57	0.21606809	0.7725516	0.8936842	0.9578825	1.0	2885	tags=26%, list=21%, signal=33%	
REGULATION OF T CELL MIGRATION%GOBP%GO:2000404	REGULATION OF T CELL MIGRATION%GOBP%GO:2000404		22	0.26612762	0.7724508	0.8109756	0.9576633	1.0	1719	tags=18%, list=13%, signal=21%	
POSITIVE REGULATION OF PRODUCTION OF MOLECULAR MEDIATOR OF IMMUNE RESPONSE%GOBP%GO:0002702	POSITIVE REGULATION OF PRODUCTION OF MOLECULAR MEDIATOR OF IMMUNE RESPONSE%GOBP%GO:0002702		53	0.2188766	0.77136195	0.90163934	0.9588837	1.0	2771	tags=21%, list=21%, signal=26%	
REGULATION OF BONE REMODELING%GOBP%GO:0046850	REGULATION OF BONE REMODELING%GOBP%GO:0046850		27	0.2519798	0.77074164	0.80714285	0.9594626	1.0	1032	tags=11%, list=8%, signal=12%	
MACROPHAGE STIMULATING PROTEIN MSP SIGNALING%WIKIPATHWAYS_20260211%WP5353%HOMO SAPIENS	MACROPHAGE STIMULATING PROTEIN MSP SIGNALING%WIKIPATHWAYS_20260211%WP5353%HOMO SAPIENS		64	0.21052328	0.7707095	0.91189426	0.9591478	1.0	3364	tags=27%, list=25%, signal=35%	
PID_AVB3_OPN_PATHWAY%MSIGDB_C2%PID_AVB3_OPN_PATHWAY	PID_AVB3_OPN_PATHWAY%MSIGDB_C2%PID_AVB3_OPN_PATHWAY		25	0.2581482	0.7700407	0.8216495	0.959786	1.0	3815	tags=28%, list=28%, signal=39%	
APPENDAGE DEVELOPMENT%GOBP%GO:0048736	APPENDAGE DEVELOPMENT%GOBP%GO:0048736		53	0.21931891	0.76963955	0.8993576	0.96002346	1.0	1892	tags=15%, list=14%, signal=17%	
FATTY ACID BETA OXIDATION%WIKIPATHWAYS_20260211%WP143%HOMO SAPIENS	FATTY ACID BETA OXIDATION%WIKIPATHWAYS_20260211%WP143%HOMO SAPIENS		21	0.26794967	0.7684769	0.8181818	0.96136343	1.0	3742	tags=38%, list=28%, signal=53%	
SODIUM ION TRANSMEMBRANE TRANSPORT%GOBP%GO:0035725	SODIUM ION TRANSMEMBRANE TRANSPORT%GOBP%GO:0035725		55	0.21663204	0.76798606	0.89352816	0.9617002	1.0	2219	tags=20%, list=16%, signal=24%	
ACTIVATION OF BH3-ONLY PROTEINS%REACTOME DATABASE ID RELEASE 95%114452	ACTIVATION OF BH3-ONLY PROTEINS%REACTOME DATABASE ID RELEASE 95%114452		28	0.24957864	0.76798046	0.8411405	0.9613487	1.0	2026	tags=18%, list=15%, signal=21%	
NON SMALL CELL LUNG CANCER%WIKIPATHWAYS_20260211%WP4255%HOMO SAPIENS	NON SMALL CELL LUNG CANCER%WIKIPATHWAYS_20260211%WP4255%HOMO SAPIENS		57	0.21631464	0.7678051	0.8918387	0.9612496	1.0	2542	tags=26%, list=19%, signal=32%	
MRNA METHYLGUANOSINE-CAP DECAPPING%GOBP%GO:0110156	MRNA METHYLGUANOSINE-CAP DECAPPING%GOBP%GO:0110156		20	0.27300233	0.7677656	0.8126919	0.9609462	1.0	3444	tags=45%, list=25%, signal=60%	
GLYCOLYTIC PROCESS THROUGH GLUCOSE-6-PHOSPHATE%GOBP%GO:0061620	GLYCOLYTIC PROCESS THROUGH GLUCOSE-6-PHOSPHATE%GOBP%GO:0061620		16	0.28956166	0.76739633	0.79241306	0.9610965	1.0	746	tags=13%, list=6%, signal=13%	
BOSUTINIB INHIBITION OF BCR-ABL%PATHWHIZ%PW032596	BOSUTINIB INHIBITION OF BCR-ABL%PATHWHIZ%PW032596		18	0.27688724	0.7659839	0.7979695	0.9627502	1.0	2376	tags=28%, list=18%, signal=34%	
PHARYNGEAL SYSTEM DEVELOPMENT%GOBP%GO:0060037	PHARYNGEAL SYSTEM DEVELOPMENT%GOBP%GO:0060037		15	0.29012465	0.7659156	0.7872559	0.96249086	1.0	2609	tags=40%, list=19%, signal=50%	
REGULATION OF ADAPTIVE IMMUNE RESPONSE%GOBP%GO:0002819	REGULATION OF ADAPTIVE IMMUNE RESPONSE%GOBP%GO:0002819		103	0.19400522	0.76577127	0.94938016	0.9623407	1.0	2543	tags=17%, list=19%, signal=20%	
PHOSPHORYLATED BMAL1:CLOCK (ARNTL:CLOCK) ACTIVATES EXPRESSION OF CORE CLOCK GENES%REACTOME DATABASE ID RELEASE 95%9931510	PHOSPHORYLATED BMAL1:CLOCK (ARNTL:CLOCK) ACTIVATES EXPRESSION OF CORE CLOCK GENES%REACTOME DATABASE ID RELEASE 95%9931510		19	0.27706075	0.76445496	0.8057769	0.9638565	1.0	1457	tags=16%, list=11%, signal=18%	
ARYL HYDROCARBON RECEPTOR PATHWAY%WIKIPATHWAYS_20260211%WP2873%HOMO SAPIENS	ARYL HYDROCARBON RECEPTOR PATHWAY%WIKIPATHWAYS_20260211%WP2873%HOMO SAPIENS		29	0.24803902	0.7642982	0.8411017	0.96371585	1.0	2996	tags=24%, list=22%, signal=31%	
CHAPERONE MEDIATED AUTOPHAGY%REACTOME DATABASE ID RELEASE 95%9613829	CHAPERONE MEDIATED AUTOPHAGY%REACTOME DATABASE ID RELEASE 95%9613829		17	0.28514093	0.76411456	0.81973815	0.9636225	1.0	3555	tags=41%, list=26%, signal=56%	
PID_GLYPICAN_1PATHWAY%MSIGDB_C2%PID_GLYPICAN_1PATHWAY	PID_GLYPICAN_1PATHWAY%MSIGDB_C2%PID_GLYPICAN_1PATHWAY		17	0.28448978	0.7640232	0.8153527	0.96338636	1.0	2112	tags=24%, list=16%, signal=28%	
GPER1 SIGNALING%REACTOME DATABASE ID RELEASE 95%9634597	GPER1 SIGNALING%REACTOME DATABASE ID RELEASE 95%9634597		37	0.23554015	0.763741	0.86868685	0.9634248	1.0	1582	tags=14%, list=12%, signal=15%	
TRNA WOBBLE URIDINE MODIFICATION%GOBP%GO:0002098	TRNA WOBBLE URIDINE MODIFICATION%GOBP%GO:0002098		16	0.2840421	0.7633744	0.7983281	0.9635856	1.0	4966	tags=63%, list=37%, signal=99%	
GLYCOLYTIC PROCESS THROUGH FRUCTOSE-6-PHOSPHATE%GOBP%GO:0061615	GLYCOLYTIC PROCESS THROUGH FRUCTOSE-6-PHOSPHATE%GOBP%GO:0061615		16	0.28956166	0.763339	0.8052838	0.96327674	1.0	746	tags=13%, list=6%, signal=13%	
LIMB DEVELOPMENT%GOBP%GO:0060173	LIMB DEVELOPMENT%GOBP%GO:0060173		53	0.21931891	0.7629257	0.88968337	0.9634929	1.0	1892	tags=15%, list=14%, signal=17%	
FCERI MEDIATED CA+2 MOBILIZATION%REACTOME DATABASE ID RELEASE 95%2871809	FCERI MEDIATED CA+2 MOBILIZATION%REACTOME DATABASE ID RELEASE 95%2871809		19	0.2726582	0.7626231	0.82206035	0.96354026	1.0	2376	tags=32%, list=18%, signal=38%	
POSITIVE REGULATION OF TRANSCRIPTION BY RNA POLYMERASE I%GOBP%GO:0045943	POSITIVE REGULATION OF TRANSCRIPTION BY RNA POLYMERASE I%GOBP%GO:0045943		31	0.24456769	0.7622937	0.86012524	0.96364367	1.0	2591	tags=29%, list=19%, signal=36%	
BIOCARTA_CREB_PATHWAY%MSIGDB_C2%BIOCARTA_CREB_PATHWAY	BIOCARTA_CREB_PATHWAY%MSIGDB_C2%BIOCARTA_CREB_PATHWAY		16	0.28210106	0.7617942	0.8097166	0.96397775	1.0	2376	tags=25%, list=18%, signal=30%	
POST-TRANSLATIONAL MODIFICATION: SYNTHESIS OF GPI-ANCHORED PROTEINS%REACTOME DATABASE ID RELEASE 95%163125	POST-TRANSLATIONAL MODIFICATION: SYNTHESIS OF GPI-ANCHORED PROTEINS%REACTOME DATABASE ID RELEASE 95%163125		49	0.21894026	0.76158804	0.9028078	0.96389514	1.0	2090	tags=16%, list=15%, signal=19%	
REGULATION OF NOTCH SIGNALING PATHWAY%GOBP%GO:0008593	REGULATION OF NOTCH SIGNALING PATHWAY%GOBP%GO:0008593		61	0.20762788	0.76076996	0.9119171	0.9646694	1.0	3466	tags=30%, list=26%, signal=40%	
REGULATION OF EXTRINSIC APOPTOTIC SIGNALING PATHWAY IN ABSENCE OF LIGAND%GOBP%GO:2001239	REGULATION OF EXTRINSIC APOPTOTIC SIGNALING PATHWAY IN ABSENCE OF LIGAND%GOBP%GO:2001239		20	0.27091613	0.7604565	0.8151951	0.9647422	1.0	1666	tags=15%, list=12%, signal=17%	
GLUCAGON SIGNALING IN METABOLIC REGULATION%REACTOME%R-HSA-163359.8	GLUCAGON SIGNALING IN METABOLIC REGULATION%REACTOME%R-HSA-163359.8		27	0.25097662	0.7599906	0.8574338	0.96500784	1.0	1582	tags=15%, list=12%, signal=17%	
ENDOCARDIAL CUSHION DEVELOPMENT%GOBP%GO:0003197	ENDOCARDIAL CUSHION DEVELOPMENT%GOBP%GO:0003197		34	0.23658025	0.759484	0.86044073	0.9653405	1.0	1870	tags=18%, list=14%, signal=20%	
ARYL HYDROCARBON RECEPTOR PATHWAY%WIKIPATHWAYS_20260211%WP2586%HOMO SAPIENS	ARYL HYDROCARBON RECEPTOR PATHWAY%WIKIPATHWAYS_20260211%WP2586%HOMO SAPIENS		32	0.24012698	0.7591823	0.86438924	0.9653926	1.0	2250	tags=22%, list=17%, signal=26%	
EMBRYONIC HEART TUBE DEVELOPMENT%GOBP%GO:0035050	EMBRYONIC HEART TUBE DEVELOPMENT%GOBP%GO:0035050		33	0.23941572	0.7587713	0.86632127	0.96557826	1.0	1651	tags=18%, list=12%, signal=21%	
NILOTINIB INHIBITION OF BCR-ABL%PATHWHIZ%PW032595	NILOTINIB INHIBITION OF BCR-ABL%PATHWHIZ%PW032595		18	0.27688724	0.75856644	0.83016986	0.9654991	1.0	2376	tags=28%, list=18%, signal=34%	
MET IN TYPE 1 PAPILLARY RENAL CELL CARCINOMA%WIKIPATHWAYS_20260211%WP4205%HOMO SAPIENS	MET IN TYPE 1 PAPILLARY RENAL CELL CARCINOMA%WIKIPATHWAYS_20260211%WP4205%HOMO SAPIENS		43	0.22397079	0.7582274	0.89578944	0.9656064	1.0	2542	tags=26%, list=19%, signal=31%	
DEADENYLATION-DEPENDENT DECAPPING OF NUCLEAR-TRANSCRIBED MRNA%GOBP%GO:0000290	DEADENYLATION-DEPENDENT DECAPPING OF NUCLEAR-TRANSCRIBED MRNA%GOBP%GO:0000290		18	0.27575663	0.75822335	0.82371134	0.965254	1.0	1792	tags=28%, list=13%, signal=32%	
POSITIVE REGULATION OF ALCOHOL BIOSYNTHETIC PROCESS%GOBP%GO:1902932	POSITIVE REGULATION OF ALCOHOL BIOSYNTHETIC PROCESS%GOBP%GO:1902932		15	0.29010075	0.7581603	0.8222453	0.96497935	1.0	2549	tags=33%, list=19%, signal=41%	
OREXIN RECEPTOR PATHWAY%WIKIPATHWAYS_20260211%WP5094%HOMO SAPIENS	OREXIN RECEPTOR PATHWAY%WIKIPATHWAYS_20260211%WP5094%HOMO SAPIENS		53	0.21476112	0.7578141	0.9183884	0.9651003	1.0	2503	tags=21%, list=19%, signal=25%	
PROTEIN ALKYLATION%GOBP%GO:0008213	PROTEIN ALKYLATION%GOBP%GO:0008213		31	0.23948346	0.7575716	0.87807375	0.96506274	1.0	2130	tags=19%, list=16%, signal=23%	
KISSPEPTIN KISSPEPTIN RECEPTOR SYSTEM IN THE OVARY%WIKIPATHWAYS_20260211%WP4871%HOMO SAPIENS	KISSPEPTIN KISSPEPTIN RECEPTOR SYSTEM IN THE OVARY%WIKIPATHWAYS_20260211%WP4871%HOMO SAPIENS		24	0.2536628	0.75742656	0.84615386	0.9649092	1.0	1517	tags=17%, list=11%, signal=19%	
TBC RABGAPS%REACTOME%R-HSA-8854214.2	TBC RABGAPS%REACTOME%R-HSA-8854214.2		42	0.22614746	0.7572621	0.8794549	0.96476936	1.0	983	tags=12%, list=7%, signal=13%	
CALCIUM-ION REGULATED EXOCYTOSIS%GOBP%GO:0017156	CALCIUM-ION REGULATED EXOCYTOSIS%GOBP%GO:0017156		20	0.2681406	0.7568236	0.8371369	0.965022	1.0	3143	tags=35%, list=23%, signal=46%	
MEASLES VIRUS INFECTION%WIKIPATHWAYS_20260211%WP4630%HOMO SAPIENS	MEASLES VIRUS INFECTION%WIKIPATHWAYS_20260211%WP4630%HOMO SAPIENS		85	0.19809023	0.7555534	0.94303155	0.96632844	1.0	2050	tags=18%, list=15%, signal=21%	
GLOMERULUS DEVELOPMENT%GOBP%GO:0032835	GLOMERULUS DEVELOPMENT%GOBP%GO:0032835		26	0.24925636	0.7552763	0.8460687	0.96634156	1.0	2891	tags=23%, list=21%, signal=29%	
PONATINIB INHIBITION OF BCR-ABL%PATHWHIZ%PW032598	PONATINIB INHIBITION OF BCR-ABL%PATHWHIZ%PW032598		18	0.27688724	0.75521195	0.83820665	0.96606755	1.0	2376	tags=28%, list=18%, signal=34%	
REGULATION OF BONE MINERALIZATION%GOBP%GO:0030500	REGULATION OF BONE MINERALIZATION%GOBP%GO:0030500		42	0.22574297	0.7551215	0.88429755	0.96583223	1.0	473	tags=10%, list=4%, signal=10%	
AZATHIOPRINE ADME%REACTOME DATABASE ID RELEASE 95%9748787	AZATHIOPRINE ADME%REACTOME DATABASE ID RELEASE 95%9748787		17	0.28089786	0.75496066	0.8317853	0.9656981	1.0	605	tags=12%, list=4%, signal=12%	
POSITIVE REGULATION OF CELL-SUBSTRATE JUNCTION ORGANIZATION%GOBP%GO:0150117	POSITIVE REGULATION OF CELL-SUBSTRATE JUNCTION ORGANIZATION%GOBP%GO:0150117		23	0.26104286	0.75492907	0.8295688	0.96538717	1.0	2167	tags=17%, list=16%, signal=21%	
IMATINIB INHIBITION OF BCR-ABL%SMPDB%SMP0031694	IMATINIB INHIBITION OF BCR-ABL%SMPDB%SMP0031694		19	0.27303588	0.75452495	0.83022773	0.96553487	1.0	2376	tags=26%, list=18%, signal=32%	
POSITIVE REGULATION OF ERAD PATHWAY%GOBP%GO:1904294	POSITIVE REGULATION OF ERAD PATHWAY%GOBP%GO:1904294		16	0.28346542	0.7545156	0.81624365	0.9651927	1.0	4924	tags=44%, list=36%, signal=69%	
REGULATION OF INTERFERON-ALPHA PRODUCTION%GOBP%GO:0032647	REGULATION OF INTERFERON-ALPHA PRODUCTION%GOBP%GO:0032647		18	0.2727468	0.7544457	0.82	0.9649271	1.0	1926	tags=22%, list=14%, signal=26%	
REGULATION OF ADAPTIVE IMMUNE RESPONSE BASED ON SOMATIC RECOMBINATION OF IMMUNE RECEPTORS BUILT FROM IMMUNOGLOBULIN SUPERFAMILY DOMAINS%GOBP%GO:0002822	REGULATION OF ADAPTIVE IMMUNE RESPONSE BASED ON SOMATIC RECOMBINATION OF IMMUNE RECEPTORS BUILT FROM IMMUNOGLOBULIN SUPERFAMILY DOMAINS%GOBP%GO:0002822		95	0.19443679	0.7538135	0.96463025	0.9654036	1.0	2543	tags=17%, list=19%, signal=21%	
VIRAL PROTEIN PROCESSING%GOBP%GO:0019082	VIRAL PROTEIN PROCESSING%GOBP%GO:0019082		28	0.24552767	0.75369424	0.8723187	0.9651972	1.0	2917	tags=29%, list=22%, signal=36%	
MODULATION BY SYMBIONT OF ENTRY INTO HOST%GOBP%GO:0052372	MODULATION BY SYMBIONT OF ENTRY INTO HOST%GOBP%GO:0052372		18	0.27226126	0.7536415	0.8147763	0.96490717	1.0	1397	tags=17%, list=10%, signal=19%	
PURINE NUCLEOSIDE MONOPHOSPHATE METABOLIC PROCESS%GOBP%GO:0009126	PURINE NUCLEOSIDE MONOPHOSPHATE METABOLIC PROCESS%GOBP%GO:0009126		22	0.2642543	0.75362957	0.8268625	0.96456903	1.0	2478	tags=27%, list=18%, signal=33%	
MUSCLE TISSUE DEVELOPMENT%GOBP%GO:0060537	MUSCLE TISSUE DEVELOPMENT%GOBP%GO:0060537		132	0.18427095	0.7535954	0.97077245	0.96425784	1.0	2628	tags=20%, list=19%, signal=24%	
DASATINIB INHIBITION OF BCR-ABL%PATHWHIZ%PW032594	DASATINIB INHIBITION OF BCR-ABL%PATHWHIZ%PW032594		18	0.27688724	0.75325423	0.83165324	0.96434826	1.0	2376	tags=28%, list=18%, signal=34%	
IL3 SIGNALING%WIKIPATHWAYS_20260211%WP286%HOMO SAPIENS	IL3 SIGNALING%WIKIPATHWAYS_20260211%WP286%HOMO SAPIENS		32	0.23632479	0.7527615	0.8792373	0.9646354	1.0	3485	tags=34%, list=26%, signal=46%	
BAFETINIB INHIBITION OF BCR-ABL%PATHWHIZ%PW032597	BAFETINIB INHIBITION OF BCR-ABL%PATHWHIZ%PW032597		18	0.27688724	0.75233984	0.8225324	0.96483004	1.0	2376	tags=28%, list=18%, signal=34%	
PEPTIDYL-SERINE PHOSPHORYLATION%GOBP%GO:0018105	PEPTIDYL-SERINE PHOSPHORYLATION%GOBP%GO:0018105		35	0.22944666	0.75017005	0.8841159	0.9672689	1.0	3071	tags=34%, list=23%, signal=44%	
TRIGLYCERIDE BIOSYNTHETIC PROCESS%GOBP%GO:0019432	TRIGLYCERIDE BIOSYNTHETIC PROCESS%GOBP%GO:0019432		15	0.28604135	0.7493349	0.82375854	0.96794987	1.0	1658	tags=20%, list=12%, signal=23%	
HALLMARK_REACTIVE_OXYGEN_SPECIES_PATHWAY%MSIGDBHALLMARK%HALLMARK_REACTIVE_OXYGEN_SPECIES_PATHWAY	HALLMARK_REACTIVE_OXYGEN_SPECIES_PATHWAY%MSIGDBHALLMARK%HALLMARK_REACTIVE_OXYGEN_SPECIES_PATHWAY		29	0.24737468	0.7487786	0.85714287	0.96826655	1.0	3549	tags=34%, list=26%, signal=47%	
CDC42 SIGNALING EVENTS%PATHWAY INTERACTION DATABASE NCI-NATURE CURATED DATA%CDC42 SIGNALING EVENTS	CDC42 SIGNALING EVENTS%PATHWAY INTERACTION DATABASE NCI-NATURE CURATED DATA%CDC42 SIGNALING EVENTS		65	0.20478702	0.74868655	0.9388601	0.96801984	1.0	1570	tags=14%, list=12%, signal=16%	
SPLICING FACTOR NOVA REGULATED SYNAPTIC PROTEINS%WIKIPATHWAYS_20260211%WP4148%HOMO SAPIENS	SPLICING FACTOR NOVA REGULATED SYNAPTIC PROTEINS%WIKIPATHWAYS_20260211%WP4148%HOMO SAPIENS		23	0.2544746	0.7481615	0.84309626	0.9683359	1.0	2048	tags=26%, list=15%, signal=31%	
ACTIVATED TAK1 MEDIATES P38 MAPK ACTIVATION%REACTOME%R-HSA-450302.5	ACTIVATED TAK1 MEDIATES P38 MAPK ACTIVATION%REACTOME%R-HSA-450302.5		19	0.2720003	0.74813056	0.842871	0.9680196	1.0	4584	tags=42%, list=34%, signal=64%	
POSITIVE REGULATION OF CALCIUM ION TRANSMEMBRANE TRANSPORT%GOBP%GO:1904427	POSITIVE REGULATION OF CALCIUM ION TRANSMEMBRANE TRANSPORT%GOBP%GO:1904427		25	0.2499101	0.748011	0.85554427	0.96781343	1.0	1966	tags=20%, list=15%, signal=23%	
POSITIVE REGULATION OF EXTRACELLULAR MATRIX ORGANIZATION%GOBP%GO:1903055	POSITIVE REGULATION OF EXTRACELLULAR MATRIX ORGANIZATION%GOBP%GO:1903055		19	0.26698297	0.747881	0.82329315	0.96761185	1.0	105	tags=11%, list=1%, signal=11%	
SYNTHESIS OF PIPS AT THE GOLGI MEMBRANE%REACTOME%R-HSA-1660514.5	SYNTHESIS OF PIPS AT THE GOLGI MEMBRANE%REACTOME%R-HSA-1660514.5		15	0.28102276	0.74755126	0.8263959	0.96767676	1.0	2867	tags=33%, list=21%, signal=42%	
NUCLEAR MEMBRANE REASSEMBLY%GOBP%GO:0031468	NUCLEAR MEMBRANE REASSEMBLY%GOBP%GO:0031468		25	0.24937975	0.74691653	0.87291664	0.96811265	1.0	3298	tags=44%, list=24%, signal=58%	
CELLULAR RESPONSE TO EXTERNAL STIMULUS%GOBP%GO:0071496	CELLULAR RESPONSE TO EXTERNAL STIMULUS%GOBP%GO:0071496		41	0.22272055	0.7469102	0.91281515	0.96776575	1.0	1588	tags=15%, list=12%, signal=17%	
CELLULAR RESPONSE TO MECHANICAL STIMULUS%GOBP%GO:0071260	CELLULAR RESPONSE TO MECHANICAL STIMULUS%GOBP%GO:0071260		41	0.22272055	0.74587125	0.9064748	0.9687065	1.0	1588	tags=15%, list=12%, signal=17%	
REGULATION OF ADIPOSE TISSUE DEVELOPMENT%GOBP%GO:1904177	REGULATION OF ADIPOSE TISSUE DEVELOPMENT%GOBP%GO:1904177		17	0.2764467	0.74571776	0.8138352	0.9685411	1.0	568	tags=12%, list=4%, signal=12%	
SKELETAL MUSCLE ORGAN DEVELOPMENT%GOBP%GO:0060538	SKELETAL MUSCLE ORGAN DEVELOPMENT%GOBP%GO:0060538		47	0.21508855	0.7453003	0.91012394	0.9687115	1.0	223	tags=6%, list=2%, signal=6%	
REGULATION OF BIOLOGICAL PROCESS INVOLVED IN SYMBIOTIC INTERACTION%GOBP%GO:0043903	REGULATION OF BIOLOGICAL PROCESS INVOLVED IN SYMBIOTIC INTERACTION%GOBP%GO:0043903		21	0.2608677	0.7449016	0.86166006	0.96884316	1.0	1397	tags=14%, list=10%, signal=16%	
NEGATIVE REGULATION OF MYELOID CELL DIFFERENTIATION%GOBP%GO:0045638	NEGATIVE REGULATION OF MYELOID CELL DIFFERENTIATION%GOBP%GO:0045638		39	0.22466098	0.7442592	0.8962963	0.96926147	1.0	3003	tags=23%, list=22%, signal=30%	
SHP2 SIGNALING%PATHWAY INTERACTION DATABASE NCI-NATURE CURATED DATA%SHP2 SIGNALING	SHP2 SIGNALING%PATHWAY INTERACTION DATABASE NCI-NATURE CURATED DATA%SHP2 SIGNALING		46	0.21552502	0.7436181	0.90994763	0.96968806	1.0	2539	tags=17%, list=19%, signal=21%	
SIGNALING BY MET%REACTOME DATABASE ID RELEASE 95%6806834	SIGNALING BY MET%REACTOME DATABASE ID RELEASE 95%6806834		57	0.20751838	0.7422825	0.94456065	0.9709305	1.0	3619	tags=33%, list=27%, signal=45%	
TETRAPYRROLE METABOLIC PROCESS%GOBP%GO:0033013	TETRAPYRROLE METABOLIC PROCESS%GOBP%GO:0033013		40	0.22513208	0.74210227	0.8996991	0.9707831	1.0	2262	tags=28%, list=17%, signal=33%	
EPHA FORWARD SIGNALING%PATHWAY INTERACTION DATABASE NCI-NATURE CURATED DATA%EPHA FORWARD SIGNALING	EPHA FORWARD SIGNALING%PATHWAY INTERACTION DATABASE NCI-NATURE CURATED DATA%EPHA FORWARD SIGNALING		21	0.2618538	0.74199456	0.8405216	0.9705561	1.0	2325	tags=29%, list=17%, signal=34%	
EXECUTION PHASE OF APOPTOSIS%GOBP%GO:0097194	EXECUTION PHASE OF APOPTOSIS%GOBP%GO:0097194		35	0.22897126	0.74152726	0.9009009	0.9707551	1.0	1360	tags=17%, list=10%, signal=19%	
PROTEIN METHYLATION%GOBP%GO:0006479	PROTEIN METHYLATION%GOBP%GO:0006479		31	0.23948346	0.74103487	0.86307055	0.9710084	1.0	2130	tags=19%, list=16%, signal=23%	
INORGANIC ION IMPORT ACROSS PLASMA MEMBRANE%GOBP%GO:0099587	INORGANIC ION IMPORT ACROSS PLASMA MEMBRANE%GOBP%GO:0099587		57	0.20893219	0.7408975	0.9268041	0.9708317	1.0	3917	tags=33%, list=29%, signal=47%	
PEROXISOMAL LIPID METABOLISM%REACTOME%R-HSA-390918.7	PEROXISOMAL LIPID METABOLISM%REACTOME%R-HSA-390918.7		19	0.26537248	0.74039364	0.838	0.9710877	1.0	1722	tags=21%, list=13%, signal=24%	
TNF STRESS RELATED SIGNALING%PATHWHIZ%PW064784	TNF STRESS RELATED SIGNALING%PATHWHIZ%PW064784		21	0.26078197	0.7403717	0.8575916	0.97075915	1.0	1071	tags=14%, list=8%, signal=15%	
ESTABLISHMENT OR MAINTENANCE OF APICAL/BASAL CELL POLARITY%GOBP%GO:0035088	ESTABLISHMENT OR MAINTENANCE OF APICAL/BASAL CELL POLARITY%GOBP%GO:0035088		30	0.236955	0.7399828	0.87270874	0.9708782	1.0	1362	tags=13%, list=10%, signal=15%	
INORGANIC CATION IMPORT ACROSS PLASMA MEMBRANE%GOBP%GO:0098659	INORGANIC CATION IMPORT ACROSS PLASMA MEMBRANE%GOBP%GO:0098659		57	0.20893219	0.7397748	0.93268186	0.9707679	1.0	3917	tags=33%, list=29%, signal=47%	
PID_EPHA_FWDPATHWAY%MSIGDB_C2%PID_EPHA_FWDPATHWAY	PID_EPHA_FWDPATHWAY%MSIGDB_C2%PID_EPHA_FWDPATHWAY		19	0.265852	0.73874676	0.84963953	0.9715932	1.0	2325	tags=32%, list=17%, signal=38%	
RESPONSE TO ZINC ION%GOBP%GO:0010043	RESPONSE TO ZINC ION%GOBP%GO:0010043		16	0.27956846	0.7381543	0.83054185	0.9719377	1.0	2317	tags=25%, list=17%, signal=30%	
BIOCARTA_FCER1_PATHWAY%MSIGDB_C2%BIOCARTA_FCER1_PATHWAY	BIOCARTA_FCER1_PATHWAY%MSIGDB_C2%BIOCARTA_FCER1_PATHWAY		24	0.24729685	0.7372219	0.86534655	0.9726671	1.0	3815	tags=42%, list=28%, signal=58%	
DOWNSTREAM SIGNALING IN NAIVE CD8+ T CELLS%PATHWAY INTERACTION DATABASE NCI-NATURE CURATED DATA%DOWNSTREAM SIGNALING IN NAIVE CD8+ T CELLS	DOWNSTREAM SIGNALING IN NAIVE CD8+ T CELLS%PATHWAY INTERACTION DATABASE NCI-NATURE CURATED DATA%DOWNSTREAM SIGNALING IN NAIVE CD8+ T CELLS		33	0.23047282	0.7371224	0.886619	0.9724283	1.0	1458	tags=12%, list=11%, signal=14%	
SIGNALING BY NOTCH2%REACTOME%R-HSA-1980145.4	SIGNALING BY NOTCH2%REACTOME%R-HSA-1980145.4		28	0.23992783	0.73691803	0.8771061	0.9723101	1.0	3466	tags=39%, list=26%, signal=53%	
DETOXIFICATION OF REACTIVE OXYGEN SPECIES%REACTOME%R-HSA-3299685.7	DETOXIFICATION OF REACTIVE OXYGEN SPECIES%REACTOME%R-HSA-3299685.7		25	0.24886501	0.7365795	0.85714287	0.97235215	1.0	4021	tags=32%, list=30%, signal=45%	
GLUTAMATE METABOLIC PROCESS%GOBP%GO:0006536	GLUTAMATE METABOLIC PROCESS%GOBP%GO:0006536		15	0.27945298	0.7365454	0.8303922	0.97203964	1.0	2941	tags=27%, list=22%, signal=34%	
DITERPENOID METABOLIC PROCESS%GOBP%GO:0016101	DITERPENOID METABOLIC PROCESS%GOBP%GO:0016101		36	0.22867456	0.7362463	0.9040404	0.9720184	1.0	2825	tags=28%, list=21%, signal=35%	
SIGNALING MEDIATED BY P38-ALPHA AND P38-BETA%PATHWAY INTERACTION DATABASE NCI-NATURE CURATED DATA%SIGNALING MEDIATED BY P38-ALPHA AND P38-BETA	SIGNALING MEDIATED BY P38-ALPHA AND P38-BETA%PATHWAY INTERACTION DATABASE NCI-NATURE CURATED DATA%SIGNALING MEDIATED BY P38-ALPHA AND P38-BETA		29	0.23638192	0.7358296	0.8866525	0.97213644	1.0	2862	tags=24%, list=21%, signal=31%	
TISSUE MIGRATION%GOBP%GO:0090130	TISSUE MIGRATION%GOBP%GO:0090130		18	0.26688746	0.7354268	0.83756346	0.97222114	1.0	2167	tags=22%, list=16%, signal=26%	
REGULATION OF DEFENSE RESPONSE TO VIRUS%GOBP%GO:0050688	REGULATION OF DEFENSE RESPONSE TO VIRUS%GOBP%GO:0050688		36	0.22584708	0.73519146	0.9079628	0.972135	1.0	1191	tags=11%, list=9%, signal=12%	
RNA DECAPPING%GOBP%GO:0110154	RNA DECAPPING%GOBP%GO:0110154		24	0.25019476	0.7343291	0.877551	0.9727389	1.0	3444	tags=38%, list=25%, signal=50%	
EPITHELIAL CELL MIGRATION%GOBP%GO:0010631	EPITHELIAL CELL MIGRATION%GOBP%GO:0010631		16	0.27308974	0.7334073	0.8445336	0.9734045	1.0	2167	tags=25%, list=16%, signal=30%	
PID_CD8_TCR_PATHWAY%MSIGDB_C2%PID_CD8_TCR_PATHWAY	PID_CD8_TCR_PATHWAY%MSIGDB_C2%PID_CD8_TCR_PATHWAY		31	0.23324285	0.73284143	0.8939709	0.97368246	1.0	3781	tags=35%, list=28%, signal=49%	
ESTABLISHMENT OR MAINTENANCE OF BIPOLAR CELL POLARITY%GOBP%GO:0061245	ESTABLISHMENT OR MAINTENANCE OF BIPOLAR CELL POLARITY%GOBP%GO:0061245		30	0.236955	0.7327333	0.88854164	0.9734564	1.0	1362	tags=13%, list=10%, signal=15%	
DEFENSE RESPONSE TO GRAM-NEGATIVE BACTERIUM%GOBP%GO:0050829	DEFENSE RESPONSE TO GRAM-NEGATIVE BACTERIUM%GOBP%GO:0050829		20	0.26052904	0.730971	0.8544367	0.9750468	1.0	3644	tags=40%, list=27%, signal=55%	
LYMPHOCYTE COSTIMULATION%GOBP%GO:0031294	LYMPHOCYTE COSTIMULATION%GOBP%GO:0031294		20	0.2588817	0.7303957	0.86470586	0.9753228	1.0	3485	tags=35%, list=26%, signal=47%	
EPITHELIUM MIGRATION%GOBP%GO:0090132	EPITHELIUM MIGRATION%GOBP%GO:0090132		16	0.27308974	0.73000675	0.8518155	0.97538495	1.0	2167	tags=25%, list=16%, signal=30%	
L-ALPHA-AMINO ACID TRANSMEMBRANE TRANSPORT%GOBP%GO:1902475	L-ALPHA-AMINO ACID TRANSMEMBRANE TRANSPORT%GOBP%GO:1902475		30	0.23265271	0.7297645	0.9007239	0.97529775	1.0	3045	tags=27%, list=23%, signal=34%	
CELL SURFACE TOLL-LIKE RECEPTOR SIGNALING PATHWAY%GOBP%GO:0140895	CELL SURFACE TOLL-LIKE RECEPTOR SIGNALING PATHWAY%GOBP%GO:0140895		25	0.24605401	0.7292538	0.8830645	0.9754823	1.0	2851	tags=28%, list=21%, signal=35%	
APAP ADME%REACTOME DATABASE ID RELEASE 95%9753281	APAP ADME%REACTOME DATABASE ID RELEASE 95%9753281		17	0.26581478	0.72629267	0.83349854	0.97822857	1.0	1834	tags=18%, list=14%, signal=20%	
FCERI MEDIATED MAPK ACTIVATION%REACTOME DATABASE ID RELEASE 95%2871796	FCERI MEDIATED MAPK ACTIVATION%REACTOME DATABASE ID RELEASE 95%2871796		20	0.25821862	0.72574943	0.87766993	0.97846055	1.0	3111	tags=35%, list=23%, signal=45%	
CELL SURFACE PATTERN RECOGNITION RECEPTOR SIGNALING PATHWAY%GOBP%GO:0002752	CELL SURFACE PATTERN RECOGNITION RECEPTOR SIGNALING PATHWAY%GOBP%GO:0002752		26	0.24174477	0.7245611	0.88830346	0.9793217	1.0	2851	tags=27%, list=21%, signal=34%	
INNER EAR MORPHOGENESIS%GOBP%GO:0042472	INNER EAR MORPHOGENESIS%GOBP%GO:0042472		25	0.245678	0.7240113	0.8848548	0.97954255	1.0	3171	tags=32%, list=23%, signal=42%	
REGULATION OF LIPOPOLYSACCHARIDE-MEDIATED SIGNALING PATHWAY%GOBP%GO:0031664	REGULATION OF LIPOPOLYSACCHARIDE-MEDIATED SIGNALING PATHWAY%GOBP%GO:0031664		16	0.27190796	0.7230279	0.85353535	0.98019046	1.0	3500	tags=38%, list=26%, signal=51%	
IL1-MEDIATED SIGNALING EVENTS%PATHWAY INTERACTION DATABASE NCI-NATURE CURATED DATA%IL1-MEDIATED SIGNALING EVENTS	IL1-MEDIATED SIGNALING EVENTS%PATHWAY INTERACTION DATABASE NCI-NATURE CURATED DATA%IL1-MEDIATED SIGNALING EVENTS		29	0.23407295	0.72287494	0.91055274	0.9799929	1.0	4584	tags=45%, list=34%, signal=68%	
IL26 SIGNALING%WIKIPATHWAYS_20260211%WP5347%HOMO SAPIENS	IL26 SIGNALING%WIKIPATHWAYS_20260211%WP5347%HOMO SAPIENS		29	0.23641826	0.7227646	0.89825284	0.9797499	1.0	3269	tags=34%, list=24%, signal=45%	
REGULATION OF MITOCHONDRIAL FISSION%GOBP%GO:0090140	REGULATION OF MITOCHONDRIAL FISSION%GOBP%GO:0090140		20	0.25166386	0.72257274	0.8654661	0.9795946	1.0	2954	tags=35%, list=22%, signal=45%	
CAFFEINE IN BLOOD VESSELS%WIKIPATHWAYS_20260211%WP5601%HOMO SAPIENS	CAFFEINE IN BLOOD VESSELS%WIKIPATHWAYS_20260211%WP5601%HOMO SAPIENS		15	0.2751606	0.72162104	0.8695652	0.9802152	1.0	1646	tags=20%, list=12%, signal=23%	
MESONEPHRIC EPITHELIUM DEVELOPMENT%GOBP%GO:0072163	MESONEPHRIC EPITHELIUM DEVELOPMENT%GOBP%GO:0072163		21	0.2520312	0.7207938	0.8789744	0.9807104	1.0	1870	tags=14%, list=14%, signal=17%	
RANKL RANK SIGNALING%WIKIPATHWAYS_20260211%WP2018%HOMO SAPIENS	RANKL RANK SIGNALING%WIKIPATHWAYS_20260211%WP2018%HOMO SAPIENS		39	0.21963306	0.72017795	0.91694355	0.9809845	1.0	3163	tags=26%, list=23%, signal=33%	
EGF SIGNALLING PATHWAY%SMPDB%SMP0063810	EGF SIGNALLING PATHWAY%SMPDB%SMP0063810		25	0.23930983	0.720007	0.88810486	0.980797	1.0	3111	tags=32%, list=23%, signal=41%	
PEPTIDYL-TYROSINE DEPHOSPHORYLATION%GOBP%GO:0035335	PEPTIDYL-TYROSINE DEPHOSPHORYLATION%GOBP%GO:0035335		15	0.27914974	0.71917903	0.86916834	0.9812525	1.0	729	tags=13%, list=5%, signal=14%	
HYPERPROLINEMIA TYPE II%SMPDB%SMP0000360	HYPERPROLINEMIA TYPE II%SMPDB%SMP0000360		15	0.2691938	0.7190751	0.851	0.9810064	1.0	3095	tags=33%, list=23%, signal=43%	
NEGATIVE REGULATION OF POST-TRANSLATIONAL PROTEIN MODIFICATION%GOBP%GO:1901874	NEGATIVE REGULATION OF POST-TRANSLATIONAL PROTEIN MODIFICATION%GOBP%GO:1901874		61	0.19721076	0.71783304	0.9590336	0.98188466	1.0	4102	tags=38%, list=30%, signal=54%	
ANTIGEN PROCESSING AND PRESENTATION OF ENDOGENOUS PEPTIDE ANTIGEN%GOBP%GO:0002483	ANTIGEN PROCESSING AND PRESENTATION OF ENDOGENOUS PEPTIDE ANTIGEN%GOBP%GO:0002483		15	0.2733537	0.7176734	0.8650628	0.98170274	1.0	9823	tags=100%, list=73%, signal=366%	
T CELL DIFFERENTIATION%GOBP%GO:0030217	T CELL DIFFERENTIATION%GOBP%GO:0030217		76	0.18930571	0.7176384	0.9714588	0.98138523	1.0	3355	tags=30%, list=25%, signal=40%	
THYROID STIMULATING HORMONE TSH SIGNALING%WIKIPATHWAYS_20260211%WP2032%HOMO SAPIENS	THYROID STIMULATING HORMONE TSH SIGNALING%WIKIPATHWAYS_20260211%WP2032%HOMO SAPIENS		45	0.2123832	0.7173103	0.94220847	0.98135906	1.0	2503	tags=18%, list=19%, signal=22%	
MIRNA TARGETS IN ECM AND MEMBRANE RECEPTORS%WIKIPATHWAYS_20260211%WP2911%HOMO SAPIENS	MIRNA TARGETS IN ECM AND MEMBRANE RECEPTORS%WIKIPATHWAYS_20260211%WP2911%HOMO SAPIENS		16	0.2682487	0.7172692	0.8731501	0.98104227	1.0	2441	tags=31%, list=18%, signal=38%	
REGULATION OF SIGNAL TRANSDUCTION BY P53 CLASS MEDIATOR%GOBP%GO:1901796	REGULATION OF SIGNAL TRANSDUCTION BY P53 CLASS MEDIATOR%GOBP%GO:1901796		89	0.1848282	0.7164098	0.98628694	0.9815085	1.0	3489	tags=25%, list=26%, signal=33%	
GENES CONTROLLING NEPHROGENESIS%WIKIPATHWAYS_20260211%WP4823%HOMO SAPIENS	GENES CONTROLLING NEPHROGENESIS%WIKIPATHWAYS_20260211%WP4823%HOMO SAPIENS		20	0.25597134	0.71610373	0.88671875	0.9814615	1.0	1033	tags=15%, list=8%, signal=16%	
HYPERPROLINEMIA TYPE I%SMPDB%SMP0000361	HYPERPROLINEMIA TYPE I%SMPDB%SMP0000361		15	0.2691938	0.7160058	0.8648649	0.98120284	1.0	3095	tags=33%, list=23%, signal=43%	
SIGNALING EVENTS MEDIATED BY HDAC CLASS III%PATHWAY INTERACTION DATABASE NCI-NATURE CURATED DATA%SIGNALING EVENTS MEDIATED BY HDAC CLASS III	SIGNALING EVENTS MEDIATED BY HDAC CLASS III%PATHWAY INTERACTION DATABASE NCI-NATURE CURATED DATA%SIGNALING EVENTS MEDIATED BY HDAC CLASS III		23	0.24528578	0.7155484	0.9057971	0.98129946	1.0	3418	tags=30%, list=25%, signal=41%	
REGULATION OF MEMBRANE DEPOLARIZATION%GOBP%GO:0003254	REGULATION OF MEMBRANE DEPOLARIZATION%GOBP%GO:0003254		25	0.24171953	0.7151018	0.89334637	0.9813724	1.0	3342	tags=28%, list=25%, signal=37%	
NICOTINAMIDE NUCLEOTIDE METABOLIC PROCESS%GOBP%GO:0046496	NICOTINAMIDE NUCLEOTIDE METABOLIC PROCESS%GOBP%GO:0046496		76	0.18993811	0.7150049	0.9694093	0.9811088	1.0	3331	tags=29%, list=25%, signal=38%	
REGULATION OF CARDIAC MUSCLE CELL CONTRACTION%GOBP%GO:0086004	REGULATION OF CARDIAC MUSCLE CELL CONTRACTION%GOBP%GO:0086004		22	0.25123048	0.71449953	0.8925965	0.9812469	1.0	2916	tags=36%, list=22%, signal=46%	
PHOSPHOLIPID TRANSLOCATION%GOBP%GO:0045332	PHOSPHOLIPID TRANSLOCATION%GOBP%GO:0045332		26	0.23829903	0.7141223	0.88911086	0.9812423	1.0	2537	tags=19%, list=19%, signal=24%	
PID_SHP2_PATHWAY%MSIGDB_C2%PID_SHP2_PATHWAY	PID_SHP2_PATHWAY%MSIGDB_C2%PID_SHP2_PATHWAY		38	0.21770415	0.7132034	0.9296957	0.9817551	1.0	2539	tags=18%, list=19%, signal=23%	
URETERIC BUD DEVELOPMENT%GOBP%GO:0001657	URETERIC BUD DEVELOPMENT%GOBP%GO:0001657		20	0.25335494	0.7124523	0.8746146	0.98211426	1.0	1870	tags=15%, list=14%, signal=17%	
MESONEPHRIC TUBULE DEVELOPMENT%GOBP%GO:0072164	MESONEPHRIC TUBULE DEVELOPMENT%GOBP%GO:0072164		21	0.2520312	0.71241814	0.8799193	0.98179674	1.0	1870	tags=14%, list=14%, signal=17%	
TRANSCRIPTIONAL REGULATION OF GRANULOPOIESIS%REACTOME DATABASE ID RELEASE 95%9616222	TRANSCRIPTIONAL REGULATION OF GRANULOPOIESIS%REACTOME DATABASE ID RELEASE 95%9616222		25	0.23889776	0.71229357	0.89616936	0.9815727	1.0	1368	tags=16%, list=10%, signal=18%	
REGULATION OF TOLL-LIKE RECEPTOR 4 SIGNALING PATHWAY%GOBP%GO:0034143	REGULATION OF TOLL-LIKE RECEPTOR 4 SIGNALING PATHWAY%GOBP%GO:0034143		21	0.24489601	0.71210575	0.8886598	0.981386	1.0	2112	tags=19%, list=16%, signal=23%	
ARGININE AND PROLINE METABOLISM%SMPDB%SMP0000020	ARGININE AND PROLINE METABOLISM%SMPDB%SMP0000020		15	0.2691938	0.7119031	0.8628049	0.9812282	1.0	3095	tags=33%, list=23%, signal=43%	
NONGENOTROPIC ANDROGEN SIGNALING%PATHWAY INTERACTION DATABASE NCI-NATURE CURATED DATA%NONGENOTROPIC ANDROGEN SIGNALING	NONGENOTROPIC ANDROGEN SIGNALING%PATHWAY INTERACTION DATABASE NCI-NATURE CURATED DATA%NONGENOTROPIC ANDROGEN SIGNALING		30	0.23024134	0.71135134	0.91052115	0.9813837	1.0	2277	tags=20%, list=17%, signal=24%	
BRANCHING MORPHOGENESIS OF AN EPITHELIAL TUBE%GOBP%GO:0048754	BRANCHING MORPHOGENESIS OF AN EPITHELIAL TUBE%GOBP%GO:0048754		30	0.2282552	0.71012706	0.9163223	0.9821703	1.0	1276	tags=10%, list=9%, signal=11%	
CELLULAR RESPONSE TO MISFOLDED PROTEIN%GOBP%GO:0071218	CELLULAR RESPONSE TO MISFOLDED PROTEIN%GOBP%GO:0071218		15	0.269684	0.7094955	0.8670157	0.98237956	1.0	4088	tags=40%, list=30%, signal=57%	
BIOCARTA_STRESS_PATHWAY%MSIGDB_C2%BIOCARTA_STRESS_PATHWAY	BIOCARTA_STRESS_PATHWAY%MSIGDB_C2%BIOCARTA_STRESS_PATHWAY		23	0.24167317	0.70948	0.89426875	0.9820465	1.0	3885	tags=39%, list=29%, signal=55%	
POSITIVE REGULATION OF T CELL CYTOKINE PRODUCTION%GOBP%GO:0002726	POSITIVE REGULATION OF T CELL CYTOKINE PRODUCTION%GOBP%GO:0002726		16	0.26948974	0.7092375	0.878392	0.98191977	1.0	40	tags=6%, list=0%, signal=6%	
CREATINE DEFICIENCY, GUANIDINOACETATE METHYLTRANSFERASE DEFICIENCY%PATHWHIZ%PW000480	CREATINE DEFICIENCY, GUANIDINOACETATE METHYLTRANSFERASE DEFICIENCY%PATHWHIZ%PW000480		15	0.2691938	0.70898867	0.85959595	0.9817966	1.0	3095	tags=33%, list=23%, signal=43%	
MAPK TARGETS  NUCLEAR EVENTS MEDIATED BY MAP KINASES%REACTOME%R-HSA-450282.3	MAPK TARGETS  NUCLEAR EVENTS MEDIATED BY MAP KINASES%REACTOME%R-HSA-450282.3		29	0.2291503	0.7081819	0.9150849	0.9821697	1.0	2862	tags=28%, list=21%, signal=35%	
L-ARGININE:GLYCINE AMIDINOTRANSFERASE DEFICIENCY%PATHWHIZ%PW000483	L-ARGININE:GLYCINE AMIDINOTRANSFERASE DEFICIENCY%PATHWHIZ%PW000483		15	0.2691938	0.707878	0.8565697	0.98208606	1.0	3095	tags=33%, list=23%, signal=43%	
HYPERORNITHINEMIA-HYPERAMMONEMIA-HOMOCITRULLINURIA [HHH-SYNDROME]%PATHWHIZ%PW000482	HYPERORNITHINEMIA-HYPERAMMONEMIA-HOMOCITRULLINURIA [HHH-SYNDROME]%PATHWHIZ%PW000482		15	0.2691938	0.7076697	0.88053554	0.98191917	1.0	3095	tags=33%, list=23%, signal=43%	
ANTIGEN PROCESSING AND PRESENTATION OF ENDOGENOUS ANTIGEN%GOBP%GO:0019883	ANTIGEN PROCESSING AND PRESENTATION OF ENDOGENOUS ANTIGEN%GOBP%GO:0019883		15	0.2733536	0.707308	0.87218815	0.98189926	1.0	9823	tags=100%, list=73%, signal=366%	
NEGATIVE REGULATION OF SMALL GTPASE MEDIATED SIGNAL TRANSDUCTION%GOBP%GO:0051058	NEGATIVE REGULATION OF SMALL GTPASE MEDIATED SIGNAL TRANSDUCTION%GOBP%GO:0051058		38	0.2154879	0.7071866	0.9379015	0.9816596	1.0	3686	tags=34%, list=27%, signal=47%	
ORNITHINE AMINOTRANSFERASE DEFICIENCY (OAT DEFICIENCY)%SMPDB%SMP0000363	ORNITHINE AMINOTRANSFERASE DEFICIENCY (OAT DEFICIENCY)%SMPDB%SMP0000363		15	0.2691938	0.7070144	0.8667335	0.981462	1.0	3095	tags=33%, list=23%, signal=43%	
ANTIGEN PROCESSING AND PRESENTATION OF ENDOGENOUS PEPTIDE ANTIGEN VIA MHC CLASS I%GOBP%GO:0019885	ANTIGEN PROCESSING AND PRESENTATION OF ENDOGENOUS PEPTIDE ANTIGEN VIA MHC CLASS I%GOBP%GO:0019885		15	0.2733537	0.7064154	0.8578579	0.98164326	1.0	9823	tags=100%, list=73%, signal=366%	
HORMONE BIOSYNTHETIC PROCESS%GOBP%GO:0042446	HORMONE BIOSYNTHETIC PROCESS%GOBP%GO:0042446		16	0.26579103	0.7060179	0.87400794	0.9816384	1.0	2383	tags=25%, list=18%, signal=30%	
PID_CDC42_PATHWAY%MSIGDB_C2%PID_CDC42_PATHWAY	PID_CDC42_PATHWAY%MSIGDB_C2%PID_CDC42_PATHWAY		54	0.19972765	0.70573807	0.9570957	0.9815287	1.0	1570	tags=13%, list=12%, signal=15%	
ARGININE: GLYCINE AMIDINOTRANSFERASE DEFICIENCY (AGAT DEFICIENCY)%PATHWHIZ%PW000084	ARGININE: GLYCINE AMIDINOTRANSFERASE DEFICIENCY (AGAT DEFICIENCY)%PATHWHIZ%PW000084		15	0.2691938	0.70570546	0.8828366	0.9812041	1.0	3095	tags=33%, list=23%, signal=43%	
PEPTIDE GPCRS%WIKIPATHWAYS_20260211%WP24%HOMO SAPIENS	PEPTIDE GPCRS%WIKIPATHWAYS_20260211%WP24%HOMO SAPIENS		19	0.25090525	0.705383	0.90253806	0.9811236	1.0	2567	tags=32%, list=19%, signal=39%	
GLUCONEOGENESIS%GOBP%GO:0006094	GLUCONEOGENESIS%GOBP%GO:0006094		24	0.23746449	0.7050403	0.8976215	0.98108107	1.0	3331	tags=38%, list=25%, signal=50%	
IL23-MEDIATED SIGNALING EVENTS%PATHWAY INTERACTION DATABASE NCI-NATURE CURATED DATA%IL23-MEDIATED SIGNALING EVENTS	IL23-MEDIATED SIGNALING EVENTS%PATHWAY INTERACTION DATABASE NCI-NATURE CURATED DATA%IL23-MEDIATED SIGNALING EVENTS		18	0.25588244	0.7048125	0.8899177	0.9809365	1.0	3815	tags=44%, list=28%, signal=62%	
POSITIVE REGULATION OF IMMUNOGLOBULIN PRODUCTION%GOBP%GO:0002639	POSITIVE REGULATION OF IMMUNOGLOBULIN PRODUCTION%GOBP%GO:0002639		22	0.24548668	0.7045408	0.8973822	0.9808387	1.0	2771	tags=27%, list=21%, signal=34%	
HYPERORNITHINEMIA WITH GYRATE ATROPHY (HOGA)%PATHWHIZ%PW000481	HYPERORNITHINEMIA WITH GYRATE ATROPHY (HOGA)%PATHWHIZ%PW000481		15	0.2691938	0.7043611	0.86336637	0.9806555	1.0	3095	tags=33%, list=23%, signal=43%	
PROLINEMIA TYPE II%PATHWHIZ%PW000087	PROLINEMIA TYPE II%PATHWHIZ%PW000087		15	0.2691938	0.70372194	0.88461536	0.98086286	1.0	3095	tags=33%, list=23%, signal=43%	
PLURIPOTENT STEM CELL DIFFERENTIATION PATHWAY%WIKIPATHWAYS_20260211%WP2848%HOMO SAPIENS	PLURIPOTENT STEM CELL DIFFERENTIATION PATHWAY%WIKIPATHWAYS_20260211%WP2848%HOMO SAPIENS		27	0.23404486	0.7036388	0.90919036	0.9805946	1.0	1758	tags=15%, list=13%, signal=17%	
PID_CD8_TCR_DOWNSTREAM_PATHWAY%MSIGDB_C2%PID_CD8_TCR_DOWNSTREAM_PATHWAY	PID_CD8_TCR_DOWNSTREAM_PATHWAY%MSIGDB_C2%PID_CD8_TCR_DOWNSTREAM_PATHWAY		33	0.22174443	0.7034468	0.92707294	0.98041785	1.0	1458	tags=12%, list=11%, signal=14%	
NEGATIVE REGULATION OF PROTEIN MODIFICATION BY SMALL PROTEIN CONJUGATION OR REMOVAL%GOBP%GO:1903321	NEGATIVE REGULATION OF PROTEIN MODIFICATION BY SMALL PROTEIN CONJUGATION OR REMOVAL%GOBP%GO:1903321		59	0.19470286	0.7032687	0.9709052	0.9802251	1.0	4102	tags=37%, list=30%, signal=53%	
PROLIDASE DEFICIENCY (PD)%PATHWHIZ%PW000083	PROLIDASE DEFICIENCY (PD)%PATHWHIZ%PW000083		15	0.2691938	0.70310664	0.865625	0.9800217	1.0	3095	tags=33%, list=23%, signal=43%	
BIOCARTA_TNFR1_PATHWAY%MSIGDB_C2%BIOCARTA_TNFR1_PATHWAY	BIOCARTA_TNFR1_PATHWAY%MSIGDB_C2%BIOCARTA_TNFR1_PATHWAY		25	0.23586695	0.7025925	0.921748	0.98010755	1.0	1071	tags=16%, list=8%, signal=17%	
IMPORT ACROSS PLASMA MEMBRANE%GOBP%GO:0098739	IMPORT ACROSS PLASMA MEMBRANE%GOBP%GO:0098739		103	0.17766073	0.7025237	0.9901854	0.9798254	1.0	2457	tags=19%, list=18%, signal=24%	
FC-EPSILON RECEPTOR SIGNALING PATHWAY%GOBP%GO:0038095	FC-EPSILON RECEPTOR SIGNALING PATHWAY%GOBP%GO:0038095		17	0.26039812	0.7024199	0.8827801	0.9795738	1.0	2376	tags=35%, list=18%, signal=43%	
ESTABLISHMENT OF PROTEIN LOCALIZATION TO PEROXISOME%GOBP%GO:0072663	ESTABLISHMENT OF PROTEIN LOCALIZATION TO PEROXISOME%GOBP%GO:0072663		19	0.25117713	0.70120436	0.9029703	0.98026276	1.0	2696	tags=32%, list=20%, signal=39%	
DOWNREGULATION OF SMAD2 3:SMAD4 TRANSCRIPTIONAL ACTIVITY%REACTOME DATABASE ID RELEASE 95%2173795	DOWNREGULATION OF SMAD2 3:SMAD4 TRANSCRIPTIONAL ACTIVITY%REACTOME DATABASE ID RELEASE 95%2173795		28	0.22833434	0.7006415	0.9319319	0.98039764	1.0	3102	tags=29%, list=23%, signal=37%	
GUANIDINOACETATE METHYLTRANSFERASE DEFICIENCY (GAMT DEFICIENCY)%SMPDB%SMP0000188	GUANIDINOACETATE METHYLTRANSFERASE DEFICIENCY (GAMT DEFICIENCY)%SMPDB%SMP0000188		15	0.2691938	0.698952	0.85983264	0.9814299	1.0	3095	tags=33%, list=23%, signal=43%	
NEGATIVE REGULATION OF SMALL MOLECULE METABOLIC PROCESS%GOBP%GO:0062014	NEGATIVE REGULATION OF SMALL MOLECULE METABOLIC PROCESS%GOBP%GO:0062014		61	0.19456933	0.6985683	0.96599364	0.9814047	1.0	3193	tags=28%, list=24%, signal=36%	
NEGATIVE REGULATION OF CYTOKINE PRODUCTION INVOLVED IN INFLAMMATORY RESPONSE%GOBP%GO:1900016	NEGATIVE REGULATION OF CYTOKINE PRODUCTION INVOLVED IN INFLAMMATORY RESPONSE%GOBP%GO:1900016		18	0.25451615	0.69812953	0.8851964	0.9814092	1.0	2769	tags=33%, list=20%, signal=42%	
REGULATION OF MITOCHONDRIAL MEMBRANE PERMEABILITY%GOBP%GO:0046902	REGULATION OF MITOCHONDRIAL MEMBRANE PERMEABILITY%GOBP%GO:0046902		35	0.21454182	0.6976816	0.94297785	0.9814229	1.0	1046	tags=11%, list=8%, signal=12%	
TRAIL%IOB%TRAIL	TRAIL%IOB%TRAIL		36	0.21281275	0.6975506	0.93846154	0.9811807	1.0	3029	tags=25%, list=22%, signal=32%	
POSITIVE REGULATION OF PEPTIDYL-SERINE PHOSPHORYLATION%GOBP%GO:0033138	POSITIVE REGULATION OF PEPTIDYL-SERINE PHOSPHORYLATION%GOBP%GO:0033138		15	0.26620942	0.6970167	0.88151175	0.9812588	1.0	2554	tags=27%, list=19%, signal=33%	
PID_CXCR3_PATHWAY%MSIGDB_C2%PID_CXCR3_PATHWAY	PID_CXCR3_PATHWAY%MSIGDB_C2%PID_CXCR3_PATHWAY		30	0.2219328	0.69618803	0.92576885	0.9815693	1.0	1458	tags=13%, list=11%, signal=15%	
NEGATIVE REGULATION OF ENDOTHELIAL CELL PROLIFERATION%GOBP%GO:0001937	NEGATIVE REGULATION OF ENDOTHELIAL CELL PROLIFERATION%GOBP%GO:0001937		26	0.23190191	0.69596577	0.92878634	0.9813943	1.0	4065	tags=38%, list=30%, signal=55%	
REGULATION OF CAMP/PKA SIGNAL TRANSDUCTION%GOBP%GO:0141161	REGULATION OF CAMP/PKA SIGNAL TRANSDUCTION%GOBP%GO:0141161		26	0.23227566	0.69498765	0.9230769	0.9818282	1.0	1241	tags=12%, list=9%, signal=13%	
PROTEIN QUALITY CONTROL FOR MISFOLDED OR INCOMPLETELY SYNTHESIZED PROTEINS%GOBP%GO:0006515	PROTEIN QUALITY CONTROL FOR MISFOLDED OR INCOMPLETELY SYNTHESIZED PROTEINS%GOBP%GO:0006515		27	0.22880597	0.6944568	0.92481977	0.98190284	1.0	4246	tags=41%, list=31%, signal=59%	
VITAMIN D SENSITIVE CALCIUM SIGNALING IN DEPRESSION%WIKIPATHWAYS_20260211%WP4698%HOMO SAPIENS	VITAMIN D SENSITIVE CALCIUM SIGNALING IN DEPRESSION%WIKIPATHWAYS_20260211%WP4698%HOMO SAPIENS		16	0.26273185	0.6930346	0.90603364	0.98266244	1.0	2590	tags=19%, list=19%, signal=23%	
REGULATION OF AEROBIC RESPIRATION%GOBP%GO:1903715	REGULATION OF AEROBIC RESPIRATION%GOBP%GO:1903715		20	0.24765135	0.692974	0.9030969	0.9823621	1.0	3193	tags=40%, list=24%, signal=52%	
CD28 DEPENDENT PI3K AKT SIGNALING%REACTOME DATABASE ID RELEASE 95%389357	CD28 DEPENDENT PI3K AKT SIGNALING%REACTOME DATABASE ID RELEASE 95%389357		21	0.24385615	0.69278944	0.9169231	0.9821513	1.0	3815	tags=43%, list=28%, signal=60%	
BIOCARTA_HCMV_PATHWAY%MSIGDB_C2%BIOCARTA_HCMV_PATHWAY	BIOCARTA_HCMV_PATHWAY%MSIGDB_C2%BIOCARTA_HCMV_PATHWAY		15	0.26414546	0.69088995	0.87685776	0.9832504	1.0	2769	tags=33%, list=20%, signal=42%	
CARDIAC MUSCLE TISSUE MORPHOGENESIS%GOBP%GO:0055008	CARDIAC MUSCLE TISSUE MORPHOGENESIS%GOBP%GO:0055008		29	0.22092563	0.6899414	0.943662	0.98360884	1.0	2197	tags=17%, list=16%, signal=21%	
RENAL ABSORPTION%GOBP%GO:0070293	RENAL ABSORPTION%GOBP%GO:0070293		17	0.25592554	0.68960047	0.8895966	0.9835083	1.0	1432	tags=18%, list=11%, signal=20%	
POSITIVE REGULATION OF MITOCHONDRIAL MEMBRANE PERMEABILITY%GOBP%GO:0035794	POSITIVE REGULATION OF MITOCHONDRIAL MEMBRANE PERMEABILITY%GOBP%GO:0035794		16	0.2645886	0.6873719	0.88580245	0.9847923	1.0	2940	tags=25%, list=22%, signal=32%	
HALLMARK_PANCREAS_BETA_CELLS%MSIGDBHALLMARK%HALLMARK_PANCREAS_BETA_CELLS	HALLMARK_PANCREAS_BETA_CELLS%MSIGDBHALLMARK%HALLMARK_PANCREAS_BETA_CELLS		16	0.25254774	0.68498623	0.91905737	0.98617834	1.0	2022	tags=25%, list=15%, signal=29%	
TRNA AMINOACYLATION FOR PROTEIN TRANSLATION%GOBP%GO:0006418	TRNA AMINOACYLATION FOR PROTEIN TRANSLATION%GOBP%GO:0006418		22	0.23446293	0.68412215	0.9285714	0.9864612	1.0	4033	tags=36%, list=30%, signal=52%	
MITOCHONDRION LOCALIZATION%GOBP%GO:0051646	MITOCHONDRION LOCALIZATION%GOBP%GO:0051646		38	0.20788494	0.68347085	0.95846313	0.98657835	1.0	3898	tags=37%, list=29%, signal=52%	
REGULATION OF T CELL CYTOKINE PRODUCTION%GOBP%GO:0002724	REGULATION OF T CELL CYTOKINE PRODUCTION%GOBP%GO:0002724		23	0.22883555	0.68048847	0.92345434	0.9882755	1.0	40	tags=4%, list=0%, signal=4%	
GDNF RET SIGNALING AXIS%WIKIPATHWAYS_20260211%WP4830%HOMO SAPIENS	GDNF RET SIGNALING AXIS%WIKIPATHWAYS_20260211%WP4830%HOMO SAPIENS		19	0.24274683	0.6802316	0.9228426	0.98811084	1.0	3448	tags=37%, list=26%, signal=49%	
FATTY ACID TRANSPORT%GOBP%GO:0015908	FATTY ACID TRANSPORT%GOBP%GO:0015908		35	0.21309364	0.6800994	0.9443277	0.9878587	1.0	4235	tags=43%, list=31%, signal=62%	
REGULATION OF VIRAL TRANSCRIPTION%GOBP%GO:0046782	REGULATION OF VIRAL TRANSCRIPTION%GOBP%GO:0046782		16	0.25295842	0.67964745	0.8837438	0.98783535	1.0	4404	tags=31%, list=33%, signal=46%	
POSITIVE REGULATION OF ADAPTIVE IMMUNE RESPONSE BASED ON SOMATIC RECOMBINATION OF IMMUNE RECEPTORS BUILT FROM IMMUNOGLOBULIN SUPERFAMILY DOMAINS%GOBP%GO:0002824	POSITIVE REGULATION OF ADAPTIVE IMMUNE RESPONSE BASED ON SOMATIC RECOMBINATION OF IMMUNE RECEPTORS BUILT FROM IMMUNOGLOBULIN SUPERFAMILY DOMAINS%GOBP%GO:0002824		57	0.19010712	0.6792551	0.9815951	0.98774654	1.0	2817	tags=18%, list=21%, signal=22%	
REGULATION OF T CELL MEDIATED IMMUNITY%GOBP%GO:0002709	REGULATION OF T CELL MEDIATED IMMUNITY%GOBP%GO:0002709		53	0.19077672	0.67885983	0.9718457	0.9876646	1.0	2149	tags=15%, list=16%, signal=18%	
POSITIVE REGULATION OF CYTOKINE PRODUCTION INVOLVED IN INFLAMMATORY RESPONSE%GOBP%GO:1900017	POSITIVE REGULATION OF CYTOKINE PRODUCTION INVOLVED IN INFLAMMATORY RESPONSE%GOBP%GO:1900017		15	0.25745648	0.67683876	0.88203466	0.98868215	1.0	3269	tags=33%, list=24%, signal=44%	
SIGNALING BY PDGFR IN DISEASE%REACTOME%R-HSA-9671555.4	SIGNALING BY PDGFR IN DISEASE%REACTOME%R-HSA-9671555.4		15	0.2602548	0.67683715	0.9194499	0.9883385	1.0	3853	tags=33%, list=29%, signal=47%	
INTERFERON ALPHA BETA SIGNALING%REACTOME DATABASE ID RELEASE 95%909733	INTERFERON ALPHA BETA SIGNALING%REACTOME DATABASE ID RELEASE 95%909733		56	0.18965091	0.67639303	0.98748696	0.98828363	1.0	1716	tags=11%, list=13%, signal=12%	
EAR MORPHOGENESIS%GOBP%GO:0042471	EAR MORPHOGENESIS%GOBP%GO:0042471		30	0.21481393	0.67317694	0.95501024	0.98997223	1.0	2771	tags=23%, list=21%, signal=29%	
PID_TRAIL_PATHWAY%MSIGDB_C2%PID_TRAIL_PATHWAY	PID_TRAIL_PATHWAY%MSIGDB_C2%PID_TRAIL_PATHWAY		22	0.22869927	0.671735	0.93333334	0.99053603	1.0	1071	tags=14%, list=8%, signal=15%	
NF-KB SIGNALING PATHWAY%PATHWHIZ%PW064818	NF-KB SIGNALING PATHWAY%PATHWHIZ%PW064818		23	0.22907944	0.67138535	0.9391125	0.99040884	1.0	1071	tags=13%, list=8%, signal=14%	
MAINTENANCE OF PROTEIN LOCATION IN NUCLEUS%GOBP%GO:0051457	MAINTENANCE OF PROTEIN LOCATION IN NUCLEUS%GOBP%GO:0051457		19	0.24184932	0.67069435	0.9069069	0.9905017	1.0	3650	tags=47%, list=27%, signal=65%	
GLYCOSYLATION AND RELATED CONGENITAL DEFECTS%WIKIPATHWAYS_20260211%WP4521%HOMO SAPIENS	GLYCOSYLATION AND RELATED CONGENITAL DEFECTS%WIKIPATHWAYS_20260211%WP4521%HOMO SAPIENS		22	0.2298646	0.66897	0.9089005	0.9912114	1.0	4400	tags=45%, list=33%, signal=67%	
AKT SIGNALING AND ARTD FAMILY MEMBERS%WIKIPATHWAYS_20260211%WP5531%HOMO SAPIENS	AKT SIGNALING AND ARTD FAMILY MEMBERS%WIKIPATHWAYS_20260211%WP5531%HOMO SAPIENS		26	0.22037041	0.66829985	0.93366337	0.9912723	1.0	3847	tags=31%, list=28%, signal=43%	
TSLP%NETPATH%TSLP	TSLP%NETPATH%TSLP		15	0.25722498	0.66763747	0.9046653	0.9913302	1.0	2769	tags=33%, list=20%, signal=42%	
PRIMARY ALCOHOL METABOLIC PROCESS%GOBP%GO:0034308	PRIMARY ALCOHOL METABOLIC PROCESS%GOBP%GO:0034308		32	0.21418503	0.6664922	0.95871097	0.9916719	1.0	830	tags=9%, list=6%, signal=10%	
NUCLEAR-TRANSCRIBED MRNA CATABOLIC PROCESS, NONSENSE-MEDIATED DECAY%GOBP%GO:0000184	NUCLEAR-TRANSCRIBED MRNA CATABOLIC PROCESS, NONSENSE-MEDIATED DECAY%GOBP%GO:0000184		23	0.22772737	0.664919	0.93353176	0.99226123	1.0	1374	tags=13%, list=10%, signal=14%	
AMINO ACID TRANSPORT%GOBP%GO:0006865	AMINO ACID TRANSPORT%GOBP%GO:0006865		60	0.1845029	0.6626673	0.9842209	0.99318147	1.0	2253	tags=17%, list=17%, signal=20%	
PID_IGF1_PATHWAY%MSIGDB_C2%PID_IGF1_PATHWAY	PID_IGF1_PATHWAY%MSIGDB_C2%PID_IGF1_PATHWAY		22	0.22853494	0.66152436	0.9316509	0.9934899	1.0	39	tags=5%, list=0%, signal=5%	
INTERLEUKIN RECEPTOR SHC SIGNALING%REACTOME DATABASE ID RELEASE 95%912526	INTERLEUKIN RECEPTOR SHC SIGNALING%REACTOME DATABASE ID RELEASE 95%912526		15	0.25501058	0.66130805	0.91752577	0.9932663	1.0	2376	tags=27%, list=18%, signal=32%	
BIOCARTA_IL6_PATHWAY%MSIGDB_C2%BIOCARTA_IL6_PATHWAY	BIOCARTA_IL6_PATHWAY%MSIGDB_C2%BIOCARTA_IL6_PATHWAY		17	0.2440359	0.6603481	0.9279279	0.9934469	1.0	3269	tags=29%, list=24%, signal=39%	
CELLULAR RESPONSE TO MONOAMINE STIMULUS%GOBP%GO:0071868	CELLULAR RESPONSE TO MONOAMINE STIMULUS%GOBP%GO:0071868		23	0.22344962	0.65940493	0.9403438	0.9936108	1.0	1346	tags=13%, list=10%, signal=14%	
RESISTIN AS A REGULATOR OF INFLAMMATION%WIKIPATHWAYS_20260211%WP4481%HOMO SAPIENS	RESISTIN AS A REGULATOR OF INFLAMMATION%WIKIPATHWAYS_20260211%WP4481%HOMO SAPIENS		23	0.22783343	0.6592544	0.9412382	0.993343	1.0	3485	tags=35%, list=26%, signal=47%	
INTRACELLULAR PROTEIN TRANSMEMBRANE TRANSPORT%GOBP%GO:0065002	INTRACELLULAR PROTEIN TRANSMEMBRANE TRANSPORT%GOBP%GO:0065002		28	0.21574534	0.65889454	0.95320445	0.9932005	1.0	3766	tags=36%, list=28%, signal=49%	
GLUCAGON-LIKE PEPTIDE-1 (GLP1) REGULATES INSULIN SECRETION%REACTOME DATABASE ID RELEASE 95%381676	GLUCAGON-LIKE PEPTIDE-1 (GLP1) REGULATES INSULIN SECRETION%REACTOME DATABASE ID RELEASE 95%381676		34	0.20291021	0.6584032	0.959799	0.9931192	1.0	524	tags=6%, list=4%, signal=6%	
MORPHINE ACTION PATHWAY%PATHWHIZ%PW000412	MORPHINE ACTION PATHWAY%PATHWHIZ%PW000412		23	0.22636688	0.65833676	0.9421735	0.9928119	1.0	2753	tags=26%, list=20%, signal=33%	
CELLULAR EXTRAVASATION%GOBP%GO:0045123	CELLULAR EXTRAVASATION%GOBP%GO:0045123		18	0.239836	0.6573413	0.9248927	0.99301535	1.0	2370	tags=22%, list=18%, signal=27%	
NEGATIVE REGULATION OF VIRAL PROCESS%GOBP%GO:0048525	NEGATIVE REGULATION OF VIRAL PROCESS%GOBP%GO:0048525		52	0.18619464	0.6568902	0.98644423	0.99290985	1.0	1634	tags=12%, list=12%, signal=13%	
CELLULAR RESPONSE TO CATECHOLAMINE STIMULUS%GOBP%GO:0071870	CELLULAR RESPONSE TO CATECHOLAMINE STIMULUS%GOBP%GO:0071870		23	0.22344962	0.6567625	0.95320445	0.9926334	1.0	1346	tags=13%, list=10%, signal=14%	
RIBONUCLEOSIDE MONOPHOSPHATE BIOSYNTHETIC PROCESS%GOBP%GO:0009156	RIBONUCLEOSIDE MONOPHOSPHATE BIOSYNTHETIC PROCESS%GOBP%GO:0009156		18	0.240796	0.65468603	0.91768295	0.9933804	1.0	1566	tags=17%, list=12%, signal=19%	
RESPONSE TO MONOAMINE%GOBP%GO:0071867	RESPONSE TO MONOAMINE%GOBP%GO:0071867		23	0.22344962	0.65413946	0.951579	0.9933241	1.0	1346	tags=13%, list=10%, signal=14%	
BIOCARTA_FAS_PATHWAY%MSIGDB_C2%BIOCARTA_FAS_PATHWAY	BIOCARTA_FAS_PATHWAY%MSIGDB_C2%BIOCARTA_FAS_PATHWAY		21	0.23000157	0.6538975	0.95403475	0.99310344	1.0	4299	tags=52%, list=32%, signal=77%	
NADP+ METABOLIC PROCESS%GOBP%GO:0006739	NADP+ METABOLIC PROCESS%GOBP%GO:0006739		24	0.22212012	0.6526669	0.94709545	0.9934005	1.0	2304	tags=17%, list=17%, signal=20%	
NEGATIVE REGULATION OF EXOCYTOSIS%GOBP%GO:0045920	NEGATIVE REGULATION OF EXOCYTOSIS%GOBP%GO:0045920		18	0.23823045	0.6526066	0.92959183	0.9930837	1.0	1966	tags=17%, list=15%, signal=19%	
DOPAMINERGIC NEURON DIFFERENTIATION%GOBP%GO:0071542	DOPAMINERGIC NEURON DIFFERENTIATION%GOBP%GO:0071542		16	0.24907024	0.6516388	0.91734695	0.993211	1.0	310	tags=6%, list=2%, signal=6%	
MESONEPHROS DEVELOPMENT%GOBP%GO:0001823	MESONEPHROS DEVELOPMENT%GOBP%GO:0001823		23	0.22562207	0.6474304	0.9439655	0.9949578	1.0	1870	tags=13%, list=14%, signal=15%	
RESPONSE TO CATECHOLAMINE%GOBP%GO:0071869	RESPONSE TO CATECHOLAMINE%GOBP%GO:0071869		23	0.22344962	0.64725584	0.93346983	0.9946924	1.0	1346	tags=13%, list=10%, signal=14%	
POSITIVE REGULATION OF ION TRANSMEMBRANE TRANSPORTER ACTIVITY%GOBP%GO:0032414	POSITIVE REGULATION OF ION TRANSMEMBRANE TRANSPORTER ACTIVITY%GOBP%GO:0032414		20	0.22769326	0.6467412	0.9388164	0.9945739	1.0	1617	tags=15%, list=12%, signal=17%	
AMINO ACID ACTIVATION%GOBP%GO:0043038	AMINO ACID ACTIVATION%GOBP%GO:0043038		25	0.21738937	0.64558685	0.9614583	0.99479324	1.0	4033	tags=32%, list=30%, signal=46%	
TOLL-LIKE RECEPTOR 4 SIGNALING PATHWAY%GOBP%GO:0034142	TOLL-LIKE RECEPTOR 4 SIGNALING PATHWAY%GOBP%GO:0034142		23	0.22061248	0.64265907	0.9518443	0.99582666	1.0	2846	tags=26%, list=21%, signal=33%	
BETA2 INTEGRIN CELL SURFACE INTERACTIONS%PATHWAY INTERACTION DATABASE NCI-NATURE CURATED DATA%BETA2 INTEGRIN CELL SURFACE INTERACTIONS	BETA2 INTEGRIN CELL SURFACE INTERACTIONS%PATHWAY INTERACTION DATABASE NCI-NATURE CURATED DATA%BETA2 INTEGRIN CELL SURFACE INTERACTIONS		17	0.23464473	0.64147097	0.9326065	0.9960251	1.0	10346	tags=100%, list=77%, signal=426%	
SKELETAL MUSCLE CONTRACTION%GOBP%GO:0003009	SKELETAL MUSCLE CONTRACTION%GOBP%GO:0003009		23	0.22157864	0.6408942	0.9653808	0.9959476	1.0	1519	tags=9%, list=11%, signal=10%	
TRNA AMINOACYLATION%GOBP%GO:0043039	TRNA AMINOACYLATION%GOBP%GO:0043039		25	0.21738937	0.6390478	0.9574015	0.99644023	1.0	4033	tags=32%, list=30%, signal=46%	
POSITIVE REGULATION OF INTERLEUKIN-1 BETA PRODUCTION%GOBP%GO:0032731	POSITIVE REGULATION OF INTERLEUKIN-1 BETA PRODUCTION%GOBP%GO:0032731		29	0.20599462	0.6376995	0.96450305	0.9966785	1.0	4439	tags=41%, list=33%, signal=61%	
IL2 SIGNALING%WIKIPATHWAYS_20260211%WP49%HOMO SAPIENS	IL2 SIGNALING%WIKIPATHWAYS_20260211%WP49%HOMO SAPIENS		28	0.20992552	0.6376973	0.96548116	0.99633676	1.0	2617	tags=25%, list=19%, signal=31%	
HIPPO YAP SIGNALING%WIKIPATHWAYS_20260211%WP4537%HOMO SAPIENS	HIPPO YAP SIGNALING%WIKIPATHWAYS_20260211%WP4537%HOMO SAPIENS		15	0.23979965	0.6353622	0.9435318	0.99697906	1.0	2907	tags=33%, list=22%, signal=42%	
T CELL MODULATION AND DESMOPLASIA IN PANCREATIC CANCER%WIKIPATHWAYS_20260211%WP5078%HOMO SAPIENS	T CELL MODULATION AND DESMOPLASIA IN PANCREATIC CANCER%WIKIPATHWAYS_20260211%WP5078%HOMO SAPIENS		15	0.23963104	0.63319105	0.9324727	0.9975277	1.0	1549	tags=20%, list=11%, signal=23%	
JNK (C-JUN KINASES) PHOSPHORYLATION AND ACTIVATION MEDIATED BY ACTIVATED HUMAN TAK1%REACTOME DATABASE ID RELEASE 95%450321	JNK (C-JUN KINASES) PHOSPHORYLATION AND ACTIVATION MEDIATED BY ACTIVATED HUMAN TAK1%REACTOME DATABASE ID RELEASE 95%450321		17	0.2342487	0.63295156	0.9491525	0.9972839	1.0	4405	tags=41%, list=33%, signal=61%	
REGULATION OF TYPE I INTERFERON-MEDIATED SIGNALING PATHWAY%GOBP%GO:0060338	REGULATION OF TYPE I INTERFERON-MEDIATED SIGNALING PATHWAY%GOBP%GO:0060338		30	0.20333405	0.63164216	0.9721074	0.9974725	1.0	1552	tags=13%, list=11%, signal=15%	
IL11 SIGNALING%WIKIPATHWAYS_20260211%WP2332%HOMO SAPIENS	IL11 SIGNALING%WIKIPATHWAYS_20260211%WP2332%HOMO SAPIENS		36	0.19747666	0.6301814	0.97759676	0.9976999	1.0	2769	tags=22%, list=20%, signal=28%	
REGULATION OF BLOOD COAGULATION%GOBP%GO:0030193	REGULATION OF BLOOD COAGULATION%GOBP%GO:0030193		34	0.19374192	0.6300888	0.98210526	0.9973954	1.0	1648	tags=12%, list=12%, signal=13%	
CARDIAC ATRIUM DEVELOPMENT%GOBP%GO:0003230	CARDIAC ATRIUM DEVELOPMENT%GOBP%GO:0003230		19	0.22450797	0.6293035	0.94911736	0.9973646	1.0	3450	tags=32%, list=26%, signal=42%	
PID_IL6_7_PATHWAY%MSIGDB_C2%PID_IL6_7_PATHWAY	PID_IL6_7_PATHWAY%MSIGDB_C2%PID_IL6_7_PATHWAY		33	0.1986605	0.6273724	0.9705584	0.99776006	1.0	3847	tags=30%, list=28%, signal=42%	
BIOCARTA_PDGF_PATHWAY%MSIGDB_C2%BIOCARTA_PDGF_PATHWAY	BIOCARTA_PDGF_PATHWAY%MSIGDB_C2%BIOCARTA_PDGF_PATHWAY		21	0.21864858	0.62723416	0.95988536	0.9974687	1.0	3815	tags=38%, list=28%, signal=53%	
OSTEOPONTIN-MEDIATED EVENTS%PATHWAY INTERACTION DATABASE NCI-NATURE CURATED DATA%OSTEOPONTIN-MEDIATED EVENTS	OSTEOPONTIN-MEDIATED EVENTS%PATHWAY INTERACTION DATABASE NCI-NATURE CURATED DATA%OSTEOPONTIN-MEDIATED EVENTS		30	0.19955878	0.62644273	0.96787566	0.9974341	1.0	2862	tags=17%, list=21%, signal=21%	
STING PATHWAY IN KAWASAKI LIKE DISEASE AND COVID 19%WIKIPATHWAYS_20260211%WP4961%HOMO SAPIENS	STING PATHWAY IN KAWASAKI LIKE DISEASE AND COVID 19%WIKIPATHWAYS_20260211%WP4961%HOMO SAPIENS		16	0.23534572	0.62329626	0.94258875	0.99824935	1.0	3361	tags=31%, list=25%, signal=42%	
DETECTION OF LIGHT STIMULUS%GOBP%GO:0009583	DETECTION OF LIGHT STIMULUS%GOBP%GO:0009583		18	0.22219762	0.621851	0.9491525	0.9984348	1.0	3897	tags=28%, list=29%, signal=39%	
HEME SIGNALING%REACTOME DATABASE ID RELEASE 95%9707616	HEME SIGNALING%REACTOME DATABASE ID RELEASE 95%9707616		38	0.18922192	0.62167305	0.9878665	0.99815553	1.0	2996	tags=26%, list=22%, signal=34%	
PYRIDINE-CONTAINING COMPOUND CATABOLIC PROCESS%GOBP%GO:0072526	PYRIDINE-CONTAINING COMPOUND CATABOLIC PROCESS%GOBP%GO:0072526		37	0.19114083	0.62133765	0.9832461	0.9979464	1.0	3331	tags=30%, list=25%, signal=39%	
RESPONSE TO MISFOLDED PROTEIN%GOBP%GO:0051788	RESPONSE TO MISFOLDED PROTEIN%GOBP%GO:0051788		18	0.23012885	0.62020457	0.96399176	0.9979915	1.0	4088	tags=33%, list=30%, signal=48%	
INNATE IMMUNE RESPONSE ACTIVATING CELL SURFACE RECEPTOR SIGNALING PATHWAY%GOBP%GO:0002220	INNATE IMMUNE RESPONSE ACTIVATING CELL SURFACE RECEPTOR SIGNALING PATHWAY%GOBP%GO:0002220		38	0.18989344	0.6191713	0.98568505	0.9980113	1.0	2851	tags=26%, list=21%, signal=33%	
ALLOGRAFT REJECTION%WIKIPATHWAYS_20260211%WP2328%HOMO SAPIENS	ALLOGRAFT REJECTION%WIKIPATHWAYS_20260211%WP2328%HOMO SAPIENS		28	0.2035906	0.61765975	0.9749499	0.998183	1.0	1848	tags=14%, list=14%, signal=17%	
FLT3 SIGNALING IN DISEASE%REACTOME%R-HSA-9682385.3	FLT3 SIGNALING IN DISEASE%REACTOME%R-HSA-9682385.3		25	0.20718631	0.6175177	0.9595436	0.99788857	1.0	3102	tags=32%, list=23%, signal=41%	
BIOCARTA_MET_PATHWAY%MSIGDB_C2%BIOCARTA_MET_PATHWAY	BIOCARTA_MET_PATHWAY%MSIGDB_C2%BIOCARTA_MET_PATHWAY		28	0.20257828	0.6170063	0.9772962	0.99772674	1.0	2862	tags=21%, list=21%, signal=27%	
POSITIVE REGULATION OF FIBROBLAST PROLIFERATION%GOBP%GO:0048146	POSITIVE REGULATION OF FIBROBLAST PROLIFERATION%GOBP%GO:0048146		19	0.21885133	0.6167153	0.9582441	0.99747854	1.0	1368	tags=11%, list=10%, signal=12%	
EMBRYO IMPLANTATION%GOBP%GO:0007566	EMBRYO IMPLANTATION%GOBP%GO:0007566		16	0.23085901	0.6166834	0.94670844	0.9971476	1.0	2062	tags=19%, list=15%, signal=22%	
CD40%IOB%CD40	CD40%IOB%CD40		16	0.23157166	0.6161499	0.95057833	0.99698037	1.0	2862	tags=31%, list=21%, signal=40%	
P38 MAPK SIGNALING%WIKIPATHWAYS_20260211%WP400%HOMO SAPIENS	P38 MAPK SIGNALING%WIKIPATHWAYS_20260211%WP400%HOMO SAPIENS		26	0.20321462	0.6105186	0.97751606	0.99843436	1.0	1709	tags=15%, list=13%, signal=18%	
INTERLEUKIN-1-MEDIATED SIGNALING PATHWAY%GOBP%GO:0070498	INTERLEUKIN-1-MEDIATED SIGNALING PATHWAY%GOBP%GO:0070498		19	0.2193645	0.60831517	0.96626985	0.99876666	1.0	2851	tags=21%, list=21%, signal=27%	
B CELL RECEPTOR SIGNALING PATHWAY%GOBP%GO:0050853	B CELL RECEPTOR SIGNALING PATHWAY%GOBP%GO:0050853		16	0.22593008	0.6078892	0.95015574	0.9985629	1.0	2448	tags=25%, list=18%, signal=30%	
OVERVIEW OF PROINFLAMMATORY AND PROFIBROTIC MEDIATORS%WIKIPATHWAYS_20260211%WP5095%HOMO SAPIENS	OVERVIEW OF PROINFLAMMATORY AND PROFIBROTIC MEDIATORS%WIKIPATHWAYS_20260211%WP5095%HOMO SAPIENS		29	0.19733691	0.6068436	0.97403944	0.99852484	1.0	3446	tags=24%, list=25%, signal=32%	
SLC-MEDIATED TRANSPORT OF ORGANIC ANIONS%REACTOME%R-HSA-9955298.1	SLC-MEDIATED TRANSPORT OF ORGANIC ANIONS%REACTOME%R-HSA-9955298.1		15	0.23245265	0.60660994	0.9457769	0.9982565	1.0	1488	tags=13%, list=11%, signal=15%	
IGF1 PATHWAY%PATHWAY INTERACTION DATABASE NCI-NATURE CURATED DATA%IGF1 PATHWAY	IGF1 PATHWAY%PATHWAY INTERACTION DATABASE NCI-NATURE CURATED DATA%IGF1 PATHWAY		28	0.19864097	0.6064898	0.98294884	0.99794686	1.0	39	tags=4%, list=0%, signal=4%	
REGULATION OF MICROTUBULE-BASED MOVEMENT%GOBP%GO:0060632	REGULATION OF MICROTUBULE-BASED MOVEMENT%GOBP%GO:0060632		27	0.1990631	0.6046106	0.9757895	0.9981516	1.0	1719	tags=15%, list=13%, signal=17%	
POLY(A)+ MRNA EXPORT FROM NUCLEUS%GOBP%GO:0016973	POLY(A)+ MRNA EXPORT FROM NUCLEUS%GOBP%GO:0016973		17	0.2239129	0.6040574	0.960199	0.9979761	1.0	3151	tags=29%, list=23%, signal=38%	
IL12-MEDIATED SIGNALING EVENTS%PATHWAY INTERACTION DATABASE NCI-NATURE CURATED DATA%IL12-MEDIATED SIGNALING EVENTS	IL12-MEDIATED SIGNALING EVENTS%PATHWAY INTERACTION DATABASE NCI-NATURE CURATED DATA%IL12-MEDIATED SIGNALING EVENTS		32	0.1896358	0.60327613	0.97599167	0.99785864	1.0	3239	tags=22%, list=24%, signal=29%	
PURINE RIBONUCLEOSIDE MONOPHOSPHATE METABOLIC PROCESS%GOBP%GO:0009167	PURINE RIBONUCLEOSIDE MONOPHOSPHATE METABOLIC PROCESS%GOBP%GO:0009167		21	0.21280178	0.6011511	0.9788945	0.9980967	1.0	2478	tags=24%, list=18%, signal=29%	
EXTRAFOLLICULAR AND FOLLICULAR B CELL ACTIVATION BY SARS COV 2%WIKIPATHWAYS_20260211%WP5218%HOMO SAPIENS	EXTRAFOLLICULAR AND FOLLICULAR B CELL ACTIVATION BY SARS COV 2%WIKIPATHWAYS_20260211%WP5218%HOMO SAPIENS		22	0.20749918	0.6011311	0.962539	0.997762	1.0	1003	tags=9%, list=7%, signal=10%	
GLYCOGENOSIS, TYPE IA. VON GIERKE DISEASE%SMPDB%SMP0000581	GLYCOGENOSIS, TYPE IA. VON GIERKE DISEASE%SMPDB%SMP0000581		18	0.21662116	0.6007659	0.969104	0.9975225	1.0	3860	tags=44%, list=29%, signal=62%	
TRIOSEPHOSPHATE ISOMERASE DEFICIENCY%PATHWHIZ%PW000539	TRIOSEPHOSPHATE ISOMERASE DEFICIENCY%PATHWHIZ%PW000539		18	0.21662116	0.59897256	0.97352344	0.99767417	1.0	3860	tags=44%, list=29%, signal=62%	
GLYCOGEN STORAGE DISEASE TYPE 1A (GSD1A) OR VON GIERKE DISEASE%SMPDB%SMP0000374	GLYCOGEN STORAGE DISEASE TYPE 1A (GSD1A) OR VON GIERKE DISEASE%SMPDB%SMP0000374		18	0.21662116	0.59779096	0.969	0.99765337	1.0	3860	tags=44%, list=29%, signal=62%	
BIOCARTA_HDAC_PATHWAY%MSIGDB_C2%BIOCARTA_HDAC_PATHWAY	BIOCARTA_HDAC_PATHWAY%MSIGDB_C2%BIOCARTA_HDAC_PATHWAY		16	0.22310238	0.5977802	0.95841783	0.9973179	1.0	119	tags=6%, list=1%, signal=6%	
REGULATION OF COAGULATION%GOBP%GO:0050818	REGULATION OF COAGULATION%GOBP%GO:0050818		38	0.18175507	0.5969982	0.9914803	0.99718314	1.0	1648	tags=11%, list=12%, signal=12%	
GLUCONEOGENESIS%PATHWHIZ%PW000152	GLUCONEOGENESIS%PATHWHIZ%PW000152		18	0.21662116	0.5963607	0.9671795	0.9970052	1.0	3860	tags=44%, list=29%, signal=62%	
EFFECTS OF PIP2 HYDROLYSIS%REACTOME%R-HSA-114508.4	EFFECTS OF PIP2 HYDROLYSIS%REACTOME%R-HSA-114508.4		20	0.2083015	0.59320045	0.9728097	0.9974744	1.0	1497	tags=10%, list=11%, signal=11%	
POSITIVE REGULATION OF TRANSPORTER ACTIVITY%GOBP%GO:0032411	POSITIVE REGULATION OF TRANSPORTER ACTIVITY%GOBP%GO:0032411		23	0.20536499	0.59313846	0.98268837	0.9971489	1.0	1617	tags=13%, list=12%, signal=15%	
FRUCTOSE-1,6-DIPHOSPHATASE DEFICIENCY%SMPDB%SMP0000562	FRUCTOSE-1,6-DIPHOSPHATASE DEFICIENCY%SMPDB%SMP0000562		18	0.21662116	0.59292316	0.96601444	0.99686056	1.0	3860	tags=44%, list=29%, signal=62%	
GLYCOGENOSIS, TYPE IB%SMPDB%SMP0000573	GLYCOGENOSIS, TYPE IB%SMPDB%SMP0000573		18	0.21662116	0.590991	0.9629268	0.9969864	1.0	3860	tags=44%, list=29%, signal=62%	
PHOSPHOENOLPYRUVATE CARBOXYKINASE DEFICIENCY 1 (PEPCK1)%SMPDB%SMP0000560	PHOSPHOENOLPYRUVATE CARBOXYKINASE DEFICIENCY 1 (PEPCK1)%SMPDB%SMP0000560		18	0.21662116	0.5900315	0.97002995	0.99688154	1.0	3860	tags=44%, list=29%, signal=62%	
POSITIVE REGULATION OF NON-CANONICAL NF-KAPPAB SIGNAL TRANSDUCTION%GOBP%GO:1901224	POSITIVE REGULATION OF NON-CANONICAL NF-KAPPAB SIGNAL TRANSDUCTION%GOBP%GO:1901224		30	0.19011937	0.5867216	0.98663926	0.9972938	1.0	3135	tags=30%, list=23%, signal=39%	
GLYCOGENOSIS, TYPE IC%SMPDB%SMP0000574	GLYCOGENOSIS, TYPE IC%SMPDB%SMP0000574		18	0.21662116	0.58515674	0.9685349	0.9973015	1.0	3860	tags=44%, list=29%, signal=62%	
MITOCHONDRIAL TRANSMEMBRANE TRANSPORT%GOBP%GO:1990542	MITOCHONDRIAL TRANSMEMBRANE TRANSPORT%GOBP%GO:1990542		19	0.21106607	0.5850312	0.97	0.99698883	1.0	2023	tags=21%, list=15%, signal=25%	
FC EPSILON RECEPTOR I SIGNALING IN MAST CELLS%SMPDB%SMP0000358	FC EPSILON RECEPTOR I SIGNALING IN MAST CELLS%SMPDB%SMP0000358		27	0.19027616	0.5804689	0.9852941	0.99762785	1.0	2376	tags=19%, list=18%, signal=22%	
HOST PATHOGEN INTERACTION OF HUMAN CORONAVIRUSES MAPK SIGNALING%WIKIPATHWAYS_20260211%WP4877%HOMO SAPIENS	HOST PATHOGEN INTERACTION OF HUMAN CORONAVIRUSES MAPK SIGNALING%WIKIPATHWAYS_20260211%WP4877%HOMO SAPIENS		32	0.18570977	0.5800479	0.9872424	0.9973803	1.0	3111	tags=25%, list=23%, signal=32%	
INTERACTION BETWEEN L1 AND ANKYRINS%REACTOME DATABASE ID RELEASE 95%445095	INTERACTION BETWEEN L1 AND ANKYRINS%REACTOME DATABASE ID RELEASE 95%445095		21	0.20260562	0.57743484	0.9759666	0.9975548	1.0	3342	tags=33%, list=25%, signal=44%	
OBSOLETE PROTEOLYSIS INVOLVED IN PROTEIN CATABOLIC PROCESS%GOBP%GO:0051603	OBSOLETE PROTEOLYSIS INVOLVED IN PROTEIN CATABOLIC PROCESS%GOBP%GO:0051603		25	0.19387186	0.57569456	0.9847561	0.99756205	1.0	2198	tags=16%, list=16%, signal=19%	
ID%NETPATH%ID	ID%NETPATH%ID		19	0.20568295	0.56942016	0.98602796	0.9983961	1.0	2134	tags=16%, list=16%, signal=19%	
BIOCARTA_RAS_PATHWAY%MSIGDB_C2%BIOCARTA_RAS_PATHWAY	BIOCARTA_RAS_PATHWAY%MSIGDB_C2%BIOCARTA_RAS_PATHWAY		16	0.2073641	0.55902314	0.9801784	0.9997535	1.0	10714	tags=100%, list=79%, signal=482%	
REGULATION OF TP53 ACTIVITY THROUGH METHYLATION%REACTOME%R-HSA-6804760.3	REGULATION OF TP53 ACTIVITY THROUGH METHYLATION%REACTOME%R-HSA-6804760.3		18	0.20056264	0.558021	0.9838547	0.9995765	1.0	3823	tags=28%, list=28%, signal=39%	
PID_IL12_2PATHWAY%MSIGDB_C2%PID_IL12_2PATHWAY	PID_IL12_2PATHWAY%MSIGDB_C2%PID_IL12_2PATHWAY		30	0.17693636	0.55516464	0.9897855	0.9996536	1.0	4584	tags=33%, list=34%, signal=50%	
BIOCARTA_ARENRF2_PATHWAY%MSIGDB_C2%BIOCARTA_ARENRF2_PATHWAY	BIOCARTA_ARENRF2_PATHWAY%MSIGDB_C2%BIOCARTA_ARENRF2_PATHWAY		15	0.21105328	0.55360883	0.9830329	0.9995362	1.0	1034	tags=13%, list=8%, signal=14%	
TRANSLATION INHIBITORS IN CHRONICALLY ACTIVATED PDGFRA CELLS%WIKIPATHWAYS_20260211%WP4566%HOMO SAPIENS	TRANSLATION INHIBITORS IN CHRONICALLY ACTIVATED PDGFRA CELLS%WIKIPATHWAYS_20260211%WP4566%HOMO SAPIENS		34	0.17020133	0.547709	0.9937435	0.99998206	1.0	3292	tags=24%, list=24%, signal=31%	
ARF6 DOWNSTREAM PATHWAY%PATHWAY INTERACTION DATABASE NCI-NATURE CURATED DATA%ARF6 DOWNSTREAM PATHWAY	ARF6 DOWNSTREAM PATHWAY%PATHWAY INTERACTION DATABASE NCI-NATURE CURATED DATA%ARF6 DOWNSTREAM PATHWAY		15	0.20865878	0.54609436	0.9858871	0.99984294	1.0	3235	tags=20%, list=24%, signal=26%	
SPERM FLAGELLUM ASSEMBLY%GOBP%GO:0120316	SPERM FLAGELLUM ASSEMBLY%GOBP%GO:0120316		29	0.17842032	0.5460339	0.997996	0.99951524	1.0	11107	tags=100%, list=82%, signal=560%	
PID_PDGFRA_PATHWAY%MSIGDB_C2%PID_PDGFRA_PATHWAY	PID_PDGFRA_PATHWAY%MSIGDB_C2%PID_PDGFRA_PATHWAY		17	0.19665359	0.53349346	0.9878788	1.0	1.0	3815	tags=41%, list=28%, signal=57%	
REGULATION OF CALCIUM ION IMPORT%GOBP%GO:0090279	REGULATION OF CALCIUM ION IMPORT%GOBP%GO:0090279		19	0.18718433	0.52906585	0.9909457	1.0	1.0	4447	tags=42%, list=33%, signal=63%	
7Q11 23 DISTAL COPY NUMBER VARIATION%WIKIPATHWAYS_20260211%WP5401%HOMO SAPIENS	7Q11 23 DISTAL COPY NUMBER VARIATION%WIKIPATHWAYS_20260211%WP5401%HOMO SAPIENS		16	0.1958169	0.5181899	0.98993963	1.0	1.0	4647	tags=31%, list=34%, signal=48%	
RESPONSE TO DOPAMINE%GOBP%GO:1903350	RESPONSE TO DOPAMINE%GOBP%GO:1903350		21	0.1817607	0.5160882	0.99059564	1.0	1.0	1046	tags=10%, list=8%, signal=10%	
CELLULAR RESPONSE TO DOPAMINE%GOBP%GO:1903351	CELLULAR RESPONSE TO DOPAMINE%GOBP%GO:1903351		21	0.1817607	0.51468253	0.99380803	1.0	1.0	1046	tags=10%, list=8%, signal=10%	
SPHINGOLIPID PATHWAY%WIKIPATHWAYS_20260211%WP1422%HOMO SAPIENS	SPHINGOLIPID PATHWAY%WIKIPATHWAYS_20260211%WP1422%HOMO SAPIENS		17	0.18883981	0.5118708	0.99302095	1.0	1.0	2375	tags=12%, list=18%, signal=14%	
MODIFIED AMINO ACID CATABOLIC PROCESS%GOBP%GO:0042219	MODIFIED AMINO ACID CATABOLIC PROCESS%GOBP%GO:0042219		20	0.18037534	0.50308603	0.9907407	1.0	1.0	3095	tags=20%, list=23%, signal=26%	
TRNA WOBBLE BASE MODIFICATION%GOBP%GO:0002097	TRNA WOBBLE BASE MODIFICATION%GOBP%GO:0002097		22	0.1746691	0.50123113	0.99699396	1.0	1.0	4966	tags=55%, list=37%, signal=86%	
SIGNALING BY NTRK2 (TRKB)%REACTOME DATABASE ID RELEASE 95%9006115	SIGNALING BY NTRK2 (TRKB)%REACTOME DATABASE ID RELEASE 95%9006115		19	0.17622718	0.49773404	0.98904383	1.0	1.0	2988	tags=26%, list=22%, signal=34%	
PID_IL1_PATHWAY%MSIGDB_C2%PID_IL1_PATHWAY	PID_IL1_PATHWAY%MSIGDB_C2%PID_IL1_PATHWAY		23	0.17157389	0.4973503	0.9969758	1.0	1.0	2862	tags=22%, list=21%, signal=28%	
ROLE OF PHOSPHOLIPIDS IN PHAGOCYTOSIS%REACTOME DATABASE ID RELEASE 95%2029485	ROLE OF PHOSPHOLIPIDS IN PHAGOCYTOSIS%REACTOME DATABASE ID RELEASE 95%2029485		17	0.1808386	0.49538803	0.99584633	1.0	1.0	3928	tags=35%, list=29%, signal=50%	
NAD BIOSYNTHETIC PATHWAYS%WIKIPATHWAYS_20260211%WP3645%HOMO SAPIENS	NAD BIOSYNTHETIC PATHWAYS%WIKIPATHWAYS_20260211%WP3645%HOMO SAPIENS		18	0.17994207	0.49217293	0.99582464	0.999908	1.0	4672	tags=44%, list=35%, signal=68%	
PID_RXR_VDR_PATHWAY%MSIGDB_C2%PID_RXR_VDR_PATHWAY	PID_RXR_VDR_PATHWAY%MSIGDB_C2%PID_RXR_VDR_PATHWAY		16	0.18136431	0.48304754	0.9916318	0.9999799	1.0	3648	tags=31%, list=27%, signal=43%	
DAP12 INTERACTIONS%REACTOME%R-HSA-2172127.3	DAP12 INTERACTIONS%REACTOME%R-HSA-2172127.3		19	0.17049581	0.4801349	0.99895835	0.9997609	1.0	3873	tags=26%, list=29%, signal=37%	
SPERM AXONEME ASSEMBLY%GOBP%GO:0007288	SPERM AXONEME ASSEMBLY%GOBP%GO:0007288		15	0.1782355	0.46713954	0.9959184	0.9998728	1.0	11107	tags=100%, list=82%, signal=561%	
DAP12 SIGNALING%REACTOME DATABASE ID RELEASE 95%2424491	DAP12 SIGNALING%REACTOME DATABASE ID RELEASE 95%2424491		17	0.17103653	0.46255353	0.99805635	0.9996749	1.0	3873	tags=29%, list=29%, signal=41%	
HALLMARK_IL6_JAK_STAT3_SIGNALING%MSIGDBHALLMARK%HALLMARK_IL6_JAK_STAT3_SIGNALING	HALLMARK_IL6_JAK_STAT3_SIGNALING%MSIGDBHALLMARK%HALLMARK_IL6_JAK_STAT3_SIGNALING		59	0.12467457	0.444012	1.0	0.99976444	1.0	4435	tags=31%, list=33%, signal=45%	
CELLULAR RESPONSE TO GAMMA RADIATION%GOBP%GO:0071480	CELLULAR RESPONSE TO GAMMA RADIATION%GOBP%GO:0071480		16	0.15625352	0.41821513	0.99795294	0.9997637	1.0	3071	tags=19%, list=23%, signal=24%	
